doc_id,juris,doc_type,year,draft,jurisdiction,document_type,page_count,theme,checklist,category,present,n_evidence
AK_FAP_2020,AK,FAP,2020,FALSE,"Alaska (State of Alaska, Department of Natural Resources, Division of Forestry)",Forest Action Plan,115,concepts,adaptive_capacity_components,demography,FALSE,0
AK_FAP_2020,AK,FAP,2020,FALSE,"Alaska (State of Alaska, Department of Natural Resources, Division of Forestry)",Forest Action Plan,115,concepts,adaptive_capacity_components,distribution,TRUE,1
AK_FAP_2020,AK,FAP,2020,FALSE,"Alaska (State of Alaska, Department of Natural Resources, Division of Forestry)",Forest Action Plan,115,concepts,adaptive_capacity_components,movement,TRUE,1
AK_FAP_2020,AK,FAP,2020,FALSE,"Alaska (State of Alaska, Department of Natural Resources, Division of Forestry)",Forest Action Plan,115,concepts,adaptive_capacity_components,evolutionary_potential,FALSE,0
AK_FAP_2020,AK,FAP,2020,FALSE,"Alaska (State of Alaska, Department of Natural Resources, Division of Forestry)",Forest Action Plan,115,concepts,adaptive_capacity_components,ecological_dependencies,TRUE,1
AK_FAP_2020,AK,FAP,2020,FALSE,"Alaska (State of Alaska, Department of Natural Resources, Division of Forestry)",Forest Action Plan,115,concepts,adaptive_capacity_components,abiotic_niche,TRUE,1
AK_FAP_2020,AK,FAP,2020,FALSE,"Alaska (State of Alaska, Department of Natural Resources, Division of Forestry)",Forest Action Plan,115,concepts,adaptive_capacity_components,life_history,TRUE,1
AK_FAP_2020,AK,FAP,2020,FALSE,"Alaska (State of Alaska, Department of Natural Resources, Division of Forestry)",Forest Action Plan,115,context,management_scale,local,TRUE,1
AK_FAP_2020,AK,FAP,2020,FALSE,"Alaska (State of Alaska, Department of Natural Resources, Division of Forestry)",Forest Action Plan,115,context,management_scale,site,TRUE,1
AK_FAP_2020,AK,FAP,2020,FALSE,"Alaska (State of Alaska, Department of Natural Resources, Division of Forestry)",Forest Action Plan,115,context,management_scale,watershed,TRUE,1
AK_FAP_2020,AK,FAP,2020,FALSE,"Alaska (State of Alaska, Department of Natural Resources, Division of Forestry)",Forest Action Plan,115,context,management_scale,city,FALSE,0
AK_FAP_2020,AK,FAP,2020,FALSE,"Alaska (State of Alaska, Department of Natural Resources, Division of Forestry)",Forest Action Plan,115,context,management_scale,county,FALSE,0
AK_FAP_2020,AK,FAP,2020,FALSE,"Alaska (State of Alaska, Department of Natural Resources, Division of Forestry)",Forest Action Plan,115,context,management_scale,within_state_region,TRUE,1
AK_FAP_2020,AK,FAP,2020,FALSE,"Alaska (State of Alaska, Department of Natural Resources, Division of Forestry)",Forest Action Plan,115,context,management_scale,state,TRUE,1
AK_FAP_2020,AK,FAP,2020,FALSE,"Alaska (State of Alaska, Department of Natural Resources, Division of Forestry)",Forest Action Plan,115,context,management_scale,multistate,TRUE,1
AK_FAP_2020,AK,FAP,2020,FALSE,"Alaska (State of Alaska, Department of Natural Resources, Division of Forestry)",Forest Action Plan,115,context,management_scale,national,TRUE,1
AK_FAP_2020,AK,FAP,2020,FALSE,"Alaska (State of Alaska, Department of Natural Resources, Division of Forestry)",Forest Action Plan,115,context,management_scale,transnational,TRUE,1
AK_FAP_2020,AK,FAP,2020,FALSE,"Alaska (State of Alaska, Department of Natural Resources, Division of Forestry)",Forest Action Plan,115,context,management_scale,ecosystem,TRUE,1
AK_FAP_2020,AK,FAP,2020,FALSE,"Alaska (State of Alaska, Department of Natural Resources, Division of Forestry)",Forest Action Plan,115,context,management_scale,ecoregion,TRUE,1
AK_FAP_2020,AK,FAP,2020,FALSE,"Alaska (State of Alaska, Department of Natural Resources, Division of Forestry)",Forest Action Plan,115,context,management_scale,province,FALSE,0
AK_FAP_2020,AK,FAP,2020,FALSE,"Alaska (State of Alaska, Department of Natural Resources, Division of Forestry)",Forest Action Plan,115,context,management_scale,section,FALSE,0
AK_FAP_2020,AK,FAP,2020,FALSE,"Alaska (State of Alaska, Department of Natural Resources, Division of Forestry)",Forest Action Plan,115,context,management_scale,subsection,FALSE,0
AK_FAP_2020,AK,FAP,2020,FALSE,"Alaska (State of Alaska, Department of Natural Resources, Division of Forestry)",Forest Action Plan,115,context,management_scale,lake,FALSE,0
AK_FAP_2020,AK,FAP,2020,FALSE,"Alaska (State of Alaska, Department of Natural Resources, Division of Forestry)",Forest Action Plan,115,context,management_scale,river,TRUE,1
AK_FAP_2020,AK,FAP,2020,FALSE,"Alaska (State of Alaska, Department of Natural Resources, Division of Forestry)",Forest Action Plan,115,context,management_scale,district,FALSE,0
AK_FAP_2020,AK,FAP,2020,FALSE,"Alaska (State of Alaska, Department of Natural Resources, Division of Forestry)",Forest Action Plan,115,context,biological_unit_components,species,TRUE,1
AK_FAP_2020,AK,FAP,2020,FALSE,"Alaska (State of Alaska, Department of Natural Resources, Division of Forestry)",Forest Action Plan,115,context,biological_unit_components,population,FALSE,0
AK_FAP_2020,AK,FAP,2020,FALSE,"Alaska (State of Alaska, Department of Natural Resources, Division of Forestry)",Forest Action Plan,115,context,biological_unit_components,habitat,TRUE,1
AK_FAP_2020,AK,FAP,2020,FALSE,"Alaska (State of Alaska, Department of Natural Resources, Division of Forestry)",Forest Action Plan,115,context,biological_unit_components,ecosystem,TRUE,1
AK_FAP_2020,AK,FAP,2020,FALSE,"Alaska (State of Alaska, Department of Natural Resources, Division of Forestry)",Forest Action Plan,115,context,biological_unit_components,community,TRUE,1
AK_FAP_2020,AK,FAP,2020,FALSE,"Alaska (State of Alaska, Department of Natural Resources, Division of Forestry)",Forest Action Plan,115,context,biological_unit_components,genotype_phenotype,FALSE,0
AL_FAP_2020,AL,FAP,2020,FALSE,Alabama,Forest Action Plan,104,concepts,adaptive_capacity_components,demography,FALSE,0
AL_FAP_2020,AL,FAP,2020,FALSE,Alabama,Forest Action Plan,104,concepts,adaptive_capacity_components,distribution,FALSE,0
AL_FAP_2020,AL,FAP,2020,FALSE,Alabama,Forest Action Plan,104,concepts,adaptive_capacity_components,movement,FALSE,0
AL_FAP_2020,AL,FAP,2020,FALSE,Alabama,Forest Action Plan,104,concepts,adaptive_capacity_components,evolutionary_potential,FALSE,0
AL_FAP_2020,AL,FAP,2020,FALSE,Alabama,Forest Action Plan,104,concepts,adaptive_capacity_components,ecological_dependencies,FALSE,0
AL_FAP_2020,AL,FAP,2020,FALSE,Alabama,Forest Action Plan,104,concepts,adaptive_capacity_components,abiotic_niche,FALSE,0
AL_FAP_2020,AL,FAP,2020,FALSE,Alabama,Forest Action Plan,104,concepts,adaptive_capacity_components,life_history,FALSE,0
AL_FAP_2020,AL,FAP,2020,FALSE,Alabama,Forest Action Plan,104,context,management_scale,local,TRUE,1
AL_FAP_2020,AL,FAP,2020,FALSE,Alabama,Forest Action Plan,104,context,management_scale,site,FALSE,0
AL_FAP_2020,AL,FAP,2020,FALSE,Alabama,Forest Action Plan,104,context,management_scale,watershed,FALSE,0
AL_FAP_2020,AL,FAP,2020,FALSE,Alabama,Forest Action Plan,104,context,management_scale,city,FALSE,0
AL_FAP_2020,AL,FAP,2020,FALSE,Alabama,Forest Action Plan,104,context,management_scale,county,TRUE,1
AL_FAP_2020,AL,FAP,2020,FALSE,Alabama,Forest Action Plan,104,context,management_scale,within_state_region,TRUE,1
AL_FAP_2020,AL,FAP,2020,FALSE,Alabama,Forest Action Plan,104,context,management_scale,state,TRUE,1
AL_FAP_2020,AL,FAP,2020,FALSE,Alabama,Forest Action Plan,104,context,management_scale,multistate,TRUE,1
AL_FAP_2020,AL,FAP,2020,FALSE,Alabama,Forest Action Plan,104,context,management_scale,national,FALSE,0
AL_FAP_2020,AL,FAP,2020,FALSE,Alabama,Forest Action Plan,104,context,management_scale,transnational,FALSE,0
AL_FAP_2020,AL,FAP,2020,FALSE,Alabama,Forest Action Plan,104,context,management_scale,ecosystem,FALSE,0
AL_FAP_2020,AL,FAP,2020,FALSE,Alabama,Forest Action Plan,104,context,management_scale,ecoregion,FALSE,0
AL_FAP_2020,AL,FAP,2020,FALSE,Alabama,Forest Action Plan,104,context,management_scale,province,FALSE,0
AL_FAP_2020,AL,FAP,2020,FALSE,Alabama,Forest Action Plan,104,context,management_scale,section,FALSE,0
AL_FAP_2020,AL,FAP,2020,FALSE,Alabama,Forest Action Plan,104,context,management_scale,subsection,FALSE,0
AL_FAP_2020,AL,FAP,2020,FALSE,Alabama,Forest Action Plan,104,context,management_scale,lake,FALSE,0
AL_FAP_2020,AL,FAP,2020,FALSE,Alabama,Forest Action Plan,104,context,management_scale,river,FALSE,0
AL_FAP_2020,AL,FAP,2020,FALSE,Alabama,Forest Action Plan,104,context,management_scale,district,FALSE,0
AL_FAP_2020,AL,FAP,2020,FALSE,Alabama,Forest Action Plan,104,context,biological_unit_components,species,TRUE,1
AL_FAP_2020,AL,FAP,2020,FALSE,Alabama,Forest Action Plan,104,context,biological_unit_components,population,FALSE,0
AL_FAP_2020,AL,FAP,2020,FALSE,Alabama,Forest Action Plan,104,context,biological_unit_components,habitat,TRUE,1
AL_FAP_2020,AL,FAP,2020,FALSE,Alabama,Forest Action Plan,104,context,biological_unit_components,ecosystem,TRUE,1
AL_FAP_2020,AL,FAP,2020,FALSE,Alabama,Forest Action Plan,104,context,biological_unit_components,community,FALSE,0
AL_FAP_2020,AL,FAP,2020,FALSE,Alabama,Forest Action Plan,104,context,biological_unit_components,genotype_phenotype,FALSE,0
AR_FAP_2020,AR,FAP,2020,FALSE,Arkansas,State Forest Action Plan,71,concepts,adaptive_capacity_components,demography,FALSE,0
AR_FAP_2020,AR,FAP,2020,FALSE,Arkansas,State Forest Action Plan,71,concepts,adaptive_capacity_components,distribution,FALSE,0
AR_FAP_2020,AR,FAP,2020,FALSE,Arkansas,State Forest Action Plan,71,concepts,adaptive_capacity_components,movement,FALSE,0
AR_FAP_2020,AR,FAP,2020,FALSE,Arkansas,State Forest Action Plan,71,concepts,adaptive_capacity_components,evolutionary_potential,FALSE,0
AR_FAP_2020,AR,FAP,2020,FALSE,Arkansas,State Forest Action Plan,71,concepts,adaptive_capacity_components,ecological_dependencies,FALSE,0
AR_FAP_2020,AR,FAP,2020,FALSE,Arkansas,State Forest Action Plan,71,concepts,adaptive_capacity_components,abiotic_niche,FALSE,0
AR_FAP_2020,AR,FAP,2020,FALSE,Arkansas,State Forest Action Plan,71,concepts,adaptive_capacity_components,life_history,FALSE,0
AR_FAP_2020,AR,FAP,2020,FALSE,Arkansas,State Forest Action Plan,71,context,management_scale,local,FALSE,0
AR_FAP_2020,AR,FAP,2020,FALSE,Arkansas,State Forest Action Plan,71,context,management_scale,site,TRUE,1
AR_FAP_2020,AR,FAP,2020,FALSE,Arkansas,State Forest Action Plan,71,context,management_scale,watershed,TRUE,1
AR_FAP_2020,AR,FAP,2020,FALSE,Arkansas,State Forest Action Plan,71,context,management_scale,city,FALSE,0
AR_FAP_2020,AR,FAP,2020,FALSE,Arkansas,State Forest Action Plan,71,context,management_scale,county,FALSE,0
AR_FAP_2020,AR,FAP,2020,FALSE,Arkansas,State Forest Action Plan,71,context,management_scale,within_state_region,TRUE,1
AR_FAP_2020,AR,FAP,2020,FALSE,Arkansas,State Forest Action Plan,71,context,management_scale,state,TRUE,1
AR_FAP_2020,AR,FAP,2020,FALSE,Arkansas,State Forest Action Plan,71,context,management_scale,multistate,TRUE,1
AR_FAP_2020,AR,FAP,2020,FALSE,Arkansas,State Forest Action Plan,71,context,management_scale,national,FALSE,0
AR_FAP_2020,AR,FAP,2020,FALSE,Arkansas,State Forest Action Plan,71,context,management_scale,transnational,FALSE,0
AR_FAP_2020,AR,FAP,2020,FALSE,Arkansas,State Forest Action Plan,71,context,management_scale,ecosystem,TRUE,1
AR_FAP_2020,AR,FAP,2020,FALSE,Arkansas,State Forest Action Plan,71,context,management_scale,ecoregion,TRUE,1
AR_FAP_2020,AR,FAP,2020,FALSE,Arkansas,State Forest Action Plan,71,context,management_scale,province,FALSE,0
AR_FAP_2020,AR,FAP,2020,FALSE,Arkansas,State Forest Action Plan,71,context,management_scale,section,FALSE,0
AR_FAP_2020,AR,FAP,2020,FALSE,Arkansas,State Forest Action Plan,71,context,management_scale,subsection,FALSE,0
AR_FAP_2020,AR,FAP,2020,FALSE,Arkansas,State Forest Action Plan,71,context,management_scale,lake,FALSE,0
AR_FAP_2020,AR,FAP,2020,FALSE,Arkansas,State Forest Action Plan,71,context,management_scale,river,FALSE,0
AR_FAP_2020,AR,FAP,2020,FALSE,Arkansas,State Forest Action Plan,71,context,management_scale,district,FALSE,0
AR_FAP_2020,AR,FAP,2020,FALSE,Arkansas,State Forest Action Plan,71,context,biological_unit_components,species,TRUE,1
AR_FAP_2020,AR,FAP,2020,FALSE,Arkansas,State Forest Action Plan,71,context,biological_unit_components,population,FALSE,0
AR_FAP_2020,AR,FAP,2020,FALSE,Arkansas,State Forest Action Plan,71,context,biological_unit_components,habitat,TRUE,1
AR_FAP_2020,AR,FAP,2020,FALSE,Arkansas,State Forest Action Plan,71,context,biological_unit_components,ecosystem,TRUE,1
AR_FAP_2020,AR,FAP,2020,FALSE,Arkansas,State Forest Action Plan,71,context,biological_unit_components,community,FALSE,0
AR_FAP_2020,AR,FAP,2020,FALSE,Arkansas,State Forest Action Plan,71,context,biological_unit_components,genotype_phenotype,FALSE,0
ASM_FAP_2020,ASM,FAP,2020,FALSE,American Samoa (US Territory),Forest Action Plan / Assessment of Need,143,concepts,adaptive_capacity_components,demography,FALSE,0
ASM_FAP_2020,ASM,FAP,2020,FALSE,American Samoa (US Territory),Forest Action Plan / Assessment of Need,143,concepts,adaptive_capacity_components,distribution,FALSE,0
ASM_FAP_2020,ASM,FAP,2020,FALSE,American Samoa (US Territory),Forest Action Plan / Assessment of Need,143,concepts,adaptive_capacity_components,movement,FALSE,0
ASM_FAP_2020,ASM,FAP,2020,FALSE,American Samoa (US Territory),Forest Action Plan / Assessment of Need,143,concepts,adaptive_capacity_components,evolutionary_potential,FALSE,0
ASM_FAP_2020,ASM,FAP,2020,FALSE,American Samoa (US Territory),Forest Action Plan / Assessment of Need,143,concepts,adaptive_capacity_components,ecological_dependencies,FALSE,0
ASM_FAP_2020,ASM,FAP,2020,FALSE,American Samoa (US Territory),Forest Action Plan / Assessment of Need,143,concepts,adaptive_capacity_components,abiotic_niche,FALSE,0
ASM_FAP_2020,ASM,FAP,2020,FALSE,American Samoa (US Territory),Forest Action Plan / Assessment of Need,143,concepts,adaptive_capacity_components,life_history,FALSE,0
ASM_FAP_2020,ASM,FAP,2020,FALSE,American Samoa (US Territory),Forest Action Plan / Assessment of Need,143,context,management_scale,local,TRUE,1
ASM_FAP_2020,ASM,FAP,2020,FALSE,American Samoa (US Territory),Forest Action Plan / Assessment of Need,143,context,management_scale,site,TRUE,1
ASM_FAP_2020,ASM,FAP,2020,FALSE,American Samoa (US Territory),Forest Action Plan / Assessment of Need,143,context,management_scale,watershed,TRUE,1
ASM_FAP_2020,ASM,FAP,2020,FALSE,American Samoa (US Territory),Forest Action Plan / Assessment of Need,143,context,management_scale,city,FALSE,0
ASM_FAP_2020,ASM,FAP,2020,FALSE,American Samoa (US Territory),Forest Action Plan / Assessment of Need,143,context,management_scale,county,FALSE,0
ASM_FAP_2020,ASM,FAP,2020,FALSE,American Samoa (US Territory),Forest Action Plan / Assessment of Need,143,context,management_scale,within_state_region,TRUE,1
ASM_FAP_2020,ASM,FAP,2020,FALSE,American Samoa (US Territory),Forest Action Plan / Assessment of Need,143,context,management_scale,state,TRUE,1
ASM_FAP_2020,ASM,FAP,2020,FALSE,American Samoa (US Territory),Forest Action Plan / Assessment of Need,143,context,management_scale,multistate,FALSE,0
ASM_FAP_2020,ASM,FAP,2020,FALSE,American Samoa (US Territory),Forest Action Plan / Assessment of Need,143,context,management_scale,national,TRUE,1
ASM_FAP_2020,ASM,FAP,2020,FALSE,American Samoa (US Territory),Forest Action Plan / Assessment of Need,143,context,management_scale,transnational,FALSE,0
ASM_FAP_2020,ASM,FAP,2020,FALSE,American Samoa (US Territory),Forest Action Plan / Assessment of Need,143,context,management_scale,ecosystem,FALSE,0
ASM_FAP_2020,ASM,FAP,2020,FALSE,American Samoa (US Territory),Forest Action Plan / Assessment of Need,143,context,management_scale,ecoregion,FALSE,0
ASM_FAP_2020,ASM,FAP,2020,FALSE,American Samoa (US Territory),Forest Action Plan / Assessment of Need,143,context,management_scale,province,FALSE,0
ASM_FAP_2020,ASM,FAP,2020,FALSE,American Samoa (US Territory),Forest Action Plan / Assessment of Need,143,context,management_scale,section,FALSE,0
ASM_FAP_2020,ASM,FAP,2020,FALSE,American Samoa (US Territory),Forest Action Plan / Assessment of Need,143,context,management_scale,subsection,FALSE,0
ASM_FAP_2020,ASM,FAP,2020,FALSE,American Samoa (US Territory),Forest Action Plan / Assessment of Need,143,context,management_scale,lake,FALSE,0
ASM_FAP_2020,ASM,FAP,2020,FALSE,American Samoa (US Territory),Forest Action Plan / Assessment of Need,143,context,management_scale,river,FALSE,0
ASM_FAP_2020,ASM,FAP,2020,FALSE,American Samoa (US Territory),Forest Action Plan / Assessment of Need,143,context,management_scale,district,FALSE,0
ASM_FAP_2020,ASM,FAP,2020,FALSE,American Samoa (US Territory),Forest Action Plan / Assessment of Need,143,context,biological_unit_components,species,TRUE,1
ASM_FAP_2020,ASM,FAP,2020,FALSE,American Samoa (US Territory),Forest Action Plan / Assessment of Need,143,context,biological_unit_components,population,TRUE,1
ASM_FAP_2020,ASM,FAP,2020,FALSE,American Samoa (US Territory),Forest Action Plan / Assessment of Need,143,context,biological_unit_components,habitat,TRUE,1
ASM_FAP_2020,ASM,FAP,2020,FALSE,American Samoa (US Territory),Forest Action Plan / Assessment of Need,143,context,biological_unit_components,ecosystem,TRUE,1
ASM_FAP_2020,ASM,FAP,2020,FALSE,American Samoa (US Territory),Forest Action Plan / Assessment of Need,143,context,biological_unit_components,community,TRUE,1
ASM_FAP_2020,ASM,FAP,2020,FALSE,American Samoa (US Territory),Forest Action Plan / Assessment of Need,143,context,biological_unit_components,genotype_phenotype,FALSE,0
AZ_FAP_2020,AZ,FAP,2020,FALSE,Arizona,Forest Action Plan,243,concepts,adaptive_capacity_components,demography,FALSE,0
AZ_FAP_2020,AZ,FAP,2020,FALSE,Arizona,Forest Action Plan,243,concepts,adaptive_capacity_components,distribution,TRUE,1
AZ_FAP_2020,AZ,FAP,2020,FALSE,Arizona,Forest Action Plan,243,concepts,adaptive_capacity_components,movement,TRUE,1
AZ_FAP_2020,AZ,FAP,2020,FALSE,Arizona,Forest Action Plan,243,concepts,adaptive_capacity_components,evolutionary_potential,TRUE,1
AZ_FAP_2020,AZ,FAP,2020,FALSE,Arizona,Forest Action Plan,243,concepts,adaptive_capacity_components,ecological_dependencies,TRUE,1
AZ_FAP_2020,AZ,FAP,2020,FALSE,Arizona,Forest Action Plan,243,concepts,adaptive_capacity_components,abiotic_niche,TRUE,1
AZ_FAP_2020,AZ,FAP,2020,FALSE,Arizona,Forest Action Plan,243,concepts,adaptive_capacity_components,life_history,FALSE,0
AZ_FAP_2020,AZ,FAP,2020,FALSE,Arizona,Forest Action Plan,243,context,management_scale,local,TRUE,1
AZ_FAP_2020,AZ,FAP,2020,FALSE,Arizona,Forest Action Plan,243,context,management_scale,site,TRUE,1
AZ_FAP_2020,AZ,FAP,2020,FALSE,Arizona,Forest Action Plan,243,context,management_scale,watershed,TRUE,1
AZ_FAP_2020,AZ,FAP,2020,FALSE,Arizona,Forest Action Plan,243,context,management_scale,city,FALSE,0
AZ_FAP_2020,AZ,FAP,2020,FALSE,Arizona,Forest Action Plan,243,context,management_scale,county,TRUE,1
AZ_FAP_2020,AZ,FAP,2020,FALSE,Arizona,Forest Action Plan,243,context,management_scale,within_state_region,TRUE,1
AZ_FAP_2020,AZ,FAP,2020,FALSE,Arizona,Forest Action Plan,243,context,management_scale,state,TRUE,1
AZ_FAP_2020,AZ,FAP,2020,FALSE,Arizona,Forest Action Plan,243,context,management_scale,multistate,TRUE,1
AZ_FAP_2020,AZ,FAP,2020,FALSE,Arizona,Forest Action Plan,243,context,management_scale,national,TRUE,1
AZ_FAP_2020,AZ,FAP,2020,FALSE,Arizona,Forest Action Plan,243,context,management_scale,transnational,FALSE,0
AZ_FAP_2020,AZ,FAP,2020,FALSE,Arizona,Forest Action Plan,243,context,management_scale,ecosystem,TRUE,1
AZ_FAP_2020,AZ,FAP,2020,FALSE,Arizona,Forest Action Plan,243,context,management_scale,ecoregion,TRUE,1
AZ_FAP_2020,AZ,FAP,2020,FALSE,Arizona,Forest Action Plan,243,context,management_scale,province,FALSE,0
AZ_FAP_2020,AZ,FAP,2020,FALSE,Arizona,Forest Action Plan,243,context,management_scale,section,FALSE,0
AZ_FAP_2020,AZ,FAP,2020,FALSE,Arizona,Forest Action Plan,243,context,management_scale,subsection,FALSE,0
AZ_FAP_2020,AZ,FAP,2020,FALSE,Arizona,Forest Action Plan,243,context,management_scale,lake,FALSE,0
AZ_FAP_2020,AZ,FAP,2020,FALSE,Arizona,Forest Action Plan,243,context,management_scale,river,TRUE,1
AZ_FAP_2020,AZ,FAP,2020,FALSE,Arizona,Forest Action Plan,243,context,management_scale,district,FALSE,0
AZ_FAP_2020,AZ,FAP,2020,FALSE,Arizona,Forest Action Plan,243,context,biological_unit_components,species,TRUE,1
AZ_FAP_2020,AZ,FAP,2020,FALSE,Arizona,Forest Action Plan,243,context,biological_unit_components,population,FALSE,0
AZ_FAP_2020,AZ,FAP,2020,FALSE,Arizona,Forest Action Plan,243,context,biological_unit_components,habitat,TRUE,1
AZ_FAP_2020,AZ,FAP,2020,FALSE,Arizona,Forest Action Plan,243,context,biological_unit_components,ecosystem,TRUE,1
AZ_FAP_2020,AZ,FAP,2020,FALSE,Arizona,Forest Action Plan,243,context,biological_unit_components,community,TRUE,1
AZ_FAP_2020,AZ,FAP,2020,FALSE,Arizona,Forest Action Plan,243,context,biological_unit_components,genotype_phenotype,FALSE,0
CA_FAP_2020,CA,FAP,2020,FALSE,California,Forest and Range Assessment / Strategy Report,481,concepts,adaptive_capacity_components,demography,FALSE,0
CA_FAP_2020,CA,FAP,2020,FALSE,California,Forest and Range Assessment / Strategy Report,481,concepts,adaptive_capacity_components,distribution,TRUE,1
CA_FAP_2020,CA,FAP,2020,FALSE,California,Forest and Range Assessment / Strategy Report,481,concepts,adaptive_capacity_components,movement,TRUE,1
CA_FAP_2020,CA,FAP,2020,FALSE,California,Forest and Range Assessment / Strategy Report,481,concepts,adaptive_capacity_components,evolutionary_potential,TRUE,1
CA_FAP_2020,CA,FAP,2020,FALSE,California,Forest and Range Assessment / Strategy Report,481,concepts,adaptive_capacity_components,ecological_dependencies,FALSE,0
CA_FAP_2020,CA,FAP,2020,FALSE,California,Forest and Range Assessment / Strategy Report,481,concepts,adaptive_capacity_components,abiotic_niche,TRUE,1
CA_FAP_2020,CA,FAP,2020,FALSE,California,Forest and Range Assessment / Strategy Report,481,concepts,adaptive_capacity_components,life_history,FALSE,0
CA_FAP_2020,CA,FAP,2020,FALSE,California,Forest and Range Assessment / Strategy Report,481,context,management_scale,local,FALSE,0
CA_FAP_2020,CA,FAP,2020,FALSE,California,Forest and Range Assessment / Strategy Report,481,context,management_scale,site,TRUE,1
CA_FAP_2020,CA,FAP,2020,FALSE,California,Forest and Range Assessment / Strategy Report,481,context,management_scale,watershed,TRUE,1
CA_FAP_2020,CA,FAP,2020,FALSE,California,Forest and Range Assessment / Strategy Report,481,context,management_scale,city,FALSE,0
CA_FAP_2020,CA,FAP,2020,FALSE,California,Forest and Range Assessment / Strategy Report,481,context,management_scale,county,TRUE,1
CA_FAP_2020,CA,FAP,2020,FALSE,California,Forest and Range Assessment / Strategy Report,481,context,management_scale,within_state_region,TRUE,1
CA_FAP_2020,CA,FAP,2020,FALSE,California,Forest and Range Assessment / Strategy Report,481,context,management_scale,state,TRUE,1
CA_FAP_2020,CA,FAP,2020,FALSE,California,Forest and Range Assessment / Strategy Report,481,context,management_scale,multistate,TRUE,1
CA_FAP_2020,CA,FAP,2020,FALSE,California,Forest and Range Assessment / Strategy Report,481,context,management_scale,national,FALSE,0
CA_FAP_2020,CA,FAP,2020,FALSE,California,Forest and Range Assessment / Strategy Report,481,context,management_scale,transnational,FALSE,0
CA_FAP_2020,CA,FAP,2020,FALSE,California,Forest and Range Assessment / Strategy Report,481,context,management_scale,ecosystem,TRUE,1
CA_FAP_2020,CA,FAP,2020,FALSE,California,Forest and Range Assessment / Strategy Report,481,context,management_scale,ecoregion,TRUE,1
CA_FAP_2020,CA,FAP,2020,FALSE,California,Forest and Range Assessment / Strategy Report,481,context,management_scale,province,FALSE,0
CA_FAP_2020,CA,FAP,2020,FALSE,California,Forest and Range Assessment / Strategy Report,481,context,management_scale,section,FALSE,0
CA_FAP_2020,CA,FAP,2020,FALSE,California,Forest and Range Assessment / Strategy Report,481,context,management_scale,subsection,FALSE,0
CA_FAP_2020,CA,FAP,2020,FALSE,California,Forest and Range Assessment / Strategy Report,481,context,management_scale,lake,FALSE,0
CA_FAP_2020,CA,FAP,2020,FALSE,California,Forest and Range Assessment / Strategy Report,481,context,management_scale,river,FALSE,0
CA_FAP_2020,CA,FAP,2020,FALSE,California,Forest and Range Assessment / Strategy Report,481,context,management_scale,district,TRUE,1
CA_FAP_2020,CA,FAP,2020,FALSE,California,Forest and Range Assessment / Strategy Report,481,context,biological_unit_components,species,TRUE,1
CA_FAP_2020,CA,FAP,2020,FALSE,California,Forest and Range Assessment / Strategy Report,481,context,biological_unit_components,population,FALSE,0
CA_FAP_2020,CA,FAP,2020,FALSE,California,Forest and Range Assessment / Strategy Report,481,context,biological_unit_components,habitat,TRUE,1
CA_FAP_2020,CA,FAP,2020,FALSE,California,Forest and Range Assessment / Strategy Report,481,context,biological_unit_components,ecosystem,TRUE,1
CA_FAP_2020,CA,FAP,2020,FALSE,California,Forest and Range Assessment / Strategy Report,481,context,biological_unit_components,community,FALSE,0
CA_FAP_2020,CA,FAP,2020,FALSE,California,Forest and Range Assessment / Strategy Report,481,context,biological_unit_components,genotype_phenotype,FALSE,0
CNMI_FAP_2020,CNMI,FAP,2020,FALSE,Commonwealth of the Northern Mariana Islands (CNMI),Forest Action Plan (State Forest Action Plan),44,concepts,adaptive_capacity_components,demography,FALSE,0
CNMI_FAP_2020,CNMI,FAP,2020,FALSE,Commonwealth of the Northern Mariana Islands (CNMI),Forest Action Plan (State Forest Action Plan),44,concepts,adaptive_capacity_components,distribution,FALSE,0
CNMI_FAP_2020,CNMI,FAP,2020,FALSE,Commonwealth of the Northern Mariana Islands (CNMI),Forest Action Plan (State Forest Action Plan),44,concepts,adaptive_capacity_components,movement,FALSE,0
CNMI_FAP_2020,CNMI,FAP,2020,FALSE,Commonwealth of the Northern Mariana Islands (CNMI),Forest Action Plan (State Forest Action Plan),44,concepts,adaptive_capacity_components,evolutionary_potential,FALSE,0
CNMI_FAP_2020,CNMI,FAP,2020,FALSE,Commonwealth of the Northern Mariana Islands (CNMI),Forest Action Plan (State Forest Action Plan),44,concepts,adaptive_capacity_components,ecological_dependencies,TRUE,1
CNMI_FAP_2020,CNMI,FAP,2020,FALSE,Commonwealth of the Northern Mariana Islands (CNMI),Forest Action Plan (State Forest Action Plan),44,concepts,adaptive_capacity_components,abiotic_niche,FALSE,0
CNMI_FAP_2020,CNMI,FAP,2020,FALSE,Commonwealth of the Northern Mariana Islands (CNMI),Forest Action Plan (State Forest Action Plan),44,concepts,adaptive_capacity_components,life_history,FALSE,0
CNMI_FAP_2020,CNMI,FAP,2020,FALSE,Commonwealth of the Northern Mariana Islands (CNMI),Forest Action Plan (State Forest Action Plan),44,context,management_scale,local,FALSE,0
CNMI_FAP_2020,CNMI,FAP,2020,FALSE,Commonwealth of the Northern Mariana Islands (CNMI),Forest Action Plan (State Forest Action Plan),44,context,management_scale,site,TRUE,1
CNMI_FAP_2020,CNMI,FAP,2020,FALSE,Commonwealth of the Northern Mariana Islands (CNMI),Forest Action Plan (State Forest Action Plan),44,context,management_scale,watershed,TRUE,1
CNMI_FAP_2020,CNMI,FAP,2020,FALSE,Commonwealth of the Northern Mariana Islands (CNMI),Forest Action Plan (State Forest Action Plan),44,context,management_scale,city,FALSE,0
CNMI_FAP_2020,CNMI,FAP,2020,FALSE,Commonwealth of the Northern Mariana Islands (CNMI),Forest Action Plan (State Forest Action Plan),44,context,management_scale,county,FALSE,0
CNMI_FAP_2020,CNMI,FAP,2020,FALSE,Commonwealth of the Northern Mariana Islands (CNMI),Forest Action Plan (State Forest Action Plan),44,context,management_scale,within_state_region,TRUE,1
CNMI_FAP_2020,CNMI,FAP,2020,FALSE,Commonwealth of the Northern Mariana Islands (CNMI),Forest Action Plan (State Forest Action Plan),44,context,management_scale,state,TRUE,1
CNMI_FAP_2020,CNMI,FAP,2020,FALSE,Commonwealth of the Northern Mariana Islands (CNMI),Forest Action Plan (State Forest Action Plan),44,context,management_scale,multistate,FALSE,0
CNMI_FAP_2020,CNMI,FAP,2020,FALSE,Commonwealth of the Northern Mariana Islands (CNMI),Forest Action Plan (State Forest Action Plan),44,context,management_scale,national,TRUE,1
CNMI_FAP_2020,CNMI,FAP,2020,FALSE,Commonwealth of the Northern Mariana Islands (CNMI),Forest Action Plan (State Forest Action Plan),44,context,management_scale,transnational,TRUE,1
CNMI_FAP_2020,CNMI,FAP,2020,FALSE,Commonwealth of the Northern Mariana Islands (CNMI),Forest Action Plan (State Forest Action Plan),44,context,management_scale,ecosystem,TRUE,1
CNMI_FAP_2020,CNMI,FAP,2020,FALSE,Commonwealth of the Northern Mariana Islands (CNMI),Forest Action Plan (State Forest Action Plan),44,context,management_scale,ecoregion,FALSE,0
CNMI_FAP_2020,CNMI,FAP,2020,FALSE,Commonwealth of the Northern Mariana Islands (CNMI),Forest Action Plan (State Forest Action Plan),44,context,management_scale,province,FALSE,0
CNMI_FAP_2020,CNMI,FAP,2020,FALSE,Commonwealth of the Northern Mariana Islands (CNMI),Forest Action Plan (State Forest Action Plan),44,context,management_scale,section,FALSE,0
CNMI_FAP_2020,CNMI,FAP,2020,FALSE,Commonwealth of the Northern Mariana Islands (CNMI),Forest Action Plan (State Forest Action Plan),44,context,management_scale,subsection,FALSE,0
CNMI_FAP_2020,CNMI,FAP,2020,FALSE,Commonwealth of the Northern Mariana Islands (CNMI),Forest Action Plan (State Forest Action Plan),44,context,management_scale,lake,TRUE,1
CNMI_FAP_2020,CNMI,FAP,2020,FALSE,Commonwealth of the Northern Mariana Islands (CNMI),Forest Action Plan (State Forest Action Plan),44,context,management_scale,river,FALSE,0
CNMI_FAP_2020,CNMI,FAP,2020,FALSE,Commonwealth of the Northern Mariana Islands (CNMI),Forest Action Plan (State Forest Action Plan),44,context,management_scale,district,FALSE,0
CNMI_FAP_2020,CNMI,FAP,2020,FALSE,Commonwealth of the Northern Mariana Islands (CNMI),Forest Action Plan (State Forest Action Plan),44,context,biological_unit_components,species,TRUE,1
CNMI_FAP_2020,CNMI,FAP,2020,FALSE,Commonwealth of the Northern Mariana Islands (CNMI),Forest Action Plan (State Forest Action Plan),44,context,biological_unit_components,population,FALSE,0
CNMI_FAP_2020,CNMI,FAP,2020,FALSE,Commonwealth of the Northern Mariana Islands (CNMI),Forest Action Plan (State Forest Action Plan),44,context,biological_unit_components,habitat,TRUE,1
CNMI_FAP_2020,CNMI,FAP,2020,FALSE,Commonwealth of the Northern Mariana Islands (CNMI),Forest Action Plan (State Forest Action Plan),44,context,biological_unit_components,ecosystem,FALSE,0
CNMI_FAP_2020,CNMI,FAP,2020,FALSE,Commonwealth of the Northern Mariana Islands (CNMI),Forest Action Plan (State Forest Action Plan),44,context,biological_unit_components,community,FALSE,0
CNMI_FAP_2020,CNMI,FAP,2020,FALSE,Commonwealth of the Northern Mariana Islands (CNMI),Forest Action Plan (State Forest Action Plan),44,context,biological_unit_components,genotype_phenotype,FALSE,0
CO_FAP_2020,CO,FAP,2020,FALSE,Colorado (state),Forest Action Plan,88,concepts,adaptive_capacity_components,demography,FALSE,0
CO_FAP_2020,CO,FAP,2020,FALSE,Colorado (state),Forest Action Plan,88,concepts,adaptive_capacity_components,distribution,TRUE,1
CO_FAP_2020,CO,FAP,2020,FALSE,Colorado (state),Forest Action Plan,88,concepts,adaptive_capacity_components,movement,TRUE,1
CO_FAP_2020,CO,FAP,2020,FALSE,Colorado (state),Forest Action Plan,88,concepts,adaptive_capacity_components,evolutionary_potential,FALSE,0
CO_FAP_2020,CO,FAP,2020,FALSE,Colorado (state),Forest Action Plan,88,concepts,adaptive_capacity_components,ecological_dependencies,FALSE,0
CO_FAP_2020,CO,FAP,2020,FALSE,Colorado (state),Forest Action Plan,88,concepts,adaptive_capacity_components,abiotic_niche,FALSE,0
CO_FAP_2020,CO,FAP,2020,FALSE,Colorado (state),Forest Action Plan,88,concepts,adaptive_capacity_components,life_history,FALSE,0
CO_FAP_2020,CO,FAP,2020,FALSE,Colorado (state),Forest Action Plan,88,context,management_scale,local,TRUE,1
CO_FAP_2020,CO,FAP,2020,FALSE,Colorado (state),Forest Action Plan,88,context,management_scale,site,TRUE,1
CO_FAP_2020,CO,FAP,2020,FALSE,Colorado (state),Forest Action Plan,88,context,management_scale,watershed,TRUE,1
CO_FAP_2020,CO,FAP,2020,FALSE,Colorado (state),Forest Action Plan,88,context,management_scale,city,FALSE,0
CO_FAP_2020,CO,FAP,2020,FALSE,Colorado (state),Forest Action Plan,88,context,management_scale,county,TRUE,1
CO_FAP_2020,CO,FAP,2020,FALSE,Colorado (state),Forest Action Plan,88,context,management_scale,within_state_region,TRUE,1
CO_FAP_2020,CO,FAP,2020,FALSE,Colorado (state),Forest Action Plan,88,context,management_scale,state,TRUE,1
CO_FAP_2020,CO,FAP,2020,FALSE,Colorado (state),Forest Action Plan,88,context,management_scale,multistate,TRUE,1
CO_FAP_2020,CO,FAP,2020,FALSE,Colorado (state),Forest Action Plan,88,context,management_scale,national,FALSE,0
CO_FAP_2020,CO,FAP,2020,FALSE,Colorado (state),Forest Action Plan,88,context,management_scale,transnational,FALSE,0
CO_FAP_2020,CO,FAP,2020,FALSE,Colorado (state),Forest Action Plan,88,context,management_scale,ecosystem,TRUE,1
CO_FAP_2020,CO,FAP,2020,FALSE,Colorado (state),Forest Action Plan,88,context,management_scale,ecoregion,FALSE,0
CO_FAP_2020,CO,FAP,2020,FALSE,Colorado (state),Forest Action Plan,88,context,management_scale,province,FALSE,0
CO_FAP_2020,CO,FAP,2020,FALSE,Colorado (state),Forest Action Plan,88,context,management_scale,section,FALSE,0
CO_FAP_2020,CO,FAP,2020,FALSE,Colorado (state),Forest Action Plan,88,context,management_scale,subsection,FALSE,0
CO_FAP_2020,CO,FAP,2020,FALSE,Colorado (state),Forest Action Plan,88,context,management_scale,lake,FALSE,0
CO_FAP_2020,CO,FAP,2020,FALSE,Colorado (state),Forest Action Plan,88,context,management_scale,river,FALSE,0
CO_FAP_2020,CO,FAP,2020,FALSE,Colorado (state),Forest Action Plan,88,context,management_scale,district,TRUE,1
CO_FAP_2020,CO,FAP,2020,FALSE,Colorado (state),Forest Action Plan,88,context,biological_unit_components,species,TRUE,1
CO_FAP_2020,CO,FAP,2020,FALSE,Colorado (state),Forest Action Plan,88,context,biological_unit_components,population,TRUE,1
CO_FAP_2020,CO,FAP,2020,FALSE,Colorado (state),Forest Action Plan,88,context,biological_unit_components,habitat,TRUE,1
CO_FAP_2020,CO,FAP,2020,FALSE,Colorado (state),Forest Action Plan,88,context,biological_unit_components,ecosystem,TRUE,1
CO_FAP_2020,CO,FAP,2020,FALSE,Colorado (state),Forest Action Plan,88,context,biological_unit_components,community,FALSE,0
CO_FAP_2020,CO,FAP,2020,FALSE,Colorado (state),Forest Action Plan,88,context,biological_unit_components,genotype_phenotype,FALSE,0
CT_FAP_2020,CT,FAP,2020,FALSE,Connecticut (DEEP),State Forest Action Plan,249,concepts,adaptive_capacity_components,demography,FALSE,0
CT_FAP_2020,CT,FAP,2020,FALSE,Connecticut (DEEP),State Forest Action Plan,249,concepts,adaptive_capacity_components,distribution,TRUE,1
CT_FAP_2020,CT,FAP,2020,FALSE,Connecticut (DEEP),State Forest Action Plan,249,concepts,adaptive_capacity_components,movement,TRUE,1
CT_FAP_2020,CT,FAP,2020,FALSE,Connecticut (DEEP),State Forest Action Plan,249,concepts,adaptive_capacity_components,evolutionary_potential,FALSE,0
CT_FAP_2020,CT,FAP,2020,FALSE,Connecticut (DEEP),State Forest Action Plan,249,concepts,adaptive_capacity_components,ecological_dependencies,FALSE,0
CT_FAP_2020,CT,FAP,2020,FALSE,Connecticut (DEEP),State Forest Action Plan,249,concepts,adaptive_capacity_components,abiotic_niche,FALSE,0
CT_FAP_2020,CT,FAP,2020,FALSE,Connecticut (DEEP),State Forest Action Plan,249,concepts,adaptive_capacity_components,life_history,FALSE,0
CT_FAP_2020,CT,FAP,2020,FALSE,Connecticut (DEEP),State Forest Action Plan,249,context,management_scale,local,TRUE,1
CT_FAP_2020,CT,FAP,2020,FALSE,Connecticut (DEEP),State Forest Action Plan,249,context,management_scale,site,TRUE,1
CT_FAP_2020,CT,FAP,2020,FALSE,Connecticut (DEEP),State Forest Action Plan,249,context,management_scale,watershed,FALSE,0
CT_FAP_2020,CT,FAP,2020,FALSE,Connecticut (DEEP),State Forest Action Plan,249,context,management_scale,city,FALSE,0
CT_FAP_2020,CT,FAP,2020,FALSE,Connecticut (DEEP),State Forest Action Plan,249,context,management_scale,county,FALSE,0
CT_FAP_2020,CT,FAP,2020,FALSE,Connecticut (DEEP),State Forest Action Plan,249,context,management_scale,within_state_region,FALSE,0
CT_FAP_2020,CT,FAP,2020,FALSE,Connecticut (DEEP),State Forest Action Plan,249,context,management_scale,state,TRUE,1
CT_FAP_2020,CT,FAP,2020,FALSE,Connecticut (DEEP),State Forest Action Plan,249,context,management_scale,multistate,TRUE,1
CT_FAP_2020,CT,FAP,2020,FALSE,Connecticut (DEEP),State Forest Action Plan,249,context,management_scale,national,FALSE,0
CT_FAP_2020,CT,FAP,2020,FALSE,Connecticut (DEEP),State Forest Action Plan,249,context,management_scale,transnational,FALSE,0
CT_FAP_2020,CT,FAP,2020,FALSE,Connecticut (DEEP),State Forest Action Plan,249,context,management_scale,ecosystem,FALSE,0
CT_FAP_2020,CT,FAP,2020,FALSE,Connecticut (DEEP),State Forest Action Plan,249,context,management_scale,ecoregion,FALSE,0
CT_FAP_2020,CT,FAP,2020,FALSE,Connecticut (DEEP),State Forest Action Plan,249,context,management_scale,province,FALSE,0
CT_FAP_2020,CT,FAP,2020,FALSE,Connecticut (DEEP),State Forest Action Plan,249,context,management_scale,section,FALSE,0
CT_FAP_2020,CT,FAP,2020,FALSE,Connecticut (DEEP),State Forest Action Plan,249,context,management_scale,subsection,FALSE,0
CT_FAP_2020,CT,FAP,2020,FALSE,Connecticut (DEEP),State Forest Action Plan,249,context,management_scale,lake,FALSE,0
CT_FAP_2020,CT,FAP,2020,FALSE,Connecticut (DEEP),State Forest Action Plan,249,context,management_scale,river,FALSE,0
CT_FAP_2020,CT,FAP,2020,FALSE,Connecticut (DEEP),State Forest Action Plan,249,context,management_scale,district,FALSE,0
CT_FAP_2020,CT,FAP,2020,FALSE,Connecticut (DEEP),State Forest Action Plan,249,context,biological_unit_components,species,TRUE,1
CT_FAP_2020,CT,FAP,2020,FALSE,Connecticut (DEEP),State Forest Action Plan,249,context,biological_unit_components,population,FALSE,0
CT_FAP_2020,CT,FAP,2020,FALSE,Connecticut (DEEP),State Forest Action Plan,249,context,biological_unit_components,habitat,TRUE,1
CT_FAP_2020,CT,FAP,2020,FALSE,Connecticut (DEEP),State Forest Action Plan,249,context,biological_unit_components,ecosystem,FALSE,0
CT_FAP_2020,CT,FAP,2020,FALSE,Connecticut (DEEP),State Forest Action Plan,249,context,biological_unit_components,community,FALSE,0
CT_FAP_2020,CT,FAP,2020,FALSE,Connecticut (DEEP),State Forest Action Plan,249,context,biological_unit_components,genotype_phenotype,FALSE,0
DE_FAP_2020,DE,FAP,2020,FALSE,Delaware,Forest Action Plan / State Forest Resource Assessment,244,concepts,adaptive_capacity_components,demography,FALSE,0
DE_FAP_2020,DE,FAP,2020,FALSE,Delaware,Forest Action Plan / State Forest Resource Assessment,244,concepts,adaptive_capacity_components,distribution,TRUE,1
DE_FAP_2020,DE,FAP,2020,FALSE,Delaware,Forest Action Plan / State Forest Resource Assessment,244,concepts,adaptive_capacity_components,movement,FALSE,0
DE_FAP_2020,DE,FAP,2020,FALSE,Delaware,Forest Action Plan / State Forest Resource Assessment,244,concepts,adaptive_capacity_components,evolutionary_potential,FALSE,0
DE_FAP_2020,DE,FAP,2020,FALSE,Delaware,Forest Action Plan / State Forest Resource Assessment,244,concepts,adaptive_capacity_components,ecological_dependencies,FALSE,0
DE_FAP_2020,DE,FAP,2020,FALSE,Delaware,Forest Action Plan / State Forest Resource Assessment,244,concepts,adaptive_capacity_components,abiotic_niche,FALSE,0
DE_FAP_2020,DE,FAP,2020,FALSE,Delaware,Forest Action Plan / State Forest Resource Assessment,244,concepts,adaptive_capacity_components,life_history,FALSE,0
DE_FAP_2020,DE,FAP,2020,FALSE,Delaware,Forest Action Plan / State Forest Resource Assessment,244,context,management_scale,local,FALSE,0
DE_FAP_2020,DE,FAP,2020,FALSE,Delaware,Forest Action Plan / State Forest Resource Assessment,244,context,management_scale,site,FALSE,0
DE_FAP_2020,DE,FAP,2020,FALSE,Delaware,Forest Action Plan / State Forest Resource Assessment,244,context,management_scale,watershed,TRUE,1
DE_FAP_2020,DE,FAP,2020,FALSE,Delaware,Forest Action Plan / State Forest Resource Assessment,244,context,management_scale,city,FALSE,0
DE_FAP_2020,DE,FAP,2020,FALSE,Delaware,Forest Action Plan / State Forest Resource Assessment,244,context,management_scale,county,FALSE,0
DE_FAP_2020,DE,FAP,2020,FALSE,Delaware,Forest Action Plan / State Forest Resource Assessment,244,context,management_scale,within_state_region,TRUE,1
DE_FAP_2020,DE,FAP,2020,FALSE,Delaware,Forest Action Plan / State Forest Resource Assessment,244,context,management_scale,state,TRUE,1
DE_FAP_2020,DE,FAP,2020,FALSE,Delaware,Forest Action Plan / State Forest Resource Assessment,244,context,management_scale,multistate,TRUE,1
DE_FAP_2020,DE,FAP,2020,FALSE,Delaware,Forest Action Plan / State Forest Resource Assessment,244,context,management_scale,national,FALSE,0
DE_FAP_2020,DE,FAP,2020,FALSE,Delaware,Forest Action Plan / State Forest Resource Assessment,244,context,management_scale,transnational,FALSE,0
DE_FAP_2020,DE,FAP,2020,FALSE,Delaware,Forest Action Plan / State Forest Resource Assessment,244,context,management_scale,ecosystem,FALSE,0
DE_FAP_2020,DE,FAP,2020,FALSE,Delaware,Forest Action Plan / State Forest Resource Assessment,244,context,management_scale,ecoregion,FALSE,0
DE_FAP_2020,DE,FAP,2020,FALSE,Delaware,Forest Action Plan / State Forest Resource Assessment,244,context,management_scale,province,FALSE,0
DE_FAP_2020,DE,FAP,2020,FALSE,Delaware,Forest Action Plan / State Forest Resource Assessment,244,context,management_scale,section,FALSE,0
DE_FAP_2020,DE,FAP,2020,FALSE,Delaware,Forest Action Plan / State Forest Resource Assessment,244,context,management_scale,subsection,FALSE,0
DE_FAP_2020,DE,FAP,2020,FALSE,Delaware,Forest Action Plan / State Forest Resource Assessment,244,context,management_scale,lake,FALSE,0
DE_FAP_2020,DE,FAP,2020,FALSE,Delaware,Forest Action Plan / State Forest Resource Assessment,244,context,management_scale,river,FALSE,0
DE_FAP_2020,DE,FAP,2020,FALSE,Delaware,Forest Action Plan / State Forest Resource Assessment,244,context,management_scale,district,FALSE,0
DE_FAP_2020,DE,FAP,2020,FALSE,Delaware,Forest Action Plan / State Forest Resource Assessment,244,context,biological_unit_components,species,TRUE,1
DE_FAP_2020,DE,FAP,2020,FALSE,Delaware,Forest Action Plan / State Forest Resource Assessment,244,context,biological_unit_components,population,FALSE,0
DE_FAP_2020,DE,FAP,2020,FALSE,Delaware,Forest Action Plan / State Forest Resource Assessment,244,context,biological_unit_components,habitat,TRUE,1
DE_FAP_2020,DE,FAP,2020,FALSE,Delaware,Forest Action Plan / State Forest Resource Assessment,244,context,biological_unit_components,ecosystem,TRUE,1
DE_FAP_2020,DE,FAP,2020,FALSE,Delaware,Forest Action Plan / State Forest Resource Assessment,244,context,biological_unit_components,community,FALSE,0
DE_FAP_2020,DE,FAP,2020,FALSE,Delaware,Forest Action Plan / State Forest Resource Assessment,244,context,biological_unit_components,genotype_phenotype,FALSE,0
FL_FAP_2020,FL,FAP,2020,FALSE,Florida,State Forest Action Plan,172,concepts,adaptive_capacity_components,demography,FALSE,0
FL_FAP_2020,FL,FAP,2020,FALSE,Florida,State Forest Action Plan,172,concepts,adaptive_capacity_components,distribution,TRUE,1
FL_FAP_2020,FL,FAP,2020,FALSE,Florida,State Forest Action Plan,172,concepts,adaptive_capacity_components,movement,TRUE,1
FL_FAP_2020,FL,FAP,2020,FALSE,Florida,State Forest Action Plan,172,concepts,adaptive_capacity_components,evolutionary_potential,TRUE,1
FL_FAP_2020,FL,FAP,2020,FALSE,Florida,State Forest Action Plan,172,concepts,adaptive_capacity_components,ecological_dependencies,FALSE,0
FL_FAP_2020,FL,FAP,2020,FALSE,Florida,State Forest Action Plan,172,concepts,adaptive_capacity_components,abiotic_niche,TRUE,1
FL_FAP_2020,FL,FAP,2020,FALSE,Florida,State Forest Action Plan,172,concepts,adaptive_capacity_components,life_history,TRUE,1
FL_FAP_2020,FL,FAP,2020,FALSE,Florida,State Forest Action Plan,172,context,management_scale,local,TRUE,1
FL_FAP_2020,FL,FAP,2020,FALSE,Florida,State Forest Action Plan,172,context,management_scale,site,TRUE,1
FL_FAP_2020,FL,FAP,2020,FALSE,Florida,State Forest Action Plan,172,context,management_scale,watershed,FALSE,0
FL_FAP_2020,FL,FAP,2020,FALSE,Florida,State Forest Action Plan,172,context,management_scale,city,FALSE,0
FL_FAP_2020,FL,FAP,2020,FALSE,Florida,State Forest Action Plan,172,context,management_scale,county,TRUE,1
FL_FAP_2020,FL,FAP,2020,FALSE,Florida,State Forest Action Plan,172,context,management_scale,within_state_region,TRUE,1
FL_FAP_2020,FL,FAP,2020,FALSE,Florida,State Forest Action Plan,172,context,management_scale,state,TRUE,1
FL_FAP_2020,FL,FAP,2020,FALSE,Florida,State Forest Action Plan,172,context,management_scale,multistate,TRUE,1
FL_FAP_2020,FL,FAP,2020,FALSE,Florida,State Forest Action Plan,172,context,management_scale,national,FALSE,0
FL_FAP_2020,FL,FAP,2020,FALSE,Florida,State Forest Action Plan,172,context,management_scale,transnational,FALSE,0
FL_FAP_2020,FL,FAP,2020,FALSE,Florida,State Forest Action Plan,172,context,management_scale,ecosystem,TRUE,1
FL_FAP_2020,FL,FAP,2020,FALSE,Florida,State Forest Action Plan,172,context,management_scale,ecoregion,TRUE,1
FL_FAP_2020,FL,FAP,2020,FALSE,Florida,State Forest Action Plan,172,context,management_scale,province,FALSE,0
FL_FAP_2020,FL,FAP,2020,FALSE,Florida,State Forest Action Plan,172,context,management_scale,section,FALSE,0
FL_FAP_2020,FL,FAP,2020,FALSE,Florida,State Forest Action Plan,172,context,management_scale,subsection,FALSE,0
FL_FAP_2020,FL,FAP,2020,FALSE,Florida,State Forest Action Plan,172,context,management_scale,lake,FALSE,0
FL_FAP_2020,FL,FAP,2020,FALSE,Florida,State Forest Action Plan,172,context,management_scale,river,FALSE,0
FL_FAP_2020,FL,FAP,2020,FALSE,Florida,State Forest Action Plan,172,context,management_scale,district,TRUE,1
FL_FAP_2020,FL,FAP,2020,FALSE,Florida,State Forest Action Plan,172,context,biological_unit_components,species,TRUE,1
FL_FAP_2020,FL,FAP,2020,FALSE,Florida,State Forest Action Plan,172,context,biological_unit_components,population,FALSE,0
FL_FAP_2020,FL,FAP,2020,FALSE,Florida,State Forest Action Plan,172,context,biological_unit_components,habitat,TRUE,1
FL_FAP_2020,FL,FAP,2020,FALSE,Florida,State Forest Action Plan,172,context,biological_unit_components,ecosystem,TRUE,1
FL_FAP_2020,FL,FAP,2020,FALSE,Florida,State Forest Action Plan,172,context,biological_unit_components,community,TRUE,1
FL_FAP_2020,FL,FAP,2020,FALSE,Florida,State Forest Action Plan,172,context,biological_unit_components,genotype_phenotype,TRUE,1
FSM_FAP_2020,FSM,FAP,2020,FALSE,Federated States of Micronesia (FSM),Forest Action Plan / State Wildlife Action Plan equivalent,355,concepts,adaptive_capacity_components,demography,FALSE,0
FSM_FAP_2020,FSM,FAP,2020,FALSE,Federated States of Micronesia (FSM),Forest Action Plan / State Wildlife Action Plan equivalent,355,concepts,adaptive_capacity_components,distribution,FALSE,0
FSM_FAP_2020,FSM,FAP,2020,FALSE,Federated States of Micronesia (FSM),Forest Action Plan / State Wildlife Action Plan equivalent,355,concepts,adaptive_capacity_components,movement,FALSE,0
FSM_FAP_2020,FSM,FAP,2020,FALSE,Federated States of Micronesia (FSM),Forest Action Plan / State Wildlife Action Plan equivalent,355,concepts,adaptive_capacity_components,evolutionary_potential,TRUE,1
FSM_FAP_2020,FSM,FAP,2020,FALSE,Federated States of Micronesia (FSM),Forest Action Plan / State Wildlife Action Plan equivalent,355,concepts,adaptive_capacity_components,ecological_dependencies,TRUE,1
FSM_FAP_2020,FSM,FAP,2020,FALSE,Federated States of Micronesia (FSM),Forest Action Plan / State Wildlife Action Plan equivalent,355,concepts,adaptive_capacity_components,abiotic_niche,FALSE,0
FSM_FAP_2020,FSM,FAP,2020,FALSE,Federated States of Micronesia (FSM),Forest Action Plan / State Wildlife Action Plan equivalent,355,concepts,adaptive_capacity_components,life_history,FALSE,0
FSM_FAP_2020,FSM,FAP,2020,FALSE,Federated States of Micronesia (FSM),Forest Action Plan / State Wildlife Action Plan equivalent,355,context,management_scale,local,TRUE,1
FSM_FAP_2020,FSM,FAP,2020,FALSE,Federated States of Micronesia (FSM),Forest Action Plan / State Wildlife Action Plan equivalent,355,context,management_scale,site,TRUE,1
FSM_FAP_2020,FSM,FAP,2020,FALSE,Federated States of Micronesia (FSM),Forest Action Plan / State Wildlife Action Plan equivalent,355,context,management_scale,watershed,TRUE,1
FSM_FAP_2020,FSM,FAP,2020,FALSE,Federated States of Micronesia (FSM),Forest Action Plan / State Wildlife Action Plan equivalent,355,context,management_scale,city,FALSE,0
FSM_FAP_2020,FSM,FAP,2020,FALSE,Federated States of Micronesia (FSM),Forest Action Plan / State Wildlife Action Plan equivalent,355,context,management_scale,county,FALSE,0
FSM_FAP_2020,FSM,FAP,2020,FALSE,Federated States of Micronesia (FSM),Forest Action Plan / State Wildlife Action Plan equivalent,355,context,management_scale,within_state_region,TRUE,1
FSM_FAP_2020,FSM,FAP,2020,FALSE,Federated States of Micronesia (FSM),Forest Action Plan / State Wildlife Action Plan equivalent,355,context,management_scale,state,TRUE,1
FSM_FAP_2020,FSM,FAP,2020,FALSE,Federated States of Micronesia (FSM),Forest Action Plan / State Wildlife Action Plan equivalent,355,context,management_scale,multistate,TRUE,1
FSM_FAP_2020,FSM,FAP,2020,FALSE,Federated States of Micronesia (FSM),Forest Action Plan / State Wildlife Action Plan equivalent,355,context,management_scale,national,TRUE,1
FSM_FAP_2020,FSM,FAP,2020,FALSE,Federated States of Micronesia (FSM),Forest Action Plan / State Wildlife Action Plan equivalent,355,context,management_scale,transnational,FALSE,0
FSM_FAP_2020,FSM,FAP,2020,FALSE,Federated States of Micronesia (FSM),Forest Action Plan / State Wildlife Action Plan equivalent,355,context,management_scale,ecosystem,TRUE,1
FSM_FAP_2020,FSM,FAP,2020,FALSE,Federated States of Micronesia (FSM),Forest Action Plan / State Wildlife Action Plan equivalent,355,context,management_scale,ecoregion,TRUE,1
FSM_FAP_2020,FSM,FAP,2020,FALSE,Federated States of Micronesia (FSM),Forest Action Plan / State Wildlife Action Plan equivalent,355,context,management_scale,province,FALSE,0
FSM_FAP_2020,FSM,FAP,2020,FALSE,Federated States of Micronesia (FSM),Forest Action Plan / State Wildlife Action Plan equivalent,355,context,management_scale,section,FALSE,0
FSM_FAP_2020,FSM,FAP,2020,FALSE,Federated States of Micronesia (FSM),Forest Action Plan / State Wildlife Action Plan equivalent,355,context,management_scale,subsection,FALSE,0
FSM_FAP_2020,FSM,FAP,2020,FALSE,Federated States of Micronesia (FSM),Forest Action Plan / State Wildlife Action Plan equivalent,355,context,management_scale,lake,FALSE,0
FSM_FAP_2020,FSM,FAP,2020,FALSE,Federated States of Micronesia (FSM),Forest Action Plan / State Wildlife Action Plan equivalent,355,context,management_scale,river,TRUE,1
FSM_FAP_2020,FSM,FAP,2020,FALSE,Federated States of Micronesia (FSM),Forest Action Plan / State Wildlife Action Plan equivalent,355,context,management_scale,district,FALSE,0
FSM_FAP_2020,FSM,FAP,2020,FALSE,Federated States of Micronesia (FSM),Forest Action Plan / State Wildlife Action Plan equivalent,355,context,biological_unit_components,species,TRUE,1
FSM_FAP_2020,FSM,FAP,2020,FALSE,Federated States of Micronesia (FSM),Forest Action Plan / State Wildlife Action Plan equivalent,355,context,biological_unit_components,population,FALSE,0
FSM_FAP_2020,FSM,FAP,2020,FALSE,Federated States of Micronesia (FSM),Forest Action Plan / State Wildlife Action Plan equivalent,355,context,biological_unit_components,habitat,TRUE,1
FSM_FAP_2020,FSM,FAP,2020,FALSE,Federated States of Micronesia (FSM),Forest Action Plan / State Wildlife Action Plan equivalent,355,context,biological_unit_components,ecosystem,TRUE,1
FSM_FAP_2020,FSM,FAP,2020,FALSE,Federated States of Micronesia (FSM),Forest Action Plan / State Wildlife Action Plan equivalent,355,context,biological_unit_components,community,TRUE,1
FSM_FAP_2020,FSM,FAP,2020,FALSE,Federated States of Micronesia (FSM),Forest Action Plan / State Wildlife Action Plan equivalent,355,context,biological_unit_components,genotype_phenotype,TRUE,1
GA_FAP_2020,GA,FAP,2020,FALSE,Georgia,Forest Action Plan (State Assessment and Resource Strategy),234,concepts,adaptive_capacity_components,demography,FALSE,0
GA_FAP_2020,GA,FAP,2020,FALSE,Georgia,Forest Action Plan (State Assessment and Resource Strategy),234,concepts,adaptive_capacity_components,distribution,TRUE,1
GA_FAP_2020,GA,FAP,2020,FALSE,Georgia,Forest Action Plan (State Assessment and Resource Strategy),234,concepts,adaptive_capacity_components,movement,FALSE,0
GA_FAP_2020,GA,FAP,2020,FALSE,Georgia,Forest Action Plan (State Assessment and Resource Strategy),234,concepts,adaptive_capacity_components,evolutionary_potential,FALSE,0
GA_FAP_2020,GA,FAP,2020,FALSE,Georgia,Forest Action Plan (State Assessment and Resource Strategy),234,concepts,adaptive_capacity_components,ecological_dependencies,FALSE,0
GA_FAP_2020,GA,FAP,2020,FALSE,Georgia,Forest Action Plan (State Assessment and Resource Strategy),234,concepts,adaptive_capacity_components,abiotic_niche,FALSE,0
GA_FAP_2020,GA,FAP,2020,FALSE,Georgia,Forest Action Plan (State Assessment and Resource Strategy),234,concepts,adaptive_capacity_components,life_history,FALSE,0
GA_FAP_2020,GA,FAP,2020,FALSE,Georgia,Forest Action Plan (State Assessment and Resource Strategy),234,context,management_scale,local,FALSE,0
GA_FAP_2020,GA,FAP,2020,FALSE,Georgia,Forest Action Plan (State Assessment and Resource Strategy),234,context,management_scale,site,FALSE,0
GA_FAP_2020,GA,FAP,2020,FALSE,Georgia,Forest Action Plan (State Assessment and Resource Strategy),234,context,management_scale,watershed,TRUE,1
GA_FAP_2020,GA,FAP,2020,FALSE,Georgia,Forest Action Plan (State Assessment and Resource Strategy),234,context,management_scale,city,FALSE,0
GA_FAP_2020,GA,FAP,2020,FALSE,Georgia,Forest Action Plan (State Assessment and Resource Strategy),234,context,management_scale,county,TRUE,1
GA_FAP_2020,GA,FAP,2020,FALSE,Georgia,Forest Action Plan (State Assessment and Resource Strategy),234,context,management_scale,within_state_region,TRUE,1
GA_FAP_2020,GA,FAP,2020,FALSE,Georgia,Forest Action Plan (State Assessment and Resource Strategy),234,context,management_scale,state,TRUE,1
GA_FAP_2020,GA,FAP,2020,FALSE,Georgia,Forest Action Plan (State Assessment and Resource Strategy),234,context,management_scale,multistate,TRUE,1
GA_FAP_2020,GA,FAP,2020,FALSE,Georgia,Forest Action Plan (State Assessment and Resource Strategy),234,context,management_scale,national,FALSE,0
GA_FAP_2020,GA,FAP,2020,FALSE,Georgia,Forest Action Plan (State Assessment and Resource Strategy),234,context,management_scale,transnational,FALSE,0
GA_FAP_2020,GA,FAP,2020,FALSE,Georgia,Forest Action Plan (State Assessment and Resource Strategy),234,context,management_scale,ecosystem,TRUE,1
GA_FAP_2020,GA,FAP,2020,FALSE,Georgia,Forest Action Plan (State Assessment and Resource Strategy),234,context,management_scale,ecoregion,TRUE,1
GA_FAP_2020,GA,FAP,2020,FALSE,Georgia,Forest Action Plan (State Assessment and Resource Strategy),234,context,management_scale,province,FALSE,0
GA_FAP_2020,GA,FAP,2020,FALSE,Georgia,Forest Action Plan (State Assessment and Resource Strategy),234,context,management_scale,section,FALSE,0
GA_FAP_2020,GA,FAP,2020,FALSE,Georgia,Forest Action Plan (State Assessment and Resource Strategy),234,context,management_scale,subsection,FALSE,0
GA_FAP_2020,GA,FAP,2020,FALSE,Georgia,Forest Action Plan (State Assessment and Resource Strategy),234,context,management_scale,lake,FALSE,0
GA_FAP_2020,GA,FAP,2020,FALSE,Georgia,Forest Action Plan (State Assessment and Resource Strategy),234,context,management_scale,river,FALSE,0
GA_FAP_2020,GA,FAP,2020,FALSE,Georgia,Forest Action Plan (State Assessment and Resource Strategy),234,context,management_scale,district,FALSE,0
GA_FAP_2020,GA,FAP,2020,FALSE,Georgia,Forest Action Plan (State Assessment and Resource Strategy),234,context,biological_unit_components,species,TRUE,1
GA_FAP_2020,GA,FAP,2020,FALSE,Georgia,Forest Action Plan (State Assessment and Resource Strategy),234,context,biological_unit_components,population,FALSE,0
GA_FAP_2020,GA,FAP,2020,FALSE,Georgia,Forest Action Plan (State Assessment and Resource Strategy),234,context,biological_unit_components,habitat,TRUE,1
GA_FAP_2020,GA,FAP,2020,FALSE,Georgia,Forest Action Plan (State Assessment and Resource Strategy),234,context,biological_unit_components,ecosystem,TRUE,1
GA_FAP_2020,GA,FAP,2020,FALSE,Georgia,Forest Action Plan (State Assessment and Resource Strategy),234,context,biological_unit_components,community,FALSE,0
GA_FAP_2020,GA,FAP,2020,FALSE,Georgia,Forest Action Plan (State Assessment and Resource Strategy),234,context,biological_unit_components,genotype_phenotype,FALSE,0
GU_FAP_2020,GU,FAP,2020,FALSE,Guam (US Territory),Forest Action Plan,146,concepts,adaptive_capacity_components,demography,FALSE,0
GU_FAP_2020,GU,FAP,2020,FALSE,Guam (US Territory),Forest Action Plan,146,concepts,adaptive_capacity_components,distribution,FALSE,0
GU_FAP_2020,GU,FAP,2020,FALSE,Guam (US Territory),Forest Action Plan,146,concepts,adaptive_capacity_components,movement,FALSE,0
GU_FAP_2020,GU,FAP,2020,FALSE,Guam (US Territory),Forest Action Plan,146,concepts,adaptive_capacity_components,evolutionary_potential,FALSE,0
GU_FAP_2020,GU,FAP,2020,FALSE,Guam (US Territory),Forest Action Plan,146,concepts,adaptive_capacity_components,ecological_dependencies,FALSE,0
GU_FAP_2020,GU,FAP,2020,FALSE,Guam (US Territory),Forest Action Plan,146,concepts,adaptive_capacity_components,abiotic_niche,FALSE,0
GU_FAP_2020,GU,FAP,2020,FALSE,Guam (US Territory),Forest Action Plan,146,concepts,adaptive_capacity_components,life_history,FALSE,0
GU_FAP_2020,GU,FAP,2020,FALSE,Guam (US Territory),Forest Action Plan,146,context,management_scale,local,TRUE,1
GU_FAP_2020,GU,FAP,2020,FALSE,Guam (US Territory),Forest Action Plan,146,context,management_scale,site,TRUE,1
GU_FAP_2020,GU,FAP,2020,FALSE,Guam (US Territory),Forest Action Plan,146,context,management_scale,watershed,TRUE,1
GU_FAP_2020,GU,FAP,2020,FALSE,Guam (US Territory),Forest Action Plan,146,context,management_scale,city,FALSE,0
GU_FAP_2020,GU,FAP,2020,FALSE,Guam (US Territory),Forest Action Plan,146,context,management_scale,county,FALSE,0
GU_FAP_2020,GU,FAP,2020,FALSE,Guam (US Territory),Forest Action Plan,146,context,management_scale,within_state_region,TRUE,1
GU_FAP_2020,GU,FAP,2020,FALSE,Guam (US Territory),Forest Action Plan,146,context,management_scale,state,TRUE,1
GU_FAP_2020,GU,FAP,2020,FALSE,Guam (US Territory),Forest Action Plan,146,context,management_scale,multistate,FALSE,0
GU_FAP_2020,GU,FAP,2020,FALSE,Guam (US Territory),Forest Action Plan,146,context,management_scale,national,FALSE,0
GU_FAP_2020,GU,FAP,2020,FALSE,Guam (US Territory),Forest Action Plan,146,context,management_scale,transnational,FALSE,0
GU_FAP_2020,GU,FAP,2020,FALSE,Guam (US Territory),Forest Action Plan,146,context,management_scale,ecosystem,FALSE,0
GU_FAP_2020,GU,FAP,2020,FALSE,Guam (US Territory),Forest Action Plan,146,context,management_scale,ecoregion,FALSE,0
GU_FAP_2020,GU,FAP,2020,FALSE,Guam (US Territory),Forest Action Plan,146,context,management_scale,province,FALSE,0
GU_FAP_2020,GU,FAP,2020,FALSE,Guam (US Territory),Forest Action Plan,146,context,management_scale,section,FALSE,0
GU_FAP_2020,GU,FAP,2020,FALSE,Guam (US Territory),Forest Action Plan,146,context,management_scale,subsection,FALSE,0
GU_FAP_2020,GU,FAP,2020,FALSE,Guam (US Territory),Forest Action Plan,146,context,management_scale,lake,FALSE,0
GU_FAP_2020,GU,FAP,2020,FALSE,Guam (US Territory),Forest Action Plan,146,context,management_scale,river,FALSE,0
GU_FAP_2020,GU,FAP,2020,FALSE,Guam (US Territory),Forest Action Plan,146,context,management_scale,district,FALSE,0
GU_FAP_2020,GU,FAP,2020,FALSE,Guam (US Territory),Forest Action Plan,146,context,biological_unit_components,species,TRUE,1
GU_FAP_2020,GU,FAP,2020,FALSE,Guam (US Territory),Forest Action Plan,146,context,biological_unit_components,population,FALSE,0
GU_FAP_2020,GU,FAP,2020,FALSE,Guam (US Territory),Forest Action Plan,146,context,biological_unit_components,habitat,TRUE,1
GU_FAP_2020,GU,FAP,2020,FALSE,Guam (US Territory),Forest Action Plan,146,context,biological_unit_components,ecosystem,FALSE,0
GU_FAP_2020,GU,FAP,2020,FALSE,Guam (US Territory),Forest Action Plan,146,context,biological_unit_components,community,FALSE,0
GU_FAP_2020,GU,FAP,2020,FALSE,Guam (US Territory),Forest Action Plan,146,context,biological_unit_components,genotype_phenotype,FALSE,0
HI_FAP_2016,HI,FAP,2016,FALSE,Hawaii,Forest Action Plan,316,concepts,adaptive_capacity_components,demography,FALSE,0
HI_FAP_2016,HI,FAP,2016,FALSE,Hawaii,Forest Action Plan,316,concepts,adaptive_capacity_components,distribution,TRUE,1
HI_FAP_2016,HI,FAP,2016,FALSE,Hawaii,Forest Action Plan,316,concepts,adaptive_capacity_components,movement,TRUE,1
HI_FAP_2016,HI,FAP,2016,FALSE,Hawaii,Forest Action Plan,316,concepts,adaptive_capacity_components,evolutionary_potential,TRUE,1
HI_FAP_2016,HI,FAP,2016,FALSE,Hawaii,Forest Action Plan,316,concepts,adaptive_capacity_components,ecological_dependencies,TRUE,1
HI_FAP_2016,HI,FAP,2016,FALSE,Hawaii,Forest Action Plan,316,concepts,adaptive_capacity_components,abiotic_niche,TRUE,1
HI_FAP_2016,HI,FAP,2016,FALSE,Hawaii,Forest Action Plan,316,concepts,adaptive_capacity_components,life_history,FALSE,0
HI_FAP_2016,HI,FAP,2016,FALSE,Hawaii,Forest Action Plan,316,context,management_scale,local,FALSE,0
HI_FAP_2016,HI,FAP,2016,FALSE,Hawaii,Forest Action Plan,316,context,management_scale,site,TRUE,1
HI_FAP_2016,HI,FAP,2016,FALSE,Hawaii,Forest Action Plan,316,context,management_scale,watershed,TRUE,1
HI_FAP_2016,HI,FAP,2016,FALSE,Hawaii,Forest Action Plan,316,context,management_scale,city,FALSE,0
HI_FAP_2016,HI,FAP,2016,FALSE,Hawaii,Forest Action Plan,316,context,management_scale,county,TRUE,1
HI_FAP_2016,HI,FAP,2016,FALSE,Hawaii,Forest Action Plan,316,context,management_scale,within_state_region,TRUE,1
HI_FAP_2016,HI,FAP,2016,FALSE,Hawaii,Forest Action Plan,316,context,management_scale,state,TRUE,1
HI_FAP_2016,HI,FAP,2016,FALSE,Hawaii,Forest Action Plan,316,context,management_scale,multistate,FALSE,0
HI_FAP_2016,HI,FAP,2016,FALSE,Hawaii,Forest Action Plan,316,context,management_scale,national,FALSE,0
HI_FAP_2016,HI,FAP,2016,FALSE,Hawaii,Forest Action Plan,316,context,management_scale,transnational,TRUE,1
HI_FAP_2016,HI,FAP,2016,FALSE,Hawaii,Forest Action Plan,316,context,management_scale,ecosystem,TRUE,1
HI_FAP_2016,HI,FAP,2016,FALSE,Hawaii,Forest Action Plan,316,context,management_scale,ecoregion,FALSE,0
HI_FAP_2016,HI,FAP,2016,FALSE,Hawaii,Forest Action Plan,316,context,management_scale,province,FALSE,0
HI_FAP_2016,HI,FAP,2016,FALSE,Hawaii,Forest Action Plan,316,context,management_scale,section,FALSE,0
HI_FAP_2016,HI,FAP,2016,FALSE,Hawaii,Forest Action Plan,316,context,management_scale,subsection,FALSE,0
HI_FAP_2016,HI,FAP,2016,FALSE,Hawaii,Forest Action Plan,316,context,management_scale,lake,FALSE,0
HI_FAP_2016,HI,FAP,2016,FALSE,Hawaii,Forest Action Plan,316,context,management_scale,river,FALSE,0
HI_FAP_2016,HI,FAP,2016,FALSE,Hawaii,Forest Action Plan,316,context,management_scale,district,FALSE,0
HI_FAP_2016,HI,FAP,2016,FALSE,Hawaii,Forest Action Plan,316,context,biological_unit_components,species,TRUE,1
HI_FAP_2016,HI,FAP,2016,FALSE,Hawaii,Forest Action Plan,316,context,biological_unit_components,population,FALSE,0
HI_FAP_2016,HI,FAP,2016,FALSE,Hawaii,Forest Action Plan,316,context,biological_unit_components,habitat,TRUE,1
HI_FAP_2016,HI,FAP,2016,FALSE,Hawaii,Forest Action Plan,316,context,biological_unit_components,ecosystem,TRUE,1
HI_FAP_2016,HI,FAP,2016,FALSE,Hawaii,Forest Action Plan,316,context,biological_unit_components,community,TRUE,1
HI_FAP_2016,HI,FAP,2016,FALSE,Hawaii,Forest Action Plan,316,context,biological_unit_components,genotype_phenotype,FALSE,0
IA_FAP_2020,IA,FAP,2020,FALSE,Iowa,State Forest Action Plan,99,concepts,adaptive_capacity_components,demography,FALSE,0
IA_FAP_2020,IA,FAP,2020,FALSE,Iowa,State Forest Action Plan,99,concepts,adaptive_capacity_components,distribution,TRUE,1
IA_FAP_2020,IA,FAP,2020,FALSE,Iowa,State Forest Action Plan,99,concepts,adaptive_capacity_components,movement,FALSE,0
IA_FAP_2020,IA,FAP,2020,FALSE,Iowa,State Forest Action Plan,99,concepts,adaptive_capacity_components,evolutionary_potential,FALSE,0
IA_FAP_2020,IA,FAP,2020,FALSE,Iowa,State Forest Action Plan,99,concepts,adaptive_capacity_components,ecological_dependencies,FALSE,0
IA_FAP_2020,IA,FAP,2020,FALSE,Iowa,State Forest Action Plan,99,concepts,adaptive_capacity_components,abiotic_niche,TRUE,1
IA_FAP_2020,IA,FAP,2020,FALSE,Iowa,State Forest Action Plan,99,concepts,adaptive_capacity_components,life_history,FALSE,0
IA_FAP_2020,IA,FAP,2020,FALSE,Iowa,State Forest Action Plan,99,context,management_scale,local,TRUE,1
IA_FAP_2020,IA,FAP,2020,FALSE,Iowa,State Forest Action Plan,99,context,management_scale,site,TRUE,1
IA_FAP_2020,IA,FAP,2020,FALSE,Iowa,State Forest Action Plan,99,context,management_scale,watershed,TRUE,1
IA_FAP_2020,IA,FAP,2020,FALSE,Iowa,State Forest Action Plan,99,context,management_scale,city,FALSE,0
IA_FAP_2020,IA,FAP,2020,FALSE,Iowa,State Forest Action Plan,99,context,management_scale,county,FALSE,0
IA_FAP_2020,IA,FAP,2020,FALSE,Iowa,State Forest Action Plan,99,context,management_scale,within_state_region,TRUE,1
IA_FAP_2020,IA,FAP,2020,FALSE,Iowa,State Forest Action Plan,99,context,management_scale,state,TRUE,1
IA_FAP_2020,IA,FAP,2020,FALSE,Iowa,State Forest Action Plan,99,context,management_scale,multistate,TRUE,1
IA_FAP_2020,IA,FAP,2020,FALSE,Iowa,State Forest Action Plan,99,context,management_scale,national,FALSE,0
IA_FAP_2020,IA,FAP,2020,FALSE,Iowa,State Forest Action Plan,99,context,management_scale,transnational,FALSE,0
IA_FAP_2020,IA,FAP,2020,FALSE,Iowa,State Forest Action Plan,99,context,management_scale,ecosystem,TRUE,1
IA_FAP_2020,IA,FAP,2020,FALSE,Iowa,State Forest Action Plan,99,context,management_scale,ecoregion,FALSE,0
IA_FAP_2020,IA,FAP,2020,FALSE,Iowa,State Forest Action Plan,99,context,management_scale,province,FALSE,0
IA_FAP_2020,IA,FAP,2020,FALSE,Iowa,State Forest Action Plan,99,context,management_scale,section,FALSE,0
IA_FAP_2020,IA,FAP,2020,FALSE,Iowa,State Forest Action Plan,99,context,management_scale,subsection,FALSE,0
IA_FAP_2020,IA,FAP,2020,FALSE,Iowa,State Forest Action Plan,99,context,management_scale,lake,FALSE,0
IA_FAP_2020,IA,FAP,2020,FALSE,Iowa,State Forest Action Plan,99,context,management_scale,river,FALSE,0
IA_FAP_2020,IA,FAP,2020,FALSE,Iowa,State Forest Action Plan,99,context,management_scale,district,FALSE,0
IA_FAP_2020,IA,FAP,2020,FALSE,Iowa,State Forest Action Plan,99,context,biological_unit_components,species,TRUE,1
IA_FAP_2020,IA,FAP,2020,FALSE,Iowa,State Forest Action Plan,99,context,biological_unit_components,population,FALSE,0
IA_FAP_2020,IA,FAP,2020,FALSE,Iowa,State Forest Action Plan,99,context,biological_unit_components,habitat,TRUE,1
IA_FAP_2020,IA,FAP,2020,FALSE,Iowa,State Forest Action Plan,99,context,biological_unit_components,ecosystem,FALSE,0
IA_FAP_2020,IA,FAP,2020,FALSE,Iowa,State Forest Action Plan,99,context,biological_unit_components,community,TRUE,1
IA_FAP_2020,IA,FAP,2020,FALSE,Iowa,State Forest Action Plan,99,context,biological_unit_components,genotype_phenotype,FALSE,0
ID_FAP_2020,ID,FAP,2020,FALSE,Idaho (state),Forest Action Plan (Resource Assessment + Resource Strategy),167,concepts,adaptive_capacity_components,demography,FALSE,0
ID_FAP_2020,ID,FAP,2020,FALSE,Idaho (state),Forest Action Plan (Resource Assessment + Resource Strategy),167,concepts,adaptive_capacity_components,distribution,TRUE,1
ID_FAP_2020,ID,FAP,2020,FALSE,Idaho (state),Forest Action Plan (Resource Assessment + Resource Strategy),167,concepts,adaptive_capacity_components,movement,FALSE,0
ID_FAP_2020,ID,FAP,2020,FALSE,Idaho (state),Forest Action Plan (Resource Assessment + Resource Strategy),167,concepts,adaptive_capacity_components,evolutionary_potential,FALSE,0
ID_FAP_2020,ID,FAP,2020,FALSE,Idaho (state),Forest Action Plan (Resource Assessment + Resource Strategy),167,concepts,adaptive_capacity_components,ecological_dependencies,FALSE,0
ID_FAP_2020,ID,FAP,2020,FALSE,Idaho (state),Forest Action Plan (Resource Assessment + Resource Strategy),167,concepts,adaptive_capacity_components,abiotic_niche,FALSE,0
ID_FAP_2020,ID,FAP,2020,FALSE,Idaho (state),Forest Action Plan (Resource Assessment + Resource Strategy),167,concepts,adaptive_capacity_components,life_history,FALSE,0
ID_FAP_2020,ID,FAP,2020,FALSE,Idaho (state),Forest Action Plan (Resource Assessment + Resource Strategy),167,context,management_scale,local,FALSE,0
ID_FAP_2020,ID,FAP,2020,FALSE,Idaho (state),Forest Action Plan (Resource Assessment + Resource Strategy),167,context,management_scale,site,FALSE,0
ID_FAP_2020,ID,FAP,2020,FALSE,Idaho (state),Forest Action Plan (Resource Assessment + Resource Strategy),167,context,management_scale,watershed,TRUE,1
ID_FAP_2020,ID,FAP,2020,FALSE,Idaho (state),Forest Action Plan (Resource Assessment + Resource Strategy),167,context,management_scale,city,FALSE,0
ID_FAP_2020,ID,FAP,2020,FALSE,Idaho (state),Forest Action Plan (Resource Assessment + Resource Strategy),167,context,management_scale,county,FALSE,0
ID_FAP_2020,ID,FAP,2020,FALSE,Idaho (state),Forest Action Plan (Resource Assessment + Resource Strategy),167,context,management_scale,within_state_region,TRUE,1
ID_FAP_2020,ID,FAP,2020,FALSE,Idaho (state),Forest Action Plan (Resource Assessment + Resource Strategy),167,context,management_scale,state,TRUE,1
ID_FAP_2020,ID,FAP,2020,FALSE,Idaho (state),Forest Action Plan (Resource Assessment + Resource Strategy),167,context,management_scale,multistate,TRUE,1
ID_FAP_2020,ID,FAP,2020,FALSE,Idaho (state),Forest Action Plan (Resource Assessment + Resource Strategy),167,context,management_scale,national,FALSE,0
ID_FAP_2020,ID,FAP,2020,FALSE,Idaho (state),Forest Action Plan (Resource Assessment + Resource Strategy),167,context,management_scale,transnational,FALSE,0
ID_FAP_2020,ID,FAP,2020,FALSE,Idaho (state),Forest Action Plan (Resource Assessment + Resource Strategy),167,context,management_scale,ecosystem,TRUE,1
ID_FAP_2020,ID,FAP,2020,FALSE,Idaho (state),Forest Action Plan (Resource Assessment + Resource Strategy),167,context,management_scale,ecoregion,FALSE,0
ID_FAP_2020,ID,FAP,2020,FALSE,Idaho (state),Forest Action Plan (Resource Assessment + Resource Strategy),167,context,management_scale,province,FALSE,0
ID_FAP_2020,ID,FAP,2020,FALSE,Idaho (state),Forest Action Plan (Resource Assessment + Resource Strategy),167,context,management_scale,section,FALSE,0
ID_FAP_2020,ID,FAP,2020,FALSE,Idaho (state),Forest Action Plan (Resource Assessment + Resource Strategy),167,context,management_scale,subsection,FALSE,0
ID_FAP_2020,ID,FAP,2020,FALSE,Idaho (state),Forest Action Plan (Resource Assessment + Resource Strategy),167,context,management_scale,lake,FALSE,0
ID_FAP_2020,ID,FAP,2020,FALSE,Idaho (state),Forest Action Plan (Resource Assessment + Resource Strategy),167,context,management_scale,river,FALSE,0
ID_FAP_2020,ID,FAP,2020,FALSE,Idaho (state),Forest Action Plan (Resource Assessment + Resource Strategy),167,context,management_scale,district,FALSE,0
ID_FAP_2020,ID,FAP,2020,FALSE,Idaho (state),Forest Action Plan (Resource Assessment + Resource Strategy),167,context,biological_unit_components,species,TRUE,1
ID_FAP_2020,ID,FAP,2020,FALSE,Idaho (state),Forest Action Plan (Resource Assessment + Resource Strategy),167,context,biological_unit_components,population,FALSE,0
ID_FAP_2020,ID,FAP,2020,FALSE,Idaho (state),Forest Action Plan (Resource Assessment + Resource Strategy),167,context,biological_unit_components,habitat,TRUE,1
ID_FAP_2020,ID,FAP,2020,FALSE,Idaho (state),Forest Action Plan (Resource Assessment + Resource Strategy),167,context,biological_unit_components,ecosystem,TRUE,1
ID_FAP_2020,ID,FAP,2020,FALSE,Idaho (state),Forest Action Plan (Resource Assessment + Resource Strategy),167,context,biological_unit_components,community,FALSE,0
ID_FAP_2020,ID,FAP,2020,FALSE,Idaho (state),Forest Action Plan (Resource Assessment + Resource Strategy),167,context,biological_unit_components,genotype_phenotype,FALSE,0
IL_FAP_2020,IL,FAP,2020,FALSE,Illinois,Forest Action Plan,311,concepts,adaptive_capacity_components,demography,FALSE,0
IL_FAP_2020,IL,FAP,2020,FALSE,Illinois,Forest Action Plan,311,concepts,adaptive_capacity_components,distribution,TRUE,1
IL_FAP_2020,IL,FAP,2020,FALSE,Illinois,Forest Action Plan,311,concepts,adaptive_capacity_components,movement,TRUE,1
IL_FAP_2020,IL,FAP,2020,FALSE,Illinois,Forest Action Plan,311,concepts,adaptive_capacity_components,evolutionary_potential,TRUE,1
IL_FAP_2020,IL,FAP,2020,FALSE,Illinois,Forest Action Plan,311,concepts,adaptive_capacity_components,ecological_dependencies,TRUE,1
IL_FAP_2020,IL,FAP,2020,FALSE,Illinois,Forest Action Plan,311,concepts,adaptive_capacity_components,abiotic_niche,TRUE,1
IL_FAP_2020,IL,FAP,2020,FALSE,Illinois,Forest Action Plan,311,concepts,adaptive_capacity_components,life_history,FALSE,0
IL_FAP_2020,IL,FAP,2020,FALSE,Illinois,Forest Action Plan,311,context,management_scale,local,TRUE,1
IL_FAP_2020,IL,FAP,2020,FALSE,Illinois,Forest Action Plan,311,context,management_scale,site,TRUE,1
IL_FAP_2020,IL,FAP,2020,FALSE,Illinois,Forest Action Plan,311,context,management_scale,watershed,TRUE,1
IL_FAP_2020,IL,FAP,2020,FALSE,Illinois,Forest Action Plan,311,context,management_scale,city,TRUE,1
IL_FAP_2020,IL,FAP,2020,FALSE,Illinois,Forest Action Plan,311,context,management_scale,county,TRUE,1
IL_FAP_2020,IL,FAP,2020,FALSE,Illinois,Forest Action Plan,311,context,management_scale,within_state_region,TRUE,1
IL_FAP_2020,IL,FAP,2020,FALSE,Illinois,Forest Action Plan,311,context,management_scale,state,TRUE,1
IL_FAP_2020,IL,FAP,2020,FALSE,Illinois,Forest Action Plan,311,context,management_scale,multistate,TRUE,1
IL_FAP_2020,IL,FAP,2020,FALSE,Illinois,Forest Action Plan,311,context,management_scale,national,TRUE,1
IL_FAP_2020,IL,FAP,2020,FALSE,Illinois,Forest Action Plan,311,context,management_scale,transnational,FALSE,0
IL_FAP_2020,IL,FAP,2020,FALSE,Illinois,Forest Action Plan,311,context,management_scale,ecosystem,TRUE,1
IL_FAP_2020,IL,FAP,2020,FALSE,Illinois,Forest Action Plan,311,context,management_scale,ecoregion,TRUE,1
IL_FAP_2020,IL,FAP,2020,FALSE,Illinois,Forest Action Plan,311,context,management_scale,province,TRUE,1
IL_FAP_2020,IL,FAP,2020,FALSE,Illinois,Forest Action Plan,311,context,management_scale,section,TRUE,1
IL_FAP_2020,IL,FAP,2020,FALSE,Illinois,Forest Action Plan,311,context,management_scale,subsection,FALSE,0
IL_FAP_2020,IL,FAP,2020,FALSE,Illinois,Forest Action Plan,311,context,management_scale,lake,FALSE,0
IL_FAP_2020,IL,FAP,2020,FALSE,Illinois,Forest Action Plan,311,context,management_scale,river,TRUE,1
IL_FAP_2020,IL,FAP,2020,FALSE,Illinois,Forest Action Plan,311,context,management_scale,district,FALSE,0
IL_FAP_2020,IL,FAP,2020,FALSE,Illinois,Forest Action Plan,311,context,biological_unit_components,species,TRUE,1
IL_FAP_2020,IL,FAP,2020,FALSE,Illinois,Forest Action Plan,311,context,biological_unit_components,population,TRUE,1
IL_FAP_2020,IL,FAP,2020,FALSE,Illinois,Forest Action Plan,311,context,biological_unit_components,habitat,TRUE,1
IL_FAP_2020,IL,FAP,2020,FALSE,Illinois,Forest Action Plan,311,context,biological_unit_components,ecosystem,TRUE,1
IL_FAP_2020,IL,FAP,2020,FALSE,Illinois,Forest Action Plan,311,context,biological_unit_components,community,TRUE,1
IL_FAP_2020,IL,FAP,2020,FALSE,Illinois,Forest Action Plan,311,context,biological_unit_components,genotype_phenotype,FALSE,0
IN_FAP_2020,IN,FAP,2020,FALSE,Indiana,Forest Action Plan,214,concepts,adaptive_capacity_components,demography,FALSE,0
IN_FAP_2020,IN,FAP,2020,FALSE,Indiana,Forest Action Plan,214,concepts,adaptive_capacity_components,distribution,TRUE,1
IN_FAP_2020,IN,FAP,2020,FALSE,Indiana,Forest Action Plan,214,concepts,adaptive_capacity_components,movement,TRUE,1
IN_FAP_2020,IN,FAP,2020,FALSE,Indiana,Forest Action Plan,214,concepts,adaptive_capacity_components,evolutionary_potential,TRUE,1
IN_FAP_2020,IN,FAP,2020,FALSE,Indiana,Forest Action Plan,214,concepts,adaptive_capacity_components,ecological_dependencies,FALSE,0
IN_FAP_2020,IN,FAP,2020,FALSE,Indiana,Forest Action Plan,214,concepts,adaptive_capacity_components,abiotic_niche,FALSE,0
IN_FAP_2020,IN,FAP,2020,FALSE,Indiana,Forest Action Plan,214,concepts,adaptive_capacity_components,life_history,FALSE,0
IN_FAP_2020,IN,FAP,2020,FALSE,Indiana,Forest Action Plan,214,context,management_scale,local,TRUE,1
IN_FAP_2020,IN,FAP,2020,FALSE,Indiana,Forest Action Plan,214,context,management_scale,site,TRUE,1
IN_FAP_2020,IN,FAP,2020,FALSE,Indiana,Forest Action Plan,214,context,management_scale,watershed,TRUE,1
IN_FAP_2020,IN,FAP,2020,FALSE,Indiana,Forest Action Plan,214,context,management_scale,city,FALSE,0
IN_FAP_2020,IN,FAP,2020,FALSE,Indiana,Forest Action Plan,214,context,management_scale,county,TRUE,1
IN_FAP_2020,IN,FAP,2020,FALSE,Indiana,Forest Action Plan,214,context,management_scale,within_state_region,TRUE,1
IN_FAP_2020,IN,FAP,2020,FALSE,Indiana,Forest Action Plan,214,context,management_scale,state,TRUE,1
IN_FAP_2020,IN,FAP,2020,FALSE,Indiana,Forest Action Plan,214,context,management_scale,multistate,TRUE,1
IN_FAP_2020,IN,FAP,2020,FALSE,Indiana,Forest Action Plan,214,context,management_scale,national,TRUE,1
IN_FAP_2020,IN,FAP,2020,FALSE,Indiana,Forest Action Plan,214,context,management_scale,transnational,FALSE,0
IN_FAP_2020,IN,FAP,2020,FALSE,Indiana,Forest Action Plan,214,context,management_scale,ecosystem,TRUE,1
IN_FAP_2020,IN,FAP,2020,FALSE,Indiana,Forest Action Plan,214,context,management_scale,ecoregion,TRUE,1
IN_FAP_2020,IN,FAP,2020,FALSE,Indiana,Forest Action Plan,214,context,management_scale,province,FALSE,0
IN_FAP_2020,IN,FAP,2020,FALSE,Indiana,Forest Action Plan,214,context,management_scale,section,FALSE,0
IN_FAP_2020,IN,FAP,2020,FALSE,Indiana,Forest Action Plan,214,context,management_scale,subsection,FALSE,0
IN_FAP_2020,IN,FAP,2020,FALSE,Indiana,Forest Action Plan,214,context,management_scale,lake,FALSE,0
IN_FAP_2020,IN,FAP,2020,FALSE,Indiana,Forest Action Plan,214,context,management_scale,river,TRUE,1
IN_FAP_2020,IN,FAP,2020,FALSE,Indiana,Forest Action Plan,214,context,management_scale,district,FALSE,0
IN_FAP_2020,IN,FAP,2020,FALSE,Indiana,Forest Action Plan,214,context,biological_unit_components,species,TRUE,1
IN_FAP_2020,IN,FAP,2020,FALSE,Indiana,Forest Action Plan,214,context,biological_unit_components,population,FALSE,0
IN_FAP_2020,IN,FAP,2020,FALSE,Indiana,Forest Action Plan,214,context,biological_unit_components,habitat,TRUE,1
IN_FAP_2020,IN,FAP,2020,FALSE,Indiana,Forest Action Plan,214,context,biological_unit_components,ecosystem,TRUE,1
IN_FAP_2020,IN,FAP,2020,FALSE,Indiana,Forest Action Plan,214,context,biological_unit_components,community,TRUE,1
IN_FAP_2020,IN,FAP,2020,FALSE,Indiana,Forest Action Plan,214,context,biological_unit_components,genotype_phenotype,FALSE,0
KS_FAP_2020,KS,FAP,2020,FALSE,Kansas,Forest Action Plan,164,concepts,adaptive_capacity_components,demography,FALSE,0
KS_FAP_2020,KS,FAP,2020,FALSE,Kansas,Forest Action Plan,164,concepts,adaptive_capacity_components,distribution,TRUE,2
KS_FAP_2020,KS,FAP,2020,FALSE,Kansas,Forest Action Plan,164,concepts,adaptive_capacity_components,movement,FALSE,0
KS_FAP_2020,KS,FAP,2020,FALSE,Kansas,Forest Action Plan,164,concepts,adaptive_capacity_components,evolutionary_potential,FALSE,0
KS_FAP_2020,KS,FAP,2020,FALSE,Kansas,Forest Action Plan,164,concepts,adaptive_capacity_components,ecological_dependencies,FALSE,0
KS_FAP_2020,KS,FAP,2020,FALSE,Kansas,Forest Action Plan,164,concepts,adaptive_capacity_components,abiotic_niche,TRUE,1
KS_FAP_2020,KS,FAP,2020,FALSE,Kansas,Forest Action Plan,164,concepts,adaptive_capacity_components,life_history,FALSE,0
KS_FAP_2020,KS,FAP,2020,FALSE,Kansas,Forest Action Plan,164,context,management_scale,local,TRUE,1
KS_FAP_2020,KS,FAP,2020,FALSE,Kansas,Forest Action Plan,164,context,management_scale,site,TRUE,1
KS_FAP_2020,KS,FAP,2020,FALSE,Kansas,Forest Action Plan,164,context,management_scale,watershed,TRUE,1
KS_FAP_2020,KS,FAP,2020,FALSE,Kansas,Forest Action Plan,164,context,management_scale,city,TRUE,1
KS_FAP_2020,KS,FAP,2020,FALSE,Kansas,Forest Action Plan,164,context,management_scale,county,TRUE,1
KS_FAP_2020,KS,FAP,2020,FALSE,Kansas,Forest Action Plan,164,context,management_scale,within_state_region,TRUE,1
KS_FAP_2020,KS,FAP,2020,FALSE,Kansas,Forest Action Plan,164,context,management_scale,state,TRUE,1
KS_FAP_2020,KS,FAP,2020,FALSE,Kansas,Forest Action Plan,164,context,management_scale,multistate,TRUE,1
KS_FAP_2020,KS,FAP,2020,FALSE,Kansas,Forest Action Plan,164,context,management_scale,national,FALSE,0
KS_FAP_2020,KS,FAP,2020,FALSE,Kansas,Forest Action Plan,164,context,management_scale,transnational,FALSE,0
KS_FAP_2020,KS,FAP,2020,FALSE,Kansas,Forest Action Plan,164,context,management_scale,ecosystem,TRUE,1
KS_FAP_2020,KS,FAP,2020,FALSE,Kansas,Forest Action Plan,164,context,management_scale,ecoregion,TRUE,1
KS_FAP_2020,KS,FAP,2020,FALSE,Kansas,Forest Action Plan,164,context,management_scale,province,FALSE,0
KS_FAP_2020,KS,FAP,2020,FALSE,Kansas,Forest Action Plan,164,context,management_scale,section,FALSE,0
KS_FAP_2020,KS,FAP,2020,FALSE,Kansas,Forest Action Plan,164,context,management_scale,subsection,FALSE,0
KS_FAP_2020,KS,FAP,2020,FALSE,Kansas,Forest Action Plan,164,context,management_scale,lake,TRUE,1
KS_FAP_2020,KS,FAP,2020,FALSE,Kansas,Forest Action Plan,164,context,management_scale,river,TRUE,1
KS_FAP_2020,KS,FAP,2020,FALSE,Kansas,Forest Action Plan,164,context,management_scale,district,TRUE,1
KS_FAP_2020,KS,FAP,2020,FALSE,Kansas,Forest Action Plan,164,context,biological_unit_components,species,TRUE,1
KS_FAP_2020,KS,FAP,2020,FALSE,Kansas,Forest Action Plan,164,context,biological_unit_components,population,FALSE,0
KS_FAP_2020,KS,FAP,2020,FALSE,Kansas,Forest Action Plan,164,context,biological_unit_components,habitat,TRUE,1
KS_FAP_2020,KS,FAP,2020,FALSE,Kansas,Forest Action Plan,164,context,biological_unit_components,ecosystem,TRUE,1
KS_FAP_2020,KS,FAP,2020,FALSE,Kansas,Forest Action Plan,164,context,biological_unit_components,community,TRUE,1
KS_FAP_2020,KS,FAP,2020,FALSE,Kansas,Forest Action Plan,164,context,biological_unit_components,genotype_phenotype,FALSE,0
KY_FAP_2020,KY,FAP,2020,FALSE,Kentucky,Forest Action Plan (State Forest Resource Strategy),291,concepts,adaptive_capacity_components,demography,FALSE,0
KY_FAP_2020,KY,FAP,2020,FALSE,Kentucky,Forest Action Plan (State Forest Resource Strategy),291,concepts,adaptive_capacity_components,distribution,TRUE,1
KY_FAP_2020,KY,FAP,2020,FALSE,Kentucky,Forest Action Plan (State Forest Resource Strategy),291,concepts,adaptive_capacity_components,movement,FALSE,0
KY_FAP_2020,KY,FAP,2020,FALSE,Kentucky,Forest Action Plan (State Forest Resource Strategy),291,concepts,adaptive_capacity_components,evolutionary_potential,FALSE,0
KY_FAP_2020,KY,FAP,2020,FALSE,Kentucky,Forest Action Plan (State Forest Resource Strategy),291,concepts,adaptive_capacity_components,ecological_dependencies,FALSE,0
KY_FAP_2020,KY,FAP,2020,FALSE,Kentucky,Forest Action Plan (State Forest Resource Strategy),291,concepts,adaptive_capacity_components,abiotic_niche,FALSE,0
KY_FAP_2020,KY,FAP,2020,FALSE,Kentucky,Forest Action Plan (State Forest Resource Strategy),291,concepts,adaptive_capacity_components,life_history,FALSE,0
KY_FAP_2020,KY,FAP,2020,FALSE,Kentucky,Forest Action Plan (State Forest Resource Strategy),291,context,management_scale,local,TRUE,1
KY_FAP_2020,KY,FAP,2020,FALSE,Kentucky,Forest Action Plan (State Forest Resource Strategy),291,context,management_scale,site,TRUE,1
KY_FAP_2020,KY,FAP,2020,FALSE,Kentucky,Forest Action Plan (State Forest Resource Strategy),291,context,management_scale,watershed,TRUE,1
KY_FAP_2020,KY,FAP,2020,FALSE,Kentucky,Forest Action Plan (State Forest Resource Strategy),291,context,management_scale,city,FALSE,0
KY_FAP_2020,KY,FAP,2020,FALSE,Kentucky,Forest Action Plan (State Forest Resource Strategy),291,context,management_scale,county,TRUE,1
KY_FAP_2020,KY,FAP,2020,FALSE,Kentucky,Forest Action Plan (State Forest Resource Strategy),291,context,management_scale,within_state_region,TRUE,1
KY_FAP_2020,KY,FAP,2020,FALSE,Kentucky,Forest Action Plan (State Forest Resource Strategy),291,context,management_scale,state,TRUE,1
KY_FAP_2020,KY,FAP,2020,FALSE,Kentucky,Forest Action Plan (State Forest Resource Strategy),291,context,management_scale,multistate,TRUE,1
KY_FAP_2020,KY,FAP,2020,FALSE,Kentucky,Forest Action Plan (State Forest Resource Strategy),291,context,management_scale,national,FALSE,0
KY_FAP_2020,KY,FAP,2020,FALSE,Kentucky,Forest Action Plan (State Forest Resource Strategy),291,context,management_scale,transnational,FALSE,0
KY_FAP_2020,KY,FAP,2020,FALSE,Kentucky,Forest Action Plan (State Forest Resource Strategy),291,context,management_scale,ecosystem,TRUE,1
KY_FAP_2020,KY,FAP,2020,FALSE,Kentucky,Forest Action Plan (State Forest Resource Strategy),291,context,management_scale,ecoregion,FALSE,0
KY_FAP_2020,KY,FAP,2020,FALSE,Kentucky,Forest Action Plan (State Forest Resource Strategy),291,context,management_scale,province,FALSE,0
KY_FAP_2020,KY,FAP,2020,FALSE,Kentucky,Forest Action Plan (State Forest Resource Strategy),291,context,management_scale,section,FALSE,0
KY_FAP_2020,KY,FAP,2020,FALSE,Kentucky,Forest Action Plan (State Forest Resource Strategy),291,context,management_scale,subsection,FALSE,0
KY_FAP_2020,KY,FAP,2020,FALSE,Kentucky,Forest Action Plan (State Forest Resource Strategy),291,context,management_scale,lake,FALSE,0
KY_FAP_2020,KY,FAP,2020,FALSE,Kentucky,Forest Action Plan (State Forest Resource Strategy),291,context,management_scale,river,FALSE,0
KY_FAP_2020,KY,FAP,2020,FALSE,Kentucky,Forest Action Plan (State Forest Resource Strategy),291,context,management_scale,district,FALSE,0
KY_FAP_2020,KY,FAP,2020,FALSE,Kentucky,Forest Action Plan (State Forest Resource Strategy),291,context,biological_unit_components,species,TRUE,1
KY_FAP_2020,KY,FAP,2020,FALSE,Kentucky,Forest Action Plan (State Forest Resource Strategy),291,context,biological_unit_components,population,FALSE,0
KY_FAP_2020,KY,FAP,2020,FALSE,Kentucky,Forest Action Plan (State Forest Resource Strategy),291,context,biological_unit_components,habitat,TRUE,1
KY_FAP_2020,KY,FAP,2020,FALSE,Kentucky,Forest Action Plan (State Forest Resource Strategy),291,context,biological_unit_components,ecosystem,FALSE,0
KY_FAP_2020,KY,FAP,2020,FALSE,Kentucky,Forest Action Plan (State Forest Resource Strategy),291,context,biological_unit_components,community,FALSE,0
KY_FAP_2020,KY,FAP,2020,FALSE,Kentucky,Forest Action Plan (State Forest Resource Strategy),291,context,biological_unit_components,genotype_phenotype,FALSE,0
LA_FAP_2020,LA,FAP,2020,FALSE,Louisiana (state),Forest Action Plan / Statewide Forest Resource Assessment and Strategy,74,concepts,adaptive_capacity_components,demography,FALSE,0
LA_FAP_2020,LA,FAP,2020,FALSE,Louisiana (state),Forest Action Plan / Statewide Forest Resource Assessment and Strategy,74,concepts,adaptive_capacity_components,distribution,FALSE,0
LA_FAP_2020,LA,FAP,2020,FALSE,Louisiana (state),Forest Action Plan / Statewide Forest Resource Assessment and Strategy,74,concepts,adaptive_capacity_components,movement,FALSE,0
LA_FAP_2020,LA,FAP,2020,FALSE,Louisiana (state),Forest Action Plan / Statewide Forest Resource Assessment and Strategy,74,concepts,adaptive_capacity_components,evolutionary_potential,FALSE,0
LA_FAP_2020,LA,FAP,2020,FALSE,Louisiana (state),Forest Action Plan / Statewide Forest Resource Assessment and Strategy,74,concepts,adaptive_capacity_components,ecological_dependencies,FALSE,0
LA_FAP_2020,LA,FAP,2020,FALSE,Louisiana (state),Forest Action Plan / Statewide Forest Resource Assessment and Strategy,74,concepts,adaptive_capacity_components,abiotic_niche,FALSE,0
LA_FAP_2020,LA,FAP,2020,FALSE,Louisiana (state),Forest Action Plan / Statewide Forest Resource Assessment and Strategy,74,concepts,adaptive_capacity_components,life_history,FALSE,0
LA_FAP_2020,LA,FAP,2020,FALSE,Louisiana (state),Forest Action Plan / Statewide Forest Resource Assessment and Strategy,74,context,management_scale,local,FALSE,0
LA_FAP_2020,LA,FAP,2020,FALSE,Louisiana (state),Forest Action Plan / Statewide Forest Resource Assessment and Strategy,74,context,management_scale,site,TRUE,1
LA_FAP_2020,LA,FAP,2020,FALSE,Louisiana (state),Forest Action Plan / Statewide Forest Resource Assessment and Strategy,74,context,management_scale,watershed,TRUE,1
LA_FAP_2020,LA,FAP,2020,FALSE,Louisiana (state),Forest Action Plan / Statewide Forest Resource Assessment and Strategy,74,context,management_scale,city,FALSE,0
LA_FAP_2020,LA,FAP,2020,FALSE,Louisiana (state),Forest Action Plan / Statewide Forest Resource Assessment and Strategy,74,context,management_scale,county,TRUE,1
LA_FAP_2020,LA,FAP,2020,FALSE,Louisiana (state),Forest Action Plan / Statewide Forest Resource Assessment and Strategy,74,context,management_scale,within_state_region,TRUE,1
LA_FAP_2020,LA,FAP,2020,FALSE,Louisiana (state),Forest Action Plan / Statewide Forest Resource Assessment and Strategy,74,context,management_scale,state,TRUE,1
LA_FAP_2020,LA,FAP,2020,FALSE,Louisiana (state),Forest Action Plan / Statewide Forest Resource Assessment and Strategy,74,context,management_scale,multistate,TRUE,1
LA_FAP_2020,LA,FAP,2020,FALSE,Louisiana (state),Forest Action Plan / Statewide Forest Resource Assessment and Strategy,74,context,management_scale,national,FALSE,0
LA_FAP_2020,LA,FAP,2020,FALSE,Louisiana (state),Forest Action Plan / Statewide Forest Resource Assessment and Strategy,74,context,management_scale,transnational,FALSE,0
LA_FAP_2020,LA,FAP,2020,FALSE,Louisiana (state),Forest Action Plan / Statewide Forest Resource Assessment and Strategy,74,context,management_scale,ecosystem,TRUE,1
LA_FAP_2020,LA,FAP,2020,FALSE,Louisiana (state),Forest Action Plan / Statewide Forest Resource Assessment and Strategy,74,context,management_scale,ecoregion,TRUE,1
LA_FAP_2020,LA,FAP,2020,FALSE,Louisiana (state),Forest Action Plan / Statewide Forest Resource Assessment and Strategy,74,context,management_scale,province,TRUE,1
LA_FAP_2020,LA,FAP,2020,FALSE,Louisiana (state),Forest Action Plan / Statewide Forest Resource Assessment and Strategy,74,context,management_scale,section,TRUE,1
LA_FAP_2020,LA,FAP,2020,FALSE,Louisiana (state),Forest Action Plan / Statewide Forest Resource Assessment and Strategy,74,context,management_scale,subsection,FALSE,0
LA_FAP_2020,LA,FAP,2020,FALSE,Louisiana (state),Forest Action Plan / Statewide Forest Resource Assessment and Strategy,74,context,management_scale,lake,FALSE,0
LA_FAP_2020,LA,FAP,2020,FALSE,Louisiana (state),Forest Action Plan / Statewide Forest Resource Assessment and Strategy,74,context,management_scale,river,TRUE,1
LA_FAP_2020,LA,FAP,2020,FALSE,Louisiana (state),Forest Action Plan / Statewide Forest Resource Assessment and Strategy,74,context,management_scale,district,FALSE,0
LA_FAP_2020,LA,FAP,2020,FALSE,Louisiana (state),Forest Action Plan / Statewide Forest Resource Assessment and Strategy,74,context,biological_unit_components,species,TRUE,1
LA_FAP_2020,LA,FAP,2020,FALSE,Louisiana (state),Forest Action Plan / Statewide Forest Resource Assessment and Strategy,74,context,biological_unit_components,population,FALSE,0
LA_FAP_2020,LA,FAP,2020,FALSE,Louisiana (state),Forest Action Plan / Statewide Forest Resource Assessment and Strategy,74,context,biological_unit_components,habitat,TRUE,1
LA_FAP_2020,LA,FAP,2020,FALSE,Louisiana (state),Forest Action Plan / Statewide Forest Resource Assessment and Strategy,74,context,biological_unit_components,ecosystem,TRUE,1
LA_FAP_2020,LA,FAP,2020,FALSE,Louisiana (state),Forest Action Plan / Statewide Forest Resource Assessment and Strategy,74,context,biological_unit_components,community,TRUE,1
LA_FAP_2020,LA,FAP,2020,FALSE,Louisiana (state),Forest Action Plan / Statewide Forest Resource Assessment and Strategy,74,context,biological_unit_components,genotype_phenotype,FALSE,0
MA_FAP_2020,MA,FAP,2020,FALSE,Massachusetts,Forest Action Plan,327,concepts,adaptive_capacity_components,demography,FALSE,0
MA_FAP_2020,MA,FAP,2020,FALSE,Massachusetts,Forest Action Plan,327,concepts,adaptive_capacity_components,distribution,TRUE,2
MA_FAP_2020,MA,FAP,2020,FALSE,Massachusetts,Forest Action Plan,327,concepts,adaptive_capacity_components,movement,TRUE,2
MA_FAP_2020,MA,FAP,2020,FALSE,Massachusetts,Forest Action Plan,327,concepts,adaptive_capacity_components,evolutionary_potential,FALSE,0
MA_FAP_2020,MA,FAP,2020,FALSE,Massachusetts,Forest Action Plan,327,concepts,adaptive_capacity_components,ecological_dependencies,FALSE,0
MA_FAP_2020,MA,FAP,2020,FALSE,Massachusetts,Forest Action Plan,327,concepts,adaptive_capacity_components,abiotic_niche,TRUE,1
MA_FAP_2020,MA,FAP,2020,FALSE,Massachusetts,Forest Action Plan,327,concepts,adaptive_capacity_components,life_history,FALSE,0
MA_FAP_2020,MA,FAP,2020,FALSE,Massachusetts,Forest Action Plan,327,context,management_scale,local,TRUE,1
MA_FAP_2020,MA,FAP,2020,FALSE,Massachusetts,Forest Action Plan,327,context,management_scale,site,TRUE,1
MA_FAP_2020,MA,FAP,2020,FALSE,Massachusetts,Forest Action Plan,327,context,management_scale,watershed,TRUE,1
MA_FAP_2020,MA,FAP,2020,FALSE,Massachusetts,Forest Action Plan,327,context,management_scale,city,TRUE,1
MA_FAP_2020,MA,FAP,2020,FALSE,Massachusetts,Forest Action Plan,327,context,management_scale,county,TRUE,1
MA_FAP_2020,MA,FAP,2020,FALSE,Massachusetts,Forest Action Plan,327,context,management_scale,within_state_region,TRUE,1
MA_FAP_2020,MA,FAP,2020,FALSE,Massachusetts,Forest Action Plan,327,context,management_scale,state,TRUE,1
MA_FAP_2020,MA,FAP,2020,FALSE,Massachusetts,Forest Action Plan,327,context,management_scale,multistate,TRUE,1
MA_FAP_2020,MA,FAP,2020,FALSE,Massachusetts,Forest Action Plan,327,context,management_scale,national,FALSE,0
MA_FAP_2020,MA,FAP,2020,FALSE,Massachusetts,Forest Action Plan,327,context,management_scale,transnational,FALSE,0
MA_FAP_2020,MA,FAP,2020,FALSE,Massachusetts,Forest Action Plan,327,context,management_scale,ecosystem,TRUE,1
MA_FAP_2020,MA,FAP,2020,FALSE,Massachusetts,Forest Action Plan,327,context,management_scale,ecoregion,TRUE,1
MA_FAP_2020,MA,FAP,2020,FALSE,Massachusetts,Forest Action Plan,327,context,management_scale,province,FALSE,0
MA_FAP_2020,MA,FAP,2020,FALSE,Massachusetts,Forest Action Plan,327,context,management_scale,section,FALSE,0
MA_FAP_2020,MA,FAP,2020,FALSE,Massachusetts,Forest Action Plan,327,context,management_scale,subsection,FALSE,0
MA_FAP_2020,MA,FAP,2020,FALSE,Massachusetts,Forest Action Plan,327,context,management_scale,lake,FALSE,0
MA_FAP_2020,MA,FAP,2020,FALSE,Massachusetts,Forest Action Plan,327,context,management_scale,river,FALSE,0
MA_FAP_2020,MA,FAP,2020,FALSE,Massachusetts,Forest Action Plan,327,context,management_scale,district,FALSE,0
MA_FAP_2020,MA,FAP,2020,FALSE,Massachusetts,Forest Action Plan,327,context,biological_unit_components,species,TRUE,1
MA_FAP_2020,MA,FAP,2020,FALSE,Massachusetts,Forest Action Plan,327,context,biological_unit_components,population,FALSE,0
MA_FAP_2020,MA,FAP,2020,FALSE,Massachusetts,Forest Action Plan,327,context,biological_unit_components,habitat,TRUE,1
MA_FAP_2020,MA,FAP,2020,FALSE,Massachusetts,Forest Action Plan,327,context,biological_unit_components,ecosystem,TRUE,1
MA_FAP_2020,MA,FAP,2020,FALSE,Massachusetts,Forest Action Plan,327,context,biological_unit_components,community,FALSE,0
MA_FAP_2020,MA,FAP,2020,FALSE,Massachusetts,Forest Action Plan,327,context,biological_unit_components,genotype_phenotype,FALSE,0
MD_FAP_2020,MD,FAP,2020,FALSE,Maryland,Forest Action Plan (State Forest Assessment + Strategy + Forest Legacy Assessment of Need),250,concepts,adaptive_capacity_components,demography,FALSE,0
MD_FAP_2020,MD,FAP,2020,FALSE,Maryland,Forest Action Plan (State Forest Assessment + Strategy + Forest Legacy Assessment of Need),250,concepts,adaptive_capacity_components,distribution,TRUE,1
MD_FAP_2020,MD,FAP,2020,FALSE,Maryland,Forest Action Plan (State Forest Assessment + Strategy + Forest Legacy Assessment of Need),250,concepts,adaptive_capacity_components,movement,TRUE,1
MD_FAP_2020,MD,FAP,2020,FALSE,Maryland,Forest Action Plan (State Forest Assessment + Strategy + Forest Legacy Assessment of Need),250,concepts,adaptive_capacity_components,evolutionary_potential,FALSE,0
MD_FAP_2020,MD,FAP,2020,FALSE,Maryland,Forest Action Plan (State Forest Assessment + Strategy + Forest Legacy Assessment of Need),250,concepts,adaptive_capacity_components,ecological_dependencies,FALSE,0
MD_FAP_2020,MD,FAP,2020,FALSE,Maryland,Forest Action Plan (State Forest Assessment + Strategy + Forest Legacy Assessment of Need),250,concepts,adaptive_capacity_components,abiotic_niche,TRUE,1
MD_FAP_2020,MD,FAP,2020,FALSE,Maryland,Forest Action Plan (State Forest Assessment + Strategy + Forest Legacy Assessment of Need),250,concepts,adaptive_capacity_components,life_history,FALSE,0
MD_FAP_2020,MD,FAP,2020,FALSE,Maryland,Forest Action Plan (State Forest Assessment + Strategy + Forest Legacy Assessment of Need),250,context,management_scale,local,TRUE,1
MD_FAP_2020,MD,FAP,2020,FALSE,Maryland,Forest Action Plan (State Forest Assessment + Strategy + Forest Legacy Assessment of Need),250,context,management_scale,site,TRUE,1
MD_FAP_2020,MD,FAP,2020,FALSE,Maryland,Forest Action Plan (State Forest Assessment + Strategy + Forest Legacy Assessment of Need),250,context,management_scale,watershed,TRUE,1
MD_FAP_2020,MD,FAP,2020,FALSE,Maryland,Forest Action Plan (State Forest Assessment + Strategy + Forest Legacy Assessment of Need),250,context,management_scale,city,FALSE,0
MD_FAP_2020,MD,FAP,2020,FALSE,Maryland,Forest Action Plan (State Forest Assessment + Strategy + Forest Legacy Assessment of Need),250,context,management_scale,county,TRUE,1
MD_FAP_2020,MD,FAP,2020,FALSE,Maryland,Forest Action Plan (State Forest Assessment + Strategy + Forest Legacy Assessment of Need),250,context,management_scale,within_state_region,TRUE,1
MD_FAP_2020,MD,FAP,2020,FALSE,Maryland,Forest Action Plan (State Forest Assessment + Strategy + Forest Legacy Assessment of Need),250,context,management_scale,state,TRUE,1
MD_FAP_2020,MD,FAP,2020,FALSE,Maryland,Forest Action Plan (State Forest Assessment + Strategy + Forest Legacy Assessment of Need),250,context,management_scale,multistate,TRUE,1
MD_FAP_2020,MD,FAP,2020,FALSE,Maryland,Forest Action Plan (State Forest Assessment + Strategy + Forest Legacy Assessment of Need),250,context,management_scale,national,FALSE,0
MD_FAP_2020,MD,FAP,2020,FALSE,Maryland,Forest Action Plan (State Forest Assessment + Strategy + Forest Legacy Assessment of Need),250,context,management_scale,transnational,FALSE,0
MD_FAP_2020,MD,FAP,2020,FALSE,Maryland,Forest Action Plan (State Forest Assessment + Strategy + Forest Legacy Assessment of Need),250,context,management_scale,ecosystem,TRUE,1
MD_FAP_2020,MD,FAP,2020,FALSE,Maryland,Forest Action Plan (State Forest Assessment + Strategy + Forest Legacy Assessment of Need),250,context,management_scale,ecoregion,FALSE,0
MD_FAP_2020,MD,FAP,2020,FALSE,Maryland,Forest Action Plan (State Forest Assessment + Strategy + Forest Legacy Assessment of Need),250,context,management_scale,province,FALSE,0
MD_FAP_2020,MD,FAP,2020,FALSE,Maryland,Forest Action Plan (State Forest Assessment + Strategy + Forest Legacy Assessment of Need),250,context,management_scale,section,FALSE,0
MD_FAP_2020,MD,FAP,2020,FALSE,Maryland,Forest Action Plan (State Forest Assessment + Strategy + Forest Legacy Assessment of Need),250,context,management_scale,subsection,FALSE,0
MD_FAP_2020,MD,FAP,2020,FALSE,Maryland,Forest Action Plan (State Forest Assessment + Strategy + Forest Legacy Assessment of Need),250,context,management_scale,lake,FALSE,0
MD_FAP_2020,MD,FAP,2020,FALSE,Maryland,Forest Action Plan (State Forest Assessment + Strategy + Forest Legacy Assessment of Need),250,context,management_scale,river,FALSE,0
MD_FAP_2020,MD,FAP,2020,FALSE,Maryland,Forest Action Plan (State Forest Assessment + Strategy + Forest Legacy Assessment of Need),250,context,management_scale,district,FALSE,0
MD_FAP_2020,MD,FAP,2020,FALSE,Maryland,Forest Action Plan (State Forest Assessment + Strategy + Forest Legacy Assessment of Need),250,context,biological_unit_components,species,TRUE,1
MD_FAP_2020,MD,FAP,2020,FALSE,Maryland,Forest Action Plan (State Forest Assessment + Strategy + Forest Legacy Assessment of Need),250,context,biological_unit_components,population,FALSE,0
MD_FAP_2020,MD,FAP,2020,FALSE,Maryland,Forest Action Plan (State Forest Assessment + Strategy + Forest Legacy Assessment of Need),250,context,biological_unit_components,habitat,TRUE,1
MD_FAP_2020,MD,FAP,2020,FALSE,Maryland,Forest Action Plan (State Forest Assessment + Strategy + Forest Legacy Assessment of Need),250,context,biological_unit_components,ecosystem,TRUE,1
MD_FAP_2020,MD,FAP,2020,FALSE,Maryland,Forest Action Plan (State Forest Assessment + Strategy + Forest Legacy Assessment of Need),250,context,biological_unit_components,community,FALSE,0
MD_FAP_2020,MD,FAP,2020,FALSE,Maryland,Forest Action Plan (State Forest Assessment + Strategy + Forest Legacy Assessment of Need),250,context,biological_unit_components,genotype_phenotype,FALSE,0
ME_FAP_2020,ME,FAP,2020,FALSE,Maine,Forest Action Plan,171,concepts,adaptive_capacity_components,demography,FALSE,0
ME_FAP_2020,ME,FAP,2020,FALSE,Maine,Forest Action Plan,171,concepts,adaptive_capacity_components,distribution,TRUE,1
ME_FAP_2020,ME,FAP,2020,FALSE,Maine,Forest Action Plan,171,concepts,adaptive_capacity_components,movement,TRUE,1
ME_FAP_2020,ME,FAP,2020,FALSE,Maine,Forest Action Plan,171,concepts,adaptive_capacity_components,evolutionary_potential,FALSE,0
ME_FAP_2020,ME,FAP,2020,FALSE,Maine,Forest Action Plan,171,concepts,adaptive_capacity_components,ecological_dependencies,FALSE,0
ME_FAP_2020,ME,FAP,2020,FALSE,Maine,Forest Action Plan,171,concepts,adaptive_capacity_components,abiotic_niche,TRUE,1
ME_FAP_2020,ME,FAP,2020,FALSE,Maine,Forest Action Plan,171,concepts,adaptive_capacity_components,life_history,FALSE,0
ME_FAP_2020,ME,FAP,2020,FALSE,Maine,Forest Action Plan,171,context,management_scale,local,FALSE,0
ME_FAP_2020,ME,FAP,2020,FALSE,Maine,Forest Action Plan,171,context,management_scale,site,FALSE,0
ME_FAP_2020,ME,FAP,2020,FALSE,Maine,Forest Action Plan,171,context,management_scale,watershed,TRUE,1
ME_FAP_2020,ME,FAP,2020,FALSE,Maine,Forest Action Plan,171,context,management_scale,city,FALSE,0
ME_FAP_2020,ME,FAP,2020,FALSE,Maine,Forest Action Plan,171,context,management_scale,county,FALSE,0
ME_FAP_2020,ME,FAP,2020,FALSE,Maine,Forest Action Plan,171,context,management_scale,within_state_region,TRUE,1
ME_FAP_2020,ME,FAP,2020,FALSE,Maine,Forest Action Plan,171,context,management_scale,state,TRUE,1
ME_FAP_2020,ME,FAP,2020,FALSE,Maine,Forest Action Plan,171,context,management_scale,multistate,TRUE,1
ME_FAP_2020,ME,FAP,2020,FALSE,Maine,Forest Action Plan,171,context,management_scale,national,FALSE,0
ME_FAP_2020,ME,FAP,2020,FALSE,Maine,Forest Action Plan,171,context,management_scale,transnational,FALSE,0
ME_FAP_2020,ME,FAP,2020,FALSE,Maine,Forest Action Plan,171,context,management_scale,ecosystem,TRUE,1
ME_FAP_2020,ME,FAP,2020,FALSE,Maine,Forest Action Plan,171,context,management_scale,ecoregion,FALSE,0
ME_FAP_2020,ME,FAP,2020,FALSE,Maine,Forest Action Plan,171,context,management_scale,province,FALSE,0
ME_FAP_2020,ME,FAP,2020,FALSE,Maine,Forest Action Plan,171,context,management_scale,section,FALSE,0
ME_FAP_2020,ME,FAP,2020,FALSE,Maine,Forest Action Plan,171,context,management_scale,subsection,FALSE,0
ME_FAP_2020,ME,FAP,2020,FALSE,Maine,Forest Action Plan,171,context,management_scale,lake,FALSE,0
ME_FAP_2020,ME,FAP,2020,FALSE,Maine,Forest Action Plan,171,context,management_scale,river,FALSE,0
ME_FAP_2020,ME,FAP,2020,FALSE,Maine,Forest Action Plan,171,context,management_scale,district,FALSE,0
ME_FAP_2020,ME,FAP,2020,FALSE,Maine,Forest Action Plan,171,context,biological_unit_components,species,TRUE,1
ME_FAP_2020,ME,FAP,2020,FALSE,Maine,Forest Action Plan,171,context,biological_unit_components,population,FALSE,0
ME_FAP_2020,ME,FAP,2020,FALSE,Maine,Forest Action Plan,171,context,biological_unit_components,habitat,TRUE,1
ME_FAP_2020,ME,FAP,2020,FALSE,Maine,Forest Action Plan,171,context,biological_unit_components,ecosystem,TRUE,1
ME_FAP_2020,ME,FAP,2020,FALSE,Maine,Forest Action Plan,171,context,biological_unit_components,community,TRUE,1
ME_FAP_2020,ME,FAP,2020,FALSE,Maine,Forest Action Plan,171,context,biological_unit_components,genotype_phenotype,FALSE,0
MI_FAP_2020,MI,FAP,2020,FALSE,Michigan,Forest Action Plan,58,concepts,adaptive_capacity_components,demography,FALSE,0
MI_FAP_2020,MI,FAP,2020,FALSE,Michigan,Forest Action Plan,58,concepts,adaptive_capacity_components,distribution,TRUE,1
MI_FAP_2020,MI,FAP,2020,FALSE,Michigan,Forest Action Plan,58,concepts,adaptive_capacity_components,movement,TRUE,1
MI_FAP_2020,MI,FAP,2020,FALSE,Michigan,Forest Action Plan,58,concepts,adaptive_capacity_components,evolutionary_potential,FALSE,0
MI_FAP_2020,MI,FAP,2020,FALSE,Michigan,Forest Action Plan,58,concepts,adaptive_capacity_components,ecological_dependencies,TRUE,1
MI_FAP_2020,MI,FAP,2020,FALSE,Michigan,Forest Action Plan,58,concepts,adaptive_capacity_components,abiotic_niche,TRUE,1
MI_FAP_2020,MI,FAP,2020,FALSE,Michigan,Forest Action Plan,58,concepts,adaptive_capacity_components,life_history,TRUE,1
MI_FAP_2020,MI,FAP,2020,FALSE,Michigan,Forest Action Plan,58,context,management_scale,local,TRUE,1
MI_FAP_2020,MI,FAP,2020,FALSE,Michigan,Forest Action Plan,58,context,management_scale,site,FALSE,0
MI_FAP_2020,MI,FAP,2020,FALSE,Michigan,Forest Action Plan,58,context,management_scale,watershed,TRUE,1
MI_FAP_2020,MI,FAP,2020,FALSE,Michigan,Forest Action Plan,58,context,management_scale,city,FALSE,0
MI_FAP_2020,MI,FAP,2020,FALSE,Michigan,Forest Action Plan,58,context,management_scale,county,FALSE,0
MI_FAP_2020,MI,FAP,2020,FALSE,Michigan,Forest Action Plan,58,context,management_scale,within_state_region,TRUE,1
MI_FAP_2020,MI,FAP,2020,FALSE,Michigan,Forest Action Plan,58,context,management_scale,state,TRUE,1
MI_FAP_2020,MI,FAP,2020,FALSE,Michigan,Forest Action Plan,58,context,management_scale,multistate,TRUE,1
MI_FAP_2020,MI,FAP,2020,FALSE,Michigan,Forest Action Plan,58,context,management_scale,national,TRUE,1
MI_FAP_2020,MI,FAP,2020,FALSE,Michigan,Forest Action Plan,58,context,management_scale,transnational,FALSE,0
MI_FAP_2020,MI,FAP,2020,FALSE,Michigan,Forest Action Plan,58,context,management_scale,ecosystem,TRUE,1
MI_FAP_2020,MI,FAP,2020,FALSE,Michigan,Forest Action Plan,58,context,management_scale,ecoregion,TRUE,1
MI_FAP_2020,MI,FAP,2020,FALSE,Michigan,Forest Action Plan,58,context,management_scale,province,FALSE,0
MI_FAP_2020,MI,FAP,2020,FALSE,Michigan,Forest Action Plan,58,context,management_scale,section,FALSE,0
MI_FAP_2020,MI,FAP,2020,FALSE,Michigan,Forest Action Plan,58,context,management_scale,subsection,TRUE,1
MI_FAP_2020,MI,FAP,2020,FALSE,Michigan,Forest Action Plan,58,context,management_scale,lake,FALSE,0
MI_FAP_2020,MI,FAP,2020,FALSE,Michigan,Forest Action Plan,58,context,management_scale,river,FALSE,0
MI_FAP_2020,MI,FAP,2020,FALSE,Michigan,Forest Action Plan,58,context,management_scale,district,FALSE,0
MI_FAP_2020,MI,FAP,2020,FALSE,Michigan,Forest Action Plan,58,context,biological_unit_components,species,TRUE,1
MI_FAP_2020,MI,FAP,2020,FALSE,Michigan,Forest Action Plan,58,context,biological_unit_components,population,FALSE,0
MI_FAP_2020,MI,FAP,2020,FALSE,Michigan,Forest Action Plan,58,context,biological_unit_components,habitat,TRUE,1
MI_FAP_2020,MI,FAP,2020,FALSE,Michigan,Forest Action Plan,58,context,biological_unit_components,ecosystem,TRUE,1
MI_FAP_2020,MI,FAP,2020,FALSE,Michigan,Forest Action Plan,58,context,biological_unit_components,community,TRUE,1
MI_FAP_2020,MI,FAP,2020,FALSE,Michigan,Forest Action Plan,58,context,biological_unit_components,genotype_phenotype,FALSE,0
MN_FAP_2020,MN,FAP,2020,FALSE,Minnesota,State Forest Action Plan,395,concepts,adaptive_capacity_components,demography,FALSE,0
MN_FAP_2020,MN,FAP,2020,FALSE,Minnesota,State Forest Action Plan,395,concepts,adaptive_capacity_components,distribution,TRUE,1
MN_FAP_2020,MN,FAP,2020,FALSE,Minnesota,State Forest Action Plan,395,concepts,adaptive_capacity_components,movement,TRUE,2
MN_FAP_2020,MN,FAP,2020,FALSE,Minnesota,State Forest Action Plan,395,concepts,adaptive_capacity_components,evolutionary_potential,TRUE,2
MN_FAP_2020,MN,FAP,2020,FALSE,Minnesota,State Forest Action Plan,395,concepts,adaptive_capacity_components,ecological_dependencies,FALSE,0
MN_FAP_2020,MN,FAP,2020,FALSE,Minnesota,State Forest Action Plan,395,concepts,adaptive_capacity_components,abiotic_niche,TRUE,1
MN_FAP_2020,MN,FAP,2020,FALSE,Minnesota,State Forest Action Plan,395,concepts,adaptive_capacity_components,life_history,FALSE,0
MN_FAP_2020,MN,FAP,2020,FALSE,Minnesota,State Forest Action Plan,395,context,management_scale,local,TRUE,1
MN_FAP_2020,MN,FAP,2020,FALSE,Minnesota,State Forest Action Plan,395,context,management_scale,site,TRUE,1
MN_FAP_2020,MN,FAP,2020,FALSE,Minnesota,State Forest Action Plan,395,context,management_scale,watershed,TRUE,1
MN_FAP_2020,MN,FAP,2020,FALSE,Minnesota,State Forest Action Plan,395,context,management_scale,city,FALSE,0
MN_FAP_2020,MN,FAP,2020,FALSE,Minnesota,State Forest Action Plan,395,context,management_scale,county,TRUE,1
MN_FAP_2020,MN,FAP,2020,FALSE,Minnesota,State Forest Action Plan,395,context,management_scale,within_state_region,TRUE,1
MN_FAP_2020,MN,FAP,2020,FALSE,Minnesota,State Forest Action Plan,395,context,management_scale,state,TRUE,1
MN_FAP_2020,MN,FAP,2020,FALSE,Minnesota,State Forest Action Plan,395,context,management_scale,multistate,TRUE,1
MN_FAP_2020,MN,FAP,2020,FALSE,Minnesota,State Forest Action Plan,395,context,management_scale,national,TRUE,1
MN_FAP_2020,MN,FAP,2020,FALSE,Minnesota,State Forest Action Plan,395,context,management_scale,transnational,TRUE,1
MN_FAP_2020,MN,FAP,2020,FALSE,Minnesota,State Forest Action Plan,395,context,management_scale,ecosystem,TRUE,1
MN_FAP_2020,MN,FAP,2020,FALSE,Minnesota,State Forest Action Plan,395,context,management_scale,ecoregion,TRUE,1
MN_FAP_2020,MN,FAP,2020,FALSE,Minnesota,State Forest Action Plan,395,context,management_scale,province,FALSE,0
MN_FAP_2020,MN,FAP,2020,FALSE,Minnesota,State Forest Action Plan,395,context,management_scale,section,TRUE,1
MN_FAP_2020,MN,FAP,2020,FALSE,Minnesota,State Forest Action Plan,395,context,management_scale,subsection,TRUE,1
MN_FAP_2020,MN,FAP,2020,FALSE,Minnesota,State Forest Action Plan,395,context,management_scale,lake,TRUE,1
MN_FAP_2020,MN,FAP,2020,FALSE,Minnesota,State Forest Action Plan,395,context,management_scale,river,FALSE,0
MN_FAP_2020,MN,FAP,2020,FALSE,Minnesota,State Forest Action Plan,395,context,management_scale,district,FALSE,0
MN_FAP_2020,MN,FAP,2020,FALSE,Minnesota,State Forest Action Plan,395,context,biological_unit_components,species,TRUE,1
MN_FAP_2020,MN,FAP,2020,FALSE,Minnesota,State Forest Action Plan,395,context,biological_unit_components,population,FALSE,0
MN_FAP_2020,MN,FAP,2020,FALSE,Minnesota,State Forest Action Plan,395,context,biological_unit_components,habitat,TRUE,1
MN_FAP_2020,MN,FAP,2020,FALSE,Minnesota,State Forest Action Plan,395,context,biological_unit_components,ecosystem,TRUE,1
MN_FAP_2020,MN,FAP,2020,FALSE,Minnesota,State Forest Action Plan,395,context,biological_unit_components,community,TRUE,1
MN_FAP_2020,MN,FAP,2020,FALSE,Minnesota,State Forest Action Plan,395,context,biological_unit_components,genotype_phenotype,FALSE,0
MO_CCS_2022,MO,CCS,2022,FALSE,Missouri Department of Conservation (MDC),SWAP / Comprehensive Conservation Strategy (combined SWAP + SFAP),566,concepts,adaptive_capacity_components,demography,FALSE,0
MO_CCS_2022,MO,CCS,2022,FALSE,Missouri Department of Conservation (MDC),SWAP / Comprehensive Conservation Strategy (combined SWAP + SFAP),566,concepts,adaptive_capacity_components,distribution,TRUE,1
MO_CCS_2022,MO,CCS,2022,FALSE,Missouri Department of Conservation (MDC),SWAP / Comprehensive Conservation Strategy (combined SWAP + SFAP),566,concepts,adaptive_capacity_components,movement,TRUE,1
MO_CCS_2022,MO,CCS,2022,FALSE,Missouri Department of Conservation (MDC),SWAP / Comprehensive Conservation Strategy (combined SWAP + SFAP),566,concepts,adaptive_capacity_components,evolutionary_potential,TRUE,1
MO_CCS_2022,MO,CCS,2022,FALSE,Missouri Department of Conservation (MDC),SWAP / Comprehensive Conservation Strategy (combined SWAP + SFAP),566,concepts,adaptive_capacity_components,ecological_dependencies,TRUE,1
MO_CCS_2022,MO,CCS,2022,FALSE,Missouri Department of Conservation (MDC),SWAP / Comprehensive Conservation Strategy (combined SWAP + SFAP),566,concepts,adaptive_capacity_components,abiotic_niche,TRUE,1
MO_CCS_2022,MO,CCS,2022,FALSE,Missouri Department of Conservation (MDC),SWAP / Comprehensive Conservation Strategy (combined SWAP + SFAP),566,concepts,adaptive_capacity_components,life_history,FALSE,0
MO_CCS_2022,MO,CCS,2022,FALSE,Missouri Department of Conservation (MDC),SWAP / Comprehensive Conservation Strategy (combined SWAP + SFAP),566,context,management_scale,local,TRUE,1
MO_CCS_2022,MO,CCS,2022,FALSE,Missouri Department of Conservation (MDC),SWAP / Comprehensive Conservation Strategy (combined SWAP + SFAP),566,context,management_scale,site,TRUE,1
MO_CCS_2022,MO,CCS,2022,FALSE,Missouri Department of Conservation (MDC),SWAP / Comprehensive Conservation Strategy (combined SWAP + SFAP),566,context,management_scale,watershed,TRUE,1
MO_CCS_2022,MO,CCS,2022,FALSE,Missouri Department of Conservation (MDC),SWAP / Comprehensive Conservation Strategy (combined SWAP + SFAP),566,context,management_scale,city,FALSE,0
MO_CCS_2022,MO,CCS,2022,FALSE,Missouri Department of Conservation (MDC),SWAP / Comprehensive Conservation Strategy (combined SWAP + SFAP),566,context,management_scale,county,FALSE,0
MO_CCS_2022,MO,CCS,2022,FALSE,Missouri Department of Conservation (MDC),SWAP / Comprehensive Conservation Strategy (combined SWAP + SFAP),566,context,management_scale,within_state_region,TRUE,1
MO_CCS_2022,MO,CCS,2022,FALSE,Missouri Department of Conservation (MDC),SWAP / Comprehensive Conservation Strategy (combined SWAP + SFAP),566,context,management_scale,state,TRUE,1
MO_CCS_2022,MO,CCS,2022,FALSE,Missouri Department of Conservation (MDC),SWAP / Comprehensive Conservation Strategy (combined SWAP + SFAP),566,context,management_scale,multistate,TRUE,1
MO_CCS_2022,MO,CCS,2022,FALSE,Missouri Department of Conservation (MDC),SWAP / Comprehensive Conservation Strategy (combined SWAP + SFAP),566,context,management_scale,national,TRUE,1
MO_CCS_2022,MO,CCS,2022,FALSE,Missouri Department of Conservation (MDC),SWAP / Comprehensive Conservation Strategy (combined SWAP + SFAP),566,context,management_scale,transnational,TRUE,1
MO_CCS_2022,MO,CCS,2022,FALSE,Missouri Department of Conservation (MDC),SWAP / Comprehensive Conservation Strategy (combined SWAP + SFAP),566,context,management_scale,ecosystem,TRUE,1
MO_CCS_2022,MO,CCS,2022,FALSE,Missouri Department of Conservation (MDC),SWAP / Comprehensive Conservation Strategy (combined SWAP + SFAP),566,context,management_scale,ecoregion,TRUE,1
MO_CCS_2022,MO,CCS,2022,FALSE,Missouri Department of Conservation (MDC),SWAP / Comprehensive Conservation Strategy (combined SWAP + SFAP),566,context,management_scale,province,FALSE,0
MO_CCS_2022,MO,CCS,2022,FALSE,Missouri Department of Conservation (MDC),SWAP / Comprehensive Conservation Strategy (combined SWAP + SFAP),566,context,management_scale,section,TRUE,1
MO_CCS_2022,MO,CCS,2022,FALSE,Missouri Department of Conservation (MDC),SWAP / Comprehensive Conservation Strategy (combined SWAP + SFAP),566,context,management_scale,subsection,TRUE,1
MO_CCS_2022,MO,CCS,2022,FALSE,Missouri Department of Conservation (MDC),SWAP / Comprehensive Conservation Strategy (combined SWAP + SFAP),566,context,management_scale,lake,FALSE,0
MO_CCS_2022,MO,CCS,2022,FALSE,Missouri Department of Conservation (MDC),SWAP / Comprehensive Conservation Strategy (combined SWAP + SFAP),566,context,management_scale,river,TRUE,1
MO_CCS_2022,MO,CCS,2022,FALSE,Missouri Department of Conservation (MDC),SWAP / Comprehensive Conservation Strategy (combined SWAP + SFAP),566,context,management_scale,district,FALSE,0
MO_CCS_2022,MO,CCS,2022,FALSE,Missouri Department of Conservation (MDC),SWAP / Comprehensive Conservation Strategy (combined SWAP + SFAP),566,context,biological_unit_components,species,TRUE,1
MO_CCS_2022,MO,CCS,2022,FALSE,Missouri Department of Conservation (MDC),SWAP / Comprehensive Conservation Strategy (combined SWAP + SFAP),566,context,biological_unit_components,population,TRUE,1
MO_CCS_2022,MO,CCS,2022,FALSE,Missouri Department of Conservation (MDC),SWAP / Comprehensive Conservation Strategy (combined SWAP + SFAP),566,context,biological_unit_components,habitat,TRUE,1
MO_CCS_2022,MO,CCS,2022,FALSE,Missouri Department of Conservation (MDC),SWAP / Comprehensive Conservation Strategy (combined SWAP + SFAP),566,context,biological_unit_components,ecosystem,TRUE,1
MO_CCS_2022,MO,CCS,2022,FALSE,Missouri Department of Conservation (MDC),SWAP / Comprehensive Conservation Strategy (combined SWAP + SFAP),566,context,biological_unit_components,community,TRUE,1
MO_CCS_2022,MO,CCS,2022,FALSE,Missouri Department of Conservation (MDC),SWAP / Comprehensive Conservation Strategy (combined SWAP + SFAP),566,context,biological_unit_components,genotype_phenotype,TRUE,1
MT_FAP_2020,MT,FAP,2020,FALSE,Montana,Forest Action Plan,371,concepts,adaptive_capacity_components,demography,FALSE,0
MT_FAP_2020,MT,FAP,2020,FALSE,Montana,Forest Action Plan,371,concepts,adaptive_capacity_components,distribution,TRUE,1
MT_FAP_2020,MT,FAP,2020,FALSE,Montana,Forest Action Plan,371,concepts,adaptive_capacity_components,movement,TRUE,1
MT_FAP_2020,MT,FAP,2020,FALSE,Montana,Forest Action Plan,371,concepts,adaptive_capacity_components,evolutionary_potential,FALSE,0
MT_FAP_2020,MT,FAP,2020,FALSE,Montana,Forest Action Plan,371,concepts,adaptive_capacity_components,ecological_dependencies,TRUE,1
MT_FAP_2020,MT,FAP,2020,FALSE,Montana,Forest Action Plan,371,concepts,adaptive_capacity_components,abiotic_niche,TRUE,1
MT_FAP_2020,MT,FAP,2020,FALSE,Montana,Forest Action Plan,371,concepts,adaptive_capacity_components,life_history,FALSE,0
MT_FAP_2020,MT,FAP,2020,FALSE,Montana,Forest Action Plan,371,context,management_scale,local,TRUE,1
MT_FAP_2020,MT,FAP,2020,FALSE,Montana,Forest Action Plan,371,context,management_scale,site,FALSE,0
MT_FAP_2020,MT,FAP,2020,FALSE,Montana,Forest Action Plan,371,context,management_scale,watershed,TRUE,1
MT_FAP_2020,MT,FAP,2020,FALSE,Montana,Forest Action Plan,371,context,management_scale,city,FALSE,0
MT_FAP_2020,MT,FAP,2020,FALSE,Montana,Forest Action Plan,371,context,management_scale,county,TRUE,1
MT_FAP_2020,MT,FAP,2020,FALSE,Montana,Forest Action Plan,371,context,management_scale,within_state_region,TRUE,1
MT_FAP_2020,MT,FAP,2020,FALSE,Montana,Forest Action Plan,371,context,management_scale,state,TRUE,1
MT_FAP_2020,MT,FAP,2020,FALSE,Montana,Forest Action Plan,371,context,management_scale,multistate,TRUE,1
MT_FAP_2020,MT,FAP,2020,FALSE,Montana,Forest Action Plan,371,context,management_scale,national,TRUE,1
MT_FAP_2020,MT,FAP,2020,FALSE,Montana,Forest Action Plan,371,context,management_scale,transnational,TRUE,1
MT_FAP_2020,MT,FAP,2020,FALSE,Montana,Forest Action Plan,371,context,management_scale,ecosystem,TRUE,1
MT_FAP_2020,MT,FAP,2020,FALSE,Montana,Forest Action Plan,371,context,management_scale,ecoregion,FALSE,0
MT_FAP_2020,MT,FAP,2020,FALSE,Montana,Forest Action Plan,371,context,management_scale,province,FALSE,0
MT_FAP_2020,MT,FAP,2020,FALSE,Montana,Forest Action Plan,371,context,management_scale,section,FALSE,0
MT_FAP_2020,MT,FAP,2020,FALSE,Montana,Forest Action Plan,371,context,management_scale,subsection,FALSE,0
MT_FAP_2020,MT,FAP,2020,FALSE,Montana,Forest Action Plan,371,context,management_scale,lake,FALSE,0
MT_FAP_2020,MT,FAP,2020,FALSE,Montana,Forest Action Plan,371,context,management_scale,river,TRUE,1
MT_FAP_2020,MT,FAP,2020,FALSE,Montana,Forest Action Plan,371,context,management_scale,district,FALSE,0
MT_FAP_2020,MT,FAP,2020,FALSE,Montana,Forest Action Plan,371,context,biological_unit_components,species,TRUE,1
MT_FAP_2020,MT,FAP,2020,FALSE,Montana,Forest Action Plan,371,context,biological_unit_components,population,FALSE,0
MT_FAP_2020,MT,FAP,2020,FALSE,Montana,Forest Action Plan,371,context,biological_unit_components,habitat,TRUE,1
MT_FAP_2020,MT,FAP,2020,FALSE,Montana,Forest Action Plan,371,context,biological_unit_components,ecosystem,TRUE,1
MT_FAP_2020,MT,FAP,2020,FALSE,Montana,Forest Action Plan,371,context,biological_unit_components,community,TRUE,1
MT_FAP_2020,MT,FAP,2020,FALSE,Montana,Forest Action Plan,371,context,biological_unit_components,genotype_phenotype,FALSE,0
NC_FAP_2020,NC,FAP,2020,FALSE,North Carolina,Forest Action Plan,207,concepts,adaptive_capacity_components,demography,FALSE,0
NC_FAP_2020,NC,FAP,2020,FALSE,North Carolina,Forest Action Plan,207,concepts,adaptive_capacity_components,distribution,TRUE,1
NC_FAP_2020,NC,FAP,2020,FALSE,North Carolina,Forest Action Plan,207,concepts,adaptive_capacity_components,movement,TRUE,1
NC_FAP_2020,NC,FAP,2020,FALSE,North Carolina,Forest Action Plan,207,concepts,adaptive_capacity_components,evolutionary_potential,FALSE,0
NC_FAP_2020,NC,FAP,2020,FALSE,North Carolina,Forest Action Plan,207,concepts,adaptive_capacity_components,ecological_dependencies,FALSE,0
NC_FAP_2020,NC,FAP,2020,FALSE,North Carolina,Forest Action Plan,207,concepts,adaptive_capacity_components,abiotic_niche,TRUE,1
NC_FAP_2020,NC,FAP,2020,FALSE,North Carolina,Forest Action Plan,207,concepts,adaptive_capacity_components,life_history,FALSE,0
NC_FAP_2020,NC,FAP,2020,FALSE,North Carolina,Forest Action Plan,207,context,management_scale,local,TRUE,1
NC_FAP_2020,NC,FAP,2020,FALSE,North Carolina,Forest Action Plan,207,context,management_scale,site,FALSE,0
NC_FAP_2020,NC,FAP,2020,FALSE,North Carolina,Forest Action Plan,207,context,management_scale,watershed,TRUE,1
NC_FAP_2020,NC,FAP,2020,FALSE,North Carolina,Forest Action Plan,207,context,management_scale,city,FALSE,0
NC_FAP_2020,NC,FAP,2020,FALSE,North Carolina,Forest Action Plan,207,context,management_scale,county,TRUE,1
NC_FAP_2020,NC,FAP,2020,FALSE,North Carolina,Forest Action Plan,207,context,management_scale,within_state_region,TRUE,1
NC_FAP_2020,NC,FAP,2020,FALSE,North Carolina,Forest Action Plan,207,context,management_scale,state,TRUE,1
NC_FAP_2020,NC,FAP,2020,FALSE,North Carolina,Forest Action Plan,207,context,management_scale,multistate,TRUE,1
NC_FAP_2020,NC,FAP,2020,FALSE,North Carolina,Forest Action Plan,207,context,management_scale,national,FALSE,0
NC_FAP_2020,NC,FAP,2020,FALSE,North Carolina,Forest Action Plan,207,context,management_scale,transnational,FALSE,0
NC_FAP_2020,NC,FAP,2020,FALSE,North Carolina,Forest Action Plan,207,context,management_scale,ecosystem,TRUE,1
NC_FAP_2020,NC,FAP,2020,FALSE,North Carolina,Forest Action Plan,207,context,management_scale,ecoregion,TRUE,1
NC_FAP_2020,NC,FAP,2020,FALSE,North Carolina,Forest Action Plan,207,context,management_scale,province,FALSE,0
NC_FAP_2020,NC,FAP,2020,FALSE,North Carolina,Forest Action Plan,207,context,management_scale,section,FALSE,0
NC_FAP_2020,NC,FAP,2020,FALSE,North Carolina,Forest Action Plan,207,context,management_scale,subsection,FALSE,0
NC_FAP_2020,NC,FAP,2020,FALSE,North Carolina,Forest Action Plan,207,context,management_scale,lake,FALSE,0
NC_FAP_2020,NC,FAP,2020,FALSE,North Carolina,Forest Action Plan,207,context,management_scale,river,FALSE,0
NC_FAP_2020,NC,FAP,2020,FALSE,North Carolina,Forest Action Plan,207,context,management_scale,district,FALSE,0
NC_FAP_2020,NC,FAP,2020,FALSE,North Carolina,Forest Action Plan,207,context,biological_unit_components,species,TRUE,1
NC_FAP_2020,NC,FAP,2020,FALSE,North Carolina,Forest Action Plan,207,context,biological_unit_components,population,FALSE,0
NC_FAP_2020,NC,FAP,2020,FALSE,North Carolina,Forest Action Plan,207,context,biological_unit_components,habitat,TRUE,1
NC_FAP_2020,NC,FAP,2020,FALSE,North Carolina,Forest Action Plan,207,context,biological_unit_components,ecosystem,FALSE,0
NC_FAP_2020,NC,FAP,2020,FALSE,North Carolina,Forest Action Plan,207,context,biological_unit_components,community,FALSE,0
NC_FAP_2020,NC,FAP,2020,FALSE,North Carolina,Forest Action Plan,207,context,biological_unit_components,genotype_phenotype,FALSE,0
ND_FAP_2020,ND,FAP,2020,FALSE,North Dakota,Forest Action Plan,52,concepts,adaptive_capacity_components,demography,FALSE,0
ND_FAP_2020,ND,FAP,2020,FALSE,North Dakota,Forest Action Plan,52,concepts,adaptive_capacity_components,distribution,FALSE,0
ND_FAP_2020,ND,FAP,2020,FALSE,North Dakota,Forest Action Plan,52,concepts,adaptive_capacity_components,movement,FALSE,0
ND_FAP_2020,ND,FAP,2020,FALSE,North Dakota,Forest Action Plan,52,concepts,adaptive_capacity_components,evolutionary_potential,FALSE,0
ND_FAP_2020,ND,FAP,2020,FALSE,North Dakota,Forest Action Plan,52,concepts,adaptive_capacity_components,ecological_dependencies,FALSE,0
ND_FAP_2020,ND,FAP,2020,FALSE,North Dakota,Forest Action Plan,52,concepts,adaptive_capacity_components,abiotic_niche,FALSE,0
ND_FAP_2020,ND,FAP,2020,FALSE,North Dakota,Forest Action Plan,52,concepts,adaptive_capacity_components,life_history,FALSE,0
ND_FAP_2020,ND,FAP,2020,FALSE,North Dakota,Forest Action Plan,52,context,management_scale,local,TRUE,1
ND_FAP_2020,ND,FAP,2020,FALSE,North Dakota,Forest Action Plan,52,context,management_scale,site,TRUE,1
ND_FAP_2020,ND,FAP,2020,FALSE,North Dakota,Forest Action Plan,52,context,management_scale,watershed,TRUE,1
ND_FAP_2020,ND,FAP,2020,FALSE,North Dakota,Forest Action Plan,52,context,management_scale,city,TRUE,1
ND_FAP_2020,ND,FAP,2020,FALSE,North Dakota,Forest Action Plan,52,context,management_scale,county,TRUE,1
ND_FAP_2020,ND,FAP,2020,FALSE,North Dakota,Forest Action Plan,52,context,management_scale,within_state_region,TRUE,1
ND_FAP_2020,ND,FAP,2020,FALSE,North Dakota,Forest Action Plan,52,context,management_scale,state,TRUE,1
ND_FAP_2020,ND,FAP,2020,FALSE,North Dakota,Forest Action Plan,52,context,management_scale,multistate,TRUE,1
ND_FAP_2020,ND,FAP,2020,FALSE,North Dakota,Forest Action Plan,52,context,management_scale,national,FALSE,0
ND_FAP_2020,ND,FAP,2020,FALSE,North Dakota,Forest Action Plan,52,context,management_scale,transnational,FALSE,0
ND_FAP_2020,ND,FAP,2020,FALSE,North Dakota,Forest Action Plan,52,context,management_scale,ecosystem,TRUE,1
ND_FAP_2020,ND,FAP,2020,FALSE,North Dakota,Forest Action Plan,52,context,management_scale,ecoregion,FALSE,0
ND_FAP_2020,ND,FAP,2020,FALSE,North Dakota,Forest Action Plan,52,context,management_scale,province,FALSE,0
ND_FAP_2020,ND,FAP,2020,FALSE,North Dakota,Forest Action Plan,52,context,management_scale,section,FALSE,0
ND_FAP_2020,ND,FAP,2020,FALSE,North Dakota,Forest Action Plan,52,context,management_scale,subsection,FALSE,0
ND_FAP_2020,ND,FAP,2020,FALSE,North Dakota,Forest Action Plan,52,context,management_scale,lake,FALSE,0
ND_FAP_2020,ND,FAP,2020,FALSE,North Dakota,Forest Action Plan,52,context,management_scale,river,TRUE,1
ND_FAP_2020,ND,FAP,2020,FALSE,North Dakota,Forest Action Plan,52,context,management_scale,district,FALSE,0
ND_FAP_2020,ND,FAP,2020,FALSE,North Dakota,Forest Action Plan,52,context,biological_unit_components,species,TRUE,1
ND_FAP_2020,ND,FAP,2020,FALSE,North Dakota,Forest Action Plan,52,context,biological_unit_components,population,FALSE,0
ND_FAP_2020,ND,FAP,2020,FALSE,North Dakota,Forest Action Plan,52,context,biological_unit_components,habitat,TRUE,1
ND_FAP_2020,ND,FAP,2020,FALSE,North Dakota,Forest Action Plan,52,context,biological_unit_components,ecosystem,FALSE,0
ND_FAP_2020,ND,FAP,2020,FALSE,North Dakota,Forest Action Plan,52,context,biological_unit_components,community,FALSE,0
ND_FAP_2020,ND,FAP,2020,FALSE,North Dakota,Forest Action Plan,52,context,biological_unit_components,genotype_phenotype,FALSE,0
NH_FAP_2020,NH,FAP,2020,FALSE,New Hampshire,State Forest Action Plan,244,concepts,adaptive_capacity_components,demography,FALSE,0
NH_FAP_2020,NH,FAP,2020,FALSE,New Hampshire,State Forest Action Plan,244,concepts,adaptive_capacity_components,distribution,TRUE,1
NH_FAP_2020,NH,FAP,2020,FALSE,New Hampshire,State Forest Action Plan,244,concepts,adaptive_capacity_components,movement,TRUE,1
NH_FAP_2020,NH,FAP,2020,FALSE,New Hampshire,State Forest Action Plan,244,concepts,adaptive_capacity_components,evolutionary_potential,FALSE,0
NH_FAP_2020,NH,FAP,2020,FALSE,New Hampshire,State Forest Action Plan,244,concepts,adaptive_capacity_components,ecological_dependencies,FALSE,0
NH_FAP_2020,NH,FAP,2020,FALSE,New Hampshire,State Forest Action Plan,244,concepts,adaptive_capacity_components,abiotic_niche,TRUE,1
NH_FAP_2020,NH,FAP,2020,FALSE,New Hampshire,State Forest Action Plan,244,concepts,adaptive_capacity_components,life_history,FALSE,0
NH_FAP_2020,NH,FAP,2020,FALSE,New Hampshire,State Forest Action Plan,244,context,management_scale,local,TRUE,1
NH_FAP_2020,NH,FAP,2020,FALSE,New Hampshire,State Forest Action Plan,244,context,management_scale,site,FALSE,0
NH_FAP_2020,NH,FAP,2020,FALSE,New Hampshire,State Forest Action Plan,244,context,management_scale,watershed,TRUE,1
NH_FAP_2020,NH,FAP,2020,FALSE,New Hampshire,State Forest Action Plan,244,context,management_scale,city,FALSE,0
NH_FAP_2020,NH,FAP,2020,FALSE,New Hampshire,State Forest Action Plan,244,context,management_scale,county,TRUE,1
NH_FAP_2020,NH,FAP,2020,FALSE,New Hampshire,State Forest Action Plan,244,context,management_scale,within_state_region,TRUE,1
NH_FAP_2020,NH,FAP,2020,FALSE,New Hampshire,State Forest Action Plan,244,context,management_scale,state,TRUE,1
NH_FAP_2020,NH,FAP,2020,FALSE,New Hampshire,State Forest Action Plan,244,context,management_scale,multistate,TRUE,1
NH_FAP_2020,NH,FAP,2020,FALSE,New Hampshire,State Forest Action Plan,244,context,management_scale,national,FALSE,0
NH_FAP_2020,NH,FAP,2020,FALSE,New Hampshire,State Forest Action Plan,244,context,management_scale,transnational,FALSE,0
NH_FAP_2020,NH,FAP,2020,FALSE,New Hampshire,State Forest Action Plan,244,context,management_scale,ecosystem,TRUE,1
NH_FAP_2020,NH,FAP,2020,FALSE,New Hampshire,State Forest Action Plan,244,context,management_scale,ecoregion,FALSE,0
NH_FAP_2020,NH,FAP,2020,FALSE,New Hampshire,State Forest Action Plan,244,context,management_scale,province,FALSE,0
NH_FAP_2020,NH,FAP,2020,FALSE,New Hampshire,State Forest Action Plan,244,context,management_scale,section,FALSE,0
NH_FAP_2020,NH,FAP,2020,FALSE,New Hampshire,State Forest Action Plan,244,context,management_scale,subsection,FALSE,0
NH_FAP_2020,NH,FAP,2020,FALSE,New Hampshire,State Forest Action Plan,244,context,management_scale,lake,FALSE,0
NH_FAP_2020,NH,FAP,2020,FALSE,New Hampshire,State Forest Action Plan,244,context,management_scale,river,FALSE,0
NH_FAP_2020,NH,FAP,2020,FALSE,New Hampshire,State Forest Action Plan,244,context,management_scale,district,FALSE,0
NH_FAP_2020,NH,FAP,2020,FALSE,New Hampshire,State Forest Action Plan,244,context,biological_unit_components,species,TRUE,1
NH_FAP_2020,NH,FAP,2020,FALSE,New Hampshire,State Forest Action Plan,244,context,biological_unit_components,population,FALSE,0
NH_FAP_2020,NH,FAP,2020,FALSE,New Hampshire,State Forest Action Plan,244,context,biological_unit_components,habitat,TRUE,1
NH_FAP_2020,NH,FAP,2020,FALSE,New Hampshire,State Forest Action Plan,244,context,biological_unit_components,ecosystem,TRUE,1
NH_FAP_2020,NH,FAP,2020,FALSE,New Hampshire,State Forest Action Plan,244,context,biological_unit_components,community,FALSE,0
NH_FAP_2020,NH,FAP,2020,FALSE,New Hampshire,State Forest Action Plan,244,context,biological_unit_components,genotype_phenotype,FALSE,0
NJ_FAP_2020,NJ,FAP,2020,FALSE,New Jersey,State Forest Action Plan,311,concepts,adaptive_capacity_components,demography,TRUE,1
NJ_FAP_2020,NJ,FAP,2020,FALSE,New Jersey,State Forest Action Plan,311,concepts,adaptive_capacity_components,distribution,TRUE,1
NJ_FAP_2020,NJ,FAP,2020,FALSE,New Jersey,State Forest Action Plan,311,concepts,adaptive_capacity_components,movement,TRUE,1
NJ_FAP_2020,NJ,FAP,2020,FALSE,New Jersey,State Forest Action Plan,311,concepts,adaptive_capacity_components,evolutionary_potential,TRUE,1
NJ_FAP_2020,NJ,FAP,2020,FALSE,New Jersey,State Forest Action Plan,311,concepts,adaptive_capacity_components,ecological_dependencies,TRUE,1
NJ_FAP_2020,NJ,FAP,2020,FALSE,New Jersey,State Forest Action Plan,311,concepts,adaptive_capacity_components,abiotic_niche,TRUE,1
NJ_FAP_2020,NJ,FAP,2020,FALSE,New Jersey,State Forest Action Plan,311,concepts,adaptive_capacity_components,life_history,TRUE,1
NJ_FAP_2020,NJ,FAP,2020,FALSE,New Jersey,State Forest Action Plan,311,context,management_scale,local,TRUE,1
NJ_FAP_2020,NJ,FAP,2020,FALSE,New Jersey,State Forest Action Plan,311,context,management_scale,site,TRUE,1
NJ_FAP_2020,NJ,FAP,2020,FALSE,New Jersey,State Forest Action Plan,311,context,management_scale,watershed,TRUE,1
NJ_FAP_2020,NJ,FAP,2020,FALSE,New Jersey,State Forest Action Plan,311,context,management_scale,city,FALSE,0
NJ_FAP_2020,NJ,FAP,2020,FALSE,New Jersey,State Forest Action Plan,311,context,management_scale,county,TRUE,1
NJ_FAP_2020,NJ,FAP,2020,FALSE,New Jersey,State Forest Action Plan,311,context,management_scale,within_state_region,TRUE,1
NJ_FAP_2020,NJ,FAP,2020,FALSE,New Jersey,State Forest Action Plan,311,context,management_scale,state,TRUE,1
NJ_FAP_2020,NJ,FAP,2020,FALSE,New Jersey,State Forest Action Plan,311,context,management_scale,multistate,TRUE,1
NJ_FAP_2020,NJ,FAP,2020,FALSE,New Jersey,State Forest Action Plan,311,context,management_scale,national,FALSE,0
NJ_FAP_2020,NJ,FAP,2020,FALSE,New Jersey,State Forest Action Plan,311,context,management_scale,transnational,FALSE,0
NJ_FAP_2020,NJ,FAP,2020,FALSE,New Jersey,State Forest Action Plan,311,context,management_scale,ecosystem,TRUE,1
NJ_FAP_2020,NJ,FAP,2020,FALSE,New Jersey,State Forest Action Plan,311,context,management_scale,ecoregion,FALSE,0
NJ_FAP_2020,NJ,FAP,2020,FALSE,New Jersey,State Forest Action Plan,311,context,management_scale,province,FALSE,0
NJ_FAP_2020,NJ,FAP,2020,FALSE,New Jersey,State Forest Action Plan,311,context,management_scale,section,FALSE,0
NJ_FAP_2020,NJ,FAP,2020,FALSE,New Jersey,State Forest Action Plan,311,context,management_scale,subsection,FALSE,0
NJ_FAP_2020,NJ,FAP,2020,FALSE,New Jersey,State Forest Action Plan,311,context,management_scale,lake,FALSE,0
NJ_FAP_2020,NJ,FAP,2020,FALSE,New Jersey,State Forest Action Plan,311,context,management_scale,river,TRUE,1
NJ_FAP_2020,NJ,FAP,2020,FALSE,New Jersey,State Forest Action Plan,311,context,management_scale,district,FALSE,0
NJ_FAP_2020,NJ,FAP,2020,FALSE,New Jersey,State Forest Action Plan,311,context,biological_unit_components,species,TRUE,1
NJ_FAP_2020,NJ,FAP,2020,FALSE,New Jersey,State Forest Action Plan,311,context,biological_unit_components,population,TRUE,1
NJ_FAP_2020,NJ,FAP,2020,FALSE,New Jersey,State Forest Action Plan,311,context,biological_unit_components,habitat,TRUE,1
NJ_FAP_2020,NJ,FAP,2020,FALSE,New Jersey,State Forest Action Plan,311,context,biological_unit_components,ecosystem,TRUE,1
NJ_FAP_2020,NJ,FAP,2020,FALSE,New Jersey,State Forest Action Plan,311,context,biological_unit_components,community,TRUE,1
NJ_FAP_2020,NJ,FAP,2020,FALSE,New Jersey,State Forest Action Plan,311,context,biological_unit_components,genotype_phenotype,TRUE,1
NM_FAP_2020,NM,FAP,2020,FALSE,New Mexico,Forest Action Plan,189,concepts,adaptive_capacity_components,demography,FALSE,0
NM_FAP_2020,NM,FAP,2020,FALSE,New Mexico,Forest Action Plan,189,concepts,adaptive_capacity_components,distribution,FALSE,0
NM_FAP_2020,NM,FAP,2020,FALSE,New Mexico,Forest Action Plan,189,concepts,adaptive_capacity_components,movement,FALSE,0
NM_FAP_2020,NM,FAP,2020,FALSE,New Mexico,Forest Action Plan,189,concepts,adaptive_capacity_components,evolutionary_potential,TRUE,1
NM_FAP_2020,NM,FAP,2020,FALSE,New Mexico,Forest Action Plan,189,concepts,adaptive_capacity_components,ecological_dependencies,FALSE,0
NM_FAP_2020,NM,FAP,2020,FALSE,New Mexico,Forest Action Plan,189,concepts,adaptive_capacity_components,abiotic_niche,TRUE,1
NM_FAP_2020,NM,FAP,2020,FALSE,New Mexico,Forest Action Plan,189,concepts,adaptive_capacity_components,life_history,FALSE,0
NM_FAP_2020,NM,FAP,2020,FALSE,New Mexico,Forest Action Plan,189,context,management_scale,local,FALSE,0
NM_FAP_2020,NM,FAP,2020,FALSE,New Mexico,Forest Action Plan,189,context,management_scale,site,FALSE,0
NM_FAP_2020,NM,FAP,2020,FALSE,New Mexico,Forest Action Plan,189,context,management_scale,watershed,TRUE,1
NM_FAP_2020,NM,FAP,2020,FALSE,New Mexico,Forest Action Plan,189,context,management_scale,city,FALSE,0
NM_FAP_2020,NM,FAP,2020,FALSE,New Mexico,Forest Action Plan,189,context,management_scale,county,FALSE,0
NM_FAP_2020,NM,FAP,2020,FALSE,New Mexico,Forest Action Plan,189,context,management_scale,within_state_region,TRUE,1
NM_FAP_2020,NM,FAP,2020,FALSE,New Mexico,Forest Action Plan,189,context,management_scale,state,TRUE,1
NM_FAP_2020,NM,FAP,2020,FALSE,New Mexico,Forest Action Plan,189,context,management_scale,multistate,TRUE,1
NM_FAP_2020,NM,FAP,2020,FALSE,New Mexico,Forest Action Plan,189,context,management_scale,national,FALSE,0
NM_FAP_2020,NM,FAP,2020,FALSE,New Mexico,Forest Action Plan,189,context,management_scale,transnational,FALSE,0
NM_FAP_2020,NM,FAP,2020,FALSE,New Mexico,Forest Action Plan,189,context,management_scale,ecosystem,TRUE,1
NM_FAP_2020,NM,FAP,2020,FALSE,New Mexico,Forest Action Plan,189,context,management_scale,ecoregion,FALSE,0
NM_FAP_2020,NM,FAP,2020,FALSE,New Mexico,Forest Action Plan,189,context,management_scale,province,FALSE,0
NM_FAP_2020,NM,FAP,2020,FALSE,New Mexico,Forest Action Plan,189,context,management_scale,section,FALSE,0
NM_FAP_2020,NM,FAP,2020,FALSE,New Mexico,Forest Action Plan,189,context,management_scale,subsection,FALSE,0
NM_FAP_2020,NM,FAP,2020,FALSE,New Mexico,Forest Action Plan,189,context,management_scale,lake,FALSE,0
NM_FAP_2020,NM,FAP,2020,FALSE,New Mexico,Forest Action Plan,189,context,management_scale,river,FALSE,0
NM_FAP_2020,NM,FAP,2020,FALSE,New Mexico,Forest Action Plan,189,context,management_scale,district,FALSE,0
NM_FAP_2020,NM,FAP,2020,FALSE,New Mexico,Forest Action Plan,189,context,biological_unit_components,species,TRUE,1
NM_FAP_2020,NM,FAP,2020,FALSE,New Mexico,Forest Action Plan,189,context,biological_unit_components,population,FALSE,0
NM_FAP_2020,NM,FAP,2020,FALSE,New Mexico,Forest Action Plan,189,context,biological_unit_components,habitat,TRUE,1
NM_FAP_2020,NM,FAP,2020,FALSE,New Mexico,Forest Action Plan,189,context,biological_unit_components,ecosystem,TRUE,1
NM_FAP_2020,NM,FAP,2020,FALSE,New Mexico,Forest Action Plan,189,context,biological_unit_components,community,TRUE,1
NM_FAP_2020,NM,FAP,2020,FALSE,New Mexico,Forest Action Plan,189,context,biological_unit_components,genotype_phenotype,TRUE,1
NV_FAP_2020,NV,FAP,2020,FALSE,Nevada,Forest Action Plan / State Forest Resource Assessment,441,concepts,adaptive_capacity_components,demography,FALSE,0
NV_FAP_2020,NV,FAP,2020,FALSE,Nevada,Forest Action Plan / State Forest Resource Assessment,441,concepts,adaptive_capacity_components,distribution,TRUE,2
NV_FAP_2020,NV,FAP,2020,FALSE,Nevada,Forest Action Plan / State Forest Resource Assessment,441,concepts,adaptive_capacity_components,movement,TRUE,2
NV_FAP_2020,NV,FAP,2020,FALSE,Nevada,Forest Action Plan / State Forest Resource Assessment,441,concepts,adaptive_capacity_components,evolutionary_potential,TRUE,1
NV_FAP_2020,NV,FAP,2020,FALSE,Nevada,Forest Action Plan / State Forest Resource Assessment,441,concepts,adaptive_capacity_components,ecological_dependencies,TRUE,1
NV_FAP_2020,NV,FAP,2020,FALSE,Nevada,Forest Action Plan / State Forest Resource Assessment,441,concepts,adaptive_capacity_components,abiotic_niche,TRUE,2
NV_FAP_2020,NV,FAP,2020,FALSE,Nevada,Forest Action Plan / State Forest Resource Assessment,441,concepts,adaptive_capacity_components,life_history,FALSE,0
NV_FAP_2020,NV,FAP,2020,FALSE,Nevada,Forest Action Plan / State Forest Resource Assessment,441,context,management_scale,local,TRUE,1
NV_FAP_2020,NV,FAP,2020,FALSE,Nevada,Forest Action Plan / State Forest Resource Assessment,441,context,management_scale,site,TRUE,1
NV_FAP_2020,NV,FAP,2020,FALSE,Nevada,Forest Action Plan / State Forest Resource Assessment,441,context,management_scale,watershed,TRUE,1
NV_FAP_2020,NV,FAP,2020,FALSE,Nevada,Forest Action Plan / State Forest Resource Assessment,441,context,management_scale,city,FALSE,0
NV_FAP_2020,NV,FAP,2020,FALSE,Nevada,Forest Action Plan / State Forest Resource Assessment,441,context,management_scale,county,TRUE,1
NV_FAP_2020,NV,FAP,2020,FALSE,Nevada,Forest Action Plan / State Forest Resource Assessment,441,context,management_scale,within_state_region,TRUE,1
NV_FAP_2020,NV,FAP,2020,FALSE,Nevada,Forest Action Plan / State Forest Resource Assessment,441,context,management_scale,state,TRUE,1
NV_FAP_2020,NV,FAP,2020,FALSE,Nevada,Forest Action Plan / State Forest Resource Assessment,441,context,management_scale,multistate,TRUE,1
NV_FAP_2020,NV,FAP,2020,FALSE,Nevada,Forest Action Plan / State Forest Resource Assessment,441,context,management_scale,national,FALSE,0
NV_FAP_2020,NV,FAP,2020,FALSE,Nevada,Forest Action Plan / State Forest Resource Assessment,441,context,management_scale,transnational,FALSE,0
NV_FAP_2020,NV,FAP,2020,FALSE,Nevada,Forest Action Plan / State Forest Resource Assessment,441,context,management_scale,ecosystem,TRUE,1
NV_FAP_2020,NV,FAP,2020,FALSE,Nevada,Forest Action Plan / State Forest Resource Assessment,441,context,management_scale,ecoregion,TRUE,1
NV_FAP_2020,NV,FAP,2020,FALSE,Nevada,Forest Action Plan / State Forest Resource Assessment,441,context,management_scale,province,FALSE,0
NV_FAP_2020,NV,FAP,2020,FALSE,Nevada,Forest Action Plan / State Forest Resource Assessment,441,context,management_scale,section,FALSE,0
NV_FAP_2020,NV,FAP,2020,FALSE,Nevada,Forest Action Plan / State Forest Resource Assessment,441,context,management_scale,subsection,FALSE,0
NV_FAP_2020,NV,FAP,2020,FALSE,Nevada,Forest Action Plan / State Forest Resource Assessment,441,context,management_scale,lake,FALSE,0
NV_FAP_2020,NV,FAP,2020,FALSE,Nevada,Forest Action Plan / State Forest Resource Assessment,441,context,management_scale,river,TRUE,1
NV_FAP_2020,NV,FAP,2020,FALSE,Nevada,Forest Action Plan / State Forest Resource Assessment,441,context,management_scale,district,FALSE,0
NV_FAP_2020,NV,FAP,2020,FALSE,Nevada,Forest Action Plan / State Forest Resource Assessment,441,context,biological_unit_components,species,TRUE,1
NV_FAP_2020,NV,FAP,2020,FALSE,Nevada,Forest Action Plan / State Forest Resource Assessment,441,context,biological_unit_components,population,TRUE,1
NV_FAP_2020,NV,FAP,2020,FALSE,Nevada,Forest Action Plan / State Forest Resource Assessment,441,context,biological_unit_components,habitat,TRUE,1
NV_FAP_2020,NV,FAP,2020,FALSE,Nevada,Forest Action Plan / State Forest Resource Assessment,441,context,biological_unit_components,ecosystem,TRUE,1
NV_FAP_2020,NV,FAP,2020,FALSE,Nevada,Forest Action Plan / State Forest Resource Assessment,441,context,biological_unit_components,community,TRUE,1
NV_FAP_2020,NV,FAP,2020,FALSE,Nevada,Forest Action Plan / State Forest Resource Assessment,441,context,biological_unit_components,genotype_phenotype,TRUE,1
NY_FAP_2020,NY,FAP,2020,FALSE,New York State,State Forest Action Plan (SFAP),144,concepts,adaptive_capacity_components,demography,FALSE,0
NY_FAP_2020,NY,FAP,2020,FALSE,New York State,State Forest Action Plan (SFAP),144,concepts,adaptive_capacity_components,distribution,TRUE,1
NY_FAP_2020,NY,FAP,2020,FALSE,New York State,State Forest Action Plan (SFAP),144,concepts,adaptive_capacity_components,movement,TRUE,1
NY_FAP_2020,NY,FAP,2020,FALSE,New York State,State Forest Action Plan (SFAP),144,concepts,adaptive_capacity_components,evolutionary_potential,TRUE,1
NY_FAP_2020,NY,FAP,2020,FALSE,New York State,State Forest Action Plan (SFAP),144,concepts,adaptive_capacity_components,ecological_dependencies,TRUE,1
NY_FAP_2020,NY,FAP,2020,FALSE,New York State,State Forest Action Plan (SFAP),144,concepts,adaptive_capacity_components,abiotic_niche,TRUE,1
NY_FAP_2020,NY,FAP,2020,FALSE,New York State,State Forest Action Plan (SFAP),144,concepts,adaptive_capacity_components,life_history,FALSE,0
NY_FAP_2020,NY,FAP,2020,FALSE,New York State,State Forest Action Plan (SFAP),144,context,management_scale,local,TRUE,1
NY_FAP_2020,NY,FAP,2020,FALSE,New York State,State Forest Action Plan (SFAP),144,context,management_scale,site,TRUE,1
NY_FAP_2020,NY,FAP,2020,FALSE,New York State,State Forest Action Plan (SFAP),144,context,management_scale,watershed,TRUE,1
NY_FAP_2020,NY,FAP,2020,FALSE,New York State,State Forest Action Plan (SFAP),144,context,management_scale,city,FALSE,0
NY_FAP_2020,NY,FAP,2020,FALSE,New York State,State Forest Action Plan (SFAP),144,context,management_scale,county,FALSE,0
NY_FAP_2020,NY,FAP,2020,FALSE,New York State,State Forest Action Plan (SFAP),144,context,management_scale,within_state_region,TRUE,1
NY_FAP_2020,NY,FAP,2020,FALSE,New York State,State Forest Action Plan (SFAP),144,context,management_scale,state,TRUE,1
NY_FAP_2020,NY,FAP,2020,FALSE,New York State,State Forest Action Plan (SFAP),144,context,management_scale,multistate,TRUE,1
NY_FAP_2020,NY,FAP,2020,FALSE,New York State,State Forest Action Plan (SFAP),144,context,management_scale,national,FALSE,0
NY_FAP_2020,NY,FAP,2020,FALSE,New York State,State Forest Action Plan (SFAP),144,context,management_scale,transnational,TRUE,1
NY_FAP_2020,NY,FAP,2020,FALSE,New York State,State Forest Action Plan (SFAP),144,context,management_scale,ecosystem,TRUE,1
NY_FAP_2020,NY,FAP,2020,FALSE,New York State,State Forest Action Plan (SFAP),144,context,management_scale,ecoregion,TRUE,1
NY_FAP_2020,NY,FAP,2020,FALSE,New York State,State Forest Action Plan (SFAP),144,context,management_scale,province,FALSE,0
NY_FAP_2020,NY,FAP,2020,FALSE,New York State,State Forest Action Plan (SFAP),144,context,management_scale,section,FALSE,0
NY_FAP_2020,NY,FAP,2020,FALSE,New York State,State Forest Action Plan (SFAP),144,context,management_scale,subsection,FALSE,0
NY_FAP_2020,NY,FAP,2020,FALSE,New York State,State Forest Action Plan (SFAP),144,context,management_scale,lake,FALSE,0
NY_FAP_2020,NY,FAP,2020,FALSE,New York State,State Forest Action Plan (SFAP),144,context,management_scale,river,FALSE,0
NY_FAP_2020,NY,FAP,2020,FALSE,New York State,State Forest Action Plan (SFAP),144,context,management_scale,district,FALSE,0
NY_FAP_2020,NY,FAP,2020,FALSE,New York State,State Forest Action Plan (SFAP),144,context,biological_unit_components,species,TRUE,1
NY_FAP_2020,NY,FAP,2020,FALSE,New York State,State Forest Action Plan (SFAP),144,context,biological_unit_components,population,TRUE,1
NY_FAP_2020,NY,FAP,2020,FALSE,New York State,State Forest Action Plan (SFAP),144,context,biological_unit_components,habitat,TRUE,1
NY_FAP_2020,NY,FAP,2020,FALSE,New York State,State Forest Action Plan (SFAP),144,context,biological_unit_components,ecosystem,TRUE,1
NY_FAP_2020,NY,FAP,2020,FALSE,New York State,State Forest Action Plan (SFAP),144,context,biological_unit_components,community,TRUE,1
NY_FAP_2020,NY,FAP,2020,FALSE,New York State,State Forest Action Plan (SFAP),144,context,biological_unit_components,genotype_phenotype,FALSE,0
OH_FAP_2020,OH,FAP,2020,FALSE,Ohio (ODNR Division of Forestry),State Forest Action Plan (Assessment + Strategy),306,concepts,adaptive_capacity_components,demography,FALSE,0
OH_FAP_2020,OH,FAP,2020,FALSE,Ohio (ODNR Division of Forestry),State Forest Action Plan (Assessment + Strategy),306,concepts,adaptive_capacity_components,distribution,TRUE,1
OH_FAP_2020,OH,FAP,2020,FALSE,Ohio (ODNR Division of Forestry),State Forest Action Plan (Assessment + Strategy),306,concepts,adaptive_capacity_components,movement,TRUE,1
OH_FAP_2020,OH,FAP,2020,FALSE,Ohio (ODNR Division of Forestry),State Forest Action Plan (Assessment + Strategy),306,concepts,adaptive_capacity_components,evolutionary_potential,FALSE,0
OH_FAP_2020,OH,FAP,2020,FALSE,Ohio (ODNR Division of Forestry),State Forest Action Plan (Assessment + Strategy),306,concepts,adaptive_capacity_components,ecological_dependencies,TRUE,1
OH_FAP_2020,OH,FAP,2020,FALSE,Ohio (ODNR Division of Forestry),State Forest Action Plan (Assessment + Strategy),306,concepts,adaptive_capacity_components,abiotic_niche,TRUE,1
OH_FAP_2020,OH,FAP,2020,FALSE,Ohio (ODNR Division of Forestry),State Forest Action Plan (Assessment + Strategy),306,concepts,adaptive_capacity_components,life_history,FALSE,0
OH_FAP_2020,OH,FAP,2020,FALSE,Ohio (ODNR Division of Forestry),State Forest Action Plan (Assessment + Strategy),306,context,management_scale,local,TRUE,1
OH_FAP_2020,OH,FAP,2020,FALSE,Ohio (ODNR Division of Forestry),State Forest Action Plan (Assessment + Strategy),306,context,management_scale,site,TRUE,1
OH_FAP_2020,OH,FAP,2020,FALSE,Ohio (ODNR Division of Forestry),State Forest Action Plan (Assessment + Strategy),306,context,management_scale,watershed,TRUE,1
OH_FAP_2020,OH,FAP,2020,FALSE,Ohio (ODNR Division of Forestry),State Forest Action Plan (Assessment + Strategy),306,context,management_scale,city,FALSE,0
OH_FAP_2020,OH,FAP,2020,FALSE,Ohio (ODNR Division of Forestry),State Forest Action Plan (Assessment + Strategy),306,context,management_scale,county,TRUE,1
OH_FAP_2020,OH,FAP,2020,FALSE,Ohio (ODNR Division of Forestry),State Forest Action Plan (Assessment + Strategy),306,context,management_scale,within_state_region,TRUE,1
OH_FAP_2020,OH,FAP,2020,FALSE,Ohio (ODNR Division of Forestry),State Forest Action Plan (Assessment + Strategy),306,context,management_scale,state,TRUE,1
OH_FAP_2020,OH,FAP,2020,FALSE,Ohio (ODNR Division of Forestry),State Forest Action Plan (Assessment + Strategy),306,context,management_scale,multistate,TRUE,1
OH_FAP_2020,OH,FAP,2020,FALSE,Ohio (ODNR Division of Forestry),State Forest Action Plan (Assessment + Strategy),306,context,management_scale,national,FALSE,0
OH_FAP_2020,OH,FAP,2020,FALSE,Ohio (ODNR Division of Forestry),State Forest Action Plan (Assessment + Strategy),306,context,management_scale,transnational,FALSE,0
OH_FAP_2020,OH,FAP,2020,FALSE,Ohio (ODNR Division of Forestry),State Forest Action Plan (Assessment + Strategy),306,context,management_scale,ecosystem,TRUE,1
OH_FAP_2020,OH,FAP,2020,FALSE,Ohio (ODNR Division of Forestry),State Forest Action Plan (Assessment + Strategy),306,context,management_scale,ecoregion,TRUE,1
OH_FAP_2020,OH,FAP,2020,FALSE,Ohio (ODNR Division of Forestry),State Forest Action Plan (Assessment + Strategy),306,context,management_scale,province,FALSE,0
OH_FAP_2020,OH,FAP,2020,FALSE,Ohio (ODNR Division of Forestry),State Forest Action Plan (Assessment + Strategy),306,context,management_scale,section,TRUE,1
OH_FAP_2020,OH,FAP,2020,FALSE,Ohio (ODNR Division of Forestry),State Forest Action Plan (Assessment + Strategy),306,context,management_scale,subsection,FALSE,0
OH_FAP_2020,OH,FAP,2020,FALSE,Ohio (ODNR Division of Forestry),State Forest Action Plan (Assessment + Strategy),306,context,management_scale,lake,FALSE,0
OH_FAP_2020,OH,FAP,2020,FALSE,Ohio (ODNR Division of Forestry),State Forest Action Plan (Assessment + Strategy),306,context,management_scale,river,FALSE,0
OH_FAP_2020,OH,FAP,2020,FALSE,Ohio (ODNR Division of Forestry),State Forest Action Plan (Assessment + Strategy),306,context,management_scale,district,FALSE,0
OH_FAP_2020,OH,FAP,2020,FALSE,Ohio (ODNR Division of Forestry),State Forest Action Plan (Assessment + Strategy),306,context,biological_unit_components,species,TRUE,1
OH_FAP_2020,OH,FAP,2020,FALSE,Ohio (ODNR Division of Forestry),State Forest Action Plan (Assessment + Strategy),306,context,biological_unit_components,population,FALSE,0
OH_FAP_2020,OH,FAP,2020,FALSE,Ohio (ODNR Division of Forestry),State Forest Action Plan (Assessment + Strategy),306,context,biological_unit_components,habitat,TRUE,1
OH_FAP_2020,OH,FAP,2020,FALSE,Ohio (ODNR Division of Forestry),State Forest Action Plan (Assessment + Strategy),306,context,biological_unit_components,ecosystem,TRUE,1
OH_FAP_2020,OH,FAP,2020,FALSE,Ohio (ODNR Division of Forestry),State Forest Action Plan (Assessment + Strategy),306,context,biological_unit_components,community,TRUE,1
OH_FAP_2020,OH,FAP,2020,FALSE,Ohio (ODNR Division of Forestry),State Forest Action Plan (Assessment + Strategy),306,context,biological_unit_components,genotype_phenotype,FALSE,0
OK_FAP_2020,OK,FAP,2020,FALSE,Oklahoma,State Forest Action Plan,201,concepts,adaptive_capacity_components,demography,FALSE,0
OK_FAP_2020,OK,FAP,2020,FALSE,Oklahoma,State Forest Action Plan,201,concepts,adaptive_capacity_components,distribution,TRUE,1
OK_FAP_2020,OK,FAP,2020,FALSE,Oklahoma,State Forest Action Plan,201,concepts,adaptive_capacity_components,movement,FALSE,0
OK_FAP_2020,OK,FAP,2020,FALSE,Oklahoma,State Forest Action Plan,201,concepts,adaptive_capacity_components,evolutionary_potential,TRUE,1
OK_FAP_2020,OK,FAP,2020,FALSE,Oklahoma,State Forest Action Plan,201,concepts,adaptive_capacity_components,ecological_dependencies,FALSE,0
OK_FAP_2020,OK,FAP,2020,FALSE,Oklahoma,State Forest Action Plan,201,concepts,adaptive_capacity_components,abiotic_niche,TRUE,1
OK_FAP_2020,OK,FAP,2020,FALSE,Oklahoma,State Forest Action Plan,201,concepts,adaptive_capacity_components,life_history,FALSE,0
OK_FAP_2020,OK,FAP,2020,FALSE,Oklahoma,State Forest Action Plan,201,context,management_scale,local,FALSE,0
OK_FAP_2020,OK,FAP,2020,FALSE,Oklahoma,State Forest Action Plan,201,context,management_scale,site,TRUE,1
OK_FAP_2020,OK,FAP,2020,FALSE,Oklahoma,State Forest Action Plan,201,context,management_scale,watershed,TRUE,1
OK_FAP_2020,OK,FAP,2020,FALSE,Oklahoma,State Forest Action Plan,201,context,management_scale,city,FALSE,0
OK_FAP_2020,OK,FAP,2020,FALSE,Oklahoma,State Forest Action Plan,201,context,management_scale,county,TRUE,1
OK_FAP_2020,OK,FAP,2020,FALSE,Oklahoma,State Forest Action Plan,201,context,management_scale,within_state_region,TRUE,1
OK_FAP_2020,OK,FAP,2020,FALSE,Oklahoma,State Forest Action Plan,201,context,management_scale,state,TRUE,1
OK_FAP_2020,OK,FAP,2020,FALSE,Oklahoma,State Forest Action Plan,201,context,management_scale,multistate,TRUE,1
OK_FAP_2020,OK,FAP,2020,FALSE,Oklahoma,State Forest Action Plan,201,context,management_scale,national,TRUE,1
OK_FAP_2020,OK,FAP,2020,FALSE,Oklahoma,State Forest Action Plan,201,context,management_scale,transnational,FALSE,0
OK_FAP_2020,OK,FAP,2020,FALSE,Oklahoma,State Forest Action Plan,201,context,management_scale,ecosystem,TRUE,1
OK_FAP_2020,OK,FAP,2020,FALSE,Oklahoma,State Forest Action Plan,201,context,management_scale,ecoregion,TRUE,1
OK_FAP_2020,OK,FAP,2020,FALSE,Oklahoma,State Forest Action Plan,201,context,management_scale,province,FALSE,0
OK_FAP_2020,OK,FAP,2020,FALSE,Oklahoma,State Forest Action Plan,201,context,management_scale,section,FALSE,0
OK_FAP_2020,OK,FAP,2020,FALSE,Oklahoma,State Forest Action Plan,201,context,management_scale,subsection,FALSE,0
OK_FAP_2020,OK,FAP,2020,FALSE,Oklahoma,State Forest Action Plan,201,context,management_scale,lake,TRUE,1
OK_FAP_2020,OK,FAP,2020,FALSE,Oklahoma,State Forest Action Plan,201,context,management_scale,river,TRUE,1
OK_FAP_2020,OK,FAP,2020,FALSE,Oklahoma,State Forest Action Plan,201,context,management_scale,district,FALSE,0
OK_FAP_2020,OK,FAP,2020,FALSE,Oklahoma,State Forest Action Plan,201,context,biological_unit_components,species,TRUE,1
OK_FAP_2020,OK,FAP,2020,FALSE,Oklahoma,State Forest Action Plan,201,context,biological_unit_components,population,FALSE,0
OK_FAP_2020,OK,FAP,2020,FALSE,Oklahoma,State Forest Action Plan,201,context,biological_unit_components,habitat,TRUE,1
OK_FAP_2020,OK,FAP,2020,FALSE,Oklahoma,State Forest Action Plan,201,context,biological_unit_components,ecosystem,TRUE,1
OK_FAP_2020,OK,FAP,2020,FALSE,Oklahoma,State Forest Action Plan,201,context,biological_unit_components,community,FALSE,0
OK_FAP_2020,OK,FAP,2020,FALSE,Oklahoma,State Forest Action Plan,201,context,biological_unit_components,genotype_phenotype,FALSE,0
OR_FAP_2020,OR,FAP,2020,FALSE,Oregon,Forest Action Plan,242,concepts,adaptive_capacity_components,demography,FALSE,0
OR_FAP_2020,OR,FAP,2020,FALSE,Oregon,Forest Action Plan,242,concepts,adaptive_capacity_components,distribution,TRUE,1
OR_FAP_2020,OR,FAP,2020,FALSE,Oregon,Forest Action Plan,242,concepts,adaptive_capacity_components,movement,TRUE,1
OR_FAP_2020,OR,FAP,2020,FALSE,Oregon,Forest Action Plan,242,concepts,adaptive_capacity_components,evolutionary_potential,FALSE,0
OR_FAP_2020,OR,FAP,2020,FALSE,Oregon,Forest Action Plan,242,concepts,adaptive_capacity_components,ecological_dependencies,TRUE,1
OR_FAP_2020,OR,FAP,2020,FALSE,Oregon,Forest Action Plan,242,concepts,adaptive_capacity_components,abiotic_niche,TRUE,1
OR_FAP_2020,OR,FAP,2020,FALSE,Oregon,Forest Action Plan,242,concepts,adaptive_capacity_components,life_history,FALSE,0
OR_FAP_2020,OR,FAP,2020,FALSE,Oregon,Forest Action Plan,242,context,management_scale,local,TRUE,1
OR_FAP_2020,OR,FAP,2020,FALSE,Oregon,Forest Action Plan,242,context,management_scale,site,TRUE,1
OR_FAP_2020,OR,FAP,2020,FALSE,Oregon,Forest Action Plan,242,context,management_scale,watershed,TRUE,1
OR_FAP_2020,OR,FAP,2020,FALSE,Oregon,Forest Action Plan,242,context,management_scale,city,FALSE,0
OR_FAP_2020,OR,FAP,2020,FALSE,Oregon,Forest Action Plan,242,context,management_scale,county,TRUE,1
OR_FAP_2020,OR,FAP,2020,FALSE,Oregon,Forest Action Plan,242,context,management_scale,within_state_region,TRUE,1
OR_FAP_2020,OR,FAP,2020,FALSE,Oregon,Forest Action Plan,242,context,management_scale,state,TRUE,1
OR_FAP_2020,OR,FAP,2020,FALSE,Oregon,Forest Action Plan,242,context,management_scale,multistate,FALSE,0
OR_FAP_2020,OR,FAP,2020,FALSE,Oregon,Forest Action Plan,242,context,management_scale,national,TRUE,1
OR_FAP_2020,OR,FAP,2020,FALSE,Oregon,Forest Action Plan,242,context,management_scale,transnational,FALSE,0
OR_FAP_2020,OR,FAP,2020,FALSE,Oregon,Forest Action Plan,242,context,management_scale,ecosystem,TRUE,1
OR_FAP_2020,OR,FAP,2020,FALSE,Oregon,Forest Action Plan,242,context,management_scale,ecoregion,TRUE,1
OR_FAP_2020,OR,FAP,2020,FALSE,Oregon,Forest Action Plan,242,context,management_scale,province,FALSE,0
OR_FAP_2020,OR,FAP,2020,FALSE,Oregon,Forest Action Plan,242,context,management_scale,section,FALSE,0
OR_FAP_2020,OR,FAP,2020,FALSE,Oregon,Forest Action Plan,242,context,management_scale,subsection,FALSE,0
OR_FAP_2020,OR,FAP,2020,FALSE,Oregon,Forest Action Plan,242,context,management_scale,lake,FALSE,0
OR_FAP_2020,OR,FAP,2020,FALSE,Oregon,Forest Action Plan,242,context,management_scale,river,FALSE,0
OR_FAP_2020,OR,FAP,2020,FALSE,Oregon,Forest Action Plan,242,context,management_scale,district,FALSE,0
OR_FAP_2020,OR,FAP,2020,FALSE,Oregon,Forest Action Plan,242,context,biological_unit_components,species,TRUE,1
OR_FAP_2020,OR,FAP,2020,FALSE,Oregon,Forest Action Plan,242,context,biological_unit_components,population,FALSE,0
OR_FAP_2020,OR,FAP,2020,FALSE,Oregon,Forest Action Plan,242,context,biological_unit_components,habitat,TRUE,1
OR_FAP_2020,OR,FAP,2020,FALSE,Oregon,Forest Action Plan,242,context,biological_unit_components,ecosystem,TRUE,1
OR_FAP_2020,OR,FAP,2020,FALSE,Oregon,Forest Action Plan,242,context,biological_unit_components,community,FALSE,0
OR_FAP_2020,OR,FAP,2020,FALSE,Oregon,Forest Action Plan,242,context,biological_unit_components,genotype_phenotype,FALSE,0
PA_FAP_2020,PA,FAP,2020,FALSE,Pennsylvania (DCNR Bureau of Forestry),Forest Action Plan (State),681,concepts,adaptive_capacity_components,demography,FALSE,0
PA_FAP_2020,PA,FAP,2020,FALSE,Pennsylvania (DCNR Bureau of Forestry),Forest Action Plan (State),681,concepts,adaptive_capacity_components,distribution,TRUE,1
PA_FAP_2020,PA,FAP,2020,FALSE,Pennsylvania (DCNR Bureau of Forestry),Forest Action Plan (State),681,concepts,adaptive_capacity_components,movement,TRUE,1
PA_FAP_2020,PA,FAP,2020,FALSE,Pennsylvania (DCNR Bureau of Forestry),Forest Action Plan (State),681,concepts,adaptive_capacity_components,evolutionary_potential,FALSE,0
PA_FAP_2020,PA,FAP,2020,FALSE,Pennsylvania (DCNR Bureau of Forestry),Forest Action Plan (State),681,concepts,adaptive_capacity_components,ecological_dependencies,TRUE,1
PA_FAP_2020,PA,FAP,2020,FALSE,Pennsylvania (DCNR Bureau of Forestry),Forest Action Plan (State),681,concepts,adaptive_capacity_components,abiotic_niche,TRUE,1
PA_FAP_2020,PA,FAP,2020,FALSE,Pennsylvania (DCNR Bureau of Forestry),Forest Action Plan (State),681,concepts,adaptive_capacity_components,life_history,FALSE,0
PA_FAP_2020,PA,FAP,2020,FALSE,Pennsylvania (DCNR Bureau of Forestry),Forest Action Plan (State),681,context,management_scale,local,TRUE,1
PA_FAP_2020,PA,FAP,2020,FALSE,Pennsylvania (DCNR Bureau of Forestry),Forest Action Plan (State),681,context,management_scale,site,TRUE,1
PA_FAP_2020,PA,FAP,2020,FALSE,Pennsylvania (DCNR Bureau of Forestry),Forest Action Plan (State),681,context,management_scale,watershed,TRUE,1
PA_FAP_2020,PA,FAP,2020,FALSE,Pennsylvania (DCNR Bureau of Forestry),Forest Action Plan (State),681,context,management_scale,city,FALSE,0
PA_FAP_2020,PA,FAP,2020,FALSE,Pennsylvania (DCNR Bureau of Forestry),Forest Action Plan (State),681,context,management_scale,county,FALSE,0
PA_FAP_2020,PA,FAP,2020,FALSE,Pennsylvania (DCNR Bureau of Forestry),Forest Action Plan (State),681,context,management_scale,within_state_region,TRUE,1
PA_FAP_2020,PA,FAP,2020,FALSE,Pennsylvania (DCNR Bureau of Forestry),Forest Action Plan (State),681,context,management_scale,state,TRUE,1
PA_FAP_2020,PA,FAP,2020,FALSE,Pennsylvania (DCNR Bureau of Forestry),Forest Action Plan (State),681,context,management_scale,multistate,TRUE,1
PA_FAP_2020,PA,FAP,2020,FALSE,Pennsylvania (DCNR Bureau of Forestry),Forest Action Plan (State),681,context,management_scale,national,FALSE,0
PA_FAP_2020,PA,FAP,2020,FALSE,Pennsylvania (DCNR Bureau of Forestry),Forest Action Plan (State),681,context,management_scale,transnational,FALSE,0
PA_FAP_2020,PA,FAP,2020,FALSE,Pennsylvania (DCNR Bureau of Forestry),Forest Action Plan (State),681,context,management_scale,ecosystem,TRUE,1
PA_FAP_2020,PA,FAP,2020,FALSE,Pennsylvania (DCNR Bureau of Forestry),Forest Action Plan (State),681,context,management_scale,ecoregion,FALSE,0
PA_FAP_2020,PA,FAP,2020,FALSE,Pennsylvania (DCNR Bureau of Forestry),Forest Action Plan (State),681,context,management_scale,province,FALSE,0
PA_FAP_2020,PA,FAP,2020,FALSE,Pennsylvania (DCNR Bureau of Forestry),Forest Action Plan (State),681,context,management_scale,section,FALSE,0
PA_FAP_2020,PA,FAP,2020,FALSE,Pennsylvania (DCNR Bureau of Forestry),Forest Action Plan (State),681,context,management_scale,subsection,FALSE,0
PA_FAP_2020,PA,FAP,2020,FALSE,Pennsylvania (DCNR Bureau of Forestry),Forest Action Plan (State),681,context,management_scale,lake,FALSE,0
PA_FAP_2020,PA,FAP,2020,FALSE,Pennsylvania (DCNR Bureau of Forestry),Forest Action Plan (State),681,context,management_scale,river,FALSE,0
PA_FAP_2020,PA,FAP,2020,FALSE,Pennsylvania (DCNR Bureau of Forestry),Forest Action Plan (State),681,context,management_scale,district,FALSE,0
PA_FAP_2020,PA,FAP,2020,FALSE,Pennsylvania (DCNR Bureau of Forestry),Forest Action Plan (State),681,context,biological_unit_components,species,TRUE,1
PA_FAP_2020,PA,FAP,2020,FALSE,Pennsylvania (DCNR Bureau of Forestry),Forest Action Plan (State),681,context,biological_unit_components,population,FALSE,0
PA_FAP_2020,PA,FAP,2020,FALSE,Pennsylvania (DCNR Bureau of Forestry),Forest Action Plan (State),681,context,biological_unit_components,habitat,TRUE,1
PA_FAP_2020,PA,FAP,2020,FALSE,Pennsylvania (DCNR Bureau of Forestry),Forest Action Plan (State),681,context,biological_unit_components,ecosystem,TRUE,1
PA_FAP_2020,PA,FAP,2020,FALSE,Pennsylvania (DCNR Bureau of Forestry),Forest Action Plan (State),681,context,biological_unit_components,community,TRUE,1
PA_FAP_2020,PA,FAP,2020,FALSE,Pennsylvania (DCNR Bureau of Forestry),Forest Action Plan (State),681,context,biological_unit_components,genotype_phenotype,FALSE,0
PR_FAP_2020,PR,FAP,2020,FALSE,Puerto Rico,State Forest Action Plan,128,concepts,adaptive_capacity_components,demography,FALSE,0
PR_FAP_2020,PR,FAP,2020,FALSE,Puerto Rico,State Forest Action Plan,128,concepts,adaptive_capacity_components,distribution,FALSE,0
PR_FAP_2020,PR,FAP,2020,FALSE,Puerto Rico,State Forest Action Plan,128,concepts,adaptive_capacity_components,movement,TRUE,1
PR_FAP_2020,PR,FAP,2020,FALSE,Puerto Rico,State Forest Action Plan,128,concepts,adaptive_capacity_components,evolutionary_potential,FALSE,0
PR_FAP_2020,PR,FAP,2020,FALSE,Puerto Rico,State Forest Action Plan,128,concepts,adaptive_capacity_components,ecological_dependencies,FALSE,0
PR_FAP_2020,PR,FAP,2020,FALSE,Puerto Rico,State Forest Action Plan,128,concepts,adaptive_capacity_components,abiotic_niche,FALSE,0
PR_FAP_2020,PR,FAP,2020,FALSE,Puerto Rico,State Forest Action Plan,128,concepts,adaptive_capacity_components,life_history,FALSE,0
PR_FAP_2020,PR,FAP,2020,FALSE,Puerto Rico,State Forest Action Plan,128,context,management_scale,local,TRUE,1
PR_FAP_2020,PR,FAP,2020,FALSE,Puerto Rico,State Forest Action Plan,128,context,management_scale,site,TRUE,1
PR_FAP_2020,PR,FAP,2020,FALSE,Puerto Rico,State Forest Action Plan,128,context,management_scale,watershed,TRUE,1
PR_FAP_2020,PR,FAP,2020,FALSE,Puerto Rico,State Forest Action Plan,128,context,management_scale,city,FALSE,0
PR_FAP_2020,PR,FAP,2020,FALSE,Puerto Rico,State Forest Action Plan,128,context,management_scale,county,FALSE,0
PR_FAP_2020,PR,FAP,2020,FALSE,Puerto Rico,State Forest Action Plan,128,context,management_scale,within_state_region,TRUE,1
PR_FAP_2020,PR,FAP,2020,FALSE,Puerto Rico,State Forest Action Plan,128,context,management_scale,state,TRUE,1
PR_FAP_2020,PR,FAP,2020,FALSE,Puerto Rico,State Forest Action Plan,128,context,management_scale,multistate,FALSE,0
PR_FAP_2020,PR,FAP,2020,FALSE,Puerto Rico,State Forest Action Plan,128,context,management_scale,national,TRUE,1
PR_FAP_2020,PR,FAP,2020,FALSE,Puerto Rico,State Forest Action Plan,128,context,management_scale,transnational,FALSE,0
PR_FAP_2020,PR,FAP,2020,FALSE,Puerto Rico,State Forest Action Plan,128,context,management_scale,ecosystem,TRUE,1
PR_FAP_2020,PR,FAP,2020,FALSE,Puerto Rico,State Forest Action Plan,128,context,management_scale,ecoregion,FALSE,0
PR_FAP_2020,PR,FAP,2020,FALSE,Puerto Rico,State Forest Action Plan,128,context,management_scale,province,FALSE,0
PR_FAP_2020,PR,FAP,2020,FALSE,Puerto Rico,State Forest Action Plan,128,context,management_scale,section,FALSE,0
PR_FAP_2020,PR,FAP,2020,FALSE,Puerto Rico,State Forest Action Plan,128,context,management_scale,subsection,FALSE,0
PR_FAP_2020,PR,FAP,2020,FALSE,Puerto Rico,State Forest Action Plan,128,context,management_scale,lake,FALSE,0
PR_FAP_2020,PR,FAP,2020,FALSE,Puerto Rico,State Forest Action Plan,128,context,management_scale,river,TRUE,1
PR_FAP_2020,PR,FAP,2020,FALSE,Puerto Rico,State Forest Action Plan,128,context,management_scale,district,FALSE,0
PR_FAP_2020,PR,FAP,2020,FALSE,Puerto Rico,State Forest Action Plan,128,context,biological_unit_components,species,TRUE,1
PR_FAP_2020,PR,FAP,2020,FALSE,Puerto Rico,State Forest Action Plan,128,context,biological_unit_components,population,TRUE,1
PR_FAP_2020,PR,FAP,2020,FALSE,Puerto Rico,State Forest Action Plan,128,context,biological_unit_components,habitat,TRUE,1
PR_FAP_2020,PR,FAP,2020,FALSE,Puerto Rico,State Forest Action Plan,128,context,biological_unit_components,ecosystem,TRUE,1
PR_FAP_2020,PR,FAP,2020,FALSE,Puerto Rico,State Forest Action Plan,128,context,biological_unit_components,community,TRUE,1
PR_FAP_2020,PR,FAP,2020,FALSE,Puerto Rico,State Forest Action Plan,128,context,biological_unit_components,genotype_phenotype,FALSE,0
PW_FAP_2020,PW,FAP,2020,FALSE,Republic of Palau,Forest Action Plan / Statewide Assessment,174,concepts,adaptive_capacity_components,demography,FALSE,0
PW_FAP_2020,PW,FAP,2020,FALSE,Republic of Palau,Forest Action Plan / Statewide Assessment,174,concepts,adaptive_capacity_components,distribution,FALSE,0
PW_FAP_2020,PW,FAP,2020,FALSE,Republic of Palau,Forest Action Plan / Statewide Assessment,174,concepts,adaptive_capacity_components,movement,FALSE,0
PW_FAP_2020,PW,FAP,2020,FALSE,Republic of Palau,Forest Action Plan / Statewide Assessment,174,concepts,adaptive_capacity_components,evolutionary_potential,FALSE,0
PW_FAP_2020,PW,FAP,2020,FALSE,Republic of Palau,Forest Action Plan / Statewide Assessment,174,concepts,adaptive_capacity_components,ecological_dependencies,FALSE,0
PW_FAP_2020,PW,FAP,2020,FALSE,Republic of Palau,Forest Action Plan / Statewide Assessment,174,concepts,adaptive_capacity_components,abiotic_niche,FALSE,0
PW_FAP_2020,PW,FAP,2020,FALSE,Republic of Palau,Forest Action Plan / Statewide Assessment,174,concepts,adaptive_capacity_components,life_history,FALSE,0
PW_FAP_2020,PW,FAP,2020,FALSE,Republic of Palau,Forest Action Plan / Statewide Assessment,174,context,management_scale,local,TRUE,1
PW_FAP_2020,PW,FAP,2020,FALSE,Republic of Palau,Forest Action Plan / Statewide Assessment,174,context,management_scale,site,TRUE,1
PW_FAP_2020,PW,FAP,2020,FALSE,Republic of Palau,Forest Action Plan / Statewide Assessment,174,context,management_scale,watershed,TRUE,1
PW_FAP_2020,PW,FAP,2020,FALSE,Republic of Palau,Forest Action Plan / Statewide Assessment,174,context,management_scale,city,FALSE,0
PW_FAP_2020,PW,FAP,2020,FALSE,Republic of Palau,Forest Action Plan / Statewide Assessment,174,context,management_scale,county,FALSE,0
PW_FAP_2020,PW,FAP,2020,FALSE,Republic of Palau,Forest Action Plan / Statewide Assessment,174,context,management_scale,within_state_region,TRUE,1
PW_FAP_2020,PW,FAP,2020,FALSE,Republic of Palau,Forest Action Plan / Statewide Assessment,174,context,management_scale,state,TRUE,1
PW_FAP_2020,PW,FAP,2020,FALSE,Republic of Palau,Forest Action Plan / Statewide Assessment,174,context,management_scale,multistate,TRUE,1
PW_FAP_2020,PW,FAP,2020,FALSE,Republic of Palau,Forest Action Plan / Statewide Assessment,174,context,management_scale,national,TRUE,1
PW_FAP_2020,PW,FAP,2020,FALSE,Republic of Palau,Forest Action Plan / Statewide Assessment,174,context,management_scale,transnational,FALSE,0
PW_FAP_2020,PW,FAP,2020,FALSE,Republic of Palau,Forest Action Plan / Statewide Assessment,174,context,management_scale,ecosystem,TRUE,1
PW_FAP_2020,PW,FAP,2020,FALSE,Republic of Palau,Forest Action Plan / Statewide Assessment,174,context,management_scale,ecoregion,FALSE,0
PW_FAP_2020,PW,FAP,2020,FALSE,Republic of Palau,Forest Action Plan / Statewide Assessment,174,context,management_scale,province,FALSE,0
PW_FAP_2020,PW,FAP,2020,FALSE,Republic of Palau,Forest Action Plan / Statewide Assessment,174,context,management_scale,section,FALSE,0
PW_FAP_2020,PW,FAP,2020,FALSE,Republic of Palau,Forest Action Plan / Statewide Assessment,174,context,management_scale,subsection,FALSE,0
PW_FAP_2020,PW,FAP,2020,FALSE,Republic of Palau,Forest Action Plan / Statewide Assessment,174,context,management_scale,lake,TRUE,1
PW_FAP_2020,PW,FAP,2020,FALSE,Republic of Palau,Forest Action Plan / Statewide Assessment,174,context,management_scale,river,TRUE,1
PW_FAP_2020,PW,FAP,2020,FALSE,Republic of Palau,Forest Action Plan / Statewide Assessment,174,context,management_scale,district,FALSE,0
PW_FAP_2020,PW,FAP,2020,FALSE,Republic of Palau,Forest Action Plan / Statewide Assessment,174,context,biological_unit_components,species,TRUE,1
PW_FAP_2020,PW,FAP,2020,FALSE,Republic of Palau,Forest Action Plan / Statewide Assessment,174,context,biological_unit_components,population,FALSE,0
PW_FAP_2020,PW,FAP,2020,FALSE,Republic of Palau,Forest Action Plan / Statewide Assessment,174,context,biological_unit_components,habitat,TRUE,1
PW_FAP_2020,PW,FAP,2020,FALSE,Republic of Palau,Forest Action Plan / Statewide Assessment,174,context,biological_unit_components,ecosystem,TRUE,1
PW_FAP_2020,PW,FAP,2020,FALSE,Republic of Palau,Forest Action Plan / Statewide Assessment,174,context,biological_unit_components,community,FALSE,0
PW_FAP_2020,PW,FAP,2020,FALSE,Republic of Palau,Forest Action Plan / Statewide Assessment,174,context,biological_unit_components,genotype_phenotype,FALSE,0
RI_FAP_2020,RI,FAP,2020,FALSE,Rhode Island,State Forest Action Plan,148,concepts,adaptive_capacity_components,demography,FALSE,0
RI_FAP_2020,RI,FAP,2020,FALSE,Rhode Island,State Forest Action Plan,148,concepts,adaptive_capacity_components,distribution,TRUE,1
RI_FAP_2020,RI,FAP,2020,FALSE,Rhode Island,State Forest Action Plan,148,concepts,adaptive_capacity_components,movement,TRUE,1
RI_FAP_2020,RI,FAP,2020,FALSE,Rhode Island,State Forest Action Plan,148,concepts,adaptive_capacity_components,evolutionary_potential,FALSE,0
RI_FAP_2020,RI,FAP,2020,FALSE,Rhode Island,State Forest Action Plan,148,concepts,adaptive_capacity_components,ecological_dependencies,TRUE,1
RI_FAP_2020,RI,FAP,2020,FALSE,Rhode Island,State Forest Action Plan,148,concepts,adaptive_capacity_components,abiotic_niche,TRUE,1
RI_FAP_2020,RI,FAP,2020,FALSE,Rhode Island,State Forest Action Plan,148,concepts,adaptive_capacity_components,life_history,FALSE,0
RI_FAP_2020,RI,FAP,2020,FALSE,Rhode Island,State Forest Action Plan,148,context,management_scale,local,TRUE,1
RI_FAP_2020,RI,FAP,2020,FALSE,Rhode Island,State Forest Action Plan,148,context,management_scale,site,TRUE,1
RI_FAP_2020,RI,FAP,2020,FALSE,Rhode Island,State Forest Action Plan,148,context,management_scale,watershed,TRUE,1
RI_FAP_2020,RI,FAP,2020,FALSE,Rhode Island,State Forest Action Plan,148,context,management_scale,city,FALSE,0
RI_FAP_2020,RI,FAP,2020,FALSE,Rhode Island,State Forest Action Plan,148,context,management_scale,county,FALSE,0
RI_FAP_2020,RI,FAP,2020,FALSE,Rhode Island,State Forest Action Plan,148,context,management_scale,within_state_region,TRUE,1
RI_FAP_2020,RI,FAP,2020,FALSE,Rhode Island,State Forest Action Plan,148,context,management_scale,state,TRUE,1
RI_FAP_2020,RI,FAP,2020,FALSE,Rhode Island,State Forest Action Plan,148,context,management_scale,multistate,TRUE,1
RI_FAP_2020,RI,FAP,2020,FALSE,Rhode Island,State Forest Action Plan,148,context,management_scale,national,TRUE,1
RI_FAP_2020,RI,FAP,2020,FALSE,Rhode Island,State Forest Action Plan,148,context,management_scale,transnational,FALSE,0
RI_FAP_2020,RI,FAP,2020,FALSE,Rhode Island,State Forest Action Plan,148,context,management_scale,ecosystem,TRUE,1
RI_FAP_2020,RI,FAP,2020,FALSE,Rhode Island,State Forest Action Plan,148,context,management_scale,ecoregion,FALSE,0
RI_FAP_2020,RI,FAP,2020,FALSE,Rhode Island,State Forest Action Plan,148,context,management_scale,province,FALSE,0
RI_FAP_2020,RI,FAP,2020,FALSE,Rhode Island,State Forest Action Plan,148,context,management_scale,section,FALSE,0
RI_FAP_2020,RI,FAP,2020,FALSE,Rhode Island,State Forest Action Plan,148,context,management_scale,subsection,FALSE,0
RI_FAP_2020,RI,FAP,2020,FALSE,Rhode Island,State Forest Action Plan,148,context,management_scale,lake,FALSE,0
RI_FAP_2020,RI,FAP,2020,FALSE,Rhode Island,State Forest Action Plan,148,context,management_scale,river,FALSE,0
RI_FAP_2020,RI,FAP,2020,FALSE,Rhode Island,State Forest Action Plan,148,context,management_scale,district,FALSE,0
RI_FAP_2020,RI,FAP,2020,FALSE,Rhode Island,State Forest Action Plan,148,context,biological_unit_components,species,TRUE,1
RI_FAP_2020,RI,FAP,2020,FALSE,Rhode Island,State Forest Action Plan,148,context,biological_unit_components,population,FALSE,0
RI_FAP_2020,RI,FAP,2020,FALSE,Rhode Island,State Forest Action Plan,148,context,biological_unit_components,habitat,TRUE,1
RI_FAP_2020,RI,FAP,2020,FALSE,Rhode Island,State Forest Action Plan,148,context,biological_unit_components,ecosystem,TRUE,1
RI_FAP_2020,RI,FAP,2020,FALSE,Rhode Island,State Forest Action Plan,148,context,biological_unit_components,community,TRUE,1
RI_FAP_2020,RI,FAP,2020,FALSE,Rhode Island,State Forest Action Plan,148,context,biological_unit_components,genotype_phenotype,FALSE,0
RMI_FAP_2020,RMI,FAP,2020,FALSE,Republic of the Marshall Islands,Forest Action Plan / Agriculture Sector Plan,163,concepts,adaptive_capacity_components,demography,FALSE,0
RMI_FAP_2020,RMI,FAP,2020,FALSE,Republic of the Marshall Islands,Forest Action Plan / Agriculture Sector Plan,163,concepts,adaptive_capacity_components,distribution,FALSE,0
RMI_FAP_2020,RMI,FAP,2020,FALSE,Republic of the Marshall Islands,Forest Action Plan / Agriculture Sector Plan,163,concepts,adaptive_capacity_components,movement,FALSE,0
RMI_FAP_2020,RMI,FAP,2020,FALSE,Republic of the Marshall Islands,Forest Action Plan / Agriculture Sector Plan,163,concepts,adaptive_capacity_components,evolutionary_potential,TRUE,1
RMI_FAP_2020,RMI,FAP,2020,FALSE,Republic of the Marshall Islands,Forest Action Plan / Agriculture Sector Plan,163,concepts,adaptive_capacity_components,ecological_dependencies,FALSE,0
RMI_FAP_2020,RMI,FAP,2020,FALSE,Republic of the Marshall Islands,Forest Action Plan / Agriculture Sector Plan,163,concepts,adaptive_capacity_components,abiotic_niche,TRUE,1
RMI_FAP_2020,RMI,FAP,2020,FALSE,Republic of the Marshall Islands,Forest Action Plan / Agriculture Sector Plan,163,concepts,adaptive_capacity_components,life_history,FALSE,0
RMI_FAP_2020,RMI,FAP,2020,FALSE,Republic of the Marshall Islands,Forest Action Plan / Agriculture Sector Plan,163,context,management_scale,local,TRUE,1
RMI_FAP_2020,RMI,FAP,2020,FALSE,Republic of the Marshall Islands,Forest Action Plan / Agriculture Sector Plan,163,context,management_scale,site,TRUE,1
RMI_FAP_2020,RMI,FAP,2020,FALSE,Republic of the Marshall Islands,Forest Action Plan / Agriculture Sector Plan,163,context,management_scale,watershed,FALSE,0
RMI_FAP_2020,RMI,FAP,2020,FALSE,Republic of the Marshall Islands,Forest Action Plan / Agriculture Sector Plan,163,context,management_scale,city,FALSE,0
RMI_FAP_2020,RMI,FAP,2020,FALSE,Republic of the Marshall Islands,Forest Action Plan / Agriculture Sector Plan,163,context,management_scale,county,FALSE,0
RMI_FAP_2020,RMI,FAP,2020,FALSE,Republic of the Marshall Islands,Forest Action Plan / Agriculture Sector Plan,163,context,management_scale,within_state_region,TRUE,1
RMI_FAP_2020,RMI,FAP,2020,FALSE,Republic of the Marshall Islands,Forest Action Plan / Agriculture Sector Plan,163,context,management_scale,state,TRUE,1
RMI_FAP_2020,RMI,FAP,2020,FALSE,Republic of the Marshall Islands,Forest Action Plan / Agriculture Sector Plan,163,context,management_scale,multistate,FALSE,0
RMI_FAP_2020,RMI,FAP,2020,FALSE,Republic of the Marshall Islands,Forest Action Plan / Agriculture Sector Plan,163,context,management_scale,national,TRUE,1
RMI_FAP_2020,RMI,FAP,2020,FALSE,Republic of the Marshall Islands,Forest Action Plan / Agriculture Sector Plan,163,context,management_scale,transnational,TRUE,1
RMI_FAP_2020,RMI,FAP,2020,FALSE,Republic of the Marshall Islands,Forest Action Plan / Agriculture Sector Plan,163,context,management_scale,ecosystem,TRUE,1
RMI_FAP_2020,RMI,FAP,2020,FALSE,Republic of the Marshall Islands,Forest Action Plan / Agriculture Sector Plan,163,context,management_scale,ecoregion,FALSE,0
RMI_FAP_2020,RMI,FAP,2020,FALSE,Republic of the Marshall Islands,Forest Action Plan / Agriculture Sector Plan,163,context,management_scale,province,FALSE,0
RMI_FAP_2020,RMI,FAP,2020,FALSE,Republic of the Marshall Islands,Forest Action Plan / Agriculture Sector Plan,163,context,management_scale,section,FALSE,0
RMI_FAP_2020,RMI,FAP,2020,FALSE,Republic of the Marshall Islands,Forest Action Plan / Agriculture Sector Plan,163,context,management_scale,subsection,FALSE,0
RMI_FAP_2020,RMI,FAP,2020,FALSE,Republic of the Marshall Islands,Forest Action Plan / Agriculture Sector Plan,163,context,management_scale,lake,FALSE,0
RMI_FAP_2020,RMI,FAP,2020,FALSE,Republic of the Marshall Islands,Forest Action Plan / Agriculture Sector Plan,163,context,management_scale,river,FALSE,0
RMI_FAP_2020,RMI,FAP,2020,FALSE,Republic of the Marshall Islands,Forest Action Plan / Agriculture Sector Plan,163,context,management_scale,district,FALSE,0
RMI_FAP_2020,RMI,FAP,2020,FALSE,Republic of the Marshall Islands,Forest Action Plan / Agriculture Sector Plan,163,context,biological_unit_components,species,TRUE,1
RMI_FAP_2020,RMI,FAP,2020,FALSE,Republic of the Marshall Islands,Forest Action Plan / Agriculture Sector Plan,163,context,biological_unit_components,population,FALSE,0
RMI_FAP_2020,RMI,FAP,2020,FALSE,Republic of the Marshall Islands,Forest Action Plan / Agriculture Sector Plan,163,context,biological_unit_components,habitat,TRUE,1
RMI_FAP_2020,RMI,FAP,2020,FALSE,Republic of the Marshall Islands,Forest Action Plan / Agriculture Sector Plan,163,context,biological_unit_components,ecosystem,TRUE,1
RMI_FAP_2020,RMI,FAP,2020,FALSE,Republic of the Marshall Islands,Forest Action Plan / Agriculture Sector Plan,163,context,biological_unit_components,community,TRUE,1
RMI_FAP_2020,RMI,FAP,2020,FALSE,Republic of the Marshall Islands,Forest Action Plan / Agriculture Sector Plan,163,context,biological_unit_components,genotype_phenotype,FALSE,0
SC_FAP_2020,SC,FAP,2020,FALSE,South Carolina,Forest Action Plan,159,concepts,adaptive_capacity_components,demography,FALSE,0
SC_FAP_2020,SC,FAP,2020,FALSE,South Carolina,Forest Action Plan,159,concepts,adaptive_capacity_components,distribution,TRUE,1
SC_FAP_2020,SC,FAP,2020,FALSE,South Carolina,Forest Action Plan,159,concepts,adaptive_capacity_components,movement,TRUE,1
SC_FAP_2020,SC,FAP,2020,FALSE,South Carolina,Forest Action Plan,159,concepts,adaptive_capacity_components,evolutionary_potential,FALSE,0
SC_FAP_2020,SC,FAP,2020,FALSE,South Carolina,Forest Action Plan,159,concepts,adaptive_capacity_components,ecological_dependencies,TRUE,1
SC_FAP_2020,SC,FAP,2020,FALSE,South Carolina,Forest Action Plan,159,concepts,adaptive_capacity_components,abiotic_niche,TRUE,1
SC_FAP_2020,SC,FAP,2020,FALSE,South Carolina,Forest Action Plan,159,concepts,adaptive_capacity_components,life_history,FALSE,0
SC_FAP_2020,SC,FAP,2020,FALSE,South Carolina,Forest Action Plan,159,context,management_scale,local,TRUE,1
SC_FAP_2020,SC,FAP,2020,FALSE,South Carolina,Forest Action Plan,159,context,management_scale,site,TRUE,1
SC_FAP_2020,SC,FAP,2020,FALSE,South Carolina,Forest Action Plan,159,context,management_scale,watershed,TRUE,1
SC_FAP_2020,SC,FAP,2020,FALSE,South Carolina,Forest Action Plan,159,context,management_scale,city,FALSE,0
SC_FAP_2020,SC,FAP,2020,FALSE,South Carolina,Forest Action Plan,159,context,management_scale,county,TRUE,1
SC_FAP_2020,SC,FAP,2020,FALSE,South Carolina,Forest Action Plan,159,context,management_scale,within_state_region,TRUE,1
SC_FAP_2020,SC,FAP,2020,FALSE,South Carolina,Forest Action Plan,159,context,management_scale,state,TRUE,1
SC_FAP_2020,SC,FAP,2020,FALSE,South Carolina,Forest Action Plan,159,context,management_scale,multistate,TRUE,1
SC_FAP_2020,SC,FAP,2020,FALSE,South Carolina,Forest Action Plan,159,context,management_scale,national,FALSE,0
SC_FAP_2020,SC,FAP,2020,FALSE,South Carolina,Forest Action Plan,159,context,management_scale,transnational,FALSE,0
SC_FAP_2020,SC,FAP,2020,FALSE,South Carolina,Forest Action Plan,159,context,management_scale,ecosystem,TRUE,1
SC_FAP_2020,SC,FAP,2020,FALSE,South Carolina,Forest Action Plan,159,context,management_scale,ecoregion,TRUE,1
SC_FAP_2020,SC,FAP,2020,FALSE,South Carolina,Forest Action Plan,159,context,management_scale,province,FALSE,0
SC_FAP_2020,SC,FAP,2020,FALSE,South Carolina,Forest Action Plan,159,context,management_scale,section,FALSE,0
SC_FAP_2020,SC,FAP,2020,FALSE,South Carolina,Forest Action Plan,159,context,management_scale,subsection,FALSE,0
SC_FAP_2020,SC,FAP,2020,FALSE,South Carolina,Forest Action Plan,159,context,management_scale,lake,FALSE,0
SC_FAP_2020,SC,FAP,2020,FALSE,South Carolina,Forest Action Plan,159,context,management_scale,river,TRUE,1
SC_FAP_2020,SC,FAP,2020,FALSE,South Carolina,Forest Action Plan,159,context,management_scale,district,FALSE,0
SC_FAP_2020,SC,FAP,2020,FALSE,South Carolina,Forest Action Plan,159,context,biological_unit_components,species,TRUE,1
SC_FAP_2020,SC,FAP,2020,FALSE,South Carolina,Forest Action Plan,159,context,biological_unit_components,population,FALSE,0
SC_FAP_2020,SC,FAP,2020,FALSE,South Carolina,Forest Action Plan,159,context,biological_unit_components,habitat,TRUE,1
SC_FAP_2020,SC,FAP,2020,FALSE,South Carolina,Forest Action Plan,159,context,biological_unit_components,ecosystem,TRUE,1
SC_FAP_2020,SC,FAP,2020,FALSE,South Carolina,Forest Action Plan,159,context,biological_unit_components,community,TRUE,1
SC_FAP_2020,SC,FAP,2020,FALSE,South Carolina,Forest Action Plan,159,context,biological_unit_components,genotype_phenotype,FALSE,0
SD_FAP_2020,SD,FAP,2020,FALSE,South Dakota,Forest Action Plan,294,concepts,adaptive_capacity_components,demography,FALSE,0
SD_FAP_2020,SD,FAP,2020,FALSE,South Dakota,Forest Action Plan,294,concepts,adaptive_capacity_components,distribution,FALSE,0
SD_FAP_2020,SD,FAP,2020,FALSE,South Dakota,Forest Action Plan,294,concepts,adaptive_capacity_components,movement,FALSE,0
SD_FAP_2020,SD,FAP,2020,FALSE,South Dakota,Forest Action Plan,294,concepts,adaptive_capacity_components,evolutionary_potential,FALSE,0
SD_FAP_2020,SD,FAP,2020,FALSE,South Dakota,Forest Action Plan,294,concepts,adaptive_capacity_components,ecological_dependencies,FALSE,0
SD_FAP_2020,SD,FAP,2020,FALSE,South Dakota,Forest Action Plan,294,concepts,adaptive_capacity_components,abiotic_niche,FALSE,0
SD_FAP_2020,SD,FAP,2020,FALSE,South Dakota,Forest Action Plan,294,concepts,adaptive_capacity_components,life_history,FALSE,0
SD_FAP_2020,SD,FAP,2020,FALSE,South Dakota,Forest Action Plan,294,context,management_scale,local,FALSE,0
SD_FAP_2020,SD,FAP,2020,FALSE,South Dakota,Forest Action Plan,294,context,management_scale,site,FALSE,0
SD_FAP_2020,SD,FAP,2020,FALSE,South Dakota,Forest Action Plan,294,context,management_scale,watershed,TRUE,1
SD_FAP_2020,SD,FAP,2020,FALSE,South Dakota,Forest Action Plan,294,context,management_scale,city,FALSE,0
SD_FAP_2020,SD,FAP,2020,FALSE,South Dakota,Forest Action Plan,294,context,management_scale,county,FALSE,0
SD_FAP_2020,SD,FAP,2020,FALSE,South Dakota,Forest Action Plan,294,context,management_scale,within_state_region,TRUE,1
SD_FAP_2020,SD,FAP,2020,FALSE,South Dakota,Forest Action Plan,294,context,management_scale,state,TRUE,1
SD_FAP_2020,SD,FAP,2020,FALSE,South Dakota,Forest Action Plan,294,context,management_scale,multistate,TRUE,1
SD_FAP_2020,SD,FAP,2020,FALSE,South Dakota,Forest Action Plan,294,context,management_scale,national,FALSE,0
SD_FAP_2020,SD,FAP,2020,FALSE,South Dakota,Forest Action Plan,294,context,management_scale,transnational,FALSE,0
SD_FAP_2020,SD,FAP,2020,FALSE,South Dakota,Forest Action Plan,294,context,management_scale,ecosystem,TRUE,1
SD_FAP_2020,SD,FAP,2020,FALSE,South Dakota,Forest Action Plan,294,context,management_scale,ecoregion,FALSE,0
SD_FAP_2020,SD,FAP,2020,FALSE,South Dakota,Forest Action Plan,294,context,management_scale,province,FALSE,0
SD_FAP_2020,SD,FAP,2020,FALSE,South Dakota,Forest Action Plan,294,context,management_scale,section,FALSE,0
SD_FAP_2020,SD,FAP,2020,FALSE,South Dakota,Forest Action Plan,294,context,management_scale,subsection,FALSE,0
SD_FAP_2020,SD,FAP,2020,FALSE,South Dakota,Forest Action Plan,294,context,management_scale,lake,FALSE,0
SD_FAP_2020,SD,FAP,2020,FALSE,South Dakota,Forest Action Plan,294,context,management_scale,river,FALSE,0
SD_FAP_2020,SD,FAP,2020,FALSE,South Dakota,Forest Action Plan,294,context,management_scale,district,FALSE,0
SD_FAP_2020,SD,FAP,2020,FALSE,South Dakota,Forest Action Plan,294,context,biological_unit_components,species,FALSE,0
SD_FAP_2020,SD,FAP,2020,FALSE,South Dakota,Forest Action Plan,294,context,biological_unit_components,population,FALSE,0
SD_FAP_2020,SD,FAP,2020,FALSE,South Dakota,Forest Action Plan,294,context,biological_unit_components,habitat,TRUE,1
SD_FAP_2020,SD,FAP,2020,FALSE,South Dakota,Forest Action Plan,294,context,biological_unit_components,ecosystem,FALSE,0
SD_FAP_2020,SD,FAP,2020,FALSE,South Dakota,Forest Action Plan,294,context,biological_unit_components,community,FALSE,0
SD_FAP_2020,SD,FAP,2020,FALSE,South Dakota,Forest Action Plan,294,context,biological_unit_components,genotype_phenotype,FALSE,0
TN_FAP_2020,TN,FAP,2020,FALSE,Tennessee,Forest Action Plan,140,concepts,adaptive_capacity_components,demography,FALSE,0
TN_FAP_2020,TN,FAP,2020,FALSE,Tennessee,Forest Action Plan,140,concepts,adaptive_capacity_components,distribution,TRUE,1
TN_FAP_2020,TN,FAP,2020,FALSE,Tennessee,Forest Action Plan,140,concepts,adaptive_capacity_components,movement,TRUE,1
TN_FAP_2020,TN,FAP,2020,FALSE,Tennessee,Forest Action Plan,140,concepts,adaptive_capacity_components,evolutionary_potential,FALSE,0
TN_FAP_2020,TN,FAP,2020,FALSE,Tennessee,Forest Action Plan,140,concepts,adaptive_capacity_components,ecological_dependencies,FALSE,0
TN_FAP_2020,TN,FAP,2020,FALSE,Tennessee,Forest Action Plan,140,concepts,adaptive_capacity_components,abiotic_niche,TRUE,1
TN_FAP_2020,TN,FAP,2020,FALSE,Tennessee,Forest Action Plan,140,concepts,adaptive_capacity_components,life_history,FALSE,0
TN_FAP_2020,TN,FAP,2020,FALSE,Tennessee,Forest Action Plan,140,context,management_scale,local,FALSE,0
TN_FAP_2020,TN,FAP,2020,FALSE,Tennessee,Forest Action Plan,140,context,management_scale,site,TRUE,1
TN_FAP_2020,TN,FAP,2020,FALSE,Tennessee,Forest Action Plan,140,context,management_scale,watershed,TRUE,1
TN_FAP_2020,TN,FAP,2020,FALSE,Tennessee,Forest Action Plan,140,context,management_scale,city,FALSE,0
TN_FAP_2020,TN,FAP,2020,FALSE,Tennessee,Forest Action Plan,140,context,management_scale,county,TRUE,1
TN_FAP_2020,TN,FAP,2020,FALSE,Tennessee,Forest Action Plan,140,context,management_scale,within_state_region,TRUE,1
TN_FAP_2020,TN,FAP,2020,FALSE,Tennessee,Forest Action Plan,140,context,management_scale,state,TRUE,1
TN_FAP_2020,TN,FAP,2020,FALSE,Tennessee,Forest Action Plan,140,context,management_scale,multistate,TRUE,1
TN_FAP_2020,TN,FAP,2020,FALSE,Tennessee,Forest Action Plan,140,context,management_scale,national,FALSE,0
TN_FAP_2020,TN,FAP,2020,FALSE,Tennessee,Forest Action Plan,140,context,management_scale,transnational,FALSE,0
TN_FAP_2020,TN,FAP,2020,FALSE,Tennessee,Forest Action Plan,140,context,management_scale,ecosystem,TRUE,1
TN_FAP_2020,TN,FAP,2020,FALSE,Tennessee,Forest Action Plan,140,context,management_scale,ecoregion,TRUE,1
TN_FAP_2020,TN,FAP,2020,FALSE,Tennessee,Forest Action Plan,140,context,management_scale,province,FALSE,0
TN_FAP_2020,TN,FAP,2020,FALSE,Tennessee,Forest Action Plan,140,context,management_scale,section,FALSE,0
TN_FAP_2020,TN,FAP,2020,FALSE,Tennessee,Forest Action Plan,140,context,management_scale,subsection,FALSE,0
TN_FAP_2020,TN,FAP,2020,FALSE,Tennessee,Forest Action Plan,140,context,management_scale,lake,FALSE,0
TN_FAP_2020,TN,FAP,2020,FALSE,Tennessee,Forest Action Plan,140,context,management_scale,river,FALSE,0
TN_FAP_2020,TN,FAP,2020,FALSE,Tennessee,Forest Action Plan,140,context,management_scale,district,TRUE,1
TN_FAP_2020,TN,FAP,2020,FALSE,Tennessee,Forest Action Plan,140,context,biological_unit_components,species,TRUE,1
TN_FAP_2020,TN,FAP,2020,FALSE,Tennessee,Forest Action Plan,140,context,biological_unit_components,population,TRUE,1
TN_FAP_2020,TN,FAP,2020,FALSE,Tennessee,Forest Action Plan,140,context,biological_unit_components,habitat,TRUE,1
TN_FAP_2020,TN,FAP,2020,FALSE,Tennessee,Forest Action Plan,140,context,biological_unit_components,ecosystem,TRUE,1
TN_FAP_2020,TN,FAP,2020,FALSE,Tennessee,Forest Action Plan,140,context,biological_unit_components,community,FALSE,0
TN_FAP_2020,TN,FAP,2020,FALSE,Tennessee,Forest Action Plan,140,context,biological_unit_components,genotype_phenotype,FALSE,0
TX_FAP_2020,TX,FAP,2020,FALSE,Texas (Texas A&M Forest Service),Forest Action Plan,292,concepts,adaptive_capacity_components,demography,FALSE,0
TX_FAP_2020,TX,FAP,2020,FALSE,Texas (Texas A&M Forest Service),Forest Action Plan,292,concepts,adaptive_capacity_components,distribution,TRUE,1
TX_FAP_2020,TX,FAP,2020,FALSE,Texas (Texas A&M Forest Service),Forest Action Plan,292,concepts,adaptive_capacity_components,movement,FALSE,0
TX_FAP_2020,TX,FAP,2020,FALSE,Texas (Texas A&M Forest Service),Forest Action Plan,292,concepts,adaptive_capacity_components,evolutionary_potential,FALSE,0
TX_FAP_2020,TX,FAP,2020,FALSE,Texas (Texas A&M Forest Service),Forest Action Plan,292,concepts,adaptive_capacity_components,ecological_dependencies,FALSE,0
TX_FAP_2020,TX,FAP,2020,FALSE,Texas (Texas A&M Forest Service),Forest Action Plan,292,concepts,adaptive_capacity_components,abiotic_niche,TRUE,1
TX_FAP_2020,TX,FAP,2020,FALSE,Texas (Texas A&M Forest Service),Forest Action Plan,292,concepts,adaptive_capacity_components,life_history,FALSE,0
TX_FAP_2020,TX,FAP,2020,FALSE,Texas (Texas A&M Forest Service),Forest Action Plan,292,context,management_scale,local,TRUE,1
TX_FAP_2020,TX,FAP,2020,FALSE,Texas (Texas A&M Forest Service),Forest Action Plan,292,context,management_scale,site,TRUE,1
TX_FAP_2020,TX,FAP,2020,FALSE,Texas (Texas A&M Forest Service),Forest Action Plan,292,context,management_scale,watershed,TRUE,1
TX_FAP_2020,TX,FAP,2020,FALSE,Texas (Texas A&M Forest Service),Forest Action Plan,292,context,management_scale,city,TRUE,1
TX_FAP_2020,TX,FAP,2020,FALSE,Texas (Texas A&M Forest Service),Forest Action Plan,292,context,management_scale,county,TRUE,1
TX_FAP_2020,TX,FAP,2020,FALSE,Texas (Texas A&M Forest Service),Forest Action Plan,292,context,management_scale,within_state_region,TRUE,1
TX_FAP_2020,TX,FAP,2020,FALSE,Texas (Texas A&M Forest Service),Forest Action Plan,292,context,management_scale,state,TRUE,1
TX_FAP_2020,TX,FAP,2020,FALSE,Texas (Texas A&M Forest Service),Forest Action Plan,292,context,management_scale,multistate,TRUE,1
TX_FAP_2020,TX,FAP,2020,FALSE,Texas (Texas A&M Forest Service),Forest Action Plan,292,context,management_scale,national,TRUE,1
TX_FAP_2020,TX,FAP,2020,FALSE,Texas (Texas A&M Forest Service),Forest Action Plan,292,context,management_scale,transnational,FALSE,0
TX_FAP_2020,TX,FAP,2020,FALSE,Texas (Texas A&M Forest Service),Forest Action Plan,292,context,management_scale,ecosystem,TRUE,1
TX_FAP_2020,TX,FAP,2020,FALSE,Texas (Texas A&M Forest Service),Forest Action Plan,292,context,management_scale,ecoregion,TRUE,1
TX_FAP_2020,TX,FAP,2020,FALSE,Texas (Texas A&M Forest Service),Forest Action Plan,292,context,management_scale,province,FALSE,0
TX_FAP_2020,TX,FAP,2020,FALSE,Texas (Texas A&M Forest Service),Forest Action Plan,292,context,management_scale,section,FALSE,0
TX_FAP_2020,TX,FAP,2020,FALSE,Texas (Texas A&M Forest Service),Forest Action Plan,292,context,management_scale,subsection,FALSE,0
TX_FAP_2020,TX,FAP,2020,FALSE,Texas (Texas A&M Forest Service),Forest Action Plan,292,context,management_scale,lake,FALSE,0
TX_FAP_2020,TX,FAP,2020,FALSE,Texas (Texas A&M Forest Service),Forest Action Plan,292,context,management_scale,river,TRUE,1
TX_FAP_2020,TX,FAP,2020,FALSE,Texas (Texas A&M Forest Service),Forest Action Plan,292,context,management_scale,district,FALSE,0
TX_FAP_2020,TX,FAP,2020,FALSE,Texas (Texas A&M Forest Service),Forest Action Plan,292,context,biological_unit_components,species,TRUE,1
TX_FAP_2020,TX,FAP,2020,FALSE,Texas (Texas A&M Forest Service),Forest Action Plan,292,context,biological_unit_components,population,TRUE,1
TX_FAP_2020,TX,FAP,2020,FALSE,Texas (Texas A&M Forest Service),Forest Action Plan,292,context,biological_unit_components,habitat,TRUE,1
TX_FAP_2020,TX,FAP,2020,FALSE,Texas (Texas A&M Forest Service),Forest Action Plan,292,context,biological_unit_components,ecosystem,TRUE,1
TX_FAP_2020,TX,FAP,2020,FALSE,Texas (Texas A&M Forest Service),Forest Action Plan,292,context,biological_unit_components,community,FALSE,0
TX_FAP_2020,TX,FAP,2020,FALSE,Texas (Texas A&M Forest Service),Forest Action Plan,292,context,biological_unit_components,genotype_phenotype,FALSE,0
USVI_FAP_2010,USVI,FAP,2010,FALSE,U.S. Virgin Islands,Statewide Forest Resource Assessment and Strategy,107,concepts,adaptive_capacity_components,demography,FALSE,0
USVI_FAP_2010,USVI,FAP,2010,FALSE,U.S. Virgin Islands,Statewide Forest Resource Assessment and Strategy,107,concepts,adaptive_capacity_components,distribution,FALSE,0
USVI_FAP_2010,USVI,FAP,2010,FALSE,U.S. Virgin Islands,Statewide Forest Resource Assessment and Strategy,107,concepts,adaptive_capacity_components,movement,FALSE,0
USVI_FAP_2010,USVI,FAP,2010,FALSE,U.S. Virgin Islands,Statewide Forest Resource Assessment and Strategy,107,concepts,adaptive_capacity_components,evolutionary_potential,FALSE,0
USVI_FAP_2010,USVI,FAP,2010,FALSE,U.S. Virgin Islands,Statewide Forest Resource Assessment and Strategy,107,concepts,adaptive_capacity_components,ecological_dependencies,FALSE,0
USVI_FAP_2010,USVI,FAP,2010,FALSE,U.S. Virgin Islands,Statewide Forest Resource Assessment and Strategy,107,concepts,adaptive_capacity_components,abiotic_niche,FALSE,0
USVI_FAP_2010,USVI,FAP,2010,FALSE,U.S. Virgin Islands,Statewide Forest Resource Assessment and Strategy,107,concepts,adaptive_capacity_components,life_history,FALSE,0
USVI_FAP_2010,USVI,FAP,2010,FALSE,U.S. Virgin Islands,Statewide Forest Resource Assessment and Strategy,107,context,management_scale,local,TRUE,1
USVI_FAP_2010,USVI,FAP,2010,FALSE,U.S. Virgin Islands,Statewide Forest Resource Assessment and Strategy,107,context,management_scale,site,TRUE,1
USVI_FAP_2010,USVI,FAP,2010,FALSE,U.S. Virgin Islands,Statewide Forest Resource Assessment and Strategy,107,context,management_scale,watershed,TRUE,1
USVI_FAP_2010,USVI,FAP,2010,FALSE,U.S. Virgin Islands,Statewide Forest Resource Assessment and Strategy,107,context,management_scale,city,FALSE,0
USVI_FAP_2010,USVI,FAP,2010,FALSE,U.S. Virgin Islands,Statewide Forest Resource Assessment and Strategy,107,context,management_scale,county,FALSE,0
USVI_FAP_2010,USVI,FAP,2010,FALSE,U.S. Virgin Islands,Statewide Forest Resource Assessment and Strategy,107,context,management_scale,within_state_region,TRUE,1
USVI_FAP_2010,USVI,FAP,2010,FALSE,U.S. Virgin Islands,Statewide Forest Resource Assessment and Strategy,107,context,management_scale,state,TRUE,1
USVI_FAP_2010,USVI,FAP,2010,FALSE,U.S. Virgin Islands,Statewide Forest Resource Assessment and Strategy,107,context,management_scale,multistate,FALSE,0
USVI_FAP_2010,USVI,FAP,2010,FALSE,U.S. Virgin Islands,Statewide Forest Resource Assessment and Strategy,107,context,management_scale,national,TRUE,1
USVI_FAP_2010,USVI,FAP,2010,FALSE,U.S. Virgin Islands,Statewide Forest Resource Assessment and Strategy,107,context,management_scale,transnational,TRUE,1
USVI_FAP_2010,USVI,FAP,2010,FALSE,U.S. Virgin Islands,Statewide Forest Resource Assessment and Strategy,107,context,management_scale,ecosystem,TRUE,1
USVI_FAP_2010,USVI,FAP,2010,FALSE,U.S. Virgin Islands,Statewide Forest Resource Assessment and Strategy,107,context,management_scale,ecoregion,FALSE,0
USVI_FAP_2010,USVI,FAP,2010,FALSE,U.S. Virgin Islands,Statewide Forest Resource Assessment and Strategy,107,context,management_scale,province,FALSE,0
USVI_FAP_2010,USVI,FAP,2010,FALSE,U.S. Virgin Islands,Statewide Forest Resource Assessment and Strategy,107,context,management_scale,section,FALSE,0
USVI_FAP_2010,USVI,FAP,2010,FALSE,U.S. Virgin Islands,Statewide Forest Resource Assessment and Strategy,107,context,management_scale,subsection,FALSE,0
USVI_FAP_2010,USVI,FAP,2010,FALSE,U.S. Virgin Islands,Statewide Forest Resource Assessment and Strategy,107,context,management_scale,lake,FALSE,0
USVI_FAP_2010,USVI,FAP,2010,FALSE,U.S. Virgin Islands,Statewide Forest Resource Assessment and Strategy,107,context,management_scale,river,FALSE,0
USVI_FAP_2010,USVI,FAP,2010,FALSE,U.S. Virgin Islands,Statewide Forest Resource Assessment and Strategy,107,context,management_scale,district,FALSE,0
USVI_FAP_2010,USVI,FAP,2010,FALSE,U.S. Virgin Islands,Statewide Forest Resource Assessment and Strategy,107,context,biological_unit_components,species,TRUE,1
USVI_FAP_2010,USVI,FAP,2010,FALSE,U.S. Virgin Islands,Statewide Forest Resource Assessment and Strategy,107,context,biological_unit_components,population,FALSE,0
USVI_FAP_2010,USVI,FAP,2010,FALSE,U.S. Virgin Islands,Statewide Forest Resource Assessment and Strategy,107,context,biological_unit_components,habitat,TRUE,1
USVI_FAP_2010,USVI,FAP,2010,FALSE,U.S. Virgin Islands,Statewide Forest Resource Assessment and Strategy,107,context,biological_unit_components,ecosystem,TRUE,1
USVI_FAP_2010,USVI,FAP,2010,FALSE,U.S. Virgin Islands,Statewide Forest Resource Assessment and Strategy,107,context,biological_unit_components,community,FALSE,0
USVI_FAP_2010,USVI,FAP,2010,FALSE,U.S. Virgin Islands,Statewide Forest Resource Assessment and Strategy,107,context,biological_unit_components,genotype_phenotype,FALSE,0
UT_FAP_2020,UT,FAP,2020,FALSE,Utah,State Forest Action Plan,231,concepts,adaptive_capacity_components,demography,FALSE,0
UT_FAP_2020,UT,FAP,2020,FALSE,Utah,State Forest Action Plan,231,concepts,adaptive_capacity_components,distribution,FALSE,0
UT_FAP_2020,UT,FAP,2020,FALSE,Utah,State Forest Action Plan,231,concepts,adaptive_capacity_components,movement,TRUE,1
UT_FAP_2020,UT,FAP,2020,FALSE,Utah,State Forest Action Plan,231,concepts,adaptive_capacity_components,evolutionary_potential,FALSE,0
UT_FAP_2020,UT,FAP,2020,FALSE,Utah,State Forest Action Plan,231,concepts,adaptive_capacity_components,ecological_dependencies,FALSE,0
UT_FAP_2020,UT,FAP,2020,FALSE,Utah,State Forest Action Plan,231,concepts,adaptive_capacity_components,abiotic_niche,FALSE,0
UT_FAP_2020,UT,FAP,2020,FALSE,Utah,State Forest Action Plan,231,concepts,adaptive_capacity_components,life_history,FALSE,0
UT_FAP_2020,UT,FAP,2020,FALSE,Utah,State Forest Action Plan,231,context,management_scale,local,TRUE,1
UT_FAP_2020,UT,FAP,2020,FALSE,Utah,State Forest Action Plan,231,context,management_scale,site,FALSE,0
UT_FAP_2020,UT,FAP,2020,FALSE,Utah,State Forest Action Plan,231,context,management_scale,watershed,TRUE,1
UT_FAP_2020,UT,FAP,2020,FALSE,Utah,State Forest Action Plan,231,context,management_scale,city,FALSE,0
UT_FAP_2020,UT,FAP,2020,FALSE,Utah,State Forest Action Plan,231,context,management_scale,county,TRUE,1
UT_FAP_2020,UT,FAP,2020,FALSE,Utah,State Forest Action Plan,231,context,management_scale,within_state_region,TRUE,1
UT_FAP_2020,UT,FAP,2020,FALSE,Utah,State Forest Action Plan,231,context,management_scale,state,TRUE,1
UT_FAP_2020,UT,FAP,2020,FALSE,Utah,State Forest Action Plan,231,context,management_scale,multistate,TRUE,1
UT_FAP_2020,UT,FAP,2020,FALSE,Utah,State Forest Action Plan,231,context,management_scale,national,TRUE,1
UT_FAP_2020,UT,FAP,2020,FALSE,Utah,State Forest Action Plan,231,context,management_scale,transnational,FALSE,0
UT_FAP_2020,UT,FAP,2020,FALSE,Utah,State Forest Action Plan,231,context,management_scale,ecosystem,TRUE,1
UT_FAP_2020,UT,FAP,2020,FALSE,Utah,State Forest Action Plan,231,context,management_scale,ecoregion,TRUE,1
UT_FAP_2020,UT,FAP,2020,FALSE,Utah,State Forest Action Plan,231,context,management_scale,province,TRUE,1
UT_FAP_2020,UT,FAP,2020,FALSE,Utah,State Forest Action Plan,231,context,management_scale,section,FALSE,0
UT_FAP_2020,UT,FAP,2020,FALSE,Utah,State Forest Action Plan,231,context,management_scale,subsection,FALSE,0
UT_FAP_2020,UT,FAP,2020,FALSE,Utah,State Forest Action Plan,231,context,management_scale,lake,FALSE,0
UT_FAP_2020,UT,FAP,2020,FALSE,Utah,State Forest Action Plan,231,context,management_scale,river,TRUE,1
UT_FAP_2020,UT,FAP,2020,FALSE,Utah,State Forest Action Plan,231,context,management_scale,district,FALSE,0
UT_FAP_2020,UT,FAP,2020,FALSE,Utah,State Forest Action Plan,231,context,biological_unit_components,species,TRUE,1
UT_FAP_2020,UT,FAP,2020,FALSE,Utah,State Forest Action Plan,231,context,biological_unit_components,population,FALSE,0
UT_FAP_2020,UT,FAP,2020,FALSE,Utah,State Forest Action Plan,231,context,biological_unit_components,habitat,TRUE,1
UT_FAP_2020,UT,FAP,2020,FALSE,Utah,State Forest Action Plan,231,context,biological_unit_components,ecosystem,TRUE,1
UT_FAP_2020,UT,FAP,2020,FALSE,Utah,State Forest Action Plan,231,context,biological_unit_components,community,FALSE,0
UT_FAP_2020,UT,FAP,2020,FALSE,Utah,State Forest Action Plan,231,context,biological_unit_components,genotype_phenotype,FALSE,0
VA_FAP_2020,VA,FAP,2020,FALSE,Virginia (VDOF),State Forest Action Plan,191,concepts,adaptive_capacity_components,demography,FALSE,0
VA_FAP_2020,VA,FAP,2020,FALSE,Virginia (VDOF),State Forest Action Plan,191,concepts,adaptive_capacity_components,distribution,TRUE,1
VA_FAP_2020,VA,FAP,2020,FALSE,Virginia (VDOF),State Forest Action Plan,191,concepts,adaptive_capacity_components,movement,TRUE,1
VA_FAP_2020,VA,FAP,2020,FALSE,Virginia (VDOF),State Forest Action Plan,191,concepts,adaptive_capacity_components,evolutionary_potential,FALSE,0
VA_FAP_2020,VA,FAP,2020,FALSE,Virginia (VDOF),State Forest Action Plan,191,concepts,adaptive_capacity_components,ecological_dependencies,FALSE,0
VA_FAP_2020,VA,FAP,2020,FALSE,Virginia (VDOF),State Forest Action Plan,191,concepts,adaptive_capacity_components,abiotic_niche,TRUE,1
VA_FAP_2020,VA,FAP,2020,FALSE,Virginia (VDOF),State Forest Action Plan,191,concepts,adaptive_capacity_components,life_history,FALSE,0
VA_FAP_2020,VA,FAP,2020,FALSE,Virginia (VDOF),State Forest Action Plan,191,context,management_scale,local,TRUE,1
VA_FAP_2020,VA,FAP,2020,FALSE,Virginia (VDOF),State Forest Action Plan,191,context,management_scale,site,TRUE,1
VA_FAP_2020,VA,FAP,2020,FALSE,Virginia (VDOF),State Forest Action Plan,191,context,management_scale,watershed,TRUE,1
VA_FAP_2020,VA,FAP,2020,FALSE,Virginia (VDOF),State Forest Action Plan,191,context,management_scale,city,FALSE,0
VA_FAP_2020,VA,FAP,2020,FALSE,Virginia (VDOF),State Forest Action Plan,191,context,management_scale,county,TRUE,1
VA_FAP_2020,VA,FAP,2020,FALSE,Virginia (VDOF),State Forest Action Plan,191,context,management_scale,within_state_region,TRUE,1
VA_FAP_2020,VA,FAP,2020,FALSE,Virginia (VDOF),State Forest Action Plan,191,context,management_scale,state,TRUE,1
VA_FAP_2020,VA,FAP,2020,FALSE,Virginia (VDOF),State Forest Action Plan,191,context,management_scale,multistate,TRUE,1
VA_FAP_2020,VA,FAP,2020,FALSE,Virginia (VDOF),State Forest Action Plan,191,context,management_scale,national,TRUE,1
VA_FAP_2020,VA,FAP,2020,FALSE,Virginia (VDOF),State Forest Action Plan,191,context,management_scale,transnational,FALSE,0
VA_FAP_2020,VA,FAP,2020,FALSE,Virginia (VDOF),State Forest Action Plan,191,context,management_scale,ecosystem,TRUE,1
VA_FAP_2020,VA,FAP,2020,FALSE,Virginia (VDOF),State Forest Action Plan,191,context,management_scale,ecoregion,FALSE,0
VA_FAP_2020,VA,FAP,2020,FALSE,Virginia (VDOF),State Forest Action Plan,191,context,management_scale,province,FALSE,0
VA_FAP_2020,VA,FAP,2020,FALSE,Virginia (VDOF),State Forest Action Plan,191,context,management_scale,section,FALSE,0
VA_FAP_2020,VA,FAP,2020,FALSE,Virginia (VDOF),State Forest Action Plan,191,context,management_scale,subsection,FALSE,0
VA_FAP_2020,VA,FAP,2020,FALSE,Virginia (VDOF),State Forest Action Plan,191,context,management_scale,lake,FALSE,0
VA_FAP_2020,VA,FAP,2020,FALSE,Virginia (VDOF),State Forest Action Plan,191,context,management_scale,river,TRUE,1
VA_FAP_2020,VA,FAP,2020,FALSE,Virginia (VDOF),State Forest Action Plan,191,context,management_scale,district,FALSE,0
VA_FAP_2020,VA,FAP,2020,FALSE,Virginia (VDOF),State Forest Action Plan,191,context,biological_unit_components,species,TRUE,1
VA_FAP_2020,VA,FAP,2020,FALSE,Virginia (VDOF),State Forest Action Plan,191,context,biological_unit_components,population,FALSE,0
VA_FAP_2020,VA,FAP,2020,FALSE,Virginia (VDOF),State Forest Action Plan,191,context,biological_unit_components,habitat,TRUE,1
VA_FAP_2020,VA,FAP,2020,FALSE,Virginia (VDOF),State Forest Action Plan,191,context,biological_unit_components,ecosystem,TRUE,1
VA_FAP_2020,VA,FAP,2020,FALSE,Virginia (VDOF),State Forest Action Plan,191,context,biological_unit_components,community,FALSE,0
VA_FAP_2020,VA,FAP,2020,FALSE,Virginia (VDOF),State Forest Action Plan,191,context,biological_unit_components,genotype_phenotype,FALSE,0
WA_FAP_2025,WA,FAP,2025,FALSE,Washington State (DNR),Forest Action Plan / State Forest Action Plan,156,concepts,adaptive_capacity_components,demography,FALSE,0
WA_FAP_2025,WA,FAP,2025,FALSE,Washington State (DNR),Forest Action Plan / State Forest Action Plan,156,concepts,adaptive_capacity_components,distribution,TRUE,1
WA_FAP_2025,WA,FAP,2025,FALSE,Washington State (DNR),Forest Action Plan / State Forest Action Plan,156,concepts,adaptive_capacity_components,movement,TRUE,1
WA_FAP_2025,WA,FAP,2025,FALSE,Washington State (DNR),Forest Action Plan / State Forest Action Plan,156,concepts,adaptive_capacity_components,evolutionary_potential,TRUE,1
WA_FAP_2025,WA,FAP,2025,FALSE,Washington State (DNR),Forest Action Plan / State Forest Action Plan,156,concepts,adaptive_capacity_components,ecological_dependencies,TRUE,1
WA_FAP_2025,WA,FAP,2025,FALSE,Washington State (DNR),Forest Action Plan / State Forest Action Plan,156,concepts,adaptive_capacity_components,abiotic_niche,TRUE,1
WA_FAP_2025,WA,FAP,2025,FALSE,Washington State (DNR),Forest Action Plan / State Forest Action Plan,156,concepts,adaptive_capacity_components,life_history,FALSE,0
WA_FAP_2025,WA,FAP,2025,FALSE,Washington State (DNR),Forest Action Plan / State Forest Action Plan,156,context,management_scale,local,FALSE,0
WA_FAP_2025,WA,FAP,2025,FALSE,Washington State (DNR),Forest Action Plan / State Forest Action Plan,156,context,management_scale,site,TRUE,1
WA_FAP_2025,WA,FAP,2025,FALSE,Washington State (DNR),Forest Action Plan / State Forest Action Plan,156,context,management_scale,watershed,TRUE,1
WA_FAP_2025,WA,FAP,2025,FALSE,Washington State (DNR),Forest Action Plan / State Forest Action Plan,156,context,management_scale,city,FALSE,0
WA_FAP_2025,WA,FAP,2025,FALSE,Washington State (DNR),Forest Action Plan / State Forest Action Plan,156,context,management_scale,county,TRUE,1
WA_FAP_2025,WA,FAP,2025,FALSE,Washington State (DNR),Forest Action Plan / State Forest Action Plan,156,context,management_scale,within_state_region,TRUE,1
WA_FAP_2025,WA,FAP,2025,FALSE,Washington State (DNR),Forest Action Plan / State Forest Action Plan,156,context,management_scale,state,TRUE,1
WA_FAP_2025,WA,FAP,2025,FALSE,Washington State (DNR),Forest Action Plan / State Forest Action Plan,156,context,management_scale,multistate,TRUE,1
WA_FAP_2025,WA,FAP,2025,FALSE,Washington State (DNR),Forest Action Plan / State Forest Action Plan,156,context,management_scale,national,FALSE,0
WA_FAP_2025,WA,FAP,2025,FALSE,Washington State (DNR),Forest Action Plan / State Forest Action Plan,156,context,management_scale,transnational,FALSE,0
WA_FAP_2025,WA,FAP,2025,FALSE,Washington State (DNR),Forest Action Plan / State Forest Action Plan,156,context,management_scale,ecosystem,TRUE,1
WA_FAP_2025,WA,FAP,2025,FALSE,Washington State (DNR),Forest Action Plan / State Forest Action Plan,156,context,management_scale,ecoregion,FALSE,0
WA_FAP_2025,WA,FAP,2025,FALSE,Washington State (DNR),Forest Action Plan / State Forest Action Plan,156,context,management_scale,province,FALSE,0
WA_FAP_2025,WA,FAP,2025,FALSE,Washington State (DNR),Forest Action Plan / State Forest Action Plan,156,context,management_scale,section,FALSE,0
WA_FAP_2025,WA,FAP,2025,FALSE,Washington State (DNR),Forest Action Plan / State Forest Action Plan,156,context,management_scale,subsection,FALSE,0
WA_FAP_2025,WA,FAP,2025,FALSE,Washington State (DNR),Forest Action Plan / State Forest Action Plan,156,context,management_scale,lake,FALSE,0
WA_FAP_2025,WA,FAP,2025,FALSE,Washington State (DNR),Forest Action Plan / State Forest Action Plan,156,context,management_scale,river,FALSE,0
WA_FAP_2025,WA,FAP,2025,FALSE,Washington State (DNR),Forest Action Plan / State Forest Action Plan,156,context,management_scale,district,FALSE,0
WA_FAP_2025,WA,FAP,2025,FALSE,Washington State (DNR),Forest Action Plan / State Forest Action Plan,156,context,biological_unit_components,species,TRUE,1
WA_FAP_2025,WA,FAP,2025,FALSE,Washington State (DNR),Forest Action Plan / State Forest Action Plan,156,context,biological_unit_components,population,FALSE,0
WA_FAP_2025,WA,FAP,2025,FALSE,Washington State (DNR),Forest Action Plan / State Forest Action Plan,156,context,biological_unit_components,habitat,TRUE,1
WA_FAP_2025,WA,FAP,2025,FALSE,Washington State (DNR),Forest Action Plan / State Forest Action Plan,156,context,biological_unit_components,ecosystem,TRUE,1
WA_FAP_2025,WA,FAP,2025,FALSE,Washington State (DNR),Forest Action Plan / State Forest Action Plan,156,context,biological_unit_components,community,TRUE,1
WA_FAP_2025,WA,FAP,2025,FALSE,Washington State (DNR),Forest Action Plan / State Forest Action Plan,156,context,biological_unit_components,genotype_phenotype,FALSE,0
WI_FAP_2020,WI,FAP,2020,FALSE,Wisconsin,Statewide Forest Action Plan,186,concepts,adaptive_capacity_components,demography,FALSE,0
WI_FAP_2020,WI,FAP,2020,FALSE,Wisconsin,Statewide Forest Action Plan,186,concepts,adaptive_capacity_components,distribution,TRUE,1
WI_FAP_2020,WI,FAP,2020,FALSE,Wisconsin,Statewide Forest Action Plan,186,concepts,adaptive_capacity_components,movement,TRUE,1
WI_FAP_2020,WI,FAP,2020,FALSE,Wisconsin,Statewide Forest Action Plan,186,concepts,adaptive_capacity_components,evolutionary_potential,TRUE,1
WI_FAP_2020,WI,FAP,2020,FALSE,Wisconsin,Statewide Forest Action Plan,186,concepts,adaptive_capacity_components,ecological_dependencies,FALSE,0
WI_FAP_2020,WI,FAP,2020,FALSE,Wisconsin,Statewide Forest Action Plan,186,concepts,adaptive_capacity_components,abiotic_niche,TRUE,1
WI_FAP_2020,WI,FAP,2020,FALSE,Wisconsin,Statewide Forest Action Plan,186,concepts,adaptive_capacity_components,life_history,FALSE,0
WI_FAP_2020,WI,FAP,2020,FALSE,Wisconsin,Statewide Forest Action Plan,186,context,management_scale,local,FALSE,0
WI_FAP_2020,WI,FAP,2020,FALSE,Wisconsin,Statewide Forest Action Plan,186,context,management_scale,site,FALSE,0
WI_FAP_2020,WI,FAP,2020,FALSE,Wisconsin,Statewide Forest Action Plan,186,context,management_scale,watershed,FALSE,0
WI_FAP_2020,WI,FAP,2020,FALSE,Wisconsin,Statewide Forest Action Plan,186,context,management_scale,city,FALSE,0
WI_FAP_2020,WI,FAP,2020,FALSE,Wisconsin,Statewide Forest Action Plan,186,context,management_scale,county,TRUE,1
WI_FAP_2020,WI,FAP,2020,FALSE,Wisconsin,Statewide Forest Action Plan,186,context,management_scale,within_state_region,TRUE,1
WI_FAP_2020,WI,FAP,2020,FALSE,Wisconsin,Statewide Forest Action Plan,186,context,management_scale,state,TRUE,1
WI_FAP_2020,WI,FAP,2020,FALSE,Wisconsin,Statewide Forest Action Plan,186,context,management_scale,multistate,TRUE,1
WI_FAP_2020,WI,FAP,2020,FALSE,Wisconsin,Statewide Forest Action Plan,186,context,management_scale,national,FALSE,0
WI_FAP_2020,WI,FAP,2020,FALSE,Wisconsin,Statewide Forest Action Plan,186,context,management_scale,transnational,FALSE,0
WI_FAP_2020,WI,FAP,2020,FALSE,Wisconsin,Statewide Forest Action Plan,186,context,management_scale,ecosystem,TRUE,1
WI_FAP_2020,WI,FAP,2020,FALSE,Wisconsin,Statewide Forest Action Plan,186,context,management_scale,ecoregion,TRUE,1
WI_FAP_2020,WI,FAP,2020,FALSE,Wisconsin,Statewide Forest Action Plan,186,context,management_scale,province,FALSE,0
WI_FAP_2020,WI,FAP,2020,FALSE,Wisconsin,Statewide Forest Action Plan,186,context,management_scale,section,FALSE,0
WI_FAP_2020,WI,FAP,2020,FALSE,Wisconsin,Statewide Forest Action Plan,186,context,management_scale,subsection,FALSE,0
WI_FAP_2020,WI,FAP,2020,FALSE,Wisconsin,Statewide Forest Action Plan,186,context,management_scale,lake,FALSE,0
WI_FAP_2020,WI,FAP,2020,FALSE,Wisconsin,Statewide Forest Action Plan,186,context,management_scale,river,FALSE,0
WI_FAP_2020,WI,FAP,2020,FALSE,Wisconsin,Statewide Forest Action Plan,186,context,management_scale,district,FALSE,0
WI_FAP_2020,WI,FAP,2020,FALSE,Wisconsin,Statewide Forest Action Plan,186,context,biological_unit_components,species,TRUE,1
WI_FAP_2020,WI,FAP,2020,FALSE,Wisconsin,Statewide Forest Action Plan,186,context,biological_unit_components,population,FALSE,0
WI_FAP_2020,WI,FAP,2020,FALSE,Wisconsin,Statewide Forest Action Plan,186,context,biological_unit_components,habitat,TRUE,1
WI_FAP_2020,WI,FAP,2020,FALSE,Wisconsin,Statewide Forest Action Plan,186,context,biological_unit_components,ecosystem,TRUE,1
WI_FAP_2020,WI,FAP,2020,FALSE,Wisconsin,Statewide Forest Action Plan,186,context,biological_unit_components,community,TRUE,1
WI_FAP_2020,WI,FAP,2020,FALSE,Wisconsin,Statewide Forest Action Plan,186,context,biological_unit_components,genotype_phenotype,FALSE,0
WV_FAP_2020,WV,FAP,2020,FALSE,West Virginia Division of Forestry (WVDOF),State Forest Action Plan,331,concepts,adaptive_capacity_components,demography,FALSE,0
WV_FAP_2020,WV,FAP,2020,FALSE,West Virginia Division of Forestry (WVDOF),State Forest Action Plan,331,concepts,adaptive_capacity_components,distribution,FALSE,0
WV_FAP_2020,WV,FAP,2020,FALSE,West Virginia Division of Forestry (WVDOF),State Forest Action Plan,331,concepts,adaptive_capacity_components,movement,FALSE,0
WV_FAP_2020,WV,FAP,2020,FALSE,West Virginia Division of Forestry (WVDOF),State Forest Action Plan,331,concepts,adaptive_capacity_components,evolutionary_potential,FALSE,0
WV_FAP_2020,WV,FAP,2020,FALSE,West Virginia Division of Forestry (WVDOF),State Forest Action Plan,331,concepts,adaptive_capacity_components,ecological_dependencies,FALSE,0
WV_FAP_2020,WV,FAP,2020,FALSE,West Virginia Division of Forestry (WVDOF),State Forest Action Plan,331,concepts,adaptive_capacity_components,abiotic_niche,FALSE,0
WV_FAP_2020,WV,FAP,2020,FALSE,West Virginia Division of Forestry (WVDOF),State Forest Action Plan,331,concepts,adaptive_capacity_components,life_history,FALSE,0
WV_FAP_2020,WV,FAP,2020,FALSE,West Virginia Division of Forestry (WVDOF),State Forest Action Plan,331,context,management_scale,local,FALSE,0
WV_FAP_2020,WV,FAP,2020,FALSE,West Virginia Division of Forestry (WVDOF),State Forest Action Plan,331,context,management_scale,site,FALSE,0
WV_FAP_2020,WV,FAP,2020,FALSE,West Virginia Division of Forestry (WVDOF),State Forest Action Plan,331,context,management_scale,watershed,TRUE,1
WV_FAP_2020,WV,FAP,2020,FALSE,West Virginia Division of Forestry (WVDOF),State Forest Action Plan,331,context,management_scale,city,FALSE,0
WV_FAP_2020,WV,FAP,2020,FALSE,West Virginia Division of Forestry (WVDOF),State Forest Action Plan,331,context,management_scale,county,FALSE,0
WV_FAP_2020,WV,FAP,2020,FALSE,West Virginia Division of Forestry (WVDOF),State Forest Action Plan,331,context,management_scale,within_state_region,FALSE,0
WV_FAP_2020,WV,FAP,2020,FALSE,West Virginia Division of Forestry (WVDOF),State Forest Action Plan,331,context,management_scale,state,TRUE,1
WV_FAP_2020,WV,FAP,2020,FALSE,West Virginia Division of Forestry (WVDOF),State Forest Action Plan,331,context,management_scale,multistate,TRUE,1
WV_FAP_2020,WV,FAP,2020,FALSE,West Virginia Division of Forestry (WVDOF),State Forest Action Plan,331,context,management_scale,national,FALSE,0
WV_FAP_2020,WV,FAP,2020,FALSE,West Virginia Division of Forestry (WVDOF),State Forest Action Plan,331,context,management_scale,transnational,FALSE,0
WV_FAP_2020,WV,FAP,2020,FALSE,West Virginia Division of Forestry (WVDOF),State Forest Action Plan,331,context,management_scale,ecosystem,FALSE,0
WV_FAP_2020,WV,FAP,2020,FALSE,West Virginia Division of Forestry (WVDOF),State Forest Action Plan,331,context,management_scale,ecoregion,FALSE,0
WV_FAP_2020,WV,FAP,2020,FALSE,West Virginia Division of Forestry (WVDOF),State Forest Action Plan,331,context,management_scale,province,FALSE,0
WV_FAP_2020,WV,FAP,2020,FALSE,West Virginia Division of Forestry (WVDOF),State Forest Action Plan,331,context,management_scale,section,FALSE,0
WV_FAP_2020,WV,FAP,2020,FALSE,West Virginia Division of Forestry (WVDOF),State Forest Action Plan,331,context,management_scale,subsection,FALSE,0
WV_FAP_2020,WV,FAP,2020,FALSE,West Virginia Division of Forestry (WVDOF),State Forest Action Plan,331,context,management_scale,lake,FALSE,0
WV_FAP_2020,WV,FAP,2020,FALSE,West Virginia Division of Forestry (WVDOF),State Forest Action Plan,331,context,management_scale,river,FALSE,0
WV_FAP_2020,WV,FAP,2020,FALSE,West Virginia Division of Forestry (WVDOF),State Forest Action Plan,331,context,management_scale,district,FALSE,0
WV_FAP_2020,WV,FAP,2020,FALSE,West Virginia Division of Forestry (WVDOF),State Forest Action Plan,331,context,biological_unit_components,species,FALSE,0
WV_FAP_2020,WV,FAP,2020,FALSE,West Virginia Division of Forestry (WVDOF),State Forest Action Plan,331,context,biological_unit_components,population,FALSE,0
WV_FAP_2020,WV,FAP,2020,FALSE,West Virginia Division of Forestry (WVDOF),State Forest Action Plan,331,context,biological_unit_components,habitat,TRUE,1
WV_FAP_2020,WV,FAP,2020,FALSE,West Virginia Division of Forestry (WVDOF),State Forest Action Plan,331,context,biological_unit_components,ecosystem,FALSE,0
WV_FAP_2020,WV,FAP,2020,FALSE,West Virginia Division of Forestry (WVDOF),State Forest Action Plan,331,context,biological_unit_components,community,FALSE,0
WV_FAP_2020,WV,FAP,2020,FALSE,West Virginia Division of Forestry (WVDOF),State Forest Action Plan,331,context,biological_unit_components,genotype_phenotype,FALSE,0
WY_FAP_2020,WY,FAP,2020,FALSE,Wyoming,Forest Action Plan,233,concepts,adaptive_capacity_components,demography,FALSE,0
WY_FAP_2020,WY,FAP,2020,FALSE,Wyoming,Forest Action Plan,233,concepts,adaptive_capacity_components,distribution,TRUE,1
WY_FAP_2020,WY,FAP,2020,FALSE,Wyoming,Forest Action Plan,233,concepts,adaptive_capacity_components,movement,FALSE,0
WY_FAP_2020,WY,FAP,2020,FALSE,Wyoming,Forest Action Plan,233,concepts,adaptive_capacity_components,evolutionary_potential,FALSE,0
WY_FAP_2020,WY,FAP,2020,FALSE,Wyoming,Forest Action Plan,233,concepts,adaptive_capacity_components,ecological_dependencies,FALSE,0
WY_FAP_2020,WY,FAP,2020,FALSE,Wyoming,Forest Action Plan,233,concepts,adaptive_capacity_components,abiotic_niche,TRUE,1
WY_FAP_2020,WY,FAP,2020,FALSE,Wyoming,Forest Action Plan,233,concepts,adaptive_capacity_components,life_history,FALSE,0
WY_FAP_2020,WY,FAP,2020,FALSE,Wyoming,Forest Action Plan,233,context,management_scale,local,TRUE,1
WY_FAP_2020,WY,FAP,2020,FALSE,Wyoming,Forest Action Plan,233,context,management_scale,site,TRUE,1
WY_FAP_2020,WY,FAP,2020,FALSE,Wyoming,Forest Action Plan,233,context,management_scale,watershed,TRUE,1
WY_FAP_2020,WY,FAP,2020,FALSE,Wyoming,Forest Action Plan,233,context,management_scale,city,FALSE,0
WY_FAP_2020,WY,FAP,2020,FALSE,Wyoming,Forest Action Plan,233,context,management_scale,county,TRUE,1
WY_FAP_2020,WY,FAP,2020,FALSE,Wyoming,Forest Action Plan,233,context,management_scale,within_state_region,TRUE,1
WY_FAP_2020,WY,FAP,2020,FALSE,Wyoming,Forest Action Plan,233,context,management_scale,state,TRUE,1
WY_FAP_2020,WY,FAP,2020,FALSE,Wyoming,Forest Action Plan,233,context,management_scale,multistate,TRUE,1
WY_FAP_2020,WY,FAP,2020,FALSE,Wyoming,Forest Action Plan,233,context,management_scale,national,FALSE,0
WY_FAP_2020,WY,FAP,2020,FALSE,Wyoming,Forest Action Plan,233,context,management_scale,transnational,FALSE,0
WY_FAP_2020,WY,FAP,2020,FALSE,Wyoming,Forest Action Plan,233,context,management_scale,ecosystem,TRUE,1
WY_FAP_2020,WY,FAP,2020,FALSE,Wyoming,Forest Action Plan,233,context,management_scale,ecoregion,TRUE,1
WY_FAP_2020,WY,FAP,2020,FALSE,Wyoming,Forest Action Plan,233,context,management_scale,province,TRUE,1
WY_FAP_2020,WY,FAP,2020,FALSE,Wyoming,Forest Action Plan,233,context,management_scale,section,FALSE,0
WY_FAP_2020,WY,FAP,2020,FALSE,Wyoming,Forest Action Plan,233,context,management_scale,subsection,FALSE,0
WY_FAP_2020,WY,FAP,2020,FALSE,Wyoming,Forest Action Plan,233,context,management_scale,lake,FALSE,0
WY_FAP_2020,WY,FAP,2020,FALSE,Wyoming,Forest Action Plan,233,context,management_scale,river,TRUE,1
WY_FAP_2020,WY,FAP,2020,FALSE,Wyoming,Forest Action Plan,233,context,management_scale,district,FALSE,0
WY_FAP_2020,WY,FAP,2020,FALSE,Wyoming,Forest Action Plan,233,context,biological_unit_components,species,TRUE,1
WY_FAP_2020,WY,FAP,2020,FALSE,Wyoming,Forest Action Plan,233,context,biological_unit_components,population,FALSE,0
WY_FAP_2020,WY,FAP,2020,FALSE,Wyoming,Forest Action Plan,233,context,biological_unit_components,habitat,TRUE,1
WY_FAP_2020,WY,FAP,2020,FALSE,Wyoming,Forest Action Plan,233,context,biological_unit_components,ecosystem,TRUE,1
WY_FAP_2020,WY,FAP,2020,FALSE,Wyoming,Forest Action Plan,233,context,biological_unit_components,community,TRUE,1
WY_FAP_2020,WY,FAP,2020,FALSE,Wyoming,Forest Action Plan,233,context,biological_unit_components,genotype_phenotype,FALSE,0
