doc_id,juris,doc_type,year,draft,jurisdiction,document_type,page_count,theme,element,category,value,quote,location,sub_component
AK_FAP_2020,AK,FAP,2020,FALSE,"Alaska (State of Alaska, Department of Natural Resources, Division of Forestry)",Forest Action Plan,115,concepts,climate_vulnerability,NA,2,"Climate change has already altered the structure and function of Alaska's boreal and coastal forests, and greater alterations are projected (Wolken et al. 2011) In the boreal forest, the main climate drivers are surface air temperature and precipitation, which interact with biophysical factors including wildland fire, permafrost thaw, snow and ice, insects and disease, and invasive species (Wolken et al. 2011).",Climate change,exposure
AK_FAP_2020,AK,FAP,2020,FALSE,"Alaska (State of Alaska, Department of Natural Resources, Division of Forestry)",Forest Action Plan,115,concepts,climate_vulnerability,NA,2,"Climate change is a crossover threat with the State Wildlife Action Plan. According to the State Wildlife Action Plan, of particular concern is that climate-induced vegetation change may cause the boreal forest to expand into tundra on the northern edge, while being replaced by grasslands at the southern edge. The State Wildlife Action Plan identifies climate change as the most impactful threat to wildlife, especially at the northern edge of the continent where niches are not just shifting, they are disappearing.",Climate change and fish and wildlife habitat,exposure
AK_FAP_2020,AK,FAP,2020,FALSE,"Alaska (State of Alaska, Department of Natural Resources, Division of Forestry)",Forest Action Plan,115,concepts,climate_vulnerability,NA,2,"The changing climate may also result in increased stress on the native trees, leading to higher susceptibility to insect attacks (Vose et al 2018) and increased geographic suitability for invasive threats (Lipton et al. 2018).",Climate change and forest health,exposure
AK_FAP_2020,AK,FAP,2020,FALSE,"Alaska (State of Alaska, Department of Natural Resources, Division of Forestry)",Forest Action Plan,115,concepts,adaptive_capacity_specificity,NA,1,Ecological niches for displaced flora and fauna may develop naturally or through assisted migration.,Climate change and forest management,NA
AK_FAP_2020,AK,FAP,2020,FALSE,"Alaska (State of Alaska, Department of Natural Resources, Division of Forestry)",Forest Action Plan,115,concepts,adaptive_capacity_components,distribution,TRUE,"of particular concern is that climate-induced vegetation change may cause the boreal forest to expand into tundra on the northern edge, while being replaced by grasslands at the southern edge. The State Wildlife Action Plan identifies climate change as the most impactful threat to wildlife, especially at the northern edge of the continent where niches are not just shifting, they are disappearing.",Climate change and fish and wildlife habitat,NA
AK_FAP_2020,AK,FAP,2020,FALSE,"Alaska (State of Alaska, Department of Natural Resources, Division of Forestry)",Forest Action Plan,115,concepts,adaptive_capacity_components,movement,TRUE,Ecological niches for displaced flora and fauna may develop naturally or through assisted migration.,Climate change and forest management,NA
AK_FAP_2020,AK,FAP,2020,FALSE,"Alaska (State of Alaska, Department of Natural Resources, Division of Forestry)",Forest Action Plan,115,concepts,adaptive_capacity_components,ecological_dependencies,TRUE,"Coniferous forest types may shift, , and with that, a shift in associated forest pests may occur (Bentz et al 2010).",Climate change and forest health,NA
AK_FAP_2020,AK,FAP,2020,FALSE,"Alaska (State of Alaska, Department of Natural Resources, Division of Forestry)",Forest Action Plan,115,concepts,adaptive_capacity_components,abiotic_niche,TRUE,"Yellow-cedar decline has long impacted the yellow-cedar stands of Southeast Alaska and is directly connected to decreased early spring snowpack, which allows uninsulated fine roots to freeze, ultimately killing the tree.",Climate change and forest health,NA
AK_FAP_2020,AK,FAP,2020,FALSE,"Alaska (State of Alaska, Department of Natural Resources, Division of Forestry)",Forest Action Plan,115,concepts,adaptive_capacity_components,life_history,TRUE,"In Alaska, studies have shown that increased temperatures can decrease the time it takes for spruce beetles to complete their lifecycles, which can lead to rapid population increases (Werner & Holsten 1985, Hansen et al. 2001) and consecutive warm summers can lead to intense spruce beetle outbreaks (Berg et al 2006).",Climate change and forest health,NA
AK_FAP_2020,AK,FAP,2020,FALSE,"Alaska (State of Alaska, Department of Natural Resources, Division of Forestry)",Forest Action Plan,115,concepts,connectivity,NA,1,Guideline 2c: Identify landscape connectivity beneficial to wide-ranging species.,Strategies to Conserve and Manage Working Forest Landscapes,NA
AK_FAP_2020,AK,FAP,2020,FALSE,"Alaska (State of Alaska, Department of Natural Resources, Division of Forestry)",Forest Action Plan,115,concepts,connectivity,NA,1,Guideline 1a: Describe habitat features and their landscape connectivity to the extent possible from existing environmental data and use this information in forest planning.,Strategies to Conserve and Manage Working Forest Landscapes,NA
AK_FAP_2020,AK,FAP,2020,FALSE,"Alaska (State of Alaska, Department of Natural Resources, Division of Forestry)",Forest Action Plan,115,tools,climate_models,NA,1,"Under projected climate scenarios, this could increase by 8 to 27% by the end of the 21 st century, depending on forest management.",Carbon Storage,NA
AK_FAP_2020,AK,FAP,2020,FALSE,"Alaska (State of Alaska, Department of Natural Resources, Division of Forestry)",Forest Action Plan,115,tools,climate_models,NA,1,"Because of increases in fire frequency, the area of late successional boreal forest landcover is expected to decrease, while the area in early successional hardwood forest is expected to increase (Rupp et al. 2016).",Climate change,NA
AK_FAP_2020,AK,FAP,2020,FALSE,"Alaska (State of Alaska, Department of Natural Resources, Division of Forestry)",Forest Action Plan,115,context,management_scale,local,TRUE,Community Wildfire Protection Plans (CWPPs) identify prevention needs such as hazardous fuel reduction projects to reduce the risk of wildfire impacts,Community Wildfire Protection Plans (CWPPs),NA
AK_FAP_2020,AK,FAP,2020,FALSE,"Alaska (State of Alaska, Department of Natural Resources, Division of Forestry)",Forest Action Plan,115,context,management_scale,site,TRUE,Monitoring and individual site or 'point' protection consistent with agency policy are typical strategies.,Levels of Protection,NA
AK_FAP_2020,AK,FAP,2020,FALSE,"Alaska (State of Alaska, Department of Natural Resources, Division of Forestry)",Forest Action Plan,115,context,management_scale,watershed,TRUE,Forests in Priority Watersheds are healthy and being sustained,Evaluating Implementation of the Forest Action Plan,NA
AK_FAP_2020,AK,FAP,2020,FALSE,"Alaska (State of Alaska, Department of Natural Resources, Division of Forestry)",Forest Action Plan,115,context,management_scale,within_state_region,TRUE,"The 2020 Alaska Forest Action Plan categorizes Alaska's forest into coastal forest and boreal forest, with the transitional forest in Southcentral categorized as boreal forest.",Alaska's Forests,NA
AK_FAP_2020,AK,FAP,2020,FALSE,"Alaska (State of Alaska, Department of Natural Resources, Division of Forestry)",Forest Action Plan,115,context,management_scale,state,TRUE,"The overriding purpose of the Alaska Forest Action Plan is to efficiently guide the use of federal, state, local, and private funding to conserve Alaska's forest resources",National State and Private Forestry Priorities,NA
AK_FAP_2020,AK,FAP,2020,FALSE,"Alaska (State of Alaska, Department of Natural Resources, Division of Forestry)",Forest Action Plan,115,context,management_scale,multistate,TRUE,"The Northwest Wildland Fire Protection Agreement (P.L. 105-377), known as the Northwest Compact, promotes cooperation by State, Provincial, and Territorial wildland fire protection agencies to prevent, suppress, and control wildland fires. The members of the Northwest Compact are Alaska, Yukon Territory, British Columbia, Alberta, Washington, Idaho, Montana, and Oregon.",Multi-state areas that are a regional priority,NA
AK_FAP_2020,AK,FAP,2020,FALSE,"Alaska (State of Alaska, Department of Natural Resources, Division of Forestry)",Forest Action Plan,115,context,management_scale,national,TRUE,A new State Forest Action Plan is required by the 2008 Farm Bill every 10 years.,Executive Summary,NA
AK_FAP_2020,AK,FAP,2020,FALSE,"Alaska (State of Alaska, Department of Natural Resources, Division of Forestry)",Forest Action Plan,115,context,management_scale,transnational,TRUE,"Alaska and the Yukon Territory collaborate on wood energy opportunities, including through the Alaska-Yukon Wood Energy Conference. Forest health managers in Alaska and British Columbia coordinate information regarding spruce beetle outbreaks",Multi-state areas that are a regional priority,NA
AK_FAP_2020,AK,FAP,2020,FALSE,"Alaska (State of Alaska, Department of Natural Resources, Division of Forestry)",Forest Action Plan,115,context,management_scale,ecosystem,TRUE,"The boreal forest covers about one-third of Alaska, or 110 million acres, from the Kenai Peninsula in the south to the Brooks Range in the north",Boreal forest,NA
AK_FAP_2020,AK,FAP,2020,FALSE,"Alaska (State of Alaska, Department of Natural Resources, Division of Forestry)",Forest Action Plan,115,context,management_scale,ecoregion,TRUE,the forested ecoregions (Nowacki et al. 2001) were used to filter forested versus non-forested areas.,Priority Landscape Area,NA
AK_FAP_2020,AK,FAP,2020,FALSE,"Alaska (State of Alaska, Department of Natural Resources, Division of Forestry)",Forest Action Plan,115,context,management_scale,river,TRUE,"Wild and Scenic River corridors, as well as lands managed under a multiple use, sustained yield mandate",Bureau of Land Management Lands,NA
AK_FAP_2020,AK,FAP,2020,FALSE,"Alaska (State of Alaska, Department of Natural Resources, Division of Forestry)",Forest Action Plan,115,context,biological_unit_score,NA,2,"of particular concern is that climate-induced vegetation change may cause the boreal forest to expand into tundra on the northern edge, while being replaced by grasslands at the southern edge.",Climate change and fish and wildlife habitat,ecosystem/community
AK_FAP_2020,AK,FAP,2020,FALSE,"Alaska (State of Alaska, Department of Natural Resources, Division of Forestry)",Forest Action Plan,115,context,biological_unit_score,NA,2,"Coniferous forest types may shift, , and with that, a shift in associated forest pests may occur (Bentz et al 2010).",Climate change and forest health,species
AK_FAP_2020,AK,FAP,2020,FALSE,"Alaska (State of Alaska, Department of Natural Resources, Division of Forestry)",Forest Action Plan,115,context,biological_unit_components,species,TRUE,"Yellow-cedar decline has long impacted the yellow-cedar stands of Southeast Alaska and is directly connected to decreased early spring snowpack, which allows uninsulated fine roots to freeze, ultimately killing the tree.",Climate change and forest health,NA
AK_FAP_2020,AK,FAP,2020,FALSE,"Alaska (State of Alaska, Department of Natural Resources, Division of Forestry)",Forest Action Plan,115,context,biological_unit_components,habitat,TRUE,"Climate change is a crossover threat with the State Wildlife Action Plan. According to the State Wildlife Action Plan, of particular concern is that climate-induced vegetation change may cause the boreal forest to expand into tundra on the northern edge, while being replaced by grasslands at the southern edge.",Climate change and fish and wildlife habitat,NA
AK_FAP_2020,AK,FAP,2020,FALSE,"Alaska (State of Alaska, Department of Natural Resources, Division of Forestry)",Forest Action Plan,115,context,biological_unit_components,ecosystem,TRUE,"Climate change has already altered the structure and function of Alaska's boreal and coastal forests, and greater alterations are projected (Wolken et al. 2011)",Climate change,NA
AK_FAP_2020,AK,FAP,2020,FALSE,"Alaska (State of Alaska, Department of Natural Resources, Division of Forestry)",Forest Action Plan,115,context,biological_unit_components,community,TRUE,"Because of increases in fire frequency, the area of late successional boreal forest landcover is expected to decrease, while the area in early successional hardwood forest is expected to increase (Rupp et al. 2016). Decreased spruce growth is also expected. In some areas boreal forest could shift to grassland or shrubland.",Climate change,NA
AK_FAP_2020,AK,FAP,2020,FALSE,"Alaska (State of Alaska, Department of Natural Resources, Division of Forestry)",Forest Action Plan,115,context,partnerships_and_funding,NA,1,"Over $1 million in federal funds are infused annually into the state economy through these programs. In addition, local governments and organizations contribute matching funds for projects.",Cooperative Forestry Programs,NA
AK_FAP_2020,AK,FAP,2020,FALSE,"Alaska (State of Alaska, Department of Natural Resources, Division of Forestry)",Forest Action Plan,115,context,partnerships_and_funding,NA,1,"Partners are one of the main resources needed by the State Forester to implement the Forest Action Plan...Partners include, but are not limited to, federal agencies, state and local governments, soil and water conservation districts, organized partnerships, nonprofit organizations, volunteers and community-based organizations, academic institutions, tribal governments, Alaska Native Corporations, and professional and trade associations.",Partners,NA
AK_FAP_2020,AK,FAP,2020,FALSE,"Alaska (State of Alaska, Department of Natural Resources, Division of Forestry)",Forest Action Plan,115,context,climate_threat_habitat_degradation,NA,1,"Climate change can dramatically change the structure and distribution of permafrost, which in turn can change surface hydrology...climate change is expected to result in drying in the boreal region. Because of increases in fire frequency, the area of late successional boreal forest landcover is expected to decrease",Climate change,NA
AK_FAP_2020,AK,FAP,2020,FALSE,"Alaska (State of Alaska, Department of Natural Resources, Division of Forestry)",Forest Action Plan,115,context,climate_threat_species_vital_rates,NA,1,"Yellow-cedar decline has long impacted the yellow-cedar stands of Southeast Alaska and is directly connected to decreased early spring snowpack, which allows uninsulated fine roots to freeze, ultimately killing the tree.",Climate change and forest health,NA
AK_FAP_2020,AK,FAP,2020,FALSE,"Alaska (State of Alaska, Department of Natural Resources, Division of Forestry)",Forest Action Plan,115,context,climate_threat_biotic_stressors,NA,1,"Climate change creates conditions that are more hospitable to some non-native plants and forest insects and causes land disturbance that provides for easier establishment of invasive plants (Wolken et al. 2011). In the Interior, several invasive plant species are known to invade newly burned areas, which means the projected increase in area burned and severity of wildfire in the boreal forest may increase the spread of invasive species over wider areas.",Climate change and invasive species,NA
AK_FAP_2020,AK,FAP,2020,FALSE,"Alaska (State of Alaska, Department of Natural Resources, Division of Forestry)",Forest Action Plan,115,actions,priority_habitat_identification,NA,2,"While all of Alaska's forest provides benefits for wildlife, fish, and people, in order to focus limited funding resources, a Priority Landscape Area has been identified as providing the most opportunities to maximize the benefits of forests and combat the threats facing forests.",Priority Landscape Area,NA
AK_FAP_2020,AK,FAP,2020,FALSE,"Alaska (State of Alaska, Department of Natural Resources, Division of Forestry)",Forest Action Plan,115,actions,priority_habitat_identification,NA,2,GIS overlay analysis was used to determine the Priority Landscape Area using the selected GIS layers.,Priority Landscape Area / GIS methodology,NA
AK_FAP_2020,AK,FAP,2020,FALSE,"Alaska (State of Alaska, Department of Natural Resources, Division of Forestry)",Forest Action Plan,115,actions,targeted_range_shift_actions,NA,1,Ecological niches for displaced flora and fauna may develop naturally or through assisted migration.,Climate change and forest management,NA
AK_FAP_2020,AK,FAP,2020,FALSE,"Alaska (State of Alaska, Department of Natural Resources, Division of Forestry)",Forest Action Plan,115,actions,time_bound_and_monitoring,NA,1,Principle 5. Consider best practices for wildlife habitat conservation in managed forest as hypotheses that can be verified for effectiveness and adjusted over time using an adaptive management approach to optimize desired outcomes for both forests and wildlife.,Strategies to Conserve and Manage Working Forest Landscapes,NA
AK_FAP_2020,AK,FAP,2020,FALSE,"Alaska (State of Alaska, Department of Natural Resources, Division of Forestry)",Forest Action Plan,115,actions,evidence_of_efficacy,NA,2,"In Alaska, studies have shown that increased temperatures can decrease the time it takes for spruce beetles to complete their lifecycles, which can lead to rapid population increases (Werner & Holsten 1985, Hansen et al. 2001) and consecutive warm summers can lead to intense spruce beetle outbreaks (Berg et al 2006).",Climate change and forest health,NA
AK_FAP_2020,AK,FAP,2020,FALSE,"Alaska (State of Alaska, Department of Natural Resources, Division of Forestry)",Forest Action Plan,115,actions,evidence_of_efficacy,NA,2,"A single-year MCH-based tree protection research project was completed in partnership with the USDA Forest Service Rocky Mountain Research Station, and the results were published in the Journal of Economic Entomology in 2019 (Hansen et al. 2019). The MCH-based treatments were coupled with tree host scents of maple trees. The combination was successful in the Rocky Mountains, but the treatments were not found to effectively protect white spruce from spruce beetle attack in Alaska.",Testing New Tools to Manage Spruce Beetle in Alaska,NA
AK_FAP_2020,AK,FAP,2020,FALSE,"Alaska (State of Alaska, Department of Natural Resources, Division of Forestry)",Forest Action Plan,115,actions,adaptation_planning_frameworks,NA,1,Principle 5. Consider best practices for wildlife habitat conservation in managed forest as hypotheses that can be verified for effectiveness and adjusted over time using an adaptive management approach to optimize desired outcomes for both forests and wildlife.,Strategies to Conserve and Manage Working Forest Landscapes,NA
AL_FAP_2020,AL,FAP,2020,FALSE,Alabama,Forest Action Plan,104,concepts,climate_vulnerability,NA,1,"Forest pests such as destructive insects, infectious diseases, invasive species, incinerating wildfires, natural disasters, and climatic variations can all impact the existence of a thriving forest environment.",Forest Health (Chapter 1),NA
AL_FAP_2020,AL,FAP,2020,FALSE,Alabama,Forest Action Plan,104,concepts,connectivity,NA,1,"Habitat fragmentation is the process of dividing a contiguous area of natural habitat into smaller, more isolated patches. Patches are separated by lands that are either degraded or transformed by land use change, which limits ecological interactions among patches.",Forest Fragmentation (Chapter 3),NA
AL_FAP_2020,AL,FAP,2020,FALSE,Alabama,Forest Action Plan,104,context,management_scale,local,TRUE,"Because services are delivered and tracked at the county level, it would be most effective to set Priority Areas at the county level.",Chapter 4 – Establishment of Priority Areas,NA
AL_FAP_2020,AL,FAP,2020,FALSE,Alabama,Forest Action Plan,104,context,management_scale,county,TRUE,"Priority Areas were set at the county level using input from stakeholders, past threat occurrence, and the Southern Forest Land Assessment. There were 13 categories included in the threat matrix to develop the areas of highest priority.",Chapter 4 – Establishment of Priority Areas,NA
AL_FAP_2020,AL,FAP,2020,FALSE,Alabama,Forest Action Plan,104,context,management_scale,within_state_region,TRUE,Those employed in authoring the last Forest Action Plan located four areas where the nature of the threats involved necessitated multi-state cooperation to address the threat.,Multi-State Priority Areas (Chapter 4),NA
AL_FAP_2020,AL,FAP,2020,FALSE,Alabama,Forest Action Plan,104,context,management_scale,state,TRUE,"The Plan is an effort to examine current conditions, trends, threats, and strategies for the AFC to use as a guide to ensure healthy Alabama forests into the future.",Stakeholder Engagement (Executive Summary),NA
AL_FAP_2020,AL,FAP,2020,FALSE,Alabama,Forest Action Plan,104,context,management_scale,multistate,TRUE,"Multi-state Landscape Scale Restoration grants create the best opportunity for cross-state partnerships. While action has been devoted to addressing these threats over the last 10 years, these threats are such that continued action, often at the region level, is required to bring about successful outcomes.",Multi-State Priority Areas (Chapter 4),NA
AL_FAP_2020,AL,FAP,2020,FALSE,Alabama,Forest Action Plan,104,context,biological_unit_score,NA,2,"Threatened and endangered species and candidate species, such as gopher tortoise (threatened and candidate in different areas), red-cockaded woodpecker (endangered), and the endemic red hills salamander (threatened), tend to have very specific habitat needs that often must be actively managed if these species are to be conserved.",Loss of Ecosystem Services (Chapter 3),species
AL_FAP_2020,AL,FAP,2020,FALSE,Alabama,Forest Action Plan,104,context,biological_unit_score,NA,2,"A healthy longleaf ecosystem needs viable populations of overstory longleaf pine trees, native understory vegetation, and native fauna.",Multi-State Priority Area: Longleaf Pine (Chapter 4),habitat/ecosystem
AL_FAP_2020,AL,FAP,2020,FALSE,Alabama,Forest Action Plan,104,context,biological_unit_components,species,TRUE,"Threatened and endangered species and candidate species, such as gopher tortoise (threatened and candidate in different areas), red-cockaded woodpecker (endangered), and the endemic red hills salamander (threatened), tend to have very specific habitat needs.",Loss of Ecosystem Services (Chapter 3),NA
AL_FAP_2020,AL,FAP,2020,FALSE,Alabama,Forest Action Plan,104,context,biological_unit_components,habitat,TRUE,"A healthy longleaf ecosystem needs viable populations of overstory longleaf pine trees, native understory vegetation, and native fauna.",Multi-State Priority Area: Longleaf Pine (Chapter 4),NA
AL_FAP_2020,AL,FAP,2020,FALSE,Alabama,Forest Action Plan,104,context,biological_unit_components,ecosystem,TRUE,"Alabama's 50 forest types are more broadly defined within seven major forest type groups. The 'loblolly pine/ shortleaf pine' forest is the single most extensive, occupying 9.2 million acres of timberland.",Forest Types (Chapter 1),NA
AL_FAP_2020,AL,FAP,2020,FALSE,Alabama,Forest Action Plan,104,context,partnerships_and_funding,NA,1,"Over the life of this document, the AFC will actively pursue grant funding opportunities and partnerships that are consistent with its overall mission and will further goals associated with the threat of forest fragmentation.","Forest Fragmentation (Chapter 4, Long-term Strategies)",NA
AL_FAP_2020,AL,FAP,2020,FALSE,Alabama,Forest Action Plan,104,context,climate_threat_habitat_degradation,NA,1,"These differences among species groups may alter the composition of Alabama forests if drought episodes become more frequent and/or intense in the future. Because stand conditions can have significant effects on drought responses, forest management may be used as a tool to mitigate drought effects.","Drought (Chapter 2, Adverse Weather Events)",NA
AL_FAP_2020,AL,FAP,2020,FALSE,Alabama,Forest Action Plan,104,context,climate_threat_species_vital_rates,NA,1,The drought was a factor which caused pines to become stressed and more susceptible to a beetle attack. Another factor was the mild winter that increased the survival of overwintering beetles.,"Southern Pine Beetle, Dendroctonus frontalis (Chapter 1, Forest Health)",NA
AL_FAP_2020,AL,FAP,2020,FALSE,Alabama,Forest Action Plan,104,actions,priority_habitat_identification,NA,2,"Priority Areas were set at the county level using input from stakeholders, past threat occurrence, and the Southern Forest Land Assessment. There were 13 categories included in the threat matrix to develop the areas of highest priority.",Chapter 4 – Establishment of Priority Areas,NA
AL_FAP_2020,AL,FAP,2020,FALSE,Alabama,Forest Action Plan,104,actions,priority_habitat_identification,NA,2,"Counties achieved total scores based on the full matrix and were ranked by score to determine Priority Areas. In the following, the counties scoring between 11 and 19 points in the matrix are described as 1st Priority, between 9 and 10 points are described as 2nd Priority, and 8 points or fewer are described as State Eligible.",Chapter 4 – Establishment of Priority Areas,NA
AL_FAP_2020,AL,FAP,2020,FALSE,Alabama,Forest Action Plan,104,actions,time_bound_and_monitoring,NA,1,Results will be measured through increases in acres under management and TREASURE Forest certifications. Tracking these results across the focus counties will serve to show us where we are succeeding and where we need to refocus efforts.,"Forest Fragmentation (Chapter 4, Long-term Strategies)",NA
AL_FAP_2020,AL,FAP,2020,FALSE,Alabama,Forest Action Plan,104,actions,evidence_of_efficacy,NA,1,The projects found that prioritizing relationships was critical. Combining legal assistance with forestry outreach created synergies that enabled landowners with heirs' property to implement forest management practices.,"Forest Fragmentation (Chapter 4, Long-term Strategies)",NA
AR_FAP_2020,AR,FAP,2020,FALSE,Arkansas,State Forest Action Plan,71,concepts,climate_vulnerability,NA,1,"Climate change, in the context of Arkansas forests, can be described as conditions that are more volatile and extreme than the forests of Arkansas are adapted to. More intense rain events, longer drought periods, and warmer winters can cause changes in forest resiliency.",Climate Challenges,NA
AR_FAP_2020,AR,FAP,2020,FALSE,Arkansas,State Forest Action Plan,71,concepts,connectivity,NA,1,The conservation of riparian forests and corridors and using best management practices for water quality to decrease run-off and pollution are critical steps in keeping our waters clean and retaining the ability to manage forests desirable to the public.,Water Supply Forest Conservation,NA
AR_FAP_2020,AR,FAP,2020,FALSE,Arkansas,State Forest Action Plan,71,context,management_scale,site,TRUE,"Action 4.2.2: Prescribed burn 7,000 acres annually at Poison Springs State Forest.",Strategy 4 (Prescribed Fire),NA
AR_FAP_2020,AR,FAP,2020,FALSE,Arkansas,State Forest Action Plan,71,context,management_scale,watershed,TRUE,HUC 10 watershed means were calculated (Zonal Statistics) to produce a map of Resource Priority by HUC 10 Watersheds,Priority Areas,NA
AR_FAP_2020,AR,FAP,2020,FALSE,Arkansas,State Forest Action Plan,71,context,management_scale,within_state_region,TRUE,a decision was made to reclassify the priority levels in the South Central Plains Level III Ecoregion.,Priority Areas,NA
AR_FAP_2020,AR,FAP,2020,FALSE,Arkansas,State Forest Action Plan,71,context,management_scale,state,TRUE,The Arkansas 2020-2029 Forest Action Plan is the updated successor to the former Statewide Forest Resources Assessment & Strategy of 2010.,Role of the Arkansas Department of Agriculture -Forestry Division,NA
AR_FAP_2020,AR,FAP,2020,FALSE,Arkansas,State Forest Action Plan,71,context,management_scale,multistate,TRUE,The Forestry Division has opportunities to participate in various initiatives and programs that extend beyond the state borders. Collaborative efforts are valued to address resource threats that do not stop at political boundaries.,Multi-state Priorities,NA
AR_FAP_2020,AR,FAP,2020,FALSE,Arkansas,State Forest Action Plan,71,context,management_scale,ecosystem,TRUE,The AWAP recognizes healthy forests as critical to the maintenance and improvement in wildlife populations. It also recognizes that many forest habitats need management and that no management is a threat to forest health.,Ecoregions and the Arkansas Wildlife Action Plan,NA
AR_FAP_2020,AR,FAP,2020,FALSE,Arkansas,State Forest Action Plan,71,context,management_scale,ecoregion,TRUE,There are seven Level III Ecoregions in Arkansas. Thorough descriptions of the geology and habitats found within each ecoregion can be referenced in the Arkansas Wildlife Action Plan (AWAP).,Arkansas Ecoregions,NA
AR_FAP_2020,AR,FAP,2020,FALSE,Arkansas,State Forest Action Plan,71,context,biological_unit_score,NA,2,The Arkansas Wildlife Action Plan identified the 'species of greatest conservation need' (SGCN) found in each ecoregion,Ecoregions and the Arkansas Wildlife Action Plan,species
AR_FAP_2020,AR,FAP,2020,FALSE,Arkansas,State Forest Action Plan,71,context,biological_unit_score,NA,2,The AWAP identifies and prioritizes important wildlife habitats for protection and restoration.,Ecoregions and the Arkansas Wildlife Action Plan,habitat
AR_FAP_2020,AR,FAP,2020,FALSE,Arkansas,State Forest Action Plan,71,context,biological_unit_components,species,TRUE,The Arkansas Wildlife Action Plan identified the 'species of greatest conservation need' (SGCN) found in each ecoregion,Ecoregions and the Arkansas Wildlife Action Plan,NA
AR_FAP_2020,AR,FAP,2020,FALSE,Arkansas,State Forest Action Plan,71,context,biological_unit_components,habitat,TRUE,The AWAP identifies and prioritizes important wildlife habitats for protection and restoration. These priorities can change during biennial reviews.,Ecoregions and the Arkansas Wildlife Action Plan,NA
AR_FAP_2020,AR,FAP,2020,FALSE,Arkansas,State Forest Action Plan,71,context,biological_unit_components,ecosystem,TRUE,Forests are recognized as a piece of the solution to climate change. Landowners and land managers understand the carbon financing process.,Carbon Programs,NA
AR_FAP_2020,AR,FAP,2020,FALSE,Arkansas,State Forest Action Plan,71,context,partnerships_and_funding,NA,1,"Jointly develop a scope of collaborative partnership document. Request participation from select partners, including, but not limited to, 'the Parties' of the Memorandum of Understanding for Shared Stewardship signed in 2019",Strategy 1: Collaborative Partnerships Around the Forest Action Plan,NA
AR_FAP_2020,AR,FAP,2020,FALSE,Arkansas,State Forest Action Plan,71,context,partnerships_and_funding,NA,1,The Forestry Division has opportunities to participate in various initiatives and programs that extend beyond the state borders. Collaborative efforts are valued to address resource threats that do not stop at political boundaries.,Multi-state Priorities,NA
AR_FAP_2020,AR,FAP,2020,FALSE,Arkansas,State Forest Action Plan,71,context,climate_threat_habitat_degradation,NA,1,"Climate change, in the context of Arkansas forests, can be described as conditions that are more volatile and extreme than the forests of Arkansas are adapted to. More intense rain events, longer drought periods, and warmer winters can cause changes in forest resiliency. Lower resiliency creates openings for catastrophic wildfires, insect and disease outbreaks, and increased storm damage.",Climate Challenges,NA
AR_FAP_2020,AR,FAP,2020,FALSE,Arkansas,State Forest Action Plan,71,actions,priority_habitat_identification,NA,2,"Rachel Worthen, GIS Specialist at The Nature Conservancy, conducted the GIS analysis that produced the Arkansas Forest Action Plan Priority Areas.",Stakeholder Groups Engaged,NA
AR_FAP_2020,AR,FAP,2020,FALSE,Arkansas,State Forest Action Plan,71,actions,priority_habitat_identification,NA,2,HUC 10 watershed means were calculated (Zonal Statistics) to produce a map of Resource Priority by HUC 10 Watersheds,Priority Areas,NA
AR_FAP_2020,AR,FAP,2020,FALSE,Arkansas,State Forest Action Plan,71,actions,priority_habitat_identification,NA,2,"all watersheds with very high, high, and moderate priority level were combined into one statewide priority area.",Priority Areas,NA
AR_FAP_2020,AR,FAP,2020,FALSE,Arkansas,State Forest Action Plan,71,actions,time_bound_and_monitoring,NA,2,Update current Community Wildfire Protection Plans every three years.,Strategy 5: Wildfire Protection,deadlines
AR_FAP_2020,AR,FAP,2020,FALSE,Arkansas,State Forest Action Plan,71,actions,time_bound_and_monitoring,NA,2,Action 3.4.1: Produce a periodic BMP Implementation Survey using data driven conclusions.,Objective 3.4,monitoring
AR_FAP_2020,AR,FAP,2020,FALSE,Arkansas,State Forest Action Plan,71,actions,time_bound_and_monitoring,NA,2,Action 4.1.4: Track prescribed fire implementation annually.,Strategy 4 (Prescribed Fire),monitoring
AR_FAP_2020,AR,FAP,2020,FALSE,Arkansas,State Forest Action Plan,71,actions,evidence_of_efficacy,NA,1,"the interaction of population growth, climate change, timber markets, and invasive species will define the South's future forests.",Recognized Threats,NA
ASM_FAP_2020,ASM,FAP,2020,FALSE,American Samoa (US Territory),Forest Action Plan / Assessment of Need,143,concepts,climate_vulnerability,NA,1,"high susceptibility to severe storms and the effects of global climate change, and often",[TABLE] (Regional Priorities section),NA
ASM_FAP_2020,ASM,FAP,2020,FALSE,American Samoa (US Territory),Forest Action Plan / Assessment of Need,143,concepts,climate_vulnerability,NA,1,"impacts of climate change, sea level rise, invasive species, pollution, and forest conversion continue to increase and harm our native species and natural resources.",[TABLE] (closing statement),NA
ASM_FAP_2020,ASM,FAP,2020,FALSE,American Samoa (US Territory),Forest Action Plan / Assessment of Need,143,context,management_scale,local,TRUE,"The priority landscapes for sustainability of urban forests include villages, commercial and privately-owned residential zones, government office grounds, schools, parks, sports fields, and churches.",Priority Landscapes for Urban Forest Sustainability,NA
ASM_FAP_2020,ASM,FAP,2020,FALSE,American Samoa (US Territory),Forest Action Plan / Assessment of Need,143,context,management_scale,site,TRUE,"The largest parcel of lava-flow forest that remains of this is an area of approximately 27 contiguous acres in Ottoville on the Tafuna Plain known as the Naumati Forest, which is surrounded by suburban development.",[TABLE] (Forest Legacy AON section),NA
ASM_FAP_2020,ASM,FAP,2020,FALSE,American Samoa (US Territory),Forest Action Plan / Assessment of Need,143,context,management_scale,watershed,TRUE,"Strategies for issues 2, 3, and 4 will likely have the greatest impact and can be most efficiently planned, implemented, and evaluated if they can be focused at the watershed level",Long-Term Strategies,NA
ASM_FAP_2020,ASM,FAP,2020,FALSE,American Samoa (US Territory),Forest Action Plan / Assessment of Need,143,context,management_scale,within_state_region,TRUE,"High priority landscapes determined from their native vegetation were concentrated in the northern portions of Tutuila Island, the summit and littoral areas of Ta'u, the steep slopes and littoral areas of Ofu and Olosega, and upland and littoral areas of Aunu'u Island.",Priority Landscapes for Conservation of Native Flora and Fauna,NA
ASM_FAP_2020,ASM,FAP,2020,FALSE,American Samoa (US Territory),Forest Action Plan / Assessment of Need,143,context,management_scale,state,TRUE,This statewide assessment and resource strategy document will provide the basic guidance for the American Samoa forestry programs over the next five years.,TRANSLATING STRATEGIES INTO ACTIONS,NA
ASM_FAP_2020,ASM,FAP,2020,FALSE,American Samoa (US Territory),Forest Action Plan / Assessment of Need,143,context,management_scale,national,TRUE,The process served to link local priorities to the national State and Private Forestry program themes and objectives.,INTRODUCTION,NA
ASM_FAP_2020,ASM,FAP,2020,FALSE,American Samoa (US Territory),Forest Action Plan / Assessment of Need,143,context,biological_unit_score,NA,2,Key native forest types must be preserved in areas large enough to support healthy populations of these plants and animals.,[FIGURE: Conservation of Native Flora and Fauna],species/population
ASM_FAP_2020,ASM,FAP,2020,FALSE,American Samoa (US Territory),Forest Action Plan / Assessment of Need,143,context,biological_unit_score,NA,2,"Mangrove swamp is a unique forest community dominated by trees able to grow in the saline conditions on mudflats, along estuaries, and in sheltered lagoons",Mangrove Swamp,community/habitat
ASM_FAP_2020,ASM,FAP,2020,FALSE,American Samoa (US Territory),Forest Action Plan / Assessment of Need,143,context,biological_unit_components,species,TRUE,"The endemic Samoan swallowtail butterfly (Papilio godeffroyi), a species once found on all the larger Samoan islands, now appears restricted to American Samoa.",Conservation of Native Flora and Fauna,NA
ASM_FAP_2020,ASM,FAP,2020,FALSE,American Samoa (US Territory),Forest Action Plan / Assessment of Need,143,context,biological_unit_components,population,TRUE,Key native forest types must be preserved in areas large enough to support healthy populations of these plants and animals.,[FIGURE: Conservation of Native Flora and Fauna],NA
ASM_FAP_2020,ASM,FAP,2020,FALSE,American Samoa (US Territory),Forest Action Plan / Assessment of Need,143,context,biological_unit_components,habitat,TRUE,"Another threatened forest type in American Samoa is the mangrove forest. Out of the seven islands that comprise American Samoa, mangroves occur on only two, Tutuila and Aunu'u.",American Samoa's Forests,NA
ASM_FAP_2020,ASM,FAP,2020,FALSE,American Samoa (US Territory),Forest Action Plan / Assessment of Need,143,context,biological_unit_components,ecosystem,TRUE,Reduced sedimentation and nutrient loading into wetlands results in improved function and longevity of wetland ecosystems.,Issue 3 -Performance Outcomes,NA
ASM_FAP_2020,ASM,FAP,2020,FALSE,American Samoa (US Territory),Forest Action Plan / Assessment of Need,143,context,biological_unit_components,community,TRUE,"Mangrove swamp is a unique forest community dominated by trees able to grow in the saline conditions on mudflats, along estuaries, and in sheltered lagoons",Mangrove Swamp,NA
ASM_FAP_2020,ASM,FAP,2020,FALSE,American Samoa (US Territory),Forest Action Plan / Assessment of Need,143,context,partnerships_and_funding,NA,2,"The Forestry Program collaborates with government agencies both at the local and federal levels, regional organizations, and non-governmental organizations in program planning, implementation, and evaluation.",American Samoa Forestry Program,NA
ASM_FAP_2020,ASM,FAP,2020,FALSE,American Samoa (US Territory),Forest Action Plan / Assessment of Need,143,context,partnerships_and_funding,NA,2,"American Samoa Community College Division of Agriculture, Community and Natural Resources, the American Samoa Department of Public Safety Fire Department, and the United States Department of Agriculture Forest Service collaboratively administer federally-funded forestry programs and services in American Samoa.",INTRODUCTION,NA
ASM_FAP_2020,ASM,FAP,2020,FALSE,American Samoa (US Territory),Forest Action Plan / Assessment of Need,143,context,partnerships_and_funding,NA,2,Support for these programs are allocated through the Forest Service -State and Private Forestry program as a combination of consolidated and competitive funding.,INTRODUCTION,NA
ASM_FAP_2020,ASM,FAP,2020,FALSE,American Samoa (US Territory),Forest Action Plan / Assessment of Need,143,context,climate_threat_habitat_degradation,NA,1,"In American Samoa, mangroves are even more important due to our rapid relative sea level rise rate (RSLR). American Samoa is subsiding at 16mm/year and if you add the 3.2mm/year average eustatic (or global) sea level rise to that number, we are looking at almost 20mm/year.",[FIGURE: Rhizophora mangle caption / Kelley Anderson Tagarino quote],NA
ASM_FAP_2020,ASM,FAP,2020,FALSE,American Samoa (US Territory),Forest Action Plan / Assessment of Need,143,context,climate_threat_habitat_degradation,NA,1,Rising sea level and storms have caused major coastal erosions for several areas in Olosega.,Threats to the Native Flora and Fauna,NA
ASM_FAP_2020,ASM,FAP,2020,FALSE,American Samoa (US Territory),Forest Action Plan / Assessment of Need,143,context,climate_threat_biotic_stressors,NA,1,"With frequent cyclones and tropical storms, there is a high possibility that more invasive species will inhabit the Manu'a Islands.",Threats to the Native Flora and Fauna,NA
ASM_FAP_2020,ASM,FAP,2020,FALSE,American Samoa (US Territory),Forest Action Plan / Assessment of Need,143,actions,priority_habitat_identification,NA,2,"All areas of Native Forests were assigned high priority for this issue. High priority landscapes determined from their native vegetation were concentrated in the northern portions of Tutuila Island, the summit and littoral areas of Ta'u, the steep slopes and littoral areas of Ofu and Olosega, and upland and littoral areas of Aunu'u Island.",Priority Landscapes for Conservation of Native Flora and Fauna,NA
ASM_FAP_2020,ASM,FAP,2020,FALSE,American Samoa (US Territory),Forest Action Plan / Assessment of Need,143,actions,priority_habitat_identification,NA,2,"The total mapped Forest Legacy Area is 12,179 acres which represents less than 34% of the forested land in the territory.",American Samoa Forest Legacy Area Map Development,NA
ASM_FAP_2020,ASM,FAP,2020,FALSE,American Samoa (US Territory),Forest Action Plan / Assessment of Need,143,actions,priority_habitat_identification,NA,2,Figure 3 Map of the American Samoa Forest Legacy Area based on the selection criteria.,[FIGURE caption],NA
ASM_FAP_2020,ASM,FAP,2020,FALSE,American Samoa (US Territory),Forest Action Plan / Assessment of Need,143,actions,time_bound_and_monitoring,NA,1,This statewide assessment and resource strategy document will provide the basic guidance for the American Samoa forestry programs over the next five years.,TRANSLATING STRATEGIES INTO ACTIONS,time-bound
ASM_FAP_2020,ASM,FAP,2020,FALSE,American Samoa (US Territory),Forest Action Plan / Assessment of Need,143,actions,time_bound_and_monitoring,NA,1,"Near the end of each calendar year, the program managers will review their progress in consultation with key stakeholders and outline an action plan and draft grant proposals for the coming year.",TRANSLATING STRATEGIES INTO ACTIONS,monitoring
ASM_FAP_2020,ASM,FAP,2020,FALSE,American Samoa (US Territory),Forest Action Plan / Assessment of Need,143,actions,evidence_of_efficacy,NA,1,Disturbed areas restored with native flora using proven effective methods.,Issue 5 -Performance Outcomes,NA
AZ_FAP_2020,AZ,FAP,2020,FALSE,Arizona,Forest Action Plan,243,concepts,climate_vulnerability,NA,2,"In general, climate change will exacerbate many existing stressors on ecosystems and hinder many species' ability to adapt.",Climate Change Critical Issue Description / Wildlife habitat,adaptive capacity
AZ_FAP_2020,AZ,FAP,2020,FALSE,Arizona,Forest Action Plan,243,concepts,climate_vulnerability,NA,2,"Accelerating climate change is already causing significant shifts in the ranges of plants and animals. Species, when facing drier and warmer conditions are shifting their ranges to track more favorable conditions, often poleward and to higher elevations.",Climate Change Critical Issue Description / Ecological changes (conversion of vegetation types),exposure
AZ_FAP_2020,AZ,FAP,2020,FALSE,Arizona,Forest Action Plan,243,concepts,climate_vulnerability,NA,2,"As the IPCC notes, many species will be unable to migrate due to landscape habitat fragmentation, loss of suitable habitat, lack of mobility, or because they already live at the highest available elevation.",Climate Change Critical Issue Description / Wildlife habitat,adaptive capacity
AZ_FAP_2020,AZ,FAP,2020,FALSE,Arizona,Forest Action Plan,243,concepts,adaptive_capacity_specificity,NA,2,"many species will be unable to migrate due to landscape habitat fragmentation, loss of suitable habitat, lack of mobility, or because they already live at the highest available elevation.",Climate Change Critical Issue Description / Wildlife habitat,NA
AZ_FAP_2020,AZ,FAP,2020,FALSE,Arizona,Forest Action Plan,243,concepts,adaptive_capacity_specificity,NA,2,"Many species cannot shift habitat ranges fast enough to deal with current and future rates of climate change, so land managers should begin to experiment with pilot approaches to assist migration to avoid species decline and possible extinction.",Climate Change Critical Issue Description / Ecological changes (conversion of vegetation types),NA
AZ_FAP_2020,AZ,FAP,2020,FALSE,Arizona,Forest Action Plan,243,concepts,adaptive_capacity_components,distribution,TRUE,"Accelerating climate change is already causing significant shifts in the ranges of plants and animals. Species, when facing drier and warmer conditions are shifting their ranges to track more favorable conditions, often poleward and to higher elevations.",Climate Change Critical Issue Description / Ecological changes (conversion of vegetation types),NA
AZ_FAP_2020,AZ,FAP,2020,FALSE,Arizona,Forest Action Plan,243,concepts,adaptive_capacity_components,movement,TRUE,"many species will be unable to migrate due to landscape habitat fragmentation, loss of suitable habitat, lack of mobility, or because they already live at the highest available elevation.",Climate Change Critical Issue Description / Wildlife habitat,NA
AZ_FAP_2020,AZ,FAP,2020,FALSE,Arizona,Forest Action Plan,243,concepts,adaptive_capacity_components,evolutionary_potential,TRUE,Enhancing genetic diversity; Using information about past and probable future conditions to inform activities; Managing to connect landscapes;,Climate Change Critical Issue Description / Carbon sequestration,NA
AZ_FAP_2020,AZ,FAP,2020,FALSE,Arizona,Forest Action Plan,243,concepts,adaptive_capacity_components,ecological_dependencies,TRUE,"the seasonal activity of many species will change differentially, disrupting life cycles and interactions between species. Composition and seasonal change will both alter ecosystem function.",Climate Change Critical Issue Description / Wildlife habitat,NA
AZ_FAP_2020,AZ,FAP,2020,FALSE,Arizona,Forest Action Plan,243,concepts,adaptive_capacity_components,abiotic_niche,TRUE,"Species, when facing drier and warmer conditions are shifting their ranges to track more favorable conditions, often poleward and to higher elevations. In the Southwest, though many species may be able to adapt by doing this, species at higher elevations (including those living in sky islands) will face significant challenges.",Climate Change Critical Issue Description / Ecological changes (conversion of vegetation types),NA
AZ_FAP_2020,AZ,FAP,2020,FALSE,Arizona,Forest Action Plan,243,concepts,connectivity,NA,2,"Increase habitat connectivity so wildlife are more capable of moving and shifting their permanent and seasonal habitats, to areas more similar in temperature/precipitation to their historical ranges. Landscape connectivity as a climate change adaptation strategy is being pursued in several regions across the nation and we can clearly see the benefits of connecting landscapes for improving ecosystem resiliency.",Climate Change Critical Issue Description / Ecological changes (conversion of vegetation types),NA
AZ_FAP_2020,AZ,FAP,2020,FALSE,Arizona,Forest Action Plan,243,concepts,connectivity,NA,2,"many species will be unable to migrate due to landscape habitat fragmentation, loss of suitable habitat, lack of mobility, or because they already live at the highest available elevation.",Climate Change Critical Issue Description / Wildlife habitat,NA
AZ_FAP_2020,AZ,FAP,2020,FALSE,Arizona,Forest Action Plan,243,tools,vulnerability_models,NA,1,An assessment developed by The Nature Conservancy was used to determine the Climate Change Focus Areas. Their assessment used a categorization approach frequently used in conservation planning to group temperature change and conservation importance into four classes of vulnerability.,Focus Areas (Climate Change section),NA
AZ_FAP_2020,AZ,FAP,2020,FALSE,Arizona,Forest Action Plan,243,tools,climate_models,NA,1,"Global climate models project more dry days and drier soils in the future, for much of the Southwest. Along with projected warming and increased evapotranspiration, this likely means droughts will become more severe.",Climate Change Critical Issue Description / Water availability,NA
AZ_FAP_2020,AZ,FAP,2020,FALSE,Arizona,Forest Action Plan,243,tools,connectivity_models,NA,1,"Landscape Integrity: The Arizona Game and Fish Department developed this dataset as to help assess statewide connectivity. Landscape integrity is a measure of the landscape's naturalness, or its inverse, the level of human modification.",Priority Areas (People and Forests section),NA
AZ_FAP_2020,AZ,FAP,2020,FALSE,Arizona,Forest Action Plan,243,context,management_scale,local,TRUE,"Develop and implement educational programs for county and community leaders, schools, and civic groups to increase public awareness regarding the benefits of vegetation on the impacts of urban heat islands, impervious surfaces, and other resource issues.","Goals, Objectives, and Actions (People and Forests section)",NA
AZ_FAP_2020,AZ,FAP,2020,FALSE,Arizona,Forest Action Plan,243,context,management_scale,site,TRUE,"The Huachuca FireScape project, which covers 400,000 acres in the Huachuca and Whetstone mountains, was recently approved and implementation has begun.",Four Forests Restoration Initiative: 4FRI,NA
AZ_FAP_2020,AZ,FAP,2020,FALSE,Arizona,Forest Action Plan,243,context,management_scale,watershed,TRUE,"all 8-digit Hydrologic Unit Codes (HUC) were identified along with the public land ownerships across the state. Once those maps were created, the focus area map was created showing HUCs in a color gradient.",Focus Areas (Water section),NA
AZ_FAP_2020,AZ,FAP,2020,FALSE,Arizona,Forest Action Plan,243,context,management_scale,county,TRUE,Cochise County has the highest diversity and number of occurrences of these special status species and Yuma County the lowest.,E. Fish and Wildlife Habitat (AON section),NA
AZ_FAP_2020,AZ,FAP,2020,FALSE,Arizona,Forest Action Plan,243,context,management_scale,within_state_region,TRUE,The FAP takes an 'all lands' approach and expand its scope to include the entirety of the state of Arizona.,pg. 5,NA
AZ_FAP_2020,AZ,FAP,2020,FALSE,Arizona,Forest Action Plan,243,context,management_scale,state,TRUE,The responsibility for developing the Forest Action Plan belongs to the State Forester and DFFM.,Introduction,NA
AZ_FAP_2020,AZ,FAP,2020,FALSE,Arizona,Forest Action Plan,243,context,management_scale,multistate,TRUE,"Semi-desert grasslands in central and southeastern Arizona extend into New Mexico and Sonora, Mexico. Grasslands in northern Arizona share similarities with those found in the Great Basin and Colorado Plateau in Utah, Colorado, and New Mexico.",Overview of Arizona's Grasslands,NA
AZ_FAP_2020,AZ,FAP,2020,FALSE,Arizona,Forest Action Plan,243,context,management_scale,national,TRUE,"In the American West, this increase averaged more than 84 days longer in 2003-2012, compared to the period 1973-1982.",Climate Change Critical Issue Description / Fire behavior/severity,NA
AZ_FAP_2020,AZ,FAP,2020,FALSE,Arizona,Forest Action Plan,243,context,management_scale,ecosystem,TRUE,"High priority should be given to ecosystem above 6,000 ft. elevation with considerable risk of stand replacing fire potential and in areas that provide watershed function to support diverse ecosystem health.",Focus Areas and Priority Landscapes (Ecosystem Health section),NA
AZ_FAP_2020,AZ,FAP,2020,FALSE,Arizona,Forest Action Plan,243,context,management_scale,ecoregion,TRUE,Most forestlands in Arizona are within the Arizona/New Mexico Mountains or Plateau Ecoregions.,Current Forest Types and Distribution,NA
AZ_FAP_2020,AZ,FAP,2020,FALSE,Arizona,Forest Action Plan,243,context,management_scale,river,TRUE,"Stream restoration efforts (e.g., Canyon Creek Restoration-Arizona Game and Fish Department) can re-connect streams to adjacent wetlands, increasing the water retained in Arizona's high elevation forests.",Climate Change Critical Issue Description / Water availability,NA
AZ_FAP_2020,AZ,FAP,2020,FALSE,Arizona,Forest Action Plan,243,context,biological_unit_score,NA,2,Accelerating climate change is already causing significant shifts in the ranges of plants and animals.,Climate Change Critical Issue Description / Ecological changes (conversion of vegetation types),species
AZ_FAP_2020,AZ,FAP,2020,FALSE,Arizona,Forest Action Plan,243,context,biological_unit_score,NA,2,community composition will change as a result of decreases in the abundances of some species and increases in others,Climate Change Critical Issue Description / Wildlife habitat,community
AZ_FAP_2020,AZ,FAP,2020,FALSE,Arizona,Forest Action Plan,243,context,biological_unit_components,species,TRUE,"Accelerating climate change is already causing significant shifts in the ranges of plants and animals. Species, when facing drier and warmer conditions are shifting their ranges to track more favorable conditions, often poleward and to higher elevations.",Climate Change Critical Issue Description / Ecological changes (conversion of vegetation types),NA
AZ_FAP_2020,AZ,FAP,2020,FALSE,Arizona,Forest Action Plan,243,context,biological_unit_components,habitat,TRUE,"caused a shift in established vegetation/wildlife ranges, and contributed to some of the largest wildfires in Arizona's history.",Climate Change Critical Issue Description,NA
AZ_FAP_2020,AZ,FAP,2020,FALSE,Arizona,Forest Action Plan,243,context,biological_unit_components,ecosystem,TRUE,"In Southwest forests, rates of ecosystem change due to climate impacts are projected to become more dramatic over the course of the 21st century.",Climate Change Critical Issue Description / Ecological changes (conversion of vegetation types),NA
AZ_FAP_2020,AZ,FAP,2020,FALSE,Arizona,Forest Action Plan,243,context,biological_unit_components,community,TRUE,"community composition will change as a result of decreases in the abundances of some species and increases in others; and (2) the seasonal activity of many species will change differentially, disrupting life cycles and interactions between species. Composition and seasonal change will both alter ecosystem function.",Climate Change Critical Issue Description / Wildlife habitat,NA
AZ_FAP_2020,AZ,FAP,2020,FALSE,Arizona,Forest Action Plan,243,context,partnerships_and_funding,NA,2,"The Arizona Conservation Partnership (ACP) is comprised of 12 state and federal agencies collaborating over a multitude of issues. ACP provides a framework for accomplishing landscape scale conservation work using a collaborative approach that will maintain, restore and enhance Arizona's economic and environmental quality of life.",Collaboration Across Landscapes,NA
AZ_FAP_2020,AZ,FAP,2020,FALSE,Arizona,Forest Action Plan,243,context,partnerships_and_funding,NA,2,"Most CFAA funding received by the Arizona Department of Forestry and Fire Management (DFFM) is passed through to local organizations by way of grants that require matching funds and additional implementation resources. The combination of state and local efforts along with coordination and collaboration with federal, tribal, and other land management agencies provides substantial leveraging of these funds to benefit Arizona natural resources and citizens.",Background Farm Bill and Cooperative Forestry Assistance Act,NA
AZ_FAP_2020,AZ,FAP,2020,FALSE,Arizona,Forest Action Plan,243,context,climate_threat_habitat_degradation,NA,1,"Climate change is causing variable precipitation resulting in reduced snow pack, lower runoff, and decreased flows in drainage basins.","Benefits, Threats, and Impacts (Water critical issue)",NA
AZ_FAP_2020,AZ,FAP,2020,FALSE,Arizona,Forest Action Plan,243,context,climate_threat_habitat_degradation,NA,1,"Climate change research poses a further threat with increased drought and longer, warmer summers lengthening fire seasons. Climatic change suggests a greater number of intense, resistant to control fires that will likely place communities and landscapes at greater risk.",Introduction (Fire critical issue),NA
AZ_FAP_2020,AZ,FAP,2020,FALSE,Arizona,Forest Action Plan,243,context,climate_threat_species_vital_rates,NA,1,Warming temperatures during plant reproduction in many cases reduces yield by as much as 80-90 percent from normal temperature ranges.,Climate Change Critical Issue Description / Vegetation Productivity,NA
AZ_FAP_2020,AZ,FAP,2020,FALSE,Arizona,Forest Action Plan,243,context,climate_threat_biotic_stressors,NA,1,"Annual invasive grasses like cheatgrass (Bromus tectorum) and red brome (Bromus rubens) are serious threats to the Great Basin Desert and Sonoran Desert, respectively. These species have established at such levels that they fuel wildfires in areas that traditionally did not burn.",Desert Impacts,NA
AZ_FAP_2020,AZ,FAP,2020,FALSE,Arizona,Forest Action Plan,243,context,climate_threat_biotic_stressors,NA,1,altered occurrence of wildlife disease pathogens and invasive species,Climate Change Critical Issue Description / Wildlife habitat,NA
AZ_FAP_2020,AZ,FAP,2020,FALSE,Arizona,Forest Action Plan,243,actions,priority_habitat_identification,NA,2,"Unfragmented Areas: The Unfragmented Areas map is based on the existence of large, contiguous landmasses that are not fragmented by barriers, the diversity of vegetation types within those land masses, and the importance of those areas to the overall availability of any particular vegetation type within the state.",Focus Areas and Priority Landscapes (Ecosystem Health section),NA
AZ_FAP_2020,AZ,FAP,2020,FALSE,Arizona,Forest Action Plan,243,actions,priority_habitat_identification,NA,2,An assessment developed by The Nature Conservancy was used to determine the Climate Change Focus Areas. Their assessment used a categorization approach frequently used in conservation planning to group temperature change and conservation importance into four classes of vulnerability.,Focus Areas (Climate Change section),NA
AZ_FAP_2020,AZ,FAP,2020,FALSE,Arizona,Forest Action Plan,243,actions,targeted_range_shift_actions,NA,1,"Though assisted migration is a controversial approach in conservation, climate change presents challenges to species and ecosystems that have not been encountered before. The speed of observed changes due to climate change in species habitat and life cycles is forcing changes in conservation biology thinking and practice. Many species cannot shift habitat ranges fast enough to deal with current and future rates of climate change, so land managers should begin to experiment with pilot approaches to assist migration to avoid species decline and possible extinction.",Climate Change Critical Issue Description / Ecological changes (conversion of vegetation types),NA
AZ_FAP_2020,AZ,FAP,2020,FALSE,Arizona,Forest Action Plan,243,actions,targeted_range_shift_actions,NA,1,"Increase habitat connectivity so wildlife are more capable of moving and shifting their permanent and seasonal habitats, to areas more similar in temperature/precipitation to their historical ranges. Landscape connectivity as a climate change adaptation strategy is being pursued in several regions across the nation and we can clearly see the benefits of connecting landscapes for improving ecosystem resiliency.",Climate Change Critical Issue Description / Ecological changes (conversion of vegetation types),NA
AZ_FAP_2020,AZ,FAP,2020,FALSE,Arizona,Forest Action Plan,243,actions,time_bound_and_monitoring,NA,1,"Plans are being formulated for the groups to continue meeting periodically to shepherd the implementation, monitoring, reporting, and adaptation of the FAP.",Future Actions (Conclusion section),NA
AZ_FAP_2020,AZ,FAP,2020,FALSE,Arizona,Forest Action Plan,243,actions,time_bound_and_monitoring,NA,1,"While the legislative mandate in the 2008 Farm Bill is a formal revision at five-year intervals or as required by the Secretary of Agriculture, we consider these to be dynamic and living documents where implementation will be monitored, assessed, reported, and adapted on a continuing basis.",Future Actions (Conclusion section),NA
AZ_FAP_2020,AZ,FAP,2020,FALSE,Arizona,Forest Action Plan,243,actions,evidence_of_efficacy,NA,2,Thinning and burning treatment can reduce emissions of carbon dioxide by as much as 98%. The overall carbon balance of a managed forest is sensitive to the eventual outcome of how the wood products are utilized,Climate Change Critical Issue Description / Climate Change Mitigation,NA
AZ_FAP_2020,AZ,FAP,2020,FALSE,Arizona,Forest Action Plan,243,actions,evidence_of_efficacy,NA,2,Use of mechanical thinning and controlled burning have been shown to reduce fire risk and net carbon released by wildfires.,Climate Change Critical Issue Description / Climate Change Mitigation,NA
AZ_FAP_2020,AZ,FAP,2020,FALSE,Arizona,Forest Action Plan,243,actions,adaptation_planning_frameworks,NA,1,"The Association of Fish and Wildlife Agencies (AFWA), recommends using an adaptive management approach to deal with climate impacts. AFWA's recommended adaptive approach involves assessing existing conservation actions for their effectiveness under both current and future climates.",Climate Change Critical Issue Description / Wildlife habitat,NA
CA_FAP_2020,CA,FAP,2020,FALSE,California,Forest and Range Assessment / Strategy Report,481,concepts,climate_vulnerability,NA,3,"Understanding why species and ecosystems are vulnerable or potentially less resilient is a critical first step in developing effective conservation strategies. This vulnerability is based on sensitivity, exposure, and the ability to adapt.","Chapter 10: Wildlife Habitat, Habitat Quality and Degradation",exposure and adaptive capacity
CA_FAP_2020,CA,FAP,2020,FALSE,California,Forest and Range Assessment / Strategy Report,481,concepts,climate_vulnerability,NA,3,Species with low adaptive capacity such as those with specialized habitat needs or limited dispersal ability face higher vulnerability to these changes.,"Chapter 10: Wildlife Habitat, Habitat Quality and Degradation",adaptive capacity
CA_FAP_2020,CA,FAP,2020,FALSE,California,Forest and Range Assessment / Strategy Report,481,concepts,climate_vulnerability,NA,3,"In a recent report from California Department of Fish and Wildlife, vegetation macrogroups were given a mean vulnerability rank based on results for two future emission levels and two climate models.","Chapter 2: Sustainable Rangelands, Climate Change Impact on Rangelands figure",exposure
CA_FAP_2020,CA,FAP,2020,FALSE,California,Forest and Range Assessment / Strategy Report,481,concepts,adaptive_capacity_specificity,NA,2,Species with low adaptive capacity such as those with specialized habitat needs or limited dispersal ability face higher vulnerability to these changes.,"Chapter 10: Wildlife Habitat, Habitat Quality and Degradation",NA
CA_FAP_2020,CA,FAP,2020,FALSE,California,Forest and Range Assessment / Strategy Report,481,concepts,adaptive_capacity_specificity,NA,2,"As the rate of climate change increases some tree species may not be able to adapt to changed conditions. Species with currently restricted ranges will be most vulnerable, while species with broader climate tolerances may be able to adapt more","Chapter 7: Climate Change, Impacts on Tree Species",NA
CA_FAP_2020,CA,FAP,2020,FALSE,California,Forest and Range Assessment / Strategy Report,481,concepts,adaptive_capacity_components,distribution,TRUE,"With warmer temperatures, tree species in California are likely to respond by migrating both northward and to higher altitudes.","Chapter 7: Climate Change, Impacts on Tree Species",NA
CA_FAP_2020,CA,FAP,2020,FALSE,California,Forest and Range Assessment / Strategy Report,481,concepts,adaptive_capacity_components,movement,TRUE,Species with low adaptive capacity such as those with specialized habitat needs or limited dispersal ability face higher vulnerability to these changes.,"Chapter 10: Wildlife Habitat, Habitat Quality and Degradation",NA
CA_FAP_2020,CA,FAP,2020,FALSE,California,Forest and Range Assessment / Strategy Report,481,concepts,adaptive_capacity_components,evolutionary_potential,TRUE,"changes in the use of genetic stock, planting a combination of species for different purposes (e.g. for wood products and for carbon storage), and innovative ways to reduce risk.","Chapter 7: Climate Change, Carbon Storage discussion",NA
CA_FAP_2020,CA,FAP,2020,FALSE,California,Forest and Range Assessment / Strategy Report,481,concepts,adaptive_capacity_components,abiotic_niche,TRUE,"Species' physiological limits are tested as shifting temperatures, altered hydrology, and changing seasonal cues affect survival, reproduction, and migration.","Chapter 10: Wildlife Habitat, Habitat Quality and Degradation",NA
CA_FAP_2020,CA,FAP,2020,FALSE,California,Forest and Range Assessment / Strategy Report,481,concepts,connectivity,NA,2,The current uneven pattern of protected areas across ownerships and elevations creates issues for habitat connectivity. Easements are one way to expand and connect biologically important fragmented areas into more viable habitats.,"Executive Summary, Habitat Conversion and Protection",NA
CA_FAP_2020,CA,FAP,2020,FALSE,California,Forest and Range Assessment / Strategy Report,481,concepts,connectivity,NA,2,Maintain connectivity across forest landscapes by reducing fragmentation and identifying important habitat corridors and key linkages between conservation areas.,"Chapter 7: Climate Change, Strategy 7.3",NA
CA_FAP_2020,CA,FAP,2020,FALSE,California,Forest and Range Assessment / Strategy Report,481,concepts,connectivity,NA,2,"Coordinate land acquisitions and easements to connect biologically important areas to each other, connect upland and downslope habitats, and expand and connect ecologically fragmented areas into more viable habitats.","CA_FAP-S_2020.pdf, Table 1, Criterion 1",NA
CA_FAP_2020,CA,FAP,2020,FALSE,California,Forest and Range Assessment / Strategy Report,481,tools,vulnerability_models,NA,2,"In a recent report from California Department of Fish and Wildlife, vegetation macrogroups were given a mean vulnerability rank based on results for two future emission levels and two climate models. Among the macrogroups most associated with rangelands in the state, ranks varied from Moderate...to Mid-High...to high","Chapter 2: Sustainable Rangelands, Climate Change Impact on Rangelands figure",NA
CA_FAP_2020,CA,FAP,2020,FALSE,California,Forest and Range Assessment / Strategy Report,481,tools,niche_models,NA,2,"Future conditions were modeled under a high emission scenario (RCP8.5)...Based on our modeled scenarios, in the future a portion of current timberlands will no longer be suitable for growing the tree species that are of primary commercial value in California","Chapter 1: Sustainable Working Forests, Climate Change Impact",NA
CA_FAP_2020,CA,FAP,2020,FALSE,California,Forest and Range Assessment / Strategy Report,481,tools,niche_models,NA,2,"Climate impacts were simulated under two climate scenarios (CNRM CM5 and MIROC ESM), both assuming high carbon emissions. Impacts are estimated based on the percent of the current mapped area of a habitat type that will be climatically unsuitable by 2069.","Chapter 10: Wildlife Habitat, Data Sources and Quality",NA
CA_FAP_2020,CA,FAP,2020,FALSE,California,Forest and Range Assessment / Strategy Report,481,tools,niche_models,NA,2,The results show that 15 of 31 tree species are projected to lose 75% of their current suitable range by 2099.,"Chapter 7: Climate Change, Impacts on Tree Species",NA
CA_FAP_2020,CA,FAP,2020,FALSE,California,Forest and Range Assessment / Strategy Report,481,tools,climate_models,NA,2,Future conditions were modeled under a high emission scenario (RCP8.5) that best matches the current global trajectory. Two Global Climate Models (GCMs) were used: 1) CNRM CM5: Under this warmer and wetter scenario...2) MIROC ESM: Under this hotter and drier scenario,"Chapter 1: Sustainable Working Forests, Climate Change Impact",NA
CA_FAP_2020,CA,FAP,2020,FALSE,California,Forest and Range Assessment / Strategy Report,481,tools,climate_models,NA,2,"Both GCMs predict continued warming, but the amount of warming varies among GCM and Representative Concentration Pathway (RCP) emissions scenarios (RCP 4.5 and RCP 8.5). Based on the two GCMs shown in Figure 7.2, annual maximum air temperatures are predicted to increase by 3-14°F by 2099","Chapter 7: Climate Change, MIROC ESM figure",NA
CA_FAP_2020,CA,FAP,2020,FALSE,California,Forest and Range Assessment / Strategy Report,481,tools,connectivity_models,NA,1,"A regional habitat connectivity plan provides spatial layers depicting structural connectivity, network importance, landscape permeability, and climate connectivity.","Chapter 10: Wildlife Habitat, Background",NA
CA_FAP_2020,CA,FAP,2020,FALSE,California,Forest and Range Assessment / Strategy Report,481,context,management_scale,site,TRUE,The site-specific management actions recommended in recovery plans for species listed as threatened or endangered under the Endangered Species Act (ESA).,"CA_FAP-S_2020.pdf, USDA-NRCS: Healthy Forests Reserve Program",NA
CA_FAP_2020,CA,FAP,2020,FALSE,California,Forest and Range Assessment / Strategy Report,481,context,management_scale,watershed,TRUE,Target fuel reduction in headwater areas that provide significant water supply. Support reforestation of areas subjected to severe wildfire.,"Chapter 9: Water Resources, Policy Issues",NA
CA_FAP_2020,CA,FAP,2020,FALSE,California,Forest and Range Assessment / Strategy Report,481,context,management_scale,county,TRUE,Potential habitat losses are greatest under both climate scenarios in southern counties such as Kern and Tulare.,"Chapter 10: Wildlife Habitat, Southern Sierra Oak Woodlands figure",NA
CA_FAP_2020,CA,FAP,2020,FALSE,California,Forest and Range Assessment / Strategy Report,481,context,management_scale,within_state_region,TRUE,"For both modeled scenarios, most of these losses are in the Southern Forest District, especially in lower elevations of the southern ranges of the Sierra Nevada.","Chapter 1: Sustainable Working Forests, Climate Change Impact",NA
CA_FAP_2020,CA,FAP,2020,FALSE,California,Forest and Range Assessment / Strategy Report,481,context,management_scale,state,TRUE,"Statewide, there is a projected loss of between .6 (3%) and 1.4 million acres (8%) of timberland under the warmer/wetter and hotter/drier climate change scenarios, respectively.","Chapter 1: Sustainable Working Forests, The Resource Base",NA
CA_FAP_2020,CA,FAP,2020,FALSE,California,Forest and Range Assessment / Strategy Report,481,context,management_scale,multistate,TRUE,"This MOU was executed in December 2018 by California, Washington, and British Columbia. Oregon became a signatory in November 2019. It recognizes that the Pacific Coast's temperate forests have the capacity to sequester more carbon per acre than any other forest type around the world.","CA_FAP-S_2020.pdf, Memorandum of Understanding (MOU) on Pacific Coast Temperate Forests",NA
CA_FAP_2020,CA,FAP,2020,FALSE,California,Forest and Range Assessment / Strategy Report,481,context,management_scale,ecosystem,TRUE,"An ecosystem-level, large-scale landscape approach to conservation is generally a more desirable conservation approach to maintain ecological integrity and biodiversity","Chapter 10: Wildlife Habitat, Background",NA
CA_FAP_2020,CA,FAP,2020,FALSE,California,Forest and Range Assessment / Strategy Report,481,context,management_scale,ecoregion,TRUE,The Klamath-North Interior region has a high proportion of Very High Fire Threat (64%). The Sierra-Cascades region is classified in roughly equal proportions of High (45%) and Very High (40%) Fire Threat,"Chapter 4: Wildfire, Fire Threat (i4.2)",NA
CA_FAP_2020,CA,FAP,2020,FALSE,California,Forest and Range Assessment / Strategy Report,481,context,management_scale,district,TRUE,"most of these losses are in the Southern Forest District, especially in lower elevations of the southern ranges of the Sierra Nevada.","Chapter 1: Sustainable Working Forests, Climate Change Impact",NA
CA_FAP_2020,CA,FAP,2020,FALSE,California,Forest and Range Assessment / Strategy Report,481,context,biological_unit_score,NA,2,"With warmer temperatures, tree species in California are likely to respond by migrating both northward and to higher altitudes.","Chapter 7: Climate Change, Impacts on Tree Species",species
CA_FAP_2020,CA,FAP,2020,FALSE,California,Forest and Range Assessment / Strategy Report,481,context,biological_unit_score,NA,2,"In addition to losses, changing climate provides opportunities for habitat types to 'migrate' into areas that were climatically unsuitable in the past.","Chapter 10: Wildlife Habitat, Habitat Vulnerability to Climate Change",habitat
CA_FAP_2020,CA,FAP,2020,FALSE,California,Forest and Range Assessment / Strategy Report,481,context,biological_unit_components,species,TRUE,"With warmer temperatures, tree species in California are likely to respond by migrating both northward and to higher altitudes. As the rate of climate change increases some tree species may not be able to adapt to changed conditions.","Chapter 7: Climate Change, Impacts on Tree Species",NA
CA_FAP_2020,CA,FAP,2020,FALSE,California,Forest and Range Assessment / Strategy Report,481,context,biological_unit_components,habitat,TRUE,"In addition to losses, changing climate provides opportunities for habitat types to 'migrate' into areas that were climatically unsuitable in the past. Whether these opportunities are realized will depend on the adaptability of the habitat types to these new sites","Chapter 10: Wildlife Habitat, Habitat Vulnerability to Climate Change",NA
CA_FAP_2020,CA,FAP,2020,FALSE,California,Forest and Range Assessment / Strategy Report,481,context,biological_unit_components,ecosystem,TRUE,"These former timberlands will likely transition into oak woodland, brush, or grassland, with different ecological and economic values.","Chapter 1: Sustainable Working Forests, Climate Change Impact",NA
CA_FAP_2020,CA,FAP,2020,FALSE,California,Forest and Range Assessment / Strategy Report,481,context,partnerships_and_funding,NA,2,"The State and the Forest Service are committed to these actions: 1. Sustainably treat one million acres per year, with each party responsible for half of this total; 2. Develop a joint twenty-year project plan for forest and vegetation management","CA_FAP-S_2020.pdf, Forest Service Partnership",NA
CA_FAP_2020,CA,FAP,2020,FALSE,California,Forest and Range Assessment / Strategy Report,481,context,partnerships_and_funding,NA,2,CAL FIRE Forest Health Grant Program provided $142.6 million total in grants for FYs 2018-19 and 2019-20.,"CA_FAP-S_2020.pdf, Table ES-1",NA
CA_FAP_2020,CA,FAP,2020,FALSE,California,Forest and Range Assessment / Strategy Report,481,context,partnerships_and_funding,NA,2,"The CAL FIRE Forest Health Grant Program and Fire Prevention Grant Program have targeted $219 million dollars of CCI monies to restoring resilient forest conditions, increasing the use of prescribed fire, reducing fire risks, and supporting research needs","CA_FAP-S_2020.pdf, Table ES-1, Strategy 4.1",NA
CA_FAP_2020,CA,FAP,2020,FALSE,California,Forest and Range Assessment / Strategy Report,481,context,climate_threat_habitat_degradation,NA,1,"In California, climate change is leading to longer, hotter and drier summers, with more pronounced fire activity and increased tree mortality from pest outbreaks. Extreme weather events, hotter droughts and severe flooding are expected to occur more frequently with global warming.","Chapter 7: Climate Change, Population Growth and Development Impacts",NA
CA_FAP_2020,CA,FAP,2020,FALSE,California,Forest and Range Assessment / Strategy Report,481,context,climate_threat_habitat_degradation,NA,1,"Statewide, there is a projected loss of between .6 (3%) and 1.4 million acres (8%) of timberland under the warmer/wetter and hotter/drier climate change scenarios, respectively. These former timberlands will likely transition into oak woodland, brush, or grassland","Chapter 1: Sustainable Working Forests, The Resource Base",NA
CA_FAP_2020,CA,FAP,2020,FALSE,California,Forest and Range Assessment / Strategy Report,481,context,climate_threat_species_vital_rates,NA,1,Drought stress allowed pests to kill trees that might otherwise have survived and resulted in a bark beetle epidemic that threatened to spread statewide.,"CA_FAP-S_2020.pdf, Challenges, Drought and Elevated Tree Mortality",NA
CA_FAP_2020,CA,FAP,2020,FALSE,California,Forest and Range Assessment / Strategy Report,481,context,climate_threat_species_vital_rates,NA,1,"Species' physiological limits are tested as shifting temperatures, altered hydrology, and changing seasonal cues affect survival, reproduction, and migration.","Chapter 10: Wildlife Habitat, Habitat Quality and Degradation",NA
CA_FAP_2020,CA,FAP,2020,FALSE,California,Forest and Range Assessment / Strategy Report,481,context,climate_threat_biotic_stressors,NA,1,"climate change is increasing drought and heat stress and driving forest systems outside the range of normal variation, in part due to an expansion of the geographic and seasonal range of some important pest species","Chapter 5: Forest Pests, Summary",NA
CA_FAP_2020,CA,FAP,2020,FALSE,California,Forest and Range Assessment / Strategy Report,481,context,climate_threat_biotic_stressors,NA,1,"Since the recent drought, annual grassland areas in eastern San Luis Obispo County changed in grass species composition from soft chess (Bromus hordeaceus)...to red brome (Bromus madritensis)...Red brome is already dominant in annual grassland areas further south, so this change is consistent with the type of change expected with a warming climate.","Chapter 2: Sustainable Rangelands, Climate Change Impact on Rangelands figure",NA
CA_FAP_2020,CA,FAP,2020,FALSE,California,Forest and Range Assessment / Strategy Report,481,actions,priority_habitat_identification,NA,2,"Habitat types such as Joshua Tree are projected to have severe impacts under the two hotter/dryer and warmer/wetter climate scenarios. For habitat types such as Red Fir, the future climate scenario has major implications in terms of loss.","Chapter 10: Wildlife Habitat, Habitat Vulnerability to Climate Change indicator i10.4",NA
CA_FAP_2020,CA,FAP,2020,FALSE,California,Forest and Range Assessment / Strategy Report,481,actions,priority_habitat_identification,NA,2,"Projected climate change results in potential losses in significant portions of this habitat, and the impact appears to increase from north to south (Figure 10.","Chapter 10: Wildlife Habitat, Southern Sierra Oak Woodlands",NA
CA_FAP_2020,CA,FAP,2020,FALSE,California,Forest and Range Assessment / Strategy Report,481,actions,priority_habitat_identification,NA,2,"Evaluation, monitoring and protection of habitat that serves as key refugia on forests and rangelands.","Chapter 7: Climate Change, Strategy 7.3, Action F",NA
CA_FAP_2020,CA,FAP,2020,FALSE,California,Forest and Range Assessment / Strategy Report,481,actions,targeted_range_shift_actions,NA,1,Make sure genetic material from threatened southern populations of conifers is conserved for possible assisted migration.,"Chapter 7: Climate Change, Strategy 7.2, Action E",NA
CA_FAP_2020,CA,FAP,2020,FALSE,California,Forest and Range Assessment / Strategy Report,481,actions,targeted_range_shift_actions,NA,1,Implement seed collection focused on southern populations of key tree species for likely future use in planting zones to the north.,"Chapter 7: Climate Change, Strategy 7.2, Action E",NA
CA_FAP_2020,CA,FAP,2020,FALSE,California,Forest and Range Assessment / Strategy Report,481,actions,time_bound_and_monitoring,NA,2,"The State and the Forest Service are committed to these actions: 1. Sustainably treat one million acres per year, with each party responsible for half of this total; 2. Develop a joint twenty-year project plan for forest and vegetation management","CA_FAP-S_2020.pdf, Forest Service Partnership",time-bound
CA_FAP_2020,CA,FAP,2020,FALSE,California,Forest and Range Assessment / Strategy Report,481,actions,time_bound_and_monitoring,NA,2,The Board of Forestry and Fire Protection established the Effectiveness Monitoring Committee (EMC) in 2014 to create an independent body to assess the efficacy of the Forest Practice Rules and other related laws and regulations.,"CA_FAP-S_2020.pdf, Progress Since Publication",monitoring
CA_FAP_2020,CA,FAP,2020,FALSE,California,Forest and Range Assessment / Strategy Report,481,actions,time_bound_and_monitoring,NA,2,The 2018 California Forest Carbon Plan sets State and Federal goals for conducting fuels treatments on a total of one million acres per year.,"CA_FAP-S_2020.pdf, Table ES-1",time-bound
CA_FAP_2020,CA,FAP,2020,FALSE,California,Forest and Range Assessment / Strategy Report,481,actions,evidence_of_efficacy,NA,2,These techniques have been demonstrated through modeling and real-world wildfires to be effective for both facilitating suppression and moderating fire severity within and outside treated areas,"Chapter 4: Wildfire, Fuel Treatment Area",NA
CA_FAP_2020,CA,FAP,2020,FALSE,California,Forest and Range Assessment / Strategy Report,481,actions,evidence_of_efficacy,NA,2,Reforestation of harvested areas using tree seed adapted to local conditions reduces susceptibility of planted trees and is required by the FPR.,"Chapter 5: Forest Pests, Active Forest Management",NA
CA_FAP_2020,CA,FAP,2020,FALSE,California,Forest and Range Assessment / Strategy Report,481,actions,adaptation_planning_frameworks,NA,2,"Support Adaptation Needs for Forests by Assessing Climate Vulnerabilities, Improving Institutional Capacity, and Promoting a Priority Research Agenda.","Chapter 7: Climate Change, Strategy 7.2",NA
CA_FAP_2020,CA,FAP,2020,FALSE,California,Forest and Range Assessment / Strategy Report,481,actions,adaptation_planning_frameworks,NA,2,Completion of the 2019 Draft Natural and Working Lands Climate Change Implementation Plan that identifies the potential roles for forestlands in climate change mitigation and adaptation.,"CA_FAP-S_2020.pdf, Progress Since Publication",NA
CA_FAP_2020,CA,FAP,2020,FALSE,California,Forest and Range Assessment / Strategy Report,481,actions,adaptation_planning_frameworks,NA,2,Refine priority landscapes by promoting regionally-based vulnerability assessments.,"CA_FAP-S_2020.pdf, Strategy 7.2, Action A-1",NA
CNMI_FAP_2020,CNMI,FAP,2020,FALSE,Commonwealth of the Northern Mariana Islands (CNMI),Forest Action Plan (State Forest Action Plan),44,concepts,climate_vulnerability,NA,1,Changes in temperature and rainfall patterns may also increase native tree and crop species' vulnerability to pests and diseases (Grecni et al. 2021).,Climate Change and Extreme Weather Events,NA
CNMI_FAP_2020,CNMI,FAP,2020,FALSE,Commonwealth of the Northern Mariana Islands (CNMI),Forest Action Plan (State Forest Action Plan),44,concepts,adaptive_capacity_components,ecological_dependencies,TRUE,"Major storm events may damage or destroy trees and tree crops, delay fruiting and flowering, and affect pollinator species.",Climate Change and Extreme Weather Events,NA
CNMI_FAP_2020,CNMI,FAP,2020,FALSE,Commonwealth of the Northern Mariana Islands (CNMI),Forest Action Plan (State Forest Action Plan),44,tools,climate_models,NA,1,"The ""Climate Change in the Commonwealth of the Northern Mariana Islands"" report under the Pacific Islands Regional Climate Assessment (PIRCA), recently released by the East-West Center (Grecni et al. 2021) summarized the potential threats and challenges that climate change may pose to the CNMI.",Climate Change and Extreme Weather Events,NA
CNMI_FAP_2020,CNMI,FAP,2020,FALSE,Commonwealth of the Northern Mariana Islands (CNMI),Forest Action Plan (State Forest Action Plan),44,context,management_scale,site,TRUE,CRB was found in 2020 in the Gagani and Talakhaya areas of Rota four miles from the original CRB quarantine areas at Tweksberry Beach Park and Paupau,Coconut rhinoceros beetle on Rota,NA
CNMI_FAP_2020,CNMI,FAP,2020,FALSE,Commonwealth of the Northern Mariana Islands (CNMI),Forest Action Plan (State Forest Action Plan),44,context,management_scale,watershed,TRUE,Priority watersheds in the CNMI ... CNMI Priority watersheds (clockwise from upper left): Garapan/West Takpochao; Laolao; Achugao; and Talakhaya.,Figure captions,NA
CNMI_FAP_2020,CNMI,FAP,2020,FALSE,Commonwealth of the Northern Mariana Islands (CNMI),Forest Action Plan (State Forest Action Plan),44,context,management_scale,within_state_region,TRUE,"The CNMI is divided into four municipalities: Rota, Tinian (including Aguigan), Saipan, and the Northern Islands which comprises the northern nine islands",Background and Setting,NA
CNMI_FAP_2020,CNMI,FAP,2020,FALSE,Commonwealth of the Northern Mariana Islands (CNMI),Forest Action Plan (State Forest Action Plan),44,context,management_scale,state,TRUE,"The scope of this document encompasses the entire archipelago, but the analysis and strategies will focus primarily on the southern municipalities of Saipan, Tinian / Aguigan, and Rota",Background and Setting,NA
CNMI_FAP_2020,CNMI,FAP,2020,FALSE,Commonwealth of the Northern Mariana Islands (CNMI),Forest Action Plan (State Forest Action Plan),44,context,management_scale,national,TRUE,"State Forest Action Plans offer a practical and comprehensive roadmap for investing federal, state, local, and private resources where they can be most effective in achieving three national conservation goals as defined by the US Forest Service",List of Figures (introduction),NA
CNMI_FAP_2020,CNMI,FAP,2020,FALSE,Commonwealth of the Northern Mariana Islands (CNMI),Forest Action Plan (State Forest Action Plan),44,context,management_scale,transnational,TRUE,"The Micronesia Challenge (MC) is a shared commitment made by the Federated States of Micronesia, Guam, Palau, CNMI, and the Republic of the Marshall Islands originally launched in 2006 to effectively conserve 30% of marine resources and 20% of terrestrial resources by 2020.",Micronesia Challenge (table),NA
CNMI_FAP_2020,CNMI,FAP,2020,FALSE,Commonwealth of the Northern Mariana Islands (CNMI),Forest Action Plan (State Forest Action Plan),44,context,management_scale,ecosystem,TRUE,"the hydrological features underlying and surrounding Saipan's coastal wetlands and mangroves may be quite sensitive to changes in sea level, salinity, and sedimentation that may be exacerbated by climate change",Climate Change and Extreme Weather Events,NA
CNMI_FAP_2020,CNMI,FAP,2020,FALSE,Commonwealth of the Northern Mariana Islands (CNMI),Forest Action Plan (State Forest Action Plan),44,context,management_scale,lake,TRUE,The largest wetlands in the CNMI are Lake Susupe on Saipan and Lake Hagoi on Tinian.,Current Status of Forests in the CNMI,NA
CNMI_FAP_2020,CNMI,FAP,2020,FALSE,Commonwealth of the Northern Mariana Islands (CNMI),Forest Action Plan (State Forest Action Plan),44,context,biological_unit_score,NA,2,Changes in temperature and rainfall patterns may also increase native tree and crop species' vulnerability to pests and diseases (Grecni et al. 2021).,Climate Change and Extreme Weather Events,species
CNMI_FAP_2020,CNMI,FAP,2020,FALSE,Commonwealth of the Northern Mariana Islands (CNMI),Forest Action Plan (State Forest Action Plan),44,context,biological_unit_score,NA,2,"the hydrological features underlying and surrounding Saipan's coastal wetlands and mangroves may be quite sensitive to changes in sea level, salinity, and sedimentation that may be exacerbated by climate change",Climate Change and Extreme Weather Events,habitat
CNMI_FAP_2020,CNMI,FAP,2020,FALSE,Commonwealth of the Northern Mariana Islands (CNMI),Forest Action Plan (State Forest Action Plan),44,context,biological_unit_components,species,TRUE,Changes in temperature and rainfall patterns may also increase native tree and crop species' vulnerability to pests and diseases (Grecni et al. 2021).,Climate Change and Extreme Weather Events,NA
CNMI_FAP_2020,CNMI,FAP,2020,FALSE,Commonwealth of the Northern Mariana Islands (CNMI),Forest Action Plan (State Forest Action Plan),44,context,biological_unit_components,habitat,TRUE,"the hydrological features underlying and surrounding Saipan's coastal wetlands and mangroves may be quite sensitive to changes in sea level, salinity, and sedimentation that may be exacerbated by climate change",Climate Change and Extreme Weather Events,NA
CNMI_FAP_2020,CNMI,FAP,2020,FALSE,Commonwealth of the Northern Mariana Islands (CNMI),Forest Action Plan (State Forest Action Plan),44,context,partnerships_and_funding,NA,1,"With assistance from USFS, and occasionally from other federal agencies, the CNMI will be able to address some of these threats and priorities identified in this plan",Forest Conditions and Trends/Threats,NA
CNMI_FAP_2020,CNMI,FAP,2020,FALSE,Commonwealth of the Northern Mariana Islands (CNMI),Forest Action Plan (State Forest Action Plan),44,context,partnerships_and_funding,NA,1,"The Micronesia Challenge (MC) is a shared commitment made by the Federated States of Micronesia, Guam, Palau, CNMI, and the Republic of the Marshall Islands originally launched in 2006 to effectively conserve 30% of marine resources and 20% of terrestrial resources by 2020.",Micronesia Challenge (table),NA
CNMI_FAP_2020,CNMI,FAP,2020,FALSE,Commonwealth of the Northern Mariana Islands (CNMI),Forest Action Plan (State Forest Action Plan),44,context,climate_threat_habitat_degradation,NA,1,"Sea level rise threatens infrastructure, including housing, businesses, and transportation, as well as ecosystems and cultural sites. More frequent and intense coastal flooding and erosion are anticipated as sea level rise accelerates.",Climate Change and Extreme Weather Events,NA
CNMI_FAP_2020,CNMI,FAP,2020,FALSE,Commonwealth of the Northern Mariana Islands (CNMI),Forest Action Plan (State Forest Action Plan),44,context,climate_threat_habitat_degradation,NA,1,"the hydrological features underlying and surrounding Saipan's coastal wetlands and mangroves may be quite sensitive to changes in sea level, salinity, and sedimentation that may be exacerbated by climate change",Climate Change and Extreme Weather Events,NA
CNMI_FAP_2020,CNMI,FAP,2020,FALSE,Commonwealth of the Northern Mariana Islands (CNMI),Forest Action Plan (State Forest Action Plan),44,context,climate_threat_species_vital_rates,NA,1,Changes in temperature and rainfall patterns may also increase native tree and crop species' vulnerability to pests and diseases (Grecni et al. 2021).,Climate Change and Extreme Weather Events,NA
CNMI_FAP_2020,CNMI,FAP,2020,FALSE,Commonwealth of the Northern Mariana Islands (CNMI),Forest Action Plan (State Forest Action Plan),44,context,climate_threat_biotic_stressors,NA,1,"The small and highly fragmented remains of native limestone forest are particularly vulnerable to invasive species, and the hydrological features underlying and surrounding Saipan's coastal wetlands and mangroves may be quite sensitive to changes in sea level, salinity, and sedimentation that may be exacerbated by climate change",Climate Change and Extreme Weather Events,NA
CNMI_FAP_2020,CNMI,FAP,2020,FALSE,Commonwealth of the Northern Mariana Islands (CNMI),Forest Action Plan (State Forest Action Plan),44,actions,priority_habitat_identification,NA,2,Figure 16: Priority watersheds in the CNMI. Figure 17: CNMI Priority watersheds (clockwise from upper left): Garapan/West Takpochao; Laolao; Achugao; and Talakhaya.,Figure captions,NA
CNMI_FAP_2020,CNMI,FAP,2020,FALSE,Commonwealth of the Northern Mariana Islands (CNMI),Forest Action Plan (State Forest Action Plan),44,actions,priority_habitat_identification,NA,2,"In addition, there are several areas on Tinian designated as priority areas that are not legally protected as Conservation Areas (Figure 5): Tinian o Carolinas Heights o Kastiyu",Conservation Areas in the CNMI,NA
CNMI_FAP_2020,CNMI,FAP,2020,FALSE,Commonwealth of the Northern Mariana Islands (CNMI),Forest Action Plan (State Forest Action Plan),44,actions,time_bound_and_monitoring,NA,1,"Micronesia Challenge 2030 goals to effectively manage 50% of marine resources, including the exclusive economic zone (EEZ), and 30% of terrestrial resources by 2030.",Micronesia Challenge (table),NA
CNMI_FAP_2020,CNMI,FAP,2020,FALSE,Commonwealth of the Northern Mariana Islands (CNMI),Forest Action Plan (State Forest Action Plan),44,actions,evidence_of_efficacy,NA,1,To promote best land management practices while sustaining a healthy diversity and productivity on our limited and fragile forest and grassland resources for present and future generations.,CNMI Forestry Program,NA
CO_FAP_2020,CO,FAP,2020,FALSE,Colorado (state),Forest Action Plan,88,concepts,climate_vulnerability,NA,2,"Drought and climate change are depleting available resources for wildlife including water, food and cover. Available habitat is shifting across the landscape in response.",T H E M E : F O R E S T W I L D L I F E C H A L L E N G E S A N D T H R E,exposure
CO_FAP_2020,CO,FAP,2020,FALSE,Colorado (state),Forest Action Plan,88,concepts,climate_vulnerability,NA,2,"Averaged across Colorado, mean annual temperatures have increased by 2 degrees Fahrenheit over the past 30 years. All future climate models project a continued increase in mean annual temperatures, with the greatest warming expected in the summer months",CLIMATE R E S O U R C E A S S E S S M E N T,exposure
CO_FAP_2020,CO,FAP,2020,FALSE,Colorado (state),Forest Action Plan,88,concepts,adaptive_capacity_specificity,NA,1,These conditions and trends require implementation of adaptive forestry management techniques that are compatible with habitat structure and function.,T H E M E : F O R E S T W I L D L I F E C H A L L E N G E S A N D T H R E,NA
CO_FAP_2020,CO,FAP,2020,FALSE,Colorado (state),Forest Action Plan,88,concepts,adaptive_capacity_components,distribution,TRUE,"Facilitate shifts in the geographic and elevation ranges of species, in anticipation of future conditions.",[FIGURE: Facilitate shifts in the geographic and elevation ranges of species],NA
CO_FAP_2020,CO,FAP,2020,FALSE,Colorado (state),Forest Action Plan,88,concepts,adaptive_capacity_components,movement,TRUE,"Establish corridors and minimize barriers to allow for wildlife movement to new suitable habitats 2. Prepare suitable habitat in anticipation of future introduction, reintroduction or natural range shift of a species",[FIGURE: Establish corridors and minimize barriers],NA
CO_FAP_2020,CO,FAP,2020,FALSE,Colorado (state),Forest Action Plan,88,concepts,connectivity,NA,2,"Establish corridors and minimize barriers to allow for wildlife movement to new suitable habitats 2. Prepare suitable habitat in anticipation of future introduction, reintroduction or natural range shift of a species 3. Conserve leading-edge populations (high altitude, northern, etc.)",[FIGURE: Establish corridors and minimize barriers],NA
CO_FAP_2020,CO,FAP,2020,FALSE,Colorado (state),Forest Action Plan,88,concepts,connectivity,NA,2,Conserve sites expected to provide future suitable habitat and create climate refugia 4. Protect habitat connectivity such as adjacent reserves and migration corridors,"[FIGURE: Create and connect existing large, intact and protected habitat]",NA
CO_FAP_2020,CO,FAP,2020,FALSE,Colorado (state),Forest Action Plan,88,tools,vulnerability_models,NA,1,climate change vulnerability assessment of aquatic and terrestrial ecosystems in the U.S. Forest Service Rocky Mountain Region J R Rice L A Joyce C Regan D Winters R Truex RMRS- GTR-376 2018,References section,NA
CO_FAP_2020,CO,FAP,2020,FALSE,Colorado (state),Forest Action Plan,88,tools,climate_models,NA,1,Projected changes for 2006-2100 are from global climate models for two possible futures: a higher greenhouse gases (GHG) emissions scenario and a lower GHG emissions scenario. Shading indicates the range of variation for the models. Graphic: Reproduced with permission from RMRS-GTR-376,FIGURE E,NA
CO_FAP_2020,CO,FAP,2020,FALSE,Colorado (state),Forest Action Plan,88,tools,connectivity_models,NA,2,Habitat quality and connectivity (weighted 2x) » Ecological connectivity [54] » Landscape disturbance index [55] … Data were integrated from Colorado Parks and Wildlife's 2015 State Wildlife Action Plan (SWAP) to improve consistency with other statewide prioritization efforts.,[FIGURE: Habitat quality and connectivity (weighted 2x)],NA
CO_FAP_2020,CO,FAP,2020,FALSE,Colorado (state),Forest Action Plan,88,context,management_scale,local,TRUE,Tactical and prescriptive planning should occur at the local level by managers and stakeholders who are experts on local conditions.,[TABLE] The Forest Action Plan sets direction for CSFS staff,NA
CO_FAP_2020,CO,FAP,2020,FALSE,Colorado (state),Forest Action Plan,88,context,management_scale,site,TRUE,"Wildfire risk reduction activities are often done at the scale of an individual parcel, rather than strategically linked across communities and landscapes",[FIGURE: The same tree with a crooked trunk],NA
CO_FAP_2020,CO,FAP,2020,FALSE,Colorado (state),Forest Action Plan,88,context,management_scale,watershed,TRUE,"All of the composite map layers were processed at the 12-digit hydrologic unit code (HUC) sixth-level scale, with continuous values from 0 to 100, where increasing values indicate increasing priority. The 12-digit HUC represents subwatersheds",PRIORITY MAP DEVELOPMENT,NA
CO_FAP_2020,CO,FAP,2020,FALSE,Colorado (state),Forest Action Plan,88,context,management_scale,county,TRUE,View and download county reports from the composite priority map and theme priority maps in the Forest Action Plan application of the Colorado Forest Atlas,MORE ONLINE,NA
CO_FAP_2020,CO,FAP,2020,FALSE,Colorado (state),Forest Action Plan,88,context,management_scale,within_state_region,TRUE,"The first draft composite priority map was presented to CSFS staff in each of the four CSFS areas -Northeast, Northwest, Southeast and Southwest.","ITERATIVE, PARTICIPATORY MAPPING PROCESS",NA
CO_FAP_2020,CO,FAP,2020,FALSE,Colorado (state),Forest Action Plan,88,context,management_scale,state,TRUE,"The 2020 Colorado Forest Action Plan provides a strategic framework to address the benefits, conditions and trends in Colorado's forests, as well as the threats and challenges the state's forests face across political, jurisdictional and ecological boundaries.",Introduction,NA
CO_FAP_2020,CO,FAP,2020,FALSE,Colorado (state),Forest Action Plan,88,context,management_scale,multistate,TRUE,"The forests that extend between Colorado and New Mexico are of particular interest to both states, primarily for reasons related to watershed protection. One example of this is the Two Watersheds -Three Rivers -Two States Cohesive Strategy Partnership",CSFS Assists Tribal Ranches with Wildfire Risk Reduction Projects in Southwest Colorado,NA
CO_FAP_2020,CO,FAP,2020,FALSE,Colorado (state),Forest Action Plan,88,context,management_scale,ecosystem,TRUE,Wildfire plays a critical role in maintaining the health of many ecosystems in Colorado.,FOREST CONDITIONS,NA
CO_FAP_2020,CO,FAP,2020,FALSE,Colorado (state),Forest Action Plan,88,context,management_scale,district,TRUE,The Alpine Plateau GNA project was initiated by the CSFS and USFS on lands in the Gunnison Ranger District,Good Neighbor Authority Project Clears Dead Trees for Southwestern Community ALPINE PLATEAU C A S E S T U D Y,NA
CO_FAP_2020,CO,FAP,2020,FALSE,Colorado (state),Forest Action Plan,88,context,biological_unit_score,NA,2,"Facilitate shifts in the geographic and elevation ranges of species, in anticipation of future conditions.",[FIGURE: Facilitate shifts in the geographic and elevation ranges of species],species
CO_FAP_2020,CO,FAP,2020,FALSE,Colorado (state),Forest Action Plan,88,context,biological_unit_score,NA,2,Colorado's forested watersheds are the headwaters for four major rivers … Forests have various effects on the natural water cycle … and forest health impacts watershed health.,WATERSHED HEALTH,ecosystem
CO_FAP_2020,CO,FAP,2020,FALSE,Colorado (state),Forest Action Plan,88,context,biological_unit_components,species,TRUE,"Facilitate shifts in the geographic and elevation ranges of species, in anticipation of future conditions.",[FIGURE: Facilitate shifts in the geographic and elevation ranges of species],NA
CO_FAP_2020,CO,FAP,2020,FALSE,Colorado (state),Forest Action Plan,88,context,biological_unit_components,population,TRUE,"Conserve leading-edge populations (high altitude, northern, etc.)",[FIGURE: Establish corridors and minimize barriers],NA
CO_FAP_2020,CO,FAP,2020,FALSE,Colorado (state),Forest Action Plan,88,context,biological_unit_components,habitat,TRUE,"Prepare suitable habitat in anticipation of future introduction, reintroduction or natural range shift of a species",[FIGURE: Establish corridors and minimize barriers],NA
CO_FAP_2020,CO,FAP,2020,FALSE,Colorado (state),Forest Action Plan,88,context,biological_unit_components,ecosystem,TRUE,Wildfire plays a critical role in maintaining the health of many ecosystems in Colorado.,FOREST CONDITIONS,NA
CO_FAP_2020,CO,FAP,2020,FALSE,Colorado (state),Forest Action Plan,88,context,partnerships_and_funding,NA,2,"In Colorado, a Shared Stewardship memorandum of understanding was signed by Gov. Jared Polis and USDA Undersecretary for Natural Resources and Environment Jim Hubbard on Oct. 23, 2019.",[TABLE] Forest Service conceptualized Shared Stewardship,NA
CO_FAP_2020,CO,FAP,2020,FALSE,Colorado (state),Forest Action Plan,88,context,partnerships_and_funding,NA,2,"The 2-3-2 has secured more than $5 million and accomplished many goals, including facilitating the use of prescribed fire with resources from multiple forests; leveraging funding to secure Rural Conservation Partnership Program work on private lands; building an online spatial data portal for planning treatments",CSFS Assists Tribal Ranches with Wildfire Risk Reduction Projects in Southwest Colorado,NA
CO_FAP_2020,CO,FAP,2020,FALSE,Colorado (state),Forest Action Plan,88,context,climate_threat_habitat_degradation,NA,1,"Current and expected future conditions, including persistent droughts and uncharacteristic wildfires, have and will continue to negatively impact forest health and the source water and habitat these forests provide.",A C T I O N P L A N I C O N S,NA
CO_FAP_2020,CO,FAP,2020,FALSE,Colorado (state),Forest Action Plan,88,context,climate_threat_species_vital_rates,NA,1,"Lack of seedling regeneration after forest disturbance » Reduced soil moisture in summer » Warmer temperatures, both annual and seasonal",[TABLE] Lack of seedling regeneration after forest disturbance,NA
CO_FAP_2020,CO,FAP,2020,FALSE,Colorado (state),Forest Action Plan,88,context,climate_threat_biotic_stressors,NA,1,"Disturbances are amplified by increasing drought occurrence, climate change (e.g., shifting seasonality of fire and vegetation) and altered native vegetation (e.g., riparian area deforestation, woody encroachment and non-native invasive species).",T H E M E : F O R E S T W I L D L I F E C H A L L E N G E S A N D T H R E,NA
CO_FAP_2020,CO,FAP,2020,FALSE,Colorado (state),Forest Action Plan,88,actions,priority_habitat_identification,NA,2,"The Forest Action Plan composite priority map was created through an iterative, participatory process to capture natural resource priorities statewide.",FIGURE H,spatial representation
CO_FAP_2020,CO,FAP,2020,FALSE,Colorado (state),Forest Action Plan,88,actions,priority_habitat_identification,NA,2,Conserve sites expected to provide future suitable habitat and create climate refugia 4. Protect habitat connectivity such as adjacent reserves and migration corridors,"[FIGURE: Create and connect existing large, intact and protected habitat]",climate refugia
CO_FAP_2020,CO,FAP,2020,FALSE,Colorado (state),Forest Action Plan,88,actions,targeted_range_shift_actions,NA,1,"Facilitate shifts in the geographic and elevation ranges of species, in anticipation of future conditions.",[FIGURE: Facilitate shifts in the geographic and elevation ranges of species],NA
CO_FAP_2020,CO,FAP,2020,FALSE,Colorado (state),Forest Action Plan,88,actions,targeted_range_shift_actions,NA,1,"Establish corridors and minimize barriers to allow for wildlife movement to new suitable habitats 2. Prepare suitable habitat in anticipation of future introduction, reintroduction or natural range shift of a species 3. Conserve leading-edge populations (high altitude, northern, etc.)",[FIGURE: Establish corridors and minimize barriers],NA
CO_FAP_2020,CO,FAP,2020,FALSE,Colorado (state),Forest Action Plan,88,actions,time_bound_and_monitoring,NA,1,"This Forest Action Plan will be reviewed in five years, and new data and information will be incorporated, as applicable, making this a living document.",Introduction,time-bound
CO_FAP_2020,CO,FAP,2020,FALSE,Colorado (state),Forest Action Plan,88,actions,evidence_of_efficacy,NA,2,"These efforts, combined with the Northern Institute of Applied Climate Science forest carbon management menu of adaptation strategies and approaches that were used to develop the goals, strategies and approaches of this action plan [33], will be critical components in creating a statewide carbon strategic plan","[TABLE] WUI RISK: STATEWIDE WILDLAND-URBAN INTERFACE RISK POPULATION, 2017",NA
CO_FAP_2020,CO,FAP,2020,FALSE,Colorado (state),Forest Action Plan,88,actions,evidence_of_efficacy,NA,2,"The Adaptive Silviculture for Climate Change (ASCC) framework [34,37]. Resistance (to change in species composition and structure) will typically require the most investment and effort. Developing more flexible composition and structural goals designed for resilience is more likely to promote elasticity in regard to disturbances and climate shifts.",FIGURE G,NA
CO_FAP_2020,CO,FAP,2020,FALSE,Colorado (state),Forest Action Plan,88,actions,adaptation_planning_frameworks,NA,2,"The Adaptive Silviculture for Climate Change (ASCC) framework [34,37]. Resistance (to change in species composition and structure) will typically require the most investment and effort. Developing more flexible composition and structural goals designed for resilience is more likely to promote elasticity in regard to disturbances and climate shifts. Silvicultural systems designed for transition include alterations to species composition and structure and planning for alternate and adaptive actions over time.",FIGURE G,NA
CO_FAP_2020,CO,FAP,2020,FALSE,Colorado (state),Forest Action Plan,88,actions,adaptation_planning_frameworks,NA,2,"As forests respond to a changing climate, adaptive forest management uses the best available science to play a role in these responses with the overarching goal of sustaining ecosystem services [35] C urrent forest management methods can integrate adaptive approaches to mitigate climate change effects [35,36].",IDENTIFYING PRIORITIES,NA
CT_FAP_2020,CT,FAP,2020,FALSE,Connecticut (DEEP),State Forest Action Plan,249,concepts,climate_vulnerability,NA,2,"Large, unfragmented blocks of forest offer habitat for edge-intolerant species, provide connectivity and corridors for species migration in response to climate change, including warming temperatures and changes in precipitation",Forest fragmentation,exposure
CT_FAP_2020,CT,FAP,2020,FALSE,Connecticut (DEEP),State Forest Action Plan,249,concepts,climate_vulnerability,NA,2,"Climate change has the potential to alter successional dynamics, influencing the species compositions and the rate and development of aboveground biomass accumulation",Change in forest carbon,exposure
CT_FAP_2020,CT,FAP,2020,FALSE,Connecticut (DEEP),State Forest Action Plan,249,concepts,climate_vulnerability,NA,2,Parcelization can also interrupt continuity which can reduce resiliency and ability to adapt to a changing climate by decreasing connectivity and corridors allowing species migration due to increasing temperatures and changing precipitation regimes,Forest Parcel Sizes,adaptive capacity
CT_FAP_2020,CT,FAP,2020,FALSE,Connecticut (DEEP),State Forest Action Plan,249,concepts,adaptive_capacity_specificity,NA,1,Parcelization can also interrupt continuity which can reduce resiliency and ability to adapt to a changing climate by decreasing connectivity and corridors allowing species migration due to increasing temperatures and changing precipitation regimes,Forest Parcel Sizes,NA
CT_FAP_2020,CT,FAP,2020,FALSE,Connecticut (DEEP),State Forest Action Plan,249,concepts,adaptive_capacity_components,distribution,TRUE,"Large, unfragmented blocks of forest offer habitat for edge-intolerant species, provide connectivity and corridors for species migration in response to climate change, including warming temperatures and changes in precipitation",Forest fragmentation,NA
CT_FAP_2020,CT,FAP,2020,FALSE,Connecticut (DEEP),State Forest Action Plan,249,concepts,adaptive_capacity_components,movement,TRUE,Parcelization can also interrupt continuity which can reduce resiliency and ability to adapt to a changing climate by decreasing connectivity and corridors allowing species migration due to increasing temperatures and changing precipitation regimes,Forest Parcel Sizes,NA
CT_FAP_2020,CT,FAP,2020,FALSE,Connecticut (DEEP),State Forest Action Plan,249,concepts,connectivity,NA,2,"Large, unfragmented blocks of forest offer habitat for edge-intolerant species, provide connectivity and corridors for species migration in response to climate change, including warming temperatures and changes in precipitation",Forest fragmentation,NA
CT_FAP_2020,CT,FAP,2020,FALSE,Connecticut (DEEP),State Forest Action Plan,249,concepts,connectivity,NA,2,Parcelization can also interrupt continuity which can reduce resiliency and ability to adapt to a changing climate by decreasing connectivity and corridors allowing species migration due to increasing temperatures and changing precipitation regimes,Forest Parcel Sizes,NA
CT_FAP_2020,CT,FAP,2020,FALSE,Connecticut (DEEP),State Forest Action Plan,249,concepts,connectivity,NA,2,The Resilient and Connected Network in Priority Map 5 also crosses political boundaries and links landscapes across eastern North America providing connection to allow for resiliency and flow of biodiversity related to climate change,SECTION 4. Connecticut and Multi-State Priority Areas,NA
CT_FAP_2020,CT,FAP,2020,FALSE,Connecticut (DEEP),State Forest Action Plan,249,tools,niche_models,NA,2,"According to modeling done by the Northern Institute of Applied Climate Science (NIACS) using the U.S. Forest Service Tree Atlas and LANDIS, common species in southern New England will have differing likely outcomes related to climate change.",Change in forest carbon,NA
CT_FAP_2020,CT,FAP,2020,FALSE,Connecticut (DEEP),State Forest Action Plan,249,tools,niche_models,NA,2,"Some of the results of this work, ""Climate Change Projections for Individual Tree Species -Connecticut"" can be found in Appendix 4.",Change in forest carbon,NA
CT_FAP_2020,CT,FAP,2020,FALSE,Connecticut (DEEP),State Forest Action Plan,249,tools,climate_models,NA,1,"Based on modelling and predictions and on detailed knowledge of the state's urban forest, determine what are likely to be the major effects of climate change on the urban forests of Connecticut.",Strategy -Prepare for the Effects of Climate Change while Helping to Mitigate its Causes,NA
CT_FAP_2020,CT,FAP,2020,FALSE,Connecticut (DEEP),State Forest Action Plan,249,tools,connectivity_models,NA,1,The Resilient and Connected Network in Priority Map 5 also crosses political boundaries and links landscapes across eastern North America providing connection to allow for resiliency and flow of biodiversity related to climate change,SECTION 4. Connecticut and Multi-State Priority Areas,NA
CT_FAP_2020,CT,FAP,2020,FALSE,Connecticut (DEEP),State Forest Action Plan,249,context,management_scale,local,TRUE,Parcelization can also interrupt continuity which can reduce resiliency and ability to adapt to a changing climate by decreasing connectivity and corridors allowing species migration due to increasing temperatures and changing precipitation regimes,Forest Parcel Sizes,NA
CT_FAP_2020,CT,FAP,2020,FALSE,Connecticut (DEEP),State Forest Action Plan,249,context,management_scale,site,TRUE,"Core forests provide an opportunity to prioritize larger blocks of ecologically important forestland. Core forest, especially large core forest, provide important benefits for wildlife habitat, forest connectivity, and forest resiliency among other benefits.",SECTION 4. Connecticut and Multi-State Priority Areas - Priority Map 1 - Core forest areas,NA
CT_FAP_2020,CT,FAP,2020,FALSE,Connecticut (DEEP),State Forest Action Plan,249,context,management_scale,state,TRUE,"Large, unfragmented blocks of forest offer habitat for edge-intolerant species, provide connectivity and corridors for species migration in response to climate change, including warming temperatures and changes in precipitation",Forest fragmentation,NA
CT_FAP_2020,CT,FAP,2020,FALSE,Connecticut (DEEP),State Forest Action Plan,249,context,management_scale,multistate,TRUE,The Resilient and Connected Network in Priority Map 5 also crosses political boundaries and links landscapes across eastern North America providing connection to allow for resiliency and flow of biodiversity related to climate change,SECTION 4. Connecticut and Multi-State Priority Areas,NA
CT_FAP_2020,CT,FAP,2020,FALSE,Connecticut (DEEP),State Forest Action Plan,249,context,biological_unit_score,NA,2,"Large, unfragmented blocks of forest offer habitat for edge-intolerant species, provide connectivity and corridors for species migration in response to climate change, including warming temperatures and changes in precipitation",Forest fragmentation,species
CT_FAP_2020,CT,FAP,2020,FALSE,Connecticut (DEEP),State Forest Action Plan,249,context,biological_unit_score,NA,2,"According to modeling done by the Northern Institute of Applied Climate Science (NIACS) using the U.S. Forest Service Tree Atlas and LANDIS, common species in southern New England will have differing likely outcomes related to climate change.",Change in forest carbon,species
CT_FAP_2020,CT,FAP,2020,FALSE,Connecticut (DEEP),State Forest Action Plan,249,context,biological_unit_components,species,TRUE,Increased temperatures due to climate change could make conditions in Connecticut more favorable for southern pine beetle which is at the very northern edge of its expanding range.,Insects and Diseases,NA
CT_FAP_2020,CT,FAP,2020,FALSE,Connecticut (DEEP),State Forest Action Plan,249,context,biological_unit_components,habitat,TRUE,"Large, unfragmented blocks of forest offer habitat for edge-intolerant species, provide connectivity and corridors for species migration in response to climate change, including warming temperatures and changes in precipitation",Forest fragmentation,NA
CT_FAP_2020,CT,FAP,2020,FALSE,Connecticut (DEEP),State Forest Action Plan,249,context,partnerships_and_funding,NA,1,"Most of the funding for the Forestry Division comes from the General Fund including personal services, capital expenses, and other expenses. Environmental Conservation fees (EC fees), Regional Greenhouse Gas Initiative (RGGI) funds, Title V Support funds, and Northeastern Forest Fire Protection Commission, Passport to Parks, and Environmental Settlement funds provide some funding for the Forestry Division.",State forestry agency funding,funding
CT_FAP_2020,CT,FAP,2020,FALSE,Connecticut (DEEP),State Forest Action Plan,249,context,partnerships_and_funding,NA,1,"The Berkshire-Taconic Landscape -CT, MA, NY, VT -Partnerships striving to conserve land along the mountainous spine along the boundaries of New York with Connecticut, Massachusetts, and Vermont.",SECTION 4. Connecticut and Multi-State Priority Areas,partnerships
CT_FAP_2020,CT,FAP,2020,FALSE,Connecticut (DEEP),State Forest Action Plan,249,context,climate_threat_habitat_degradation,NA,1,"Drought and other abiotic natural disturbances, make forests more vulnerable to secondary stressors like that of biotic disturbances (e.g., insects and pathogens).",Change in forest carbon,NA
CT_FAP_2020,CT,FAP,2020,FALSE,Connecticut (DEEP),State Forest Action Plan,249,context,climate_threat_habitat_degradation,NA,1,"Climate driven changes in temperature, precipitation, and disturbance frequencies and intensities influence forest health and function.",Change in forest carbon,NA
CT_FAP_2020,CT,FAP,2020,FALSE,Connecticut (DEEP),State Forest Action Plan,249,context,climate_threat_species_vital_rates,NA,1,The combined stresses of drought and spongy moth defoliation caused substantial mortality in many areas where the losses likely would not have been as severe if only one of these stressors was present.,Drought,NA
CT_FAP_2020,CT,FAP,2020,FALSE,Connecticut (DEEP),State Forest Action Plan,249,context,climate_threat_biotic_stressors,NA,1,Increased temperatures due to climate change could make conditions in Connecticut more favorable for southern pine beetle which is at the very northern edge of its expanding range.,Insects and Diseases,NA
CT_FAP_2020,CT,FAP,2020,FALSE,Connecticut (DEEP),State Forest Action Plan,249,context,climate_threat_biotic_stressors,NA,1,Increasing temperatures due to climate change may help HWA populations remain high eliminating some of the cold weather population declines.,Insects and Diseases,NA
CT_FAP_2020,CT,FAP,2020,FALSE,Connecticut (DEEP),State Forest Action Plan,249,actions,priority_habitat_identification,NA,2,"Core forests provide an opportunity to prioritize larger blocks of ecologically important forestland. Core forest, especially large core forest, provide important benefits for wildlife habitat, forest connectivity, and forest resiliency among other benefits.",SECTION 4. Connecticut and Multi-State Priority Areas - Priority Map 1 - Core forest areas,NA
CT_FAP_2020,CT,FAP,2020,FALSE,Connecticut (DEEP),State Forest Action Plan,249,actions,priority_habitat_identification,NA,2,"Connecticut will increase the amount of forest protected from development following priority criteria based on core forest areas, connection, Forest Legacy potential, and vulnerability.",Connecticut's Desired Future Conditions,NA
CT_FAP_2020,CT,FAP,2020,FALSE,Connecticut (DEEP),State Forest Action Plan,249,actions,priority_habitat_identification,NA,2,The Resilient and Connected Network in Priority Map 5 also crosses political boundaries and links landscapes across eastern North America providing connection to allow for resiliency and flow of biodiversity related to climate change,SECTION 4. Connecticut and Multi-State Priority Areas,NA
CT_FAP_2020,CT,FAP,2020,FALSE,Connecticut (DEEP),State Forest Action Plan,249,actions,targeted_range_shift_actions,NA,1,Reverse the fragmentation process through identification and protection of properties that will create or expand existing core forests or connected forested corridors.,"Complete Set of Agreed-Upon Visions, Principles, and Action Steps",NA
CT_FAP_2020,CT,FAP,2020,FALSE,Connecticut (DEEP),State Forest Action Plan,249,actions,time_bound_and_monitoring,NA,1,Adaptive management will be the standard practice with data-driven results providing feedback to improve ongoing management decisions.,"Complete Set of Agreed-Upon Visions, Principles, and Action Steps",monitoring
CT_FAP_2020,CT,FAP,2020,FALSE,Connecticut (DEEP),State Forest Action Plan,249,actions,evidence_of_efficacy,NA,1,"Create diverse forest landscapes by applying silvicultural methods that efficiently sequester and store carbon, improve resilience, and allow adaptation to climate change.",SECTION 2. Statewide Forest Resource Strategies Program Area Integration,NA
CT_FAP_2020,CT,FAP,2020,FALSE,Connecticut (DEEP),State Forest Action Plan,249,actions,adaptation_planning_frameworks,NA,1,Incorporate climate adaptation and forest carbon planning into forest management plans prepared for State lands.,SECTION 2. Statewide Forest Resource Strategies Program Area Integration,NA
CT_FAP_2020,CT,FAP,2020,FALSE,Connecticut (DEEP),State Forest Action Plan,249,actions,adaptation_planning_frameworks,NA,1,Adaptive management will be the standard practice with data-driven results providing feedback to improve ongoing management decisions.,"Complete Set of Agreed-Upon Visions, Principles, and Action Steps",NA
DE_FAP_2020,DE,FAP,2020,FALSE,Delaware,Forest Action Plan / State Forest Resource Assessment,244,concepts,climate_vulnerability,NA,1,"Tier 1 SGCN (165 total) are in the highest need of conservation action. These include the rarest species in the state, species that are highly globally imperiled, and species with regionally important Delaware populations that are also under high threat from a changing climate.","Species of conservation concern, Indicator 4",NA
DE_FAP_2020,DE,FAP,2020,FALSE,Delaware,Forest Action Plan / State Forest Resource Assessment,244,concepts,adaptive_capacity_components,distribution,TRUE,"Several potential issues relating to forests and forested habitat include: Migration of maritime forests/riparian areas inland, Shifts in species range (migration), Changes in species composition or disappearance of species, and Increases in invasive/nuisance species and diseases.","Climate change and sea level rise, INDICATOR 7 section",distribution
DE_FAP_2020,DE,FAP,2020,FALSE,Delaware,Forest Action Plan / State Forest Resource Assessment,244,concepts,connectivity,NA,1,"there is also a loss of forested corridors (100- to 300-foot wide strips) that connect larger blocks of forestland. These areas provide protected travel routes for many wildlife species and are often located along waterways, thus also improving water quality.","Forest fragmentation, Indicators 3/Issues section",NA
DE_FAP_2020,DE,FAP,2020,FALSE,Delaware,Forest Action Plan / State Forest Resource Assessment,244,context,management_scale,watershed,TRUE,The final product from the weighted overlay of the 21 input layers... This resulted in 43 of Delaware's 100 HUC 12 watersheds receiving high priority.,"Rural Priority Landscape Area, Section VI",NA
DE_FAP_2020,DE,FAP,2020,FALSE,Delaware,Forest Action Plan / State Forest Resource Assessment,244,context,management_scale,within_state_region,TRUE,"The five divisions within the rural priority landscape area are: Delaware Estuary, Blackbird Creek, Inland Bays, Piedmont Basin, Chesapeake Basin.","Section II, DE-FAP-S_2020.pdf",NA
DE_FAP_2020,DE,FAP,2020,FALSE,Delaware,Forest Action Plan / State Forest Resource Assessment,244,context,management_scale,state,TRUE,Delaware's Forest Resource Assessment identified four major issues facing Delaware's forests: Forest Health and Functionality... Forest Markets... Sustainable Forest Management... Public Awareness and Appreciation of Forests.,"II. PRIORITY ISSUES AND LANDSCAPE AREAS, DE-FAP-S_2020.pdf",NA
DE_FAP_2020,DE,FAP,2020,FALSE,Delaware,Forest Action Plan / State Forest Resource Assessment,244,context,management_scale,multistate,TRUE,"The Delaware Forest Service (DFS), working with the U.S. Forest Service, the Northeast-Midwest State Foresters Alliance (NMSFA), and the Delaware Forest Stewardship Committee identified the following multi-state regional priority areas: Chesapeake Bay Watershed, Delmarva Peninsula and Mid-Atlantic Coastal Plain, Interstate 95 Corridor, Delaware River Watershed, Blackbird-Millington Corridor.","Multi-State Regional Priority Landscape Areas, Section VIII",NA
DE_FAP_2020,DE,FAP,2020,FALSE,Delaware,Forest Action Plan / State Forest Resource Assessment,244,context,biological_unit_score,NA,2,"Shifts in species range (migration), Changes in species composition or disappearance of species, and Increases in invasive/nuisance species and diseases.","Climate change and sea level rise, INDICATOR 7 section",species
DE_FAP_2020,DE,FAP,2020,FALSE,Delaware,Forest Action Plan / State Forest Resource Assessment,244,context,biological_unit_score,NA,2,"Global climate change could have significant impacts on the structure, distribution, productivity, and health of temperate forests as well as impacts on forest carbon stocks and fluxes.",Criterion 5: Maintenance of Forest Contribution to Global Carbon Cycles,ecosystem
DE_FAP_2020,DE,FAP,2020,FALSE,Delaware,Forest Action Plan / State Forest Resource Assessment,244,context,biological_unit_components,species,TRUE,"Shifts in species range (migration), Changes in species composition or disappearance of species, and Increases in invasive/nuisance species and diseases.","Climate change and sea level rise, INDICATOR 7 section",NA
DE_FAP_2020,DE,FAP,2020,FALSE,Delaware,Forest Action Plan / State Forest Resource Assessment,244,context,biological_unit_components,habitat,TRUE,"Several potential issues relating to forests and forested habitat include: Migration of maritime forests/riparian areas inland, Shifts in species range (migration), Changes in species composition or disappearance of species, and Increases in invasive/nuisance species and diseases.","Climate change and sea level rise, INDICATOR 7 section",NA
DE_FAP_2020,DE,FAP,2020,FALSE,Delaware,Forest Action Plan / State Forest Resource Assessment,244,context,biological_unit_components,ecosystem,TRUE,"Global climate change could have significant impacts on the structure, distribution, productivity, and health of temperate forests as well as impacts on forest carbon stocks and fluxes.",Criterion 5: Maintenance of Forest Contribution to Global Carbon Cycles,NA
DE_FAP_2020,DE,FAP,2020,FALSE,Delaware,Forest Action Plan / State Forest Resource Assessment,244,context,partnerships_and_funding,NA,1,"The Delaware Forest Service (DFS), working with the U.S. Forest Service, the Northeast-Midwest State Foresters Alliance (NMSFA), and the Delaware Forest Stewardship Committee identified the following multi-state regional priority areas.","Multi-State Regional Priority Landscape Areas, Section VIII",NA
DE_FAP_2020,DE,FAP,2020,FALSE,Delaware,Forest Action Plan / State Forest Resource Assessment,244,context,climate_threat_habitat_degradation,NA,1,"There is growing concern among forestland managers about the potential impacts of climate change in Delaware, particularly sea level rise... Several potential issues relating to forests and forested habitat include: Migration of maritime forests/riparian areas inland.","Climate change and sea level rise, INDICATOR 7 section",NA
DE_FAP_2020,DE,FAP,2020,FALSE,Delaware,Forest Action Plan / State Forest Resource Assessment,244,context,climate_threat_biotic_stressors,NA,1,"Meanwhile, increasing average temperatures and longer growing seasons have extended the northern range of this pest.","Figure caption, I-95 Corridor / Southern Pine Beetle section",NA
DE_FAP_2020,DE,FAP,2020,FALSE,Delaware,Forest Action Plan / State Forest Resource Assessment,244,actions,priority_habitat_identification,NA,2,"Through a sophisticated GIS analysis, rural and urban priority areas throughout the state were identified using specific ranking criteria. This enables the DFS and its partners to target high-value forested areas of the state for protection and enhancement especially in times of scarce funding.",IX. Forest Resource Assessment Summary,NA
DE_FAP_2020,DE,FAP,2020,FALSE,Delaware,Forest Action Plan / State Forest Resource Assessment,244,actions,priority_habitat_identification,NA,2,This resulted in 43 of Delaware's 100 HUC 12 watersheds receiving high priority (Figure 46).,"Rural Priority Landscape Area, Section VI",NA
DE_FAP_2020,DE,FAP,2020,FALSE,Delaware,Forest Action Plan / State Forest Resource Assessment,244,actions,targeted_range_shift_actions,NA,1,Consideration can then be given to methods to move low-lying riparian forest buffers inland as sea level slowly rises to ensure these buffers are not lost.,"Climate change and sea level rise, INDICATOR 7 section",NA
DE_FAP_2020,DE,FAP,2020,FALSE,Delaware,Forest Action Plan / State Forest Resource Assessment,244,actions,time_bound_and_monitoring,NA,2,DE-1.2.6 Develop strategies for climate change/sea-level rise impacts to coastal forests by 2023.,"Strategy Matrix, DE-FAP-S_2020.pdf",deadlines
DE_FAP_2020,DE,FAP,2020,FALSE,Delaware,Forest Action Plan / State Forest Resource Assessment,244,actions,time_bound_and_monitoring,NA,2,"Every five years, the DFS will submit a State Forest Action Plan Highlights Report to the U.S. Forest Service Eastern Region State and Private Forestry. This report will update the status of all 108 performance goals and highlight select items that were overwhelmingly positive and/or exceeded expectations.","Investment of Resources, DE-FAP-S_2020.pdf",monitoring
DE_FAP_2020,DE,FAP,2020,FALSE,Delaware,Forest Action Plan / State Forest Resource Assessment,244,actions,evidence_of_efficacy,NA,1,"Additionally, there is a need to establish baseline risk assessment for species and habitats. Consideration can then be given to methods to move low-lying riparian forest buffers inland as sea level slowly rises to ensure these buffers are not lost.","Climate change and sea level rise, INDICATOR 7 section",NA
DE_FAP_2020,DE,FAP,2020,FALSE,Delaware,Forest Action Plan / State Forest Resource Assessment,244,actions,adaptation_planning_frameworks,NA,1,The long-term effects of climate change could be dramatic within Delaware due to its location along the Atlantic seaboard and low mean elevation... Develop strategies for climate change/sea level rise impacts to coastal forests.,"Criterion 5, III. STATE STRATEGIES, DE-FAP-S_2020.pdf",NA
FL_FAP_2020,FL,FAP,2020,FALSE,Florida,State Forest Action Plan,172,concepts,climate_vulnerability,NA,2,"Tree species' ranges and vegetation community composition are projected to change significantly due to climate change. Additionally, unique ecosystems or forest types can be lost to development, overrun with invasive plant or pest communities, or damaged beyond repair during a natural disaster.","Issue 4: Forest Resiliency, 4) Threats",exposure
FL_FAP_2020,FL,FAP,2020,FALSE,Florida,State Forest Action Plan,172,concepts,climate_vulnerability,NA,2,"Species with small population sizes, restricted ranges, specialized habitat requirements and limited ability to move to different habitat will be most at risk.","Issue 4: Forest Resiliency, 4) Threats - Wildlife Habitat",adaptive capacity
FL_FAP_2020,FL,FAP,2020,FALSE,Florida,State Forest Action Plan,172,concepts,climate_vulnerability,NA,2,"Degraded or stressed forests are more vulnerable to storms, invasive species and environmental shifts caused by climate change.","Issue 4: Forest Resiliency, 2) Key Attributes",exposure
FL_FAP_2020,FL,FAP,2020,FALSE,Florida,State Forest Action Plan,172,concepts,adaptive_capacity_specificity,NA,1,"Species with small population sizes, restricted ranges, specialized habitat requirements and limited ability to move to different habitat will be most at risk.","Issue 4: Forest Resiliency, 4) Threats - Wildlife Habitat",NA
FL_FAP_2020,FL,FAP,2020,FALSE,Florida,State Forest Action Plan,172,concepts,adaptive_capacity_components,distribution,TRUE,"Because of the rapidity of expected changes in climate, individuals of a native plant species may be lost from their current habitats faster than they will be able to migrate and re-establish in more suitable locations.","Issue 4: Forest Resiliency, 4) Threats - Invasive Species",NA
FL_FAP_2020,FL,FAP,2020,FALSE,Florida,State Forest Action Plan,172,concepts,adaptive_capacity_components,movement,TRUE,"Species with small population sizes, restricted ranges, specialized habitat requirements and limited ability to move to different habitat will be most at risk.","Issue 4: Forest Resiliency, 4) Threats - Wildlife Habitat",NA
FL_FAP_2020,FL,FAP,2020,FALSE,Florida,State Forest Action Plan,172,concepts,adaptive_capacity_components,evolutionary_potential,TRUE,"Current seed zones and seed transfer guidelines that specify using relatively local seed sources for reforestation assume that climates are static over the long term. As ecosystem changes and other forest stressors occur, genetic variants that were once an optimal choice for a specific site may change.","Issue 4: Forest Resiliency, 4) Threats - Silviculture",NA
FL_FAP_2020,FL,FAP,2020,FALSE,Florida,State Forest Action Plan,172,concepts,adaptive_capacity_components,abiotic_niche,TRUE,Moving seed sources to match future climates requires both knowledge of existing climates and knowledge of the climatic parameters under which particular species can thrive.,"Issue 4: Forest Resiliency, 4) Threats - Silviculture",NA
FL_FAP_2020,FL,FAP,2020,FALSE,Florida,State Forest Action Plan,172,concepts,adaptive_capacity_components,life_history,TRUE,"How strongly different species will be affected differs, depending on differences in their ecology and life history.","Issue 4: Forest Resiliency, 4) Threats - Wildlife Habitat",NA
FL_FAP_2020,FL,FAP,2020,FALSE,Florida,State Forest Action Plan,172,concepts,connectivity,NA,1,"Fragmentation refers generally to the spatial patterns of forests as influenced by land use, disturbance, and other natural and anthropogenic drivers of forest change. This spatial process of forest patch creation and isolation across a landscape leads to secondary ecological problems of disrupted habitat connectivity, reduced capacity to support viable wildlife populations","Issue 2: Forest Fragmentation, 1) Current Issue Description",NA
FL_FAP_2020,FL,FAP,2020,FALSE,Florida,State Forest Action Plan,172,concepts,connectivity,NA,1,Specific timber type components need to be available in large enough blocks and connected corridors to support varied wildlife species and water filtration benefits.,"Issue 2: Forest Fragmentation, 2) Key Attributes",NA
FL_FAP_2020,FL,FAP,2020,FALSE,Florida,State Forest Action Plan,172,tools,niche_models,NA,1,Box et al. (1999) developed a climatic-envelope model to assess the potential effects of several climate change scenarios on the distribution of important tree species in Florida.,"Issue 7: Longleaf Pine Ecosystems, 2) Key Attributes",NA
FL_FAP_2020,FL,FAP,2020,FALSE,Florida,State Forest Action Plan,172,tools,climate_models,NA,1,"The IPCC surmises that the burning of fossil fuels and land-use changes are the primary reasons for these increasing levels. This panel representing the scientific community predicts rising sea levels, loss of sea ice, and increased frequency of drought, heat waves, and heavy precipitation events over the next century.","Issue 4: Forest Resiliency, 4) Threats",NA
FL_FAP_2020,FL,FAP,2020,FALSE,Florida,State Forest Action Plan,172,context,management_scale,local,TRUE,"While restoration occurs at a local level (site-specific), it must be planned and implemented within the context of achieving large-scale ecosystem goals and objectives, such as biodiversity, population viability and ecosystem services","Issue 7: Longleaf Pine Ecosystems, 5) Opportunities",NA
FL_FAP_2020,FL,FAP,2020,FALSE,Florida,State Forest Action Plan,172,context,management_scale,site,TRUE,"While restoration occurs at a local level (site-specific), it must be planned and implemented within the context of achieving large-scale ecosystem goals and objectives","Issue 7: Longleaf Pine Ecosystems, 5) Opportunities",NA
FL_FAP_2020,FL,FAP,2020,FALSE,Florida,State Forest Action Plan,172,context,management_scale,county,TRUE,"The largest concentrations of longleaf pine forests within the range are in Okaloosa (175,479 ac.) and Santa Rosa (147,575 ac.) Counties","Issue 7: Longleaf Pine Ecosystems, 5) Opportunities",NA
FL_FAP_2020,FL,FAP,2020,FALSE,Florida,State Forest Action Plan,172,context,management_scale,within_state_region,TRUE,"For the Issue 5 -Economic Viability of Forests in Florida, the priority areas correspond to FIA Unit 1 (Northeast), and FIA Unit 2 (Northwest). These two areas encompass 78% of working forests in Florida","Issue 5: Economic Viability of Forests, 7) Priority Areas",NA
FL_FAP_2020,FL,FAP,2020,FALSE,Florida,State Forest Action Plan,172,context,management_scale,state,TRUE,"These strategies take into account multi-state or regional priorities and consider collaborative actions across geographical and ownership boundaries, especially with adjacent states.",I. Introduction,NA
FL_FAP_2020,FL,FAP,2020,FALSE,Florida,State Forest Action Plan,172,context,management_scale,multistate,TRUE,"These strategies take into account multi-state or regional priorities and consider collaborative actions across geographical and ownership boundaries, especially with adjacent states. These issues include forest fragmentation, forest markets, longleaf pine habitat, invasive species, and water quality.",I. Introduction,NA
FL_FAP_2020,FL,FAP,2020,FALSE,Florida,State Forest Action Plan,172,context,management_scale,ecosystem,TRUE,Promote and demonstrate range-wide and site-based conservation planning for LPE restoration to support ecosystem adaptation (resilience and resistance) and integrate the results with other climate change planning efforts.,"Issue 7: Longleaf Pine Ecosystems, Goals, Objectives and Strategies - Goal 7",NA
FL_FAP_2020,FL,FAP,2020,FALSE,Florida,State Forest Action Plan,172,context,management_scale,ecoregion,TRUE,Two of the six longleaf pine vegetation ecoregions described by Peet (2006),"Issue 7: Longleaf Pine Ecosystems, 5) Opportunities",NA
FL_FAP_2020,FL,FAP,2020,FALSE,Florida,State Forest Action Plan,172,context,management_scale,district,TRUE,The five remaining regional Water Management Districts protect and manage land through acquisition or easements for the purpose of protecting water quality and quantity.,"Issue 7: Longleaf Pine Ecosystems, 2) Key Attributes - Public Lands",NA
FL_FAP_2020,FL,FAP,2020,FALSE,Florida,State Forest Action Plan,172,context,biological_unit_score,NA,2,"Range migration and changes to community composition, structure, function, and disturbance regimes will occur in response to shifting climatic variables","Issue 7: Longleaf Pine Ecosystems, 4) Threats - Climate Change",community
FL_FAP_2020,FL,FAP,2020,FALSE,Florida,State Forest Action Plan,172,context,biological_unit_score,NA,2,Tree species' ranges and vegetation community composition are projected to change significantly due to climate change.,"Issue 4: Forest Resiliency, 4) Threats",species
FL_FAP_2020,FL,FAP,2020,FALSE,Florida,State Forest Action Plan,172,context,biological_unit_components,species,TRUE,Tree species' ranges and vegetation community composition are projected to change significantly due to climate change.,"Issue 4: Forest Resiliency, 4) Threats",NA
FL_FAP_2020,FL,FAP,2020,FALSE,Florida,State Forest Action Plan,172,context,biological_unit_components,habitat,TRUE,"Range migration and changes to community composition, structure, function, and disturbance regimes will occur in response to shifting climatic variables","Issue 7: Longleaf Pine Ecosystems, 4) Threats - Climate Change",NA
FL_FAP_2020,FL,FAP,2020,FALSE,Florida,State Forest Action Plan,172,context,biological_unit_components,ecosystem,TRUE,"Climate change can affect organisms and their habitats on an individual, species, population, community, and ecosystem level.","Issue 4: Forest Resiliency, 4) Threats - Wildlife Habitat",NA
FL_FAP_2020,FL,FAP,2020,FALSE,Florida,State Forest Action Plan,172,context,biological_unit_components,community,TRUE,"Range migration and changes to community composition, structure, function, and disturbance regimes will occur in response to shifting climatic variables, but the extent to which such changes will occur is less clear.","Issue 7: Longleaf Pine Ecosystems, 4) Threats - Climate Change",NA
FL_FAP_2020,FL,FAP,2020,FALSE,Florida,State Forest Action Plan,172,context,biological_unit_components,genotype_phenotype,TRUE,"As ecosystem changes and other forest stressors occur, genetic variants that were once an optimal choice for a specific site may change.","Issue 4: Forest Resiliency, 4) Threats - Silviculture",NA
FL_FAP_2020,FL,FAP,2020,FALSE,Florida,State Forest Action Plan,172,context,partnerships_and_funding,NA,1,"Strong partnerships are maintained with state and regional fire councils, state and federal fire and resource management agencies, and other natural resource conservation and management organizations to achieve cooperatively and across jurisdictional boundaries agency objectives for prescribed fire, management and restoration goals for LPE.","Issue 7: Longleaf Pine Ecosystems, Goal 9",NA
FL_FAP_2020,FL,FAP,2020,FALSE,Florida,State Forest Action Plan,172,context,climate_threat_habitat_degradation,NA,1,"A primary threat from climate change facing the longleaf pine ecosystem lies in the potential for it to disrupt the delicate balance between precipitation, temperature, and disturbance (fire, tropical storms and anthropogenic).","Issue 7: Longleaf Pine Ecosystems, 4) Threats - Climate Change",NA
FL_FAP_2020,FL,FAP,2020,FALSE,Florida,State Forest Action Plan,172,context,climate_threat_species_vital_rates,NA,1,"Elevated temperatures associated with climate change, particularly when there are consecutive warm years, can speed up the reproductive cycles of damaging insects and reduce cold-induced mortality.","Issue 4: Forest Resiliency, 4) Threats - Forest Pests",NA
FL_FAP_2020,FL,FAP,2020,FALSE,Florida,State Forest Action Plan,172,context,climate_threat_biotic_stressors,NA,1,"As the climate continues to change, invasive or aggressive native species may be able to outcompete other desirable species leading to a loss of biological diversity.","Issue 4: Forest Resiliency, 4) Threats - Biological Diversity",NA
FL_FAP_2020,FL,FAP,2020,FALSE,Florida,State Forest Action Plan,172,actions,priority_habitat_identification,NA,2,"Understanding where areas of existing contiguous forested cover (Figure 1, page 35) overlap with threats of development (Figure 2, page 36) can help set the stage for prioritization of efforts to increase connectivity and protect adequate forest block sizes. Additionally, critical land (habitat) (Figure 3, page 37) further refines the prioritization process.","Issue 2: Forest Fragmentation, 7) Priority Areas",NA
FL_FAP_2020,FL,FAP,2020,FALSE,Florida,State Forest Action Plan,172,actions,priority_habitat_identification,NA,2,"Fragile forest ecosystems most at risk for loss due to development, climate change, invasive species, storms, insects and diseases should be prioritized.","Issue 4: Forest Resiliency, 7) Priority Areas",NA
FL_FAP_2020,FL,FAP,2020,FALSE,Florida,State Forest Action Plan,172,actions,priority_habitat_identification,NA,2,"The map in Figure 5, Page 139 was created using data from the Range-wide Conservation Plan for Longleaf Pine, the Landowner Survey Focus Areas map provided by FWC, and managed areas mapped by the Florida Natural Areas Inventory.","Issue 7: Longleaf Pine Ecosystems, 7) Priority Areas",NA
FL_FAP_2020,FL,FAP,2020,FALSE,Florida,State Forest Action Plan,172,actions,targeted_range_shift_actions,NA,1,Enhancing forest heterogeneity at the landscape scale with a variety of size classes and species will facilitate desirable species migration as climate change or ecosystem-wide changes occurs. This could include underplanting thinned stands with adapted species or genotypes when advanced regeneration is unacceptable for future conditions or deploying a mixture of seedlings including some provenances adapted to more stressful environments.,"Issue 4: Forest Resiliency, 5) Opportunities",NA
FL_FAP_2020,FL,FAP,2020,FALSE,Florida,State Forest Action Plan,172,actions,time_bound_and_monitoring,NA,2,"The Goals, Objectives, and Strategies listed below and in the Performance Measures that follow include ongoing, short-term (2 -3 years) near-term (5 years), and long-term implementation timeframes.","Issue 7: Longleaf Pine Ecosystems, 7) Priority Areas",deadlines
FL_FAP_2020,FL,FAP,2020,FALSE,Florida,State Forest Action Plan,172,actions,time_bound_and_monitoring,NA,2,Objective 2.1: Accomplish fire-return intervals in LPE burn units on public lands in Florida that range from 1 to 5 years (depending on the ecosystem type) within the next 10 years.,"Issue 7: Longleaf Pine Ecosystems, Goals, Objectives and Strategies - Goal 2",deadlines
FL_FAP_2020,FL,FAP,2020,FALSE,Florida,State Forest Action Plan,172,actions,time_bound_and_monitoring,NA,2,"Research on the relationship between climate change and restoration and management of LPE is being conducted and supported by CFEOR, SERRPAS and USFS SRS, based on input from partners in public and private land management of LPE. Research includes potential effects on LPE species, ecosystem functions, carbon sequestration, and prescribed burning.","Issue 7: Longleaf Pine Ecosystems, Goal 7 - Performance Measures",monitoring
FL_FAP_2020,FL,FAP,2020,FALSE,Florida,State Forest Action Plan,172,actions,evidence_of_efficacy,NA,2,"Some research suggests that Longleaf Pine Ecosystems may be resilient to climate change (Costanza et al. 2015). Longleaf pines are relatively tolerant of climate-related stressors, such as drought (Samuelson et al. 2012), and wind damage","Issue 7: Longleaf Pine Ecosystems, 3) Public Benefits",NA
FL_FAP_2020,FL,FAP,2020,FALSE,Florida,State Forest Action Plan,172,actions,evidence_of_efficacy,NA,2,A significant amount of research and land management experience over the last several decades have provided important information on the effectiveness of longleaf pine restoration and land management practices that can be used to guide on-the-ground restoration efforts going forward.,"Issue 7: Longleaf Pine Ecosystems, 5) Opportunities",NA
FL_FAP_2020,FL,FAP,2020,FALSE,Florida,State Forest Action Plan,172,actions,adaptation_planning_frameworks,NA,2,Promote and demonstrate range-wide and site-based conservation planning for LPE restoration to support ecosystem adaptation (resilience and resistance) and integrate the results with other climate change planning efforts.,"Issue 7: Longleaf Pine Ecosystems, Goals, Objectives and Strategies - Goal 7",NA
FL_FAP_2020,FL,FAP,2020,FALSE,Florida,State Forest Action Plan,172,actions,adaptation_planning_frameworks,NA,2,Silvicultural practices can be applied and modified adaptively as disturbance regimes change over time.,"Issue 4: Forest Resiliency, 5) Opportunities",NA
FSM_FAP_2020,FSM,FAP,2020,FALSE,Federated States of Micronesia (FSM),Forest Action Plan / State Wildlife Action Plan equivalent,355,concepts,climate_vulnerability,NA,2,"The biggest threats to Kosrae's terrestrial biodiversity, forests and overall ecosystems are increasing with the effects of climate change. Kosrae's risk of the following impacts are high: landslides, higher than normal high tides, large sea swells, increased impact of storm surges and flooding as a result of sea level rise, drought, tropical storms and typhoons",Kosrae State / Introduction,exposure
FSM_FAP_2020,FSM,FAP,2020,FALSE,Federated States of Micronesia (FSM),Forest Action Plan / State Wildlife Action Plan equivalent,355,concepts,climate_vulnerability,NA,2,The resilience inherent in intact forest ecosystems provides the best insurance against climate change and helps ensure that forests meet the needs of present and future generations,Chuuk State / C. Biodiversity Conservation / Conditions and Trends,adaptive capacity
FSM_FAP_2020,FSM,FAP,2020,FALSE,Federated States of Micronesia (FSM),Forest Action Plan / State Wildlife Action Plan equivalent,355,concepts,climate_vulnerability,NA,2,"Given the low-lying nature of many of the islands in Chuuk, climate change also poses environmental and existential threats to Chuuk's islands and ecosystems.",Chuuk State / Introduction,exposure
FSM_FAP_2020,FSM,FAP,2020,FALSE,Federated States of Micronesia (FSM),Forest Action Plan / State Wildlife Action Plan equivalent,355,concepts,adaptive_capacity_specificity,NA,1,The resilience inherent in intact forest ecosystems provides the best insurance against climate change and helps ensure that forests meet the needs of present and future generations,Chuuk State / C. Biodiversity Conservation / Conditions and Trends,NA
FSM_FAP_2020,FSM,FAP,2020,FALSE,Federated States of Micronesia (FSM),Forest Action Plan / State Wildlife Action Plan equivalent,355,concepts,adaptive_capacity_components,evolutionary_potential,TRUE,Agrobiodiversity (the diversity and sub-specific variation in food crops) is also high and a valuable cultural heritage as well as a genetic hedge against climate change.,Chuuk State / C. Biodiversity Conservation / Conditions and Trends,NA
FSM_FAP_2020,FSM,FAP,2020,FALSE,Federated States of Micronesia (FSM),Forest Action Plan / State Wildlife Action Plan equivalent,355,concepts,adaptive_capacity_components,ecological_dependencies,TRUE,"decreases in seed dispersers such as fruit bats, Micronesian pigeons and other birds",Kosrae State / A. Biodiversity Conservation / Conditions and Trends,NA
FSM_FAP_2020,FSM,FAP,2020,FALSE,Federated States of Micronesia (FSM),Forest Action Plan / State Wildlife Action Plan equivalent,355,concepts,connectivity,NA,1,Maintain habitat connectivity/corridors and related values.,Kosrae AON / Goals and Objectives (Forest Legacy criteria listing),NA
FSM_FAP_2020,FSM,FAP,2020,FALSE,Federated States of Micronesia (FSM),Forest Action Plan / State Wildlife Action Plan equivalent,355,tools,niche_models,NA,1,Implement Island Wide Mangrove Assessment and WARMER Model of Kosrae (following the Pohnpei Pilot Project),TABLE K3 KOSRAE STATE STRATEGIES,NA
FSM_FAP_2020,FSM,FAP,2020,FALSE,Federated States of Micronesia (FSM),Forest Action Plan / State Wildlife Action Plan equivalent,355,tools,climate_models,NA,2,"MAP C8 -Chuuk lagoon islands: Sea-Level Rise and Inundation hazard map This map was generated from the Sea Level Rise (SLR) projection modeling project in collaboration of FSM OEEM office, SPC and COM-FSM back in 2013 showing areas projected as inundation hazard by 2055 in red color",CHUUK STATE FOREST RESOURCE STRATEGY / All Other Mapped Priority Areas,NA
FSM_FAP_2020,FSM,FAP,2020,FALSE,Federated States of Micronesia (FSM),Forest Action Plan / State Wildlife Action Plan equivalent,355,tools,climate_models,NA,2,"P10 -Pohnpei main island -Sea-Level Rise and Inundation hazard map This map was generated from the Sea Level Rise projection modeling project in collaboration of FSM OEEM office, SPC and COM-FSM back in 2013 showing areas likely to be inundated by 2055 in red color",POHNPEI STATE FOREST RESOURCE STRATEGY / Maps,NA
FSM_FAP_2020,FSM,FAP,2020,FALSE,Federated States of Micronesia (FSM),Forest Action Plan / State Wildlife Action Plan equivalent,355,tools,climate_models,NA,2,"Y13 -Yap main island -Sea-Level Rise and Inundation hazard map This map was generated from the Sea Level Rise projection modeling project in collaboration of FSM OEEM office, SPC and COM-FSM in 2013 showing areas likely to be inundated by 2055 in red color",YAP STATE FOREST RESOURCE STRATEGY / Maps,NA
FSM_FAP_2020,FSM,FAP,2020,FALSE,Federated States of Micronesia (FSM),Forest Action Plan / State Wildlife Action Plan equivalent,355,context,management_scale,local,TRUE,"Community-Based Management Strategies: Through planning tools such as the Locally Managed Marine Area (LMMA), the Local Early Action Planning tool (LEAP), Forest Stewardship planning and other planning processes, community-based plans include coastal management with ecosystem-based adaptation actions",Chuuk State / B. Coastal Stabilization / Strengths,NA
FSM_FAP_2020,FSM,FAP,2020,FALSE,Federated States of Micronesia (FSM),Forest Action Plan / State Wildlife Action Plan equivalent,355,context,management_scale,site,TRUE,Successful Revival of Mangrove Sites: There has been focus on mangrove rehabilitation and planting that has led to the successful revival of seven sites in the state so far.,Chuuk State / B. Coastal Stabilization / Strengths,NA
FSM_FAP_2020,FSM,FAP,2020,FALSE,Federated States of Micronesia (FSM),Forest Action Plan / State Wildlife Action Plan equivalent,355,context,management_scale,watershed,TRUE,The Pohnpei Watershed Reserve and other watershed areas are priority landscapes.,Pohnpei State / D. Watersheds / Priority area,NA
FSM_FAP_2020,FSM,FAP,2020,FALSE,Federated States of Micronesia (FSM),Forest Action Plan / State Wildlife Action Plan equivalent,355,context,management_scale,within_state_region,TRUE,"Chuuk Lagoon and the Outer island regions of Nomwunweito, Halls, Patti, and Mortlocks",Chuuk State / Introduction,NA
FSM_FAP_2020,FSM,FAP,2020,FALSE,Federated States of Micronesia (FSM),Forest Action Plan / State Wildlife Action Plan equivalent,355,context,management_scale,state,TRUE,"The FSM 2020 FAP includes two components of the assessment and planning required by S&PF to identify priority forest landscape areas and highlight work needed to address national (US), regional, and 'state' (referring to the FSM in this document) forest management priorities",Introduction,NA
FSM_FAP_2020,FSM,FAP,2020,FALSE,Federated States of Micronesia (FSM),Forest Action Plan / State Wildlife Action Plan equivalent,355,context,management_scale,multistate,TRUE,"The Micronesia Challenge (MC) is a shared commitment made by the FSM, Guam, Palau, CNMI, and the RMI originally launched in 2006 to effectively conserve 30% of marine resources and 20% of terrestrial resources by 2020.",Micronesia Challenge,NA
FSM_FAP_2020,FSM,FAP,2020,FALSE,Federated States of Micronesia (FSM),Forest Action Plan / State Wildlife Action Plan equivalent,355,context,management_scale,national,TRUE,The FSM National overarching goals for invasive alien species as outlined in the Federated States of Micronesia Invasive Species Strategy and Action Plan 2016-2021,Cross-cutting Threats / Invasive species (National),NA
FSM_FAP_2020,FSM,FAP,2020,FALSE,Federated States of Micronesia (FSM),Forest Action Plan / State Wildlife Action Plan equivalent,355,context,management_scale,ecosystem,TRUE,Watersheds integrate natural habitats from ridge to reef and greatly affect the quality of downstream habitats.,Chuuk State / D. Watersheds / Conditions and Trends,NA
FSM_FAP_2020,FSM,FAP,2020,FALSE,Federated States of Micronesia (FSM),Forest Action Plan / State Wildlife Action Plan equivalent,355,context,management_scale,ecoregion,TRUE,The FSM and its states are recognized part of the globally important Polynesia-Micronesia biodiversity hotspot,Chuuk State / C. Biodiversity Conservation / Conditions and Trends,NA
FSM_FAP_2020,FSM,FAP,2020,FALSE,Federated States of Micronesia (FSM),Forest Action Plan / State Wildlife Action Plan equivalent,355,context,management_scale,river,TRUE,"Watersheds, rivers, riverine buffer zones and wetlands.",Yap State / C. Watershed / Priority areas,NA
FSM_FAP_2020,FSM,FAP,2020,FALSE,Federated States of Micronesia (FSM),Forest Action Plan / State Wildlife Action Plan equivalent,355,context,biological_unit_score,NA,2,Chuuk hosts high levels of species endemism being home to sixteen endemic plant species and three endemic bird species,Chuuk State / C. Biodiversity Conservation / Conditions and Trends,species
FSM_FAP_2020,FSM,FAP,2020,FALSE,Federated States of Micronesia (FSM),Forest Action Plan / State Wildlife Action Plan equivalent,355,context,biological_unit_score,NA,2,The resilience inherent in intact forest ecosystems provides the best insurance against climate change and helps ensure that forests meet the needs of present and future generations,Chuuk State / C. Biodiversity Conservation / Conditions and Trends,ecosystem
FSM_FAP_2020,FSM,FAP,2020,FALSE,Federated States of Micronesia (FSM),Forest Action Plan / State Wildlife Action Plan equivalent,355,context,biological_unit_components,species,TRUE,Chuuk hosts high levels of species endemism being home to sixteen endemic plant species and three endemic bird species,Chuuk State / C. Biodiversity Conservation / Conditions and Trends,NA
FSM_FAP_2020,FSM,FAP,2020,FALSE,Federated States of Micronesia (FSM),Forest Action Plan / State Wildlife Action Plan equivalent,355,context,biological_unit_components,habitat,TRUE,"Priority is native forests and wetlands, protected areas (PAs) (MAP10) and the areas of biodiversity significance (ABS)","TABLE K 2 KOSRAE ISSUES, PRIORITY AREAS, NATIONAL THEMES",NA
FSM_FAP_2020,FSM,FAP,2020,FALSE,Federated States of Micronesia (FSM),Forest Action Plan / State Wildlife Action Plan equivalent,355,context,biological_unit_components,ecosystem,TRUE,The resilience inherent in intact forest ecosystems provides the best insurance against climate change and helps ensure that forests meet the needs of present and future generations,Chuuk State / C. Biodiversity Conservation / Conditions and Trends,NA
FSM_FAP_2020,FSM,FAP,2020,FALSE,Federated States of Micronesia (FSM),Forest Action Plan / State Wildlife Action Plan equivalent,355,context,biological_unit_components,community,TRUE,Mass mortality events have been observed in intertidal communities following recent marine heatwaves.,N/A - not in document; correct citation,NA
FSM_FAP_2020,FSM,FAP,2020,FALSE,Federated States of Micronesia (FSM),Forest Action Plan / State Wildlife Action Plan equivalent,355,context,biological_unit_components,genotype_phenotype,TRUE,there may be important variation at the sub specific and varietal levels that are potentially valuable in terms of adaptation to climate change and sea level rise,Pohnpei State / Conditions and Trends (outer islands paragraph),NA
FSM_FAP_2020,FSM,FAP,2020,FALSE,Federated States of Micronesia (FSM),Forest Action Plan / State Wildlife Action Plan equivalent,355,context,partnerships_and_funding,NA,2,"USFS, provided crucial technical support, funding assistance, review of the draft FAP, and overall guidance and support.",FSM FAP / FAP Development,NA
FSM_FAP_2020,FSM,FAP,2020,FALSE,Federated States of Micronesia (FSM),Forest Action Plan / State Wildlife Action Plan equivalent,355,context,partnerships_and_funding,NA,2,The Green Climate Fund (GCF) is a fund established within the framework of the United Nations Framework Convention on Climate Change (UNFCCC) as an operating entity of the Financial Mechanism to assist developing countries in adaptation and mitigation practices to counter climate change. The Micronesia Conservation Trust (MCT) Is an Accredited Entity to the GCF.,Green Climate Fund,NA
FSM_FAP_2020,FSM,FAP,2020,FALSE,Federated States of Micronesia (FSM),Forest Action Plan / State Wildlife Action Plan equivalent,355,context,partnerships_and_funding,NA,2,"At the time this FAP was submitted, a concept note was being prepared for the next GEF replenishment from UNDP, with the working title 'Securing global environmental benefits in FSM through climateresilient sustainable land management and progress towards land degradation neutrality'",Global Environment Fund (GEF) 7th Replenishment (Sustainable Land Management),NA
FSM_FAP_2020,FSM,FAP,2020,FALSE,Federated States of Micronesia (FSM),Forest Action Plan / State Wildlife Action Plan equivalent,355,context,climate_threat_habitat_degradation,NA,1,"Direct impacts from climate change on terrestrial resources include threats to traditional agroforestry systems through saltwater intrusion, droughts and typhoons",Chuuk State / Cross-cutting Threats / Climate change,NA
FSM_FAP_2020,FSM,FAP,2020,FALSE,Federated States of Micronesia (FSM),Forest Action Plan / State Wildlife Action Plan equivalent,355,context,climate_threat_habitat_degradation,NA,1,"Rising sea level generates coastal erosion, dangerous marine inundation, and salt contamination of soil, food, and water sources.",Cross-cutting Threats / Climate change (National),NA
FSM_FAP_2020,FSM,FAP,2020,FALSE,Federated States of Micronesia (FSM),Forest Action Plan / State Wildlife Action Plan equivalent,355,context,climate_threat_species_vital_rates,NA,1,"During times of drought, wildfires burn unchecked destroying grasslands, eroding forest edges and preventing weedy areas from reforesting by killing tree seedlings.",Chuuk State / Cross-cutting Threats / Wildfires,NA
FSM_FAP_2020,FSM,FAP,2020,FALSE,Federated States of Micronesia (FSM),Forest Action Plan / State Wildlife Action Plan equivalent,355,context,climate_threat_biotic_stressors,NA,1,"Climate change is identified as a major threat to all FSM National Issues and is exasperating the negative impacts of numerous other issues such as loss of land for agroforestry, decrease in coastal stabilization, increase in invasive alien species, fragility of biodiversity and ecosystem health",Chuuk State / Cross-cutting Threats / Climate change,NA
FSM_FAP_2020,FSM,FAP,2020,FALSE,Federated States of Micronesia (FSM),Forest Action Plan / State Wildlife Action Plan equivalent,355,actions,priority_habitat_identification,NA,2,"MAP C5: Chuuk lagoon islands -Biodiversity Conservation analysis map ... Dark green areas (69.7%) are the high potential areas (upland, agroforestry, and all land ABS areas), light green areas (16.8%) are the potential areas (mangrove, secondary vegetation), and the red areas (13.5%) are not potential areas (developed areas)",Chuuk State / C. Biodiversity Conservation / Priority areas,NA
FSM_FAP_2020,FSM,FAP,2020,FALSE,Federated States of Micronesia (FSM),Forest Action Plan / State Wildlife Action Plan equivalent,355,actions,priority_habitat_identification,NA,2,"MAP C8 -Chuuk lagoon islands: Sea-Level Rise and Inundation hazard map This map was generated from the Sea Level Rise (SLR) projection modeling project in collaboration of FSM OEEM office, SPC and COM-FSM back in 2013 showing areas projected as inundation hazard by 2055 in red color, along the coastline of Chuuk lagoon islands. All areas that were projected to be at inundation risk by 2055, based on the SLR model, were considered as the highest priority for the coastal stabilization issue in Chuuk.",CHUUK STATE FOREST RESOURCE STRATEGY / All Other Mapped Priority Areas,NA
FSM_FAP_2020,FSM,FAP,2020,FALSE,Federated States of Micronesia (FSM),Forest Action Plan / State Wildlife Action Plan equivalent,355,actions,priority_habitat_identification,NA,2,"The High Potential areas in dark green (84.1%) include the native forests and wetlands, protected areas (PAs) and the areas of biodiversity significance (ABS); the Potential areas in light green (12.8%) include the agroforest and secondary vegetation",Kosrae State / A. Biodiversity Conservation / MAP K3,NA
FSM_FAP_2020,FSM,FAP,2020,FALSE,Federated States of Micronesia (FSM),Forest Action Plan / State Wildlife Action Plan equivalent,355,actions,time_bound_and_monitoring,NA,1,"The iSTOP Strategic Action Plan (SAP) establishes goals, objectives, activities, collaborators, timeframe, funding sources and estimated costs for control of specific species.",Pohnpei State / Cross-cutting threats / Invasive species,NA
FSM_FAP_2020,FSM,FAP,2020,FALSE,Federated States of Micronesia (FSM),Forest Action Plan / State Wildlife Action Plan equivalent,355,actions,evidence_of_efficacy,NA,2,"Successful Revival of Mangrove Sites: There has been focus on mangrove rehabilitation and planting that has led to the successful revival of seven sites in the state so far. This includes the replanting of 23,000 mangrove seedlings in 2017 and 2018 by the Chuuk Red Cross alone.",Chuuk State / B. Coastal Stabilization / Strengths,NA
FSM_FAP_2020,FSM,FAP,2020,FALSE,Federated States of Micronesia (FSM),Forest Action Plan / State Wildlife Action Plan equivalent,355,actions,evidence_of_efficacy,NA,2,Forest Inventory and Analysis (FIA): the FIA in 2006 provided a baseline understanding of the status of the forests and terrestrial resources. The re-measurement in 2016 provided an opportunity to gauge success of efforts and develop management interventions based on a data to management loop.,Kosrae State / F. Capacity-building / Opportunities,NA
FSM_FAP_2020,FSM,FAP,2020,FALSE,Federated States of Micronesia (FSM),Forest Action Plan / State Wildlife Action Plan equivalent,355,actions,adaptation_planning_frameworks,NA,2,Strategies in this FAP should be considered with a climate lens for planning and implementation. The Pacific Islands Managed and Protected Area Community (PIMPAC) has a Local Early Action Planning (LEAP) toolkit for climate change that can be utilized with communities.,YAP STATE / TABLE Y 1 / Climate Change section,NA
FSM_FAP_2020,FSM,FAP,2020,FALSE,Federated States of Micronesia (FSM),Forest Action Plan / State Wildlife Action Plan equivalent,355,actions,adaptation_planning_frameworks,NA,2,A.2. Work with landowners to investigate and pilot new technologies and methodologies for food security to enhance agroforestry and food production for climate adaptation and disaster planning,TABLE C3 CHUUK STATE STRATEGIES,NA
GA_FAP_2020,GA,FAP,2020,FALSE,Georgia,Forest Action Plan (State Assessment and Resource Strategy),234,concepts,climate_vulnerability,NA,2,"Productive, dry sites may become more vulnerable. Pine plantations established on dry sites could become highly vulnerable to the effects of climate change.","Ecological Impacts bullet list, Threats to Forest Resources (GA_FAP-RA_2020.pdf)",exposure
GA_FAP_2020,GA,FAP,2020,FALSE,Georgia,Forest Action Plan (State Assessment and Resource Strategy),234,concepts,climate_vulnerability,NA,2,"Expansion/contraction of species range. In general, ranges could move northward and up slope for all species, including Georgia's primary timber producing species.","Ecological Impacts bullet list, Threats to Forest Resources (GA_FAP-RA_2020.pdf)",exposure
GA_FAP_2020,GA,FAP,2020,FALSE,Georgia,Forest Action Plan (State Assessment and Resource Strategy),234,concepts,adaptive_capacity_components,distribution,TRUE,"Expansion/contraction of species range. In general, ranges could move northward and up slope for all species, including Georgia's primary timber producing species.","Ecological Impacts bullet list, Threats to Forest Resources (GA_FAP-RA_2020.pdf)",distribution
GA_FAP_2020,GA,FAP,2020,FALSE,Georgia,Forest Action Plan (State Assessment and Resource Strategy),234,concepts,connectivity,NA,1,"Both fragmentation and parcelization may disrupt wildlife corridors and migration routes of many wildlife species. Those species requiring large, undisturbed expanses may decline.",Threats to Forest Resources / Urbanization and Changing Land Uses (GA_FAP-RA_2020.pdf),NA
GA_FAP_2020,GA,FAP,2020,FALSE,Georgia,Forest Action Plan (State Assessment and Resource Strategy),234,tools,climate_models,NA,1,"Although current models differ on how precipitation will respond to climate change, much of the southeast is likely to experience longer and more frequent droughts.","Ecological Impacts bullet list, Threats to Forest Resources (GA_FAP-RA_2020.pdf)",NA
GA_FAP_2020,GA,FAP,2020,FALSE,Georgia,Forest Action Plan (State Assessment and Resource Strategy),234,context,management_scale,watershed,TRUE,"The 12-digit Hydrologic Unit Codes (HUCs) were selected as a bounding area because they, for the most part, represent a consistent area of approximately 45km2. Areas that were represented by 30 percent or greater coverage of a HUC by core area forests were selected.",Priority area identification section (GA_FAP-RA_2020.pdf),NA
GA_FAP_2020,GA,FAP,2020,FALSE,Georgia,Forest Action Plan (State Assessment and Resource Strategy),234,context,management_scale,county,TRUE,Portions of 61 Georgia counties have been identified as high priority for bobwhite restoration (Figure 52).,Restoration and management of pine savanna habitats (GA_FAP-RA_2020.pdf),NA
GA_FAP_2020,GA,FAP,2020,FALSE,Georgia,Forest Action Plan (State Assessment and Resource Strategy),234,context,management_scale,within_state_region,TRUE,"Six priority area boundaries were defined as Blue Ridge, Ridge and Valley, Fall Line, Large River Bottomlands, Atlantic Coastal Plain and East Gulf Coastal Plain.",Priority area identification section (GA_FAP-RA_2020.pdf),NA
GA_FAP_2020,GA,FAP,2020,FALSE,Georgia,Forest Action Plan (State Assessment and Resource Strategy),234,context,management_scale,state,TRUE,The Georgia Statewide Assessment of Forest Resources is a comprehensive and thorough analysis of one of the nation's most abundant and productive expanses of natural splendor.,Leading Threats and Pressing Issues (GA_FAP-RA_2020.pdf),NA
GA_FAP_2020,GA,FAP,2020,FALSE,Georgia,Forest Action Plan (State Assessment and Resource Strategy),234,context,management_scale,multistate,TRUE,"The development of a longleaf pine corridor from Ft. Benning, Georgia to Eglin Air Force Base, Florida via Ft. Rucker, Alabama would protect, conserve and restore longleaf pine ecosystems that are critical habitat for many threatened and endangered species.","Alabama-Georgia-Florida Longleaf Pine Corridor, Regional Priority Areas (GA_FAP-RA_2020.pdf)",NA
GA_FAP_2020,GA,FAP,2020,FALSE,Georgia,Forest Action Plan (State Assessment and Resource Strategy),234,context,management_scale,ecosystem,TRUE,"Expansion/contraction of species range. In general, ranges could move northward and up slope for all species, including Georgia's primary timber producing species.","Ecological Impacts bullet list, Threats to Forest Resources (GA_FAP-RA_2020.pdf)",NA
GA_FAP_2020,GA,FAP,2020,FALSE,Georgia,Forest Action Plan (State Assessment and Resource Strategy),234,context,management_scale,ecoregion,TRUE,"The six physiographic ecoregions of Georgia are the Southern Coastal Plain, Southeastern Coastal Plains, Piedmont, Blue Ridge, Ridge and Valley and Cumberland Plateau.",Forest Resource Conditions / Ecological Regions (GA_FAP-RA_2020.pdf),NA
GA_FAP_2020,GA,FAP,2020,FALSE,Georgia,Forest Action Plan (State Assessment and Resource Strategy),234,context,biological_unit_score,NA,2,"Expansion/contraction of species range. In general, ranges could move northward and up slope for all species, including Georgia's primary timber producing species.","Ecological Impacts bullet list, Threats to Forest Resources (GA_FAP-RA_2020.pdf)",species
GA_FAP_2020,GA,FAP,2020,FALSE,Georgia,Forest Action Plan (State Assessment and Resource Strategy),234,context,biological_unit_score,NA,2,Changes in forest species composition. More drought-hardy species may be able to better compete in the pine forests of Georgia. Quercus species may become a larger component of today's pine forests.,"Ecological Impacts bullet list, Threats to Forest Resources (GA_FAP-RA_2020.pdf)",community/ecosystem
GA_FAP_2020,GA,FAP,2020,FALSE,Georgia,Forest Action Plan (State Assessment and Resource Strategy),234,context,biological_unit_components,species,TRUE,"Expansion/contraction of species range. In general, ranges could move northward and up slope for all species, including Georgia's primary timber producing species.","Ecological Impacts bullet list, Threats to Forest Resources (GA_FAP-RA_2020.pdf)",NA
GA_FAP_2020,GA,FAP,2020,FALSE,Georgia,Forest Action Plan (State Assessment and Resource Strategy),234,context,biological_unit_components,habitat,TRUE,"Productive, dry sites may become more vulnerable. Pine plantations established on dry sites could become highly vulnerable to the effects of climate change.","Ecological Impacts bullet list, Threats to Forest Resources (GA_FAP-RA_2020.pdf)",NA
GA_FAP_2020,GA,FAP,2020,FALSE,Georgia,Forest Action Plan (State Assessment and Resource Strategy),234,context,biological_unit_components,ecosystem,TRUE,Changes in forest species composition. More drought-hardy species may be able to better compete in the pine forests of Georgia. Quercus species may become a larger component of today's pine forests.,"Ecological Impacts bullet list, Threats to Forest Resources (GA_FAP-RA_2020.pdf)",NA
GA_FAP_2020,GA,FAP,2020,FALSE,Georgia,Forest Action Plan (State Assessment and Resource Strategy),234,context,partnerships_and_funding,NA,1,GFC staff members continue to monitor developments on a national scale concerning climate change legislation so that Georgia's landowners will be well positioned to participate in carbon markets.,Potential Agency and Organization Roles (carbon sequestration) (GA_FAP-RA_2020.pdf),NA
GA_FAP_2020,GA,FAP,2020,FALSE,Georgia,Forest Action Plan (State Assessment and Resource Strategy),234,context,climate_threat_habitat_degradation,NA,1,"Higher temperatures may also result in lower moisture availability due to increased evapotranspiration, leading to overall drying conditions. Both of these factors will result in higher mortality of trees and increased wildfire risk.","Ecological Impacts bullet list, Threats to Forest Resources (GA_FAP-RA_2020.pdf)",NA
GA_FAP_2020,GA,FAP,2020,FALSE,Georgia,Forest Action Plan (State Assessment and Resource Strategy),234,context,climate_threat_species_vital_rates,NA,1,"Increased vulnerability to pests, pathogens, and natural disturbance. Some current models indicate that average temperatures will increase in all seasons. This means a longer growing season, which may increase reproductive success for insect pests and allow for more frequent and intense outbreaks.","Ecological Impacts bullet list, Threats to Forest Resources (GA_FAP-RA_2020.pdf)",NA
GA_FAP_2020,GA,FAP,2020,FALSE,Georgia,Forest Action Plan (State Assessment and Resource Strategy),234,context,climate_threat_biotic_stressors,NA,1,Changes in forest species composition. More drought-hardy species may be able to better compete in the pine forests of Georgia. Quercus species may become a larger component of today's pine forests.,"Ecological Impacts bullet list, Threats to Forest Resources (GA_FAP-RA_2020.pdf)",NA
GA_FAP_2020,GA,FAP,2020,FALSE,Georgia,Forest Action Plan (State Assessment and Resource Strategy),234,actions,priority_habitat_identification,NA,1,"Six priority area boundaries were defined as Blue Ridge, Ridge and Valley, Fall Line, Large River Bottomlands, Atlantic Coastal Plain and East Gulf Coastal Plain.",Priority area identification section (GA_FAP-RA_2020.pdf),NA
GA_FAP_2020,GA,FAP,2020,FALSE,Georgia,Forest Action Plan (State Assessment and Resource Strategy),234,actions,time_bound_and_monitoring,NA,1,Includes timelines for project and program implementation; Identifies partner and stakeholder involvement; Identifies strategies for monitoring outcomes within priority forest landscape areas and how actions will be revised when needed,"INTRODUCTION, GA_FAP-S_2020.pdf",NA
GA_FAP_2020,GA,FAP,2020,FALSE,Georgia,Forest Action Plan (State Assessment and Resource Strategy),234,actions,evidence_of_efficacy,NA,1,"Paleontological data demonstrates that southern forest ecosystems have adapted to gradual changes in climate for millions of years (Iverson and Prasad 2001; Karl et al. 2009). Historically, these climate shifts occurred slowly, over hundreds or thousands of years, giving forest communities time to successfully adapt to changes.",Threats to Forest Resources / Wildfire section (GA_FAP-RA_2020.pdf),NA
GU_FAP_2020,GU,FAP,2020,FALSE,Guam (US Territory),Forest Action Plan,146,context,management_scale,local,TRUE,Site Design & Implementation Strategy (40 -70% Design). This piece focuses on one or more of the identified projects/ action items from the Action Plan and provides the technical and cost basis for implementation.,Step-Down Approach for Landscape Management,NA
GU_FAP_2020,GU,FAP,2020,FALSE,Guam (US Territory),Forest Action Plan,146,context,management_scale,site,TRUE,"Geographic Scale: Approved and Vetted Project Areas within Watershed (site-specific, 10's of acres).",Step-Down Approach for Landscape Management,NA
GU_FAP_2020,GU,FAP,2020,FALSE,Guam (US Territory),Forest Action Plan,146,context,management_scale,watershed,TRUE,"The assessment involves a multidisciplinary approach to resource management, involving vegetation, hydrology, soils, wildlife, marine resources, agriculture, recreation, and other cultural resources.",Step-Down Approach for Landscape Management,NA
GU_FAP_2020,GU,FAP,2020,FALSE,Guam (US Territory),Forest Action Plan,146,context,management_scale,within_state_region,TRUE,"The major watersheds of Guam were divided into three groups: western, eastern, and northern regions to capture the major changes in soils and topography.",Watersheds on Guam,NA
GU_FAP_2020,GU,FAP,2020,FALSE,Guam (US Territory),Forest Action Plan,146,context,management_scale,state,TRUE,This document provides the technical assessment needed to identify priority landscapes for implementation of S&PF Programs at the island scale.,Agencies and Stakeholders,NA
GU_FAP_2020,GU,FAP,2020,FALSE,Guam (US Territory),Forest Action Plan,146,context,biological_unit_score,NA,1,"The Wildlife Action Plan identifies limestone forests, scrub (secondary forests), and ravine forests as important for all of Guam's native avian, invertebrate, reptilian and mammalian species.",Guam Wildlife Action Plan (table section),species and habitat
GU_FAP_2020,GU,FAP,2020,FALSE,Guam (US Territory),Forest Action Plan,146,context,biological_unit_components,species,TRUE,"The Guam Wildlife Action Plan to promote the recovery and sustainable use of Guam's native aquatic and terrestrial species, especially those of greatest conservation need, aligns with the mission of Guam Forestry.",Guam Wildlife Action Plan,NA
GU_FAP_2020,GU,FAP,2020,FALSE,Guam (US Territory),Forest Action Plan,146,context,biological_unit_components,habitat,TRUE,"The Wildlife Action Plan identifies limestone forests, scrub (secondary forests), and ravine forests as important for all of Guam's native avian, invertebrate, reptilian and mammalian species.",Guam Wildlife Action Plan (table section),NA
GU_FAP_2020,GU,FAP,2020,FALSE,Guam (US Territory),Forest Action Plan,146,context,partnerships_and_funding,NA,1,All programs will benefit from Readiness and Environmental Protection Integration (REPI) program funding that was awarded to Guam in 2020. Collaborative efforts are underway between DoD and Guam Forestry.,Synthesis of Issues: Actions Meeting Multiple Objectives,NA
GU_FAP_2020,GU,FAP,2020,FALSE,Guam (US Territory),Forest Action Plan,146,context,partnerships_and_funding,NA,1,"Identify potential funding sources from a diversity of sources -GovGuam, US Forest Service, DoD, EPA, FEMA, NOAA, NRCS, NGO's, private, etc. and devise an approach to putting these funding sources together to meet the overall program needs.",Introduction (Program Capacity section),NA
GU_FAP_2020,GU,FAP,2020,FALSE,Guam (US Territory),Forest Action Plan,146,actions,priority_habitat_identification,NA,2,"A synthesis of the stakeholder issues identifying approximately 13,000 acres of land that are the highest priority areas for treatment, where single treatments of planting forest will decrease sediment loads to reefs, increase forest fragment sizes, and decrease risk of fire to standing forests.",Identification of Issues and Threats to Guam Landscapes,NA
GU_FAP_2020,GU,FAP,2020,FALSE,Guam (US Territory),Forest Action Plan,146,actions,priority_habitat_identification,NA,2,Figure 19. Priority areas for fuels treatments to reduce risk of fire damage to standing forests.,List of Figures,NA
GU_FAP_2020,GU,FAP,2020,FALSE,Guam (US Territory),Forest Action Plan,146,actions,priority_habitat_identification,NA,2,"The following two sections outline a total of 13,098 acres that are the Highest Priority Areas for treating multiple objectives. Approximately 4,178 acres are in the urban areas and 8,920 acres are located around forest fragments.",Meeting Multiple Objectives: The Urban Environment Highest Priority Areas,NA
GU_FAP_2020,GU,FAP,2020,FALSE,Guam (US Territory),Forest Action Plan,146,actions,time_bound_and_monitoring,NA,1,"Resource Strategies (10 years). Four major strategies are presented, including a description, action plan of next steps, Forest Service programs that could be leveraged, key stakeholders, resources needed (staff and funding) and an overall timeline with internal performance measures of success.",Strategies for Addressing Threats / Introduction,NA
GU_FAP_2020,GU,FAP,2020,FALSE,Guam (US Territory),Forest Action Plan,146,actions,time_bound_and_monitoring,NA,1,Conduct island-wide forest inventories on a 5-year cycle (Established FIA and MC Plots).,Next Steps and Actions (Strategy 4),NA
GU_FAP_2020,GU,FAP,2020,FALSE,Guam (US Territory),Forest Action Plan,146,actions,evidence_of_efficacy,NA,1,"These management strategies are synergistic, with breaks helping to establish new plantings and older plantings, in turn, shading out grasses that fuel fires.",Issue 1. Wildfire and Public Safety / Introduction,NA
HI_FAP_2016,HI,FAP,2016,FALSE,Hawaii,Forest Action Plan,316,concepts,climate_vulnerability,NA,3,"modeling suggests that numerous species are vulnerable and unable to respond as necessary to persist under climate change and either tolerate projected changes, endure in microrefugia, or migrate to new climate-compatible areas. Of particular concern are those that will have no compatible-climate areas remaining by the year 2100.","Issue 5: Climate Change and Sea Level Rise, Impacts of Rising Air Temperatures and Reduced Rainfall on Forest Health and Biodiversity",exposure
HI_FAP_2016,HI,FAP,2016,FALSE,Hawaii,Forest Action Plan,316,concepts,climate_vulnerability,NA,3,"Forests, however, are facing other stressors that severely limit their adaptive capacity.","Issue 5: Climate Change and Sea Level Rise, Overview",adaptive capacity
HI_FAP_2016,HI,FAP,2016,FALSE,Hawaii,Forest Action Plan,316,concepts,climate_vulnerability,NA,3,Species associated primarily with dry forests have higher vulnerability scores than species from any other habitat type. Coastal species and species with decreasing range size are also more vulnerable to climate change impacts.,"Issue 5: Climate Change and Sea Level Rise, Impacts of Rising Air Temperatures and Reduced Rainfall on Forest Health and Biodiversity",exposure
HI_FAP_2016,HI,FAP,2016,FALSE,Hawaii,Forest Action Plan,316,concepts,adaptive_capacity_specificity,NA,2,"Micro-habitats that support rare plants and animals are often isolated, and natural migration (without human intervention), in many cases, is unlikely and would be catastrophic in some cases.","Issue 5: Climate Change and Sea Level Rise, Impacts of Rising Air Temperatures and Reduced Rainfall on Forest Health and Biodiversity",NA
HI_FAP_2016,HI,FAP,2016,FALSE,Hawaii,Forest Action Plan,316,concepts,adaptive_capacity_specificity,NA,2,"Future climate conditions will threaten native plants and communities by causing shifts or even complete losses of climate niches for some species. With an increase in temperature, some plant species and assemblages might be able to adapt to higher elevations, but those species already at the highest elevations may have no place to go.","Issue 6: Conservation of Native Biodiversity, Climate Change",NA
HI_FAP_2016,HI,FAP,2016,FALSE,Hawaii,Forest Action Plan,316,concepts,adaptive_capacity_components,distribution,TRUE,"all 10 remaining at-risk Hawaiian forest bird species will lose more than 50% of their disease-free high-elevation range by 2100. Three of these on Kaua'i, the 'akeke'e (Loxops caeruleirostris), 'akikiki (Oreomystis bairdi), and puaiohi (Myadestes palmeri), will lose all high-elevation range.","Issue 5: Climate Change and Sea Level Rise, Impacts of Rising Air Temperatures and Reduced Rainfall on Forest Health and Biodiversity",NA
HI_FAP_2016,HI,FAP,2016,FALSE,Hawaii,Forest Action Plan,316,concepts,adaptive_capacity_components,movement,TRUE,"Micro-habitats that support rare plants and animals are often isolated, and natural migration (without human intervention), in many cases, is unlikely and would be catastrophic in some cases.","Issue 5: Climate Change and Sea Level Rise, Impacts of Rising Air Temperatures and Reduced Rainfall on Forest Health and Biodiversity",NA
HI_FAP_2016,HI,FAP,2016,FALSE,Hawaii,Forest Action Plan,316,concepts,adaptive_capacity_components,evolutionary_potential,TRUE,"The pressures associated with ungulates, such as trampling and heavy browsing and grazing, have, for many species, threatened species survival or the ability of the species to evolve and adapt to new evolutionary pressures, such as climate change.","Issue 1: Water Quality and Quantity, Impact of Feral Ungulates on Forests and Water Quality",NA
HI_FAP_2016,HI,FAP,2016,FALSE,Hawaii,Forest Action Plan,316,concepts,adaptive_capacity_components,ecological_dependencies,TRUE,"most native land birds are restricted to cool, high-elevation forests, which are inhospitable to the non-native diseases and their vectors that have devastated the Hawaiian avifauna at lower elevations. Warming will result in a reduction of disease-free forest area.","Issue 5: Climate Change and Sea Level Rise, Impacts of Rising Air Temperatures and Reduced Rainfall on Forest Health and Biodiversity",NA
HI_FAP_2016,HI,FAP,2016,FALSE,Hawaii,Forest Action Plan,316,concepts,adaptive_capacity_components,abiotic_niche,TRUE,only plants that can tolerate drier conditions will persist. Micro-habitats that support rare plants and animals are often isolated,"Issue 5: Climate Change and Sea Level Rise, Impacts of Rising Air Temperatures and Reduced Rainfall on Forest Health and Biodiversity",NA
HI_FAP_2016,HI,FAP,2016,FALSE,Hawaii,Forest Action Plan,316,concepts,connectivity,NA,1,"Micro-habitats that support rare plants and animals are often isolated, and natural migration (without human intervention), in many cases, is unlikely and would be catastrophic in some cases.","Issue 5: Climate Change and Sea Level Rise, Impacts of Rising Air Temperatures and Reduced Rainfall on Forest Health and Biodiversity",NA
HI_FAP_2016,HI,FAP,2016,FALSE,Hawaii,Forest Action Plan,316,tools,vulnerability_models,NA,2,Species associated primarily with dry forests have higher vulnerability scores than species from any other habitat type. Coastal species and species with decreasing range size are also more vulnerable to climate change impacts.,"Issue 5: Climate Change and Sea Level Rise, Impacts of Rising Air Temperatures and Reduced Rainfall on Forest Health and Biodiversity",NA
HI_FAP_2016,HI,FAP,2016,FALSE,Hawaii,Forest Action Plan,316,tools,vulnerability_models,NA,2,"Assessing the vulnerability of key resources, infrastructure, and ecosystems can inform the process of setting goals, determining management priorities, and deciding on appropriate adaptation strategies.","Issue 5: Climate Change and Sea Level Rise, Overview",NA
HI_FAP_2016,HI,FAP,2016,FALSE,Hawaii,Forest Action Plan,316,tools,niche_models,NA,2,"modeling suggests that numerous species are vulnerable and unable to respond as necessary to persist under climate change and either tolerate projected changes, endure in microrefugia, or migrate to new climate-compatible areas. Of particular concern are those that will have no compatible-climate areas remaining by the year 2100.","Issue 5: Climate Change and Sea Level Rise, Impacts of Rising Air Temperatures and Reduced Rainfall on Forest Health and Biodiversity",NA
HI_FAP_2016,HI,FAP,2016,FALSE,Hawaii,Forest Action Plan,316,tools,niche_models,NA,2,"all 10 remaining at-risk Hawaiian forest bird species will lose more than 50% of their disease-free high-elevation range by 2100. Three of these on Kaua'i, the 'akeke'e, 'akikiki, and puaiohi, will lose all high-elevation range.","Issue 5: Climate Change and Sea Level Rise, Impacts of Rising Air Temperatures and Reduced Rainfall on Forest Health and Biodiversity",NA
HI_FAP_2016,HI,FAP,2016,FALSE,Hawaii,Forest Action Plan,316,tools,climate_models,NA,2,"Downscaling climate change models predict, on average, a decrease in rainfall and reduced availability of freshwater resources.","Issue 5: Climate Change and Sea Level Rise, Overview",NA
HI_FAP_2016,HI,FAP,2016,FALSE,Hawaii,Forest Action Plan,316,tools,climate_models,NA,2,Global climate models predict that net precipitation at sea level near the Hawaiian Islands will decrease during the cool season (November through April) an additional 4-6% by 2100,"Issue 5: Climate Change and Sea Level Rise, Threats - Reduction in Rainfall and Fresh Water",NA
HI_FAP_2016,HI,FAP,2016,FALSE,Hawaii,Forest Action Plan,316,context,management_scale,site,TRUE,"Priority landscape areas for the conservation of native biodiversity consist of all lands that are either classified as critical habitat by the USFWS, or are designated as essential habitat for the recovery of plants, forest birds, seabirds and water fowl (Map 6.4).","Issue 6: Conservation of Native Biodiversity, Priority Areas for Conservation of Native Biodiversity",NA
HI_FAP_2016,HI,FAP,2016,FALSE,Hawaii,Forest Action Plan,316,context,management_scale,watershed,TRUE,"the governor launched the 30 by 30 Watershed Forests Target initiative and committed the State of Hawaiʻi to protect 30% (253,000 acres) of the highest-priority watershed forests by 2030.","Issue 1: Water Quality and Quantity, Overview",NA
HI_FAP_2016,HI,FAP,2016,FALSE,Hawaii,Forest Action Plan,316,context,management_scale,county,TRUE,"The Hawai'i is divided into four counties, each with a county council and a mayor who is elected by popular vote.",Process for Development of Hawai'i's 2010 Statewide Assessment and the 2016 Forest Action Plan Update Scope,NA
HI_FAP_2016,HI,FAP,2016,FALSE,Hawaii,Forest Action Plan,316,context,management_scale,within_state_region,TRUE,"the leeward, climatically dry areas of the islands and mountain ranges are predicted to have drier than normal conditions during the wet and dry season.","Issue 5: Climate Change and Sea Level Rise, Overview",NA
HI_FAP_2016,HI,FAP,2016,FALSE,Hawaii,Forest Action Plan,316,context,management_scale,state,TRUE,This updated FAP will meet the needs of the forest management program for the next 5 to 10 years,National Guidance for Statewide Forest Resource Assessments,NA
HI_FAP_2016,HI,FAP,2016,FALSE,Hawaii,Forest Action Plan,316,context,management_scale,transnational,TRUE,"Pacific islands are particularly vulnerable to a number of natural and human-caused perturbations such as tsunamis, earthquakes, hurricanes, drought, sea level rise, and climate change.",Issue 9: U.S. Tropical Island State and Territorial Issues,NA
HI_FAP_2016,HI,FAP,2016,FALSE,Hawaii,Forest Action Plan,316,context,management_scale,ecosystem,TRUE,Future climate conditions will threaten native plants and communities by causing shifts or even complete losses of climate niches for some species.,"Issue 6: Conservation of Native Biodiversity, Climate Change",NA
HI_FAP_2016,HI,FAP,2016,FALSE,Hawaii,Forest Action Plan,316,context,biological_unit_score,NA,2,Future climate conditions will threaten native plants and communities by causing shifts or even complete losses of climate niches for some species.,"Issue 6: Conservation of Native Biodiversity, Climate Change",NA
HI_FAP_2016,HI,FAP,2016,FALSE,Hawaii,Forest Action Plan,316,context,biological_unit_score,NA,2,all 10 remaining at-risk Hawaiian forest bird species will lose more than 50% of their disease-free high-elevation range by 2100.,"Issue 5: Climate Change and Sea Level Rise, Impacts of Rising Air Temperatures and Reduced Rainfall on Forest Health and Biodiversity",NA
HI_FAP_2016,HI,FAP,2016,FALSE,Hawaii,Forest Action Plan,316,context,biological_unit_components,species,TRUE,"all 10 remaining at-risk Hawaiian forest bird species will lose more than 50% of their disease-free high-elevation range by 2100. Three of these on Kaua'i, the 'akeke'e (Loxops caeruleirostris), 'akikiki (Oreomystis bairdi), and puaiohi (Myadestes palmeri), will lose all high-elevation range.","Issue 5: Climate Change and Sea Level Rise, Impacts of Rising Air Temperatures and Reduced Rainfall on Forest Health and Biodiversity",NA
HI_FAP_2016,HI,FAP,2016,FALSE,Hawaii,Forest Action Plan,316,context,biological_unit_components,habitat,TRUE,Species associated primarily with dry forests have higher vulnerability scores than species from any other habitat type. Coastal species and species with decreasing range size are also more vulnerable to climate change impacts.,"Issue 5: Climate Change and Sea Level Rise, Impacts of Rising Air Temperatures and Reduced Rainfall on Forest Health and Biodiversity",NA
HI_FAP_2016,HI,FAP,2016,FALSE,Hawaii,Forest Action Plan,316,context,biological_unit_components,ecosystem,TRUE,"Future climate conditions will threaten native plants and communities by causing shifts or even complete losses of climate niches for some species. With an increase in temperature, some plant species and assemblages might be able to adapt to higher elevations, but those species already at the highest elevations may have no place to go.","Issue 6: Conservation of Native Biodiversity, Climate Change",NA
HI_FAP_2016,HI,FAP,2016,FALSE,Hawaii,Forest Action Plan,316,context,biological_unit_components,community,TRUE,Future climate conditions will threaten native plants and communities by causing shifts or even complete losses of climate niches for some species.,"Issue 6: Conservation of Native Biodiversity, Climate Change",NA
HI_FAP_2016,HI,FAP,2016,FALSE,Hawaii,Forest Action Plan,316,context,partnerships_and_funding,NA,1,HCA and PICCC are developing scientific assessments of climate change impacts on physical and ecological systems at a scale relevant to conservation planning.,"Issue 5: Climate Change and Sea Level Rise, Priority Issues and Areas for Climate Change and Sea Level Rise",NA
HI_FAP_2016,HI,FAP,2016,FALSE,Hawaii,Forest Action Plan,316,context,partnerships_and_funding,NA,1,"the governor launched the 30 by 30 Watershed Forests Target initiative and committed the State of Hawaiʻi to protect 30% (253,000 acres) of the highest-priority watershed forests by 2030","Issue 1: Water Quality and Quantity, Overview",NA
HI_FAP_2016,HI,FAP,2016,FALSE,Hawaii,Forest Action Plan,316,context,climate_threat_habitat_degradation,NA,1,"Saltwater intrusion will intensify in coastal forests, wetlands, and groundwater systems, agricultural land, estuaries, and elsewhere.","Issue 5: Climate Change and Sea Level Rise, Impacts of Sea Level Rise on Beaches, Coastal Forests, and Human Communities",NA
HI_FAP_2016,HI,FAP,2016,FALSE,Hawaii,Forest Action Plan,316,context,climate_threat_habitat_degradation,NA,1,"climate change is predicted to exacerbate drought conditions in Hawai'i, thereby increasing the risk of wildfire.","Issue 3: Wildfire, Climate Change and Wildfire",NA
HI_FAP_2016,HI,FAP,2016,FALSE,Hawaii,Forest Action Plan,316,context,climate_threat_species_vital_rates,NA,1,"Warming will result in a reduction of disease-free forest area. Finally, the warming pattern will likely result in reduced rainfall at higher elevations because of a reduction in the width of the inversion layer...This will prevent the establishment of forest above the current tree line","Issue 5: Climate Change and Sea Level Rise, Impacts of Rising Air Temperatures and Reduced Rainfall on Forest Health and Biodiversity",NA
HI_FAP_2016,HI,FAP,2016,FALSE,Hawaii,Forest Action Plan,316,context,climate_threat_biotic_stressors,NA,1,"Global and local climate change has the potential to affect Hawai'i's suite of established invasive species by extending their ranges to higher elevations. Warming temperatures at higher elevations, where most remaining native forests exist, could make these forests more vulnerable to pest damage by increasing the climatic range of certain pests that are still limited to lower elevations.","Issue 2: Forest Health: Invasive Species, Insects, and Disease, Climate Change",NA
HI_FAP_2016,HI,FAP,2016,FALSE,Hawaii,Forest Action Plan,316,actions,priority_habitat_identification,NA,2,"Priority landscape areas for the conservation of native biodiversity consist of all lands that are either classified as critical habitat by the USFWS, or are designated as essential habitat for the recovery of plants, forest birds, seabirds and water fowl (Map 6.4).","Issue 6: Conservation of Native Biodiversity, Priority Areas for Conservation of Native Biodiversity",NA
HI_FAP_2016,HI,FAP,2016,FALSE,Hawaii,Forest Action Plan,316,actions,priority_habitat_identification,NA,2,"In 2016, as part of the Aloha+ Challenge, and World Conservation Congress Legacy Commitment, the governor and State administration embraced an even more ambitious watershed protection goal of '30 by 30', and committed to protect 30% of our highest priority watershed forests (253,000 acres) by the year 2030. See Maps 1.1 to 1.4 for priority watershed areas.","Issue 1: Water Quality and Quantity, Priority Issues and Areas for Water Quality and Quantity",NA
HI_FAP_2016,HI,FAP,2016,FALSE,Hawaii,Forest Action Plan,316,actions,time_bound_and_monitoring,NA,2,"the governor launched the 30 by 30 Watershed Forests Target initiative and committed the State of Hawaiʻi to protect 30% (253,000 acres) of the highest-priority watershed forests by 2030.","Issue 1: Water Quality and Quantity, Overview",time-bound
HI_FAP_2016,HI,FAP,2016,FALSE,Hawaii,Forest Action Plan,316,actions,time_bound_and_monitoring,NA,2,"In order to adapt resource management and forestry practices to the changing climate, there is a significant need for sustained and enhanced climate monitoring and assessment activities.","Issue 5: Climate Change and Sea Level Rise, Overview",monitoring
HI_FAP_2016,HI,FAP,2016,FALSE,Hawaii,Forest Action Plan,316,actions,evidence_of_efficacy,NA,2,"watershed partnerships have a proven track record of on-the-ground management that has led to results-oriented protection and restoration of forested watersheds through fencing and ungulate removal, invasive species control, native outplantings, and outreach and education","Issue 1: Water Quality and Quantity, Watershed Partnerships",NA
HI_FAP_2016,HI,FAP,2016,FALSE,Hawaii,Forest Action Plan,316,actions,evidence_of_efficacy,NA,2,"After 15 years of testing and a contentious environmental assessment process, a Brazilian scale insect, Tectococcus ovatus, was released at several locations to combat the widespread impacts of strawberry guava (Psidium cattleianum), the most damaging forest tree species in Hawai'i.","Issue 2: Forest Health: Invasive Species, Insects, and Disease, Biological Control",NA
HI_FAP_2016,HI,FAP,2016,FALSE,Hawaii,Forest Action Plan,316,actions,adaptation_planning_frameworks,NA,2,"facilitated adaptation, involving initiatives and measures to reduce the vulnerability of natural and human systems against actual or expected climate change effects.","Issue 5: Climate Change and Sea Level Rise, Overview",NA
HI_FAP_2016,HI,FAP,2016,FALSE,Hawaii,Forest Action Plan,316,actions,adaptation_planning_frameworks,NA,2,"Because of the uncertainty and complexity of climate change, future planning and decision processes should be iterative to allow for informed decisions and early implementation of adaptive strategies. Where there is a high level of uncertainty about specific impacts, agencies should focus on 'no regrets' conservation actions","Issue 5: Climate Change and Sea Level Rise, Priority Issues and Areas for Climate Change and Sea Level Rise",NA
IA_FAP_2020,IA,FAP,2020,FALSE,Iowa,State Forest Action Plan,99,concepts,climate_vulnerability,NA,2,"As average annual temperature increases, native trees and other vegetation will become stressed and cease to thrive. Native habitats will slowly disappear as most plants will not be able to adapt to this rapid change.","Projected Change in Temperature, Plant Hardiness Zones, and Growing Degree Days",exposure
IA_FAP_2020,IA,FAP,2020,FALSE,Iowa,State Forest Action Plan,99,concepts,climate_vulnerability,NA,2,Iowa will begin to see species more common in the southern U.S. moving into the southern portion of the state while species that were once well suited to the climate in the northern portion will struggle to adapt.,Plant Hardiness Zones,exposure
IA_FAP_2020,IA,FAP,2020,FALSE,Iowa,State Forest Action Plan,99,concepts,adaptive_capacity_specificity,NA,1,"Some tree species are not well equipped to handle droughts, which will be more frequent in the future, resulting in higher tree mortality. In addition, changing average annual precipitation amounts will likely cause a shift in overall forest composition towards species that are more drought and flood tolerant.",Plant Hardiness Zones,NA
IA_FAP_2020,IA,FAP,2020,FALSE,Iowa,State Forest Action Plan,99,concepts,adaptive_capacity_components,distribution,TRUE,Iowa will begin to see species more common in the southern U.S. moving into the southern portion of the state while species that were once well suited to the climate in the northern portion will struggle to adapt.,Plant Hardiness Zones,NA
IA_FAP_2020,IA,FAP,2020,FALSE,Iowa,State Forest Action Plan,99,concepts,adaptive_capacity_components,abiotic_niche,TRUE,"This will result in tree species that could at one time tolerate the climate of southern Iowa, becoming stressed or even dying due to the change in climate.",Plant Hardiness Zones,NA
IA_FAP_2020,IA,FAP,2020,FALSE,Iowa,State Forest Action Plan,99,concepts,connectivity,NA,2,"The Nature Conservancy (TNC) has lead an over 10-year initiative in partnership with over 150 scientists from agencies, academia, and non-governmental organizations across the United States to develop a dataset that interprets the resiliency and connectivity of landscapes in relation to climate change.",Resilient and Connected Landscapes,NA
IA_FAP_2020,IA,FAP,2020,FALSE,Iowa,State Forest Action Plan,99,concepts,connectivity,NA,2,The outcome of this project is TNC's Resilient and Connected Landscapes database. This is a 'proposed conservation network of representative climate-resilient sites designed to sustain biodiversity and ecological functions into the future under a changing climate.',Resilient and Connected Landscapes,NA
IA_FAP_2020,IA,FAP,2020,FALSE,Iowa,State Forest Action Plan,99,tools,climate_models,NA,2,"According to the USDA Forest Service National Forest Climate Change map projections (2071-2090), the average annual temperature in Iowa will increase by approximately 10° F.","Projected Change in Temperature, Plant Hardiness Zones, and Growing Degree Days",NA
IA_FAP_2020,IA,FAP,2020,FALSE,Iowa,State Forest Action Plan,99,tools,climate_models,NA,2,"According to the USDA Forest Service National Forest Climate Change Maps project, precipitation across Iowa will increase between 4-8% based on a future projection for 2071-2090.",Growing Degree Days,NA
IA_FAP_2020,IA,FAP,2020,FALSE,Iowa,State Forest Action Plan,99,tools,climate_models,NA,2,"In future projection models (2070-2099) with medium emission rates GDD are expected to be between 3000-3999 for almost all of the state, with the exception of a few small pockets.",Growing Degree Days,NA
IA_FAP_2020,IA,FAP,2020,FALSE,Iowa,State Forest Action Plan,99,tools,connectivity_models,NA,2,"The Nature Conservancy (TNC) has lead an over 10-year initiative in partnership with over 150 scientists from agencies, academia, and non-governmental organizations across the United States to develop a dataset that interprets the resiliency and connectivity of landscapes in relation to climate change.",Resilient and Connected Landscapes,NA
IA_FAP_2020,IA,FAP,2020,FALSE,Iowa,State Forest Action Plan,99,tools,connectivity_models,NA,2,"Overall resiliency and connectedness of landscapes can best be evaluated by looking at multiple criteria. TNC combined resilient landscapes, regional flow of species and landscapes, and levels of biodiversity. Areas with recognized resilience, flow, and biodiversity are some of the most important and impactful areas for conservation.",Resilient and Connected Network,NA
IA_FAP_2020,IA,FAP,2020,FALSE,Iowa,State Forest Action Plan,99,context,management_scale,local,TRUE,"Sites that have more elevation changes will provide pockets of climate resilience for plants and wildlife, slowing the rate of regional climatic change. Areas of high landscape diversity are priority areas for conservation practices in Iowa.",Landscape Diversity,NA
IA_FAP_2020,IA,FAP,2020,FALSE,Iowa,State Forest Action Plan,99,context,management_scale,site,TRUE,"Wildlife -emphasis on including forested lands of any size or location where occurrences of Threatened, Endangered, or Species of Conservation Need are known to exist using Natural Areas Inventory (NAI) database",Forest Stewardship Program Priority Lands,NA
IA_FAP_2020,IA,FAP,2020,FALSE,Iowa,State Forest Action Plan,99,context,management_scale,watershed,TRUE,"Water quality -emphasis on lands located in or near riparian zones and forested wetlands, state-designated Protected Water Areas (PWAs), and priority watersheds such as Significant Publicly-Owned Lakes and impaired waterbodies",Forest Stewardship Program Priority Lands,NA
IA_FAP_2020,IA,FAP,2020,FALSE,Iowa,State Forest Action Plan,99,context,management_scale,within_state_region,TRUE,Iowa will begin to see species more common in the southern U.S. moving into the southern portion of the state while species that were once well suited to the climate in the northern portion will struggle to adapt.,Plant Hardiness Zones,NA
IA_FAP_2020,IA,FAP,2020,FALSE,Iowa,State Forest Action Plan,99,context,management_scale,state,TRUE,"In August 2020, Iowa developed an updated statewide GIS coverage of its Forest Stewardship Priority",Forest Stewardship Program Priority Lands,NA
IA_FAP_2020,IA,FAP,2020,FALSE,Iowa,State Forest Action Plan,99,context,management_scale,multistate,TRUE,"In addition to priority areas identified elsewhere in this Action Plan, there are several Multi-State Priority Areas and regional partnerships that Iowa is included in. These priority areas identify ecosystems, watersheds, or other geographical regions that offer significant impact or value to be preserved.",Multi-State Priority Areas & Partnerships,NA
IA_FAP_2020,IA,FAP,2020,FALSE,Iowa,State Forest Action Plan,99,context,management_scale,ecosystem,TRUE,"Iowa's native oak woodlands, savannas, and prairies are fire-dependent ecosystems. Natural resource managers have developed a renewed interest in utilizing prescribed fire to maintain, enhance and restore these systems.",Prescribed Fire,NA
IA_FAP_2020,IA,FAP,2020,FALSE,Iowa,State Forest Action Plan,99,context,biological_unit_score,NA,2,Iowa will begin to see species more common in the southern U.S. moving into the southern portion of the state while species that were once well suited to the climate in the northern portion will struggle to adapt.,Plant Hardiness Zones,species
IA_FAP_2020,IA,FAP,2020,FALSE,Iowa,State Forest Action Plan,99,context,biological_unit_score,NA,2,changing average annual precipitation amounts will likely cause a shift in overall forest composition towards species that are more drought and flood tolerant.,Plant Hardiness Zones,community
IA_FAP_2020,IA,FAP,2020,FALSE,Iowa,State Forest Action Plan,99,context,biological_unit_components,species,TRUE,Iowa will begin to see species more common in the southern U.S. moving into the southern portion of the state while species that were once well suited to the climate in the northern portion will struggle to adapt.,Plant Hardiness Zones,NA
IA_FAP_2020,IA,FAP,2020,FALSE,Iowa,State Forest Action Plan,99,context,biological_unit_components,habitat,TRUE,Native habitats will slowly disappear as most plants will not be able to adapt to this rapid change.,"Projected Change in Temperature, Plant Hardiness Zones, and Growing Degree Days",NA
IA_FAP_2020,IA,FAP,2020,FALSE,Iowa,State Forest Action Plan,99,context,biological_unit_components,community,TRUE,changing average annual precipitation amounts will likely cause a shift in overall forest composition towards species that are more drought and flood tolerant.,Plant Hardiness Zones,NA
IA_FAP_2020,IA,FAP,2020,FALSE,Iowa,State Forest Action Plan,99,context,partnerships_and_funding,NA,1,The Resource Enhancement and Protection (REAP) Fund is a program that the State of Iowa invests from the Environment First Fund and is authorized to receive $20 million annually until 2021.,Iowa's Resource Enhancement and Protection Fund,NA
IA_FAP_2020,IA,FAP,2020,FALSE,Iowa,State Forest Action Plan,99,context,partnerships_and_funding,NA,1,"In addition to priority areas identified elsewhere in this Action Plan, there are several Multi-State Priority Areas and regional partnerships that Iowa is included in.",Multi-State Priority Areas & Partnerships,NA
IA_FAP_2020,IA,FAP,2020,FALSE,Iowa,State Forest Action Plan,99,context,climate_threat_habitat_degradation,NA,1,These changing climatic conditions will add stress to existing plant life and may cause a shift in species location and quantities.,Growing Degree Days,NA
IA_FAP_2020,IA,FAP,2020,FALSE,Iowa,State Forest Action Plan,99,context,climate_threat_habitat_degradation,NA,1,"A projected increase in annual precipitation of up to 8% will affect the health and composition of trees and forests in Iowa. Bur Oak Blight spreads faster during wetter spring seasons, leading to a prediction that Bur Oak Blight will be more prevalent in the future due to higher rainfall totals.",Plant Hardiness Zones,NA
IA_FAP_2020,IA,FAP,2020,FALSE,Iowa,State Forest Action Plan,99,context,climate_threat_species_vital_rates,NA,1,"Some tree species are not well equipped to handle droughts, which will be more frequent in the future, resulting in higher tree mortality.",Plant Hardiness Zones,NA
IA_FAP_2020,IA,FAP,2020,FALSE,Iowa,State Forest Action Plan,99,context,climate_threat_biotic_stressors,NA,1,changing average annual precipitation amounts will likely cause a shift in overall forest composition towards species that are more drought and flood tolerant.,Plant Hardiness Zones,NA
IA_FAP_2020,IA,FAP,2020,FALSE,Iowa,State Forest Action Plan,99,actions,priority_habitat_identification,NA,2,"The project also maps areas of high biodiversity, areas of land that will be most resilient to future climate conditions, and highlights connected lands between these resilient landscapes. All of this data combine helps to create priority areas for conservation work that would have the highest impact now and into the future for plant and animal species as well as environmental benefits.",Resilient and Connected Landscapes,NA
IA_FAP_2020,IA,FAP,2020,FALSE,Iowa,State Forest Action Plan,99,actions,priority_habitat_identification,NA,2,"In August 2020, Iowa developed an updated statewide GIS coverage of its Forest Stewardship Priority. The following variables were included in the development of Iowa's FSP Priority Lands coverage",Forest Stewardship Program Priority Lands,NA
IA_FAP_2020,IA,FAP,2020,FALSE,Iowa,State Forest Action Plan,99,actions,time_bound_and_monitoring,NA,1,In partnership with the Iowa Urban Tree Council the state has set a goal to increase canopy cover by 3% by 2050; this means in addition to replacing normal tree loss we need to plant an additional 3 million community trees.,Tree Cover,NA
IA_FAP_2020,IA,FAP,2020,FALSE,Iowa,State Forest Action Plan,99,actions,evidence_of_efficacy,NA,1,"1. Use science-based techniques and technologies that are implementable, adaptive, and sustainable",Goals and Strategies,NA
IA_FAP_2020,IA,FAP,2020,FALSE,Iowa,State Forest Action Plan,99,actions,adaptation_planning_frameworks,NA,1,"The Nature Conservancy (TNC) has lead an over 10-year initiative in partnership with over 150 scientists from agencies, academia, and non-governmental organizations across the United States to develop a dataset that interprets the resiliency and connectivity of landscapes in relation to climate change.",Resilient and Connected Landscapes,NA
ID_FAP_2020,ID,FAP,2020,FALSE,Idaho (state),Forest Action Plan (Resource Assessment + Resource Strategy),167,concepts,climate_vulnerability,NA,1,"climate change, which may modify current ranges of forest species and add additional stress to forests. Not only do these factors damage forests ecologically, they have social and economic impacts as well.","Discussion (Relative Threats to Forest Health), ID_FAP-RA_2020.pdf",NA
ID_FAP_2020,ID,FAP,2020,FALSE,Idaho (state),Forest Action Plan (Resource Assessment + Resource Strategy),167,concepts,adaptive_capacity_specificity,NA,1,"Goal 1: Idaho's Forests are diverse and resilient to climatic changes and other threats (fire, insects, disease, noxious weeds, etc.)","Goals and Strategies table, ID_FAP-S_2020.pdf",NA
ID_FAP_2020,ID,FAP,2020,FALSE,Idaho (state),Forest Action Plan (Resource Assessment + Resource Strategy),167,concepts,adaptive_capacity_components,distribution,TRUE,"climate change, which may modify current ranges of forest species and add additional stress to forests","Discussion (Relative Threats to Forest Health), ID_FAP-RA_2020.pdf",NA
ID_FAP_2020,ID,FAP,2020,FALSE,Idaho (state),Forest Action Plan (Resource Assessment + Resource Strategy),167,concepts,connectivity,NA,1,Promote wildlife connectivity between undeveloped areas,"Appendix G (Forest Legacy Program Objectives), ID_FAP-S_2020.pdf",NA
ID_FAP_2020,ID,FAP,2020,FALSE,Idaho (state),Forest Action Plan (Resource Assessment + Resource Strategy),167,concepts,connectivity,NA,1,landscape condition (a summary of native and unfragmented habitat which prioritizes large natural areas and connectivity zones between them),"Table 1 (CHAT data definitions), ID_FAP-RA_2020.pdf",NA
ID_FAP_2020,ID,FAP,2020,FALSE,Idaho (state),Forest Action Plan (Resource Assessment + Resource Strategy),167,tools,niche_models,NA,1,published geospatial data predicting landcover vegetation changes across the state due to climate change was selected. Areas that were predicted to undergo the most frequent and drastic landcover type changes were identified through modeling,"Climate Change section, ID_FAP-RA_2020.pdf",NA
ID_FAP_2020,ID,FAP,2020,FALSE,Idaho (state),Forest Action Plan (Resource Assessment + Resource Strategy),167,tools,niche_models,NA,1,used a statewide climate change model to replace the previously used species change modeling,"Summary of Changes in the June 2020 update, ID_FAP-S_2020.pdf",NA
ID_FAP_2020,ID,FAP,2020,FALSE,Idaho (state),Forest Action Plan (Resource Assessment + Resource Strategy),167,tools,climate_models,NA,2,"projected land cover rasters for 2030, 2060, and 2090 developed by Rehfeldt et al. 2006.","Figure caption, Climate Change section, ID_FAP-RA_2020.pdf",NA
ID_FAP_2020,ID,FAP,2020,FALSE,Idaho (state),Forest Action Plan (Resource Assessment + Resource Strategy),167,tools,climate_models,NA,2,"Land cover rasters developed by Brown et al. 1998 were used as a baseline, and projected land cover rasters for 2030, 2060, and 2090 developed by Rehfeldt et al. 2006.","Figure caption, Climate Change section, ID_FAP-RA_2020.pdf",NA
ID_FAP_2020,ID,FAP,2020,FALSE,Idaho (state),Forest Action Plan (Resource Assessment + Resource Strategy),167,tools,climate_models,NA,2,"For each raster (Brown, 2030, 2060, and 2090) we reclassified landcovers into 2 categories: forest, or non-forest.","Climate Change section, ID_FAP-RA_2020.pdf",NA
ID_FAP_2020,ID,FAP,2020,FALSE,Idaho (state),Forest Action Plan (Resource Assessment + Resource Strategy),167,tools,connectivity_models,NA,1,"The WAFWA CHAT was developed to bring greater certainty and predictability to planning efforts by establishing a common starting point for discussing the intersection of management and wildlife. CHAT is designed to incorporate wildlife values into land use planning, particularly at large scale.","Discussion (Relative Potential Benefit to Wildlife and Biodiversity), ID_FAP-RA_2020.pdf",NA
ID_FAP_2020,ID,FAP,2020,FALSE,Idaho (state),Forest Action Plan (Resource Assessment + Resource Strategy),167,tools,connectivity_models,NA,1,Landscape Condition: A measure of land cover impacted by human activities. WGA Landscape Integrity Workgroup used a NatureServe landscape condition model to identify Large Intact Blocks and Important Connectivity Zones.,"Table 1 (CHAT data definitions), ID_FAP-RA_2020.pdf",NA
ID_FAP_2020,ID,FAP,2020,FALSE,Idaho (state),Forest Action Plan (Resource Assessment + Resource Strategy),167,context,management_scale,watershed,TRUE,Percent coverage of the noxious weeds within each 6th level hydrologic unit code (HUC) were obtained by taking the total count of noxious weed pixels,"Terrestrial noxious weeds section, ID_FAP-RA_2020.pdf",NA
ID_FAP_2020,ID,FAP,2020,FALSE,Idaho (state),Forest Action Plan (Resource Assessment + Resource Strategy),167,context,management_scale,within_state_region,TRUE,The state was divided into northern and southern sections using the Salmon River as the dividing boundary.,"Final Idaho Forest Action Plan Resource Assessment Map, ID_FAP-RA_2020.pdf",NA
ID_FAP_2020,ID,FAP,2020,FALSE,Idaho (state),Forest Action Plan (Resource Assessment + Resource Strategy),167,context,management_scale,state,TRUE,The Forest Resource Assessment provides a geospatial analysis of conditions and trends for all forested lands in Idaho.,"Introduction Background and Purpose, ID_FAP-RA_2020.pdf",NA
ID_FAP_2020,ID,FAP,2020,FALSE,Idaho (state),Forest Action Plan (Resource Assessment + Resource Strategy),167,context,management_scale,multistate,TRUE,Some of Idaho's PLAs fall outside of the state border into neighboring states because an issue or issues within the PLAs warranted expansion of the particular PLA to capture a more meaningful scale of the issue(s).,"Development of Priority Landscape Areas, ID_FAP-S_2020.pdf",NA
ID_FAP_2020,ID,FAP,2020,FALSE,Idaho (state),Forest Action Plan (Resource Assessment + Resource Strategy),167,context,management_scale,ecosystem,TRUE,Sage-Steppe is the most widespread ecosystem type in the United States covering 111 million acres of the arid Intermountain West.,"Sage-Steppe Special Landscape Area, ID_FAP-S_2020.pdf",NA
ID_FAP_2020,ID,FAP,2020,FALSE,Idaho (state),Forest Action Plan (Resource Assessment + Resource Strategy),167,context,biological_unit_score,NA,2,"climate change, which may modify current ranges of forest species and add additional stress to forests","Discussion (Relative Threats to Forest Health), ID_FAP-RA_2020.pdf",species
ID_FAP_2020,ID,FAP,2020,FALSE,Idaho (state),Forest Action Plan (Resource Assessment + Resource Strategy),167,context,biological_unit_score,NA,2,Areas that were predicted to undergo the most frequent and drastic landcover type changes were identified through modeling and used as a proxy to show stress to forests due to climate change.,"Climate Change section, ID_FAP-RA_2020.pdf",habitat/ecosystem
ID_FAP_2020,ID,FAP,2020,FALSE,Idaho (state),Forest Action Plan (Resource Assessment + Resource Strategy),167,context,biological_unit_components,species,TRUE,"climate change, which may modify current ranges of forest species and add additional stress to forests","Discussion (Relative Threats to Forest Health), ID_FAP-RA_2020.pdf",NA
ID_FAP_2020,ID,FAP,2020,FALSE,Idaho (state),Forest Action Plan (Resource Assessment + Resource Strategy),167,context,biological_unit_components,habitat,TRUE,Areas that were predicted to undergo the most frequent and drastic landcover type changes were identified through modeling and used as a proxy to show stress to forests due to climate change.,"Climate Change section, ID_FAP-RA_2020.pdf",NA
ID_FAP_2020,ID,FAP,2020,FALSE,Idaho (state),Forest Action Plan (Resource Assessment + Resource Strategy),167,context,biological_unit_components,ecosystem,TRUE,Sage-Steppe is also one of the most imperiled ecosystems in the United States.,"Sage-Steppe Special Landscape Area, ID_FAP-S_2020.pdf",NA
ID_FAP_2020,ID,FAP,2020,FALSE,Idaho (state),Forest Action Plan (Resource Assessment + Resource Strategy),167,context,partnerships_and_funding,NA,2,"The USDI Bureau of Land Management, USDA Forest Service (State and Private Forestry and the National Forest System) and USDA Natural Resources Conservation Service are the primary Federal forestland management agencies in Idaho. Each had representatives who actively participated on the Core Assessment and Strategy teams.","Figure (compliance checklist), ID_FAP-S_2020.pdf",NA
ID_FAP_2020,ID,FAP,2020,FALSE,Idaho (state),Forest Action Plan (Resource Assessment + Resource Strategy),167,context,partnerships_and_funding,NA,2,"On December 18, 2018, the State of Idaho executed a Shared Stewardship Agreement with the US Department of Agriculture (USDA) and the Forest Service Northern and Intermountain Regional Foresters.","Appendix I - Idaho Shared Stewardship, ID_FAP-S_2020.pdf",NA
ID_FAP_2020,ID,FAP,2020,FALSE,Idaho (state),Forest Action Plan (Resource Assessment + Resource Strategy),167,context,partnerships_and_funding,NA,2,The Idaho Department of Lands has committed financial and staff resources to ensuring the continued expansion of Shared Stewardship throughout Idaho.,"Shared Stewardship section, ID_FAP-S_2020.pdf",NA
ID_FAP_2020,ID,FAP,2020,FALSE,Idaho (state),Forest Action Plan (Resource Assessment + Resource Strategy),167,context,climate_threat_habitat_degradation,NA,1,"The threat of wildfires has increased due to changes in climate, additional mortality from insects and disease, increasing human population across landscapes","Issue: Relative Threat to Communities and Ecosystems from Wildland Fire, ID_FAP-S_2020.pdf",NA
ID_FAP_2020,ID,FAP,2020,FALSE,Idaho (state),Forest Action Plan (Resource Assessment + Resource Strategy),167,context,climate_threat_habitat_degradation,NA,1,"The threats identified in the Forest Action Plan Resources-forest health, uncharacteristic wildfire, development and recreation-are driven by changes in climate, economic conditions, demographics, and other environmental conditions and social values.","Managing Stressors and Long-Term Health of Idaho's Forests, ID_FAP-S_2020.pdf",NA
ID_FAP_2020,ID,FAP,2020,FALSE,Idaho (state),Forest Action Plan (Resource Assessment + Resource Strategy),167,context,climate_threat_biotic_stressors,NA,1,"150 years of fire exclusion and domestic livestock grazing have dramatically altered this landscape including significant expansion of native juniper into the ecosystem. Since the late 1800s, occurrence of western juniper in these areas has grown ten-fold, crowding out sagebrush and native grasses","Sage-Steppe Special Landscape Area, ID_FAP-S_2020.pdf",NA
ID_FAP_2020,ID,FAP,2020,FALSE,Idaho (state),Forest Action Plan (Resource Assessment + Resource Strategy),167,context,climate_threat_biotic_stressors,NA,1,"The Western Region's diverse landscapes which include expanding wildland urban interface, steep terrain, access limitations, changing climate conditions, invasive species, and extended drought challenge wildland fire managers.","COHESIVE STRATEGY section, ID_FAP-S_2020.pdf",NA
ID_FAP_2020,ID,FAP,2020,FALSE,Idaho (state),Forest Action Plan (Resource Assessment + Resource Strategy),167,actions,priority_habitat_identification,NA,2,"From this map, another spatial analysis was developed denoting Priority Landscape Areas (page 51). These are generalized areas in which goals and strategies will be developed.","Final Idaho Forest Action Plan Resource Assessment Map, ID_FAP-RA_2020.pdf",NA
ID_FAP_2020,ID,FAP,2020,FALSE,Idaho (state),Forest Action Plan (Resource Assessment + Resource Strategy),167,actions,priority_habitat_identification,NA,2,The Idaho Resource Assessment -a geospatial analysis -identifies seven main issues affecting Idaho forestlands (threats and potential benefits).,"Forest Action Plan: Resource Assessment, ID_FAP-S_2020.pdf",NA
ID_FAP_2020,ID,FAP,2020,FALSE,Idaho (state),Forest Action Plan (Resource Assessment + Resource Strategy),167,actions,priority_habitat_identification,NA,2,"The Final Priority Map is developed by adding the composite threats data scores to the composite benefits map. This is done is such a way that 25 unique values are calculated, resulting in a five by five matrix.","Chapter 3 - Final Maps Methodology, ID_FAP-RA_2020.pdf",NA
ID_FAP_2020,ID,FAP,2020,FALSE,Idaho (state),Forest Action Plan (Resource Assessment + Resource Strategy),167,actions,time_bound_and_monitoring,NA,1,"Within the next five years, as part of the FAP revision, convene a group of partners to look more broadly at causal factors and stressors to Idaho forests and identify even longer-term strategies to address these.","Managing Stressors and Long-Term Health of Idaho's Forests, ID_FAP-S_2020.pdf",NA
ID_FAP_2020,ID,FAP,2020,FALSE,Idaho (state),Forest Action Plan (Resource Assessment + Resource Strategy),167,actions,time_bound_and_monitoring,NA,1,"This document will be updated periodically to reflect adjustments and remain relevant and useful, and full FAP updates, including the assessment and strategy development, will be completed at ten-year intervals.","Process section, ID_FAP-S_2020.pdf",NA
ID_FAP_2020,ID,FAP,2020,FALSE,Idaho (state),Forest Action Plan (Resource Assessment + Resource Strategy),167,actions,evidence_of_efficacy,NA,1,"Because this issue is so complex, we felt that it was important to use peer-reviewed, published datasets that were analyzed and produced by academic experts.","Climate Change section, ID_FAP-RA_2020.pdf",NA
ID_FAP_2020,ID,FAP,2020,FALSE,Idaho (state),Forest Action Plan (Resource Assessment + Resource Strategy),167,actions,adaptation_planning_frameworks,NA,1,Develop a statewide strategy to address climate change and anticipated impacts to forest conditions in Idaho. Include statewide inventory and analysis of conditions and targeted strategies across ownerships to improve resilience and to adapt to changing conditions.,"STATEWIDE Key Strategies, ID_FAP-S_2020.pdf",NA
ID_FAP_2020,ID,FAP,2020,FALSE,Idaho (state),Forest Action Plan (Resource Assessment + Resource Strategy),167,actions,adaptation_planning_frameworks,NA,1,the goal is to gain understanding of the higher-level 'drivers' of forest stress and change and to be 'out in front' with strategies for adaptation to these changes and mitigation of the impacts.,"Managing Stressors and Long-Term Health of Idaho's Forests, ID_FAP-S_2020.pdf",NA
IL_FAP_2020,IL,FAP,2020,FALSE,Illinois,Forest Action Plan,311,concepts,climate_vulnerability,NA,2,"Situated at the edges of southern and northern forests, and along the eastern edge of the prairie, Illinois is in a position (if climatic warming occurs as predicted) to lose many plant species from northern counties while acquiring new species in southern counties as range limits shift northward.",Illinois Forests: Environmental Impacts Fragmentation,exposure
IL_FAP_2020,IL,FAP,2020,FALSE,Illinois,Forest Action Plan,311,concepts,climate_vulnerability,NA,2,Assess future vulnerability and adaptation strategies for oak-hickory forests.,Threats to Forest Lands and Resources,exposure
IL_FAP_2020,IL,FAP,2020,FALSE,Illinois,Forest Action Plan,311,concepts,climate_vulnerability,NA,2,Review and evaluate tree species that perform well in a changing climate. This would include review of species vulnerability at the southern end of their range and adaptability at the northern end of a species range.,Climate Adaptation,exposure
IL_FAP_2020,IL,FAP,2020,FALSE,Illinois,Forest Action Plan,311,concepts,adaptive_capacity_specificity,NA,1,"One of the most cost effective means to a sustainable healthy urban forest, especially through times of climate change, is to ensure diversity of species and age.","Forest Resiliency and Limited Diversity -Species, Age and Climate Change",NA
IL_FAP_2020,IL,FAP,2020,FALSE,Illinois,Forest Action Plan,311,concepts,adaptive_capacity_components,distribution,TRUE,"Situated at the edges of southern and northern forests, and along the eastern edge of the prairie, Illinois is in a position (if climatic warming occurs as predicted) to lose many plant species from northern counties while acquiring new species in southern counties as range limits shift northward.",Illinois Forests: Environmental Impacts Fragmentation,NA
IL_FAP_2020,IL,FAP,2020,FALSE,Illinois,Forest Action Plan,311,concepts,adaptive_capacity_components,movement,TRUE,"While the retraction of southern range boundaries may be rapid in response to climate change, the movement of northern edges of distributions is likely to be quite slow.",Illinois Forests: Environmental Impacts Fragmentation,NA
IL_FAP_2020,IL,FAP,2020,FALSE,Illinois,Forest Action Plan,311,concepts,adaptive_capacity_components,evolutionary_potential,TRUE,"The resulting genetic isolation can be detrimental to the long-term health of resident populations because it increases inbreeding, which can lead to an erosion of the genetic variability and, eventually, of the viability of these populations.",[TABLE] Fragmentation of forests into small habitat islands,NA
IL_FAP_2020,IL,FAP,2020,FALSE,Illinois,Forest Action Plan,311,concepts,adaptive_capacity_components,ecological_dependencies,TRUE,"In addition, climatic warming may result in earlier spring greening of vegetation, enhanced net growth rates, increased levels of insect damage to plants, and shifts in the competitive interactions among species.",[TABLE] Climate Change and Carbon Sequestration,NA
IL_FAP_2020,IL,FAP,2020,FALSE,Illinois,Forest Action Plan,311,concepts,adaptive_capacity_components,abiotic_niche,TRUE,Review and evaluate tree species that perform well in a changing climate. This would include review of species vulnerability at the southern end of their range and adaptability at the northern end of a species range.,Climate Adaptation,NA
IL_FAP_2020,IL,FAP,2020,FALSE,Illinois,Forest Action Plan,311,concepts,connectivity,NA,1,"Resource managers are questioning the utility of setting aside relatively small, unconnected preserves to protect wildlife, such as state parks and forests. They are advocating a system of linkages or 'corridors' between these preserves so they may continue as biologically diverse ecological systems in an increasingly fragmented and urbanized land base.",Impacts on Wildlife,NA
IL_FAP_2020,IL,FAP,2020,FALSE,Illinois,Forest Action Plan,311,concepts,connectivity,NA,1,Develop resiliency and connectedness into habitats so species can adjust to landscape and environmental changes.,[TABLE] Illinois Forestry Development Council,NA
IL_FAP_2020,IL,FAP,2020,FALSE,Illinois,Forest Action Plan,311,concepts,connectivity,NA,1,Provide planned and integrated support for tree planting to improve the environment and provide for connectivity to fragmented landscapes.,Urban and Community Forest Management,NA
IL_FAP_2020,IL,FAP,2020,FALSE,Illinois,Forest Action Plan,311,tools,vulnerability_models,NA,1,A key resource for this planning is the Central Hardwoods Ecosystem Vulnerability Assessment and Synthesis report by the Central Hardwoods Climate Change Response Framework Project www.nrs.fs.fed.us/pubs/45430.,[TABLE] 7f. Climate Change has to be a part of the forest planning process,NA
IL_FAP_2020,IL,FAP,2020,FALSE,Illinois,Forest Action Plan,311,context,management_scale,local,TRUE,Provide planned and integrated support for tree planting to improve the environment and provide for connectivity to fragmented landscapes.,Urban and Community Forest Management,NA
IL_FAP_2020,IL,FAP,2020,FALSE,Illinois,Forest Action Plan,311,context,management_scale,site,TRUE,"The multi-state priorities and issues listed in (Tables 2 and 3) from the 2020 U.S. Forest Service R9 S&PF multi-state meetings and 2010's listings from multistate Forest Action Plans can be considered for focused projects and collaboration to further the regional, landscape scale conservation approach.",Illinois Forestry Development Council,NA
IL_FAP_2020,IL,FAP,2020,FALSE,Illinois,Forest Action Plan,311,context,management_scale,watershed,TRUE,"The CREP program estimated there are nearly 250,000 acres of sensitive riverine land in the Illinois River watershed alone.",7b. Need for Reforestation and Afforestation,NA
IL_FAP_2020,IL,FAP,2020,FALSE,Illinois,Forest Action Plan,311,context,management_scale,city,TRUE,"Urban and community forests occur in nearly all communities throughout the Northeast and Midwest, from the most urban to very rural.",[TABLE] Urban and Community Forests Face Extreme Pressures and Challenges,NA
IL_FAP_2020,IL,FAP,2020,FALSE,Illinois,Forest Action Plan,311,context,management_scale,county,TRUE,"Situated at the edges of southern and northern forests, and along the eastern edge of the prairie, Illinois is in a position (if climatic warming occurs as predicted) to lose many plant species from northern counties while acquiring new species in southern counties as range limits shift northward.",Illinois Forests: Environmental Impacts Fragmentation,NA
IL_FAP_2020,IL,FAP,2020,FALSE,Illinois,Forest Action Plan,311,context,management_scale,within_state_region,TRUE,Illinois forest land is concentrated along rivers and streams in the northern two-thirds of the State and is found throughout the southern third of Illinois.,Ecological Provinces of Illinois,NA
IL_FAP_2020,IL,FAP,2020,FALSE,Illinois,Forest Action Plan,311,context,management_scale,state,TRUE,Illinois Forest Action Plan: 2020-2030,Introduction,NA
IL_FAP_2020,IL,FAP,2020,FALSE,Illinois,Forest Action Plan,311,context,management_scale,multistate,TRUE,"The multi-state priorities and issues listed in (Tables 2 and 3) from the 2020 U.S. Forest Service R9 S&PF multi-state meetings and 2010's listings from multistate Forest Action Plans can be considered for focused projects and collaboration to further the regional, landscape scale conservation approach.",Illinois Forestry Development Council,NA
IL_FAP_2020,IL,FAP,2020,FALSE,Illinois,Forest Action Plan,311,context,management_scale,national,TRUE,"Forest Action Plans focus on three national priorities established by the USDA Forest Service, State, and Private Forestry section: 1. Conserve and manage working forest landscapes for multiple values and uses",Acknowledgements,NA
IL_FAP_2020,IL,FAP,2020,FALSE,Illinois,Forest Action Plan,311,context,management_scale,ecosystem,TRUE,"Through a recently written Shared Stewardship Agreement with the USDA Forest Service, the Illinois Department of Natural Resources and the Division of Forest Resources have an extraordinary framework and opportunity to work together to set landscape-scale priorities, implement projects at the appropriate scale, co-manage risks, share resources",Executive Summary,NA
IL_FAP_2020,IL,FAP,2020,FALSE,Illinois,Forest Action Plan,311,context,management_scale,ecoregion,TRUE,"The State is home to three ecological provinces: the Eastern Broadleaf Forest, the Prairie Parkland, and the Lower Mississippi Riverine Forest.",Ecological Provinces of Illinois,NA
IL_FAP_2020,IL,FAP,2020,FALSE,Illinois,Forest Action Plan,311,context,management_scale,province,TRUE,"Ecoprovinces, or ecological provinces, are an appropriate level to broadly describe the ecology of Illinois. The State is home to three ecological provinces: the Eastern Broadleaf Forest, the Prairie Parkland, and the Lower Mississippi Riverine Forest.",Ecological Provinces of Illinois,NA
IL_FAP_2020,IL,FAP,2020,FALSE,Illinois,Forest Action Plan,311,context,management_scale,section,TRUE,"Illinois is a part of several other regional forestry priority areas in the Midwest. Within the Upper Mississippi Watershed of the Midwest region, several sub-watersheds have been classified as high priority by the Upper Mississippi River Partnership.",Illinois Forestry Development Council,NA
IL_FAP_2020,IL,FAP,2020,FALSE,Illinois,Forest Action Plan,311,context,management_scale,river,TRUE,"The CREP program estimated there are nearly 250,000 acres of sensitive riverine land in the Illinois River watershed alone.",7b. Need for Reforestation and Afforestation,NA
IL_FAP_2020,IL,FAP,2020,FALSE,Illinois,Forest Action Plan,311,context,biological_unit_score,NA,2,"Situated at the edges of southern and northern forests, and along the eastern edge of the prairie, Illinois is in a position (if climatic warming occurs as predicted) to lose many plant species from northern counties while acquiring new species in southern counties as range limits shift northward.",Illinois Forests: Environmental Impacts Fragmentation,species
IL_FAP_2020,IL,FAP,2020,FALSE,Illinois,Forest Action Plan,311,context,biological_unit_score,NA,2,Forest land will experience increased stresses from nonnative species and development as wildland-urban interfaces continue to increase. These pressures may very well produce long-term or permanent loss of forest habitat.,Biomass,habitat
IL_FAP_2020,IL,FAP,2020,FALSE,Illinois,Forest Action Plan,311,context,biological_unit_components,species,TRUE,"Situated at the edges of southern and northern forests, and along the eastern edge of the prairie, Illinois is in a position (if climatic warming occurs as predicted) to lose many plant species from northern counties while acquiring new species in southern counties as range limits shift northward.",Illinois Forests: Environmental Impacts Fragmentation,NA
IL_FAP_2020,IL,FAP,2020,FALSE,Illinois,Forest Action Plan,311,context,biological_unit_components,population,TRUE,Fragmentation of forests into small habitat islands results in small effective population sizes. Population size is the best predictor of extinction probability.,[TABLE] Fragmentation of forests into small habitat islands,NA
IL_FAP_2020,IL,FAP,2020,FALSE,Illinois,Forest Action Plan,311,context,biological_unit_components,habitat,TRUE,Forest land will experience increased stresses from nonnative species and development as wildland-urban interfaces continue to increase. These pressures may very well produce long-term or permanent loss of forest habitat.,Biomass,NA
IL_FAP_2020,IL,FAP,2020,FALSE,Illinois,Forest Action Plan,311,context,biological_unit_components,ecosystem,TRUE,"The State is home to three ecological provinces: the Eastern Broadleaf Forest, the Prairie Parkland, and the Lower Mississippi Riverine Forest.",Ecological Provinces of Illinois,NA
IL_FAP_2020,IL,FAP,2020,FALSE,Illinois,Forest Action Plan,311,context,biological_unit_components,community,TRUE,"In addition, climatic warming may result in earlier spring greening of vegetation, enhanced net growth rates, increased levels of insect damage to plants, and shifts in the competitive interactions among species. All of these indirect effects are likely to alter the ability of Illinois forests to support timber production in, as yet, unpredictable ways.",[TABLE] Climate Change and Carbon Sequestration,NA
IL_FAP_2020,IL,FAP,2020,FALSE,Illinois,Forest Action Plan,311,context,partnerships_and_funding,NA,1,"Through a recently written Shared Stewardship Agreement with the USDA Forest Service, the Illinois Department of Natural Resources and the Division of Forest Resources have an extraordinary framework and opportunity to work together to set landscape-scale priorities, implement projects at the appropriate scale, co-manage risks, share resources, and learn from each other while building long-term capacity.",Executive Summary,NA
IL_FAP_2020,IL,FAP,2020,FALSE,Illinois,Forest Action Plan,311,context,partnerships_and_funding,NA,1,7f. Climate Change has to be a part of the forest planning process to ensure forest health and longevity Global climate change and the degradation of forest health and resiliency is an important concern for Illinois. Illinois should prepare for climate change and become involved with other natural resource agencies within the region to collaborate and share in the planning and preparation for climate change impacts.,[TABLE] 7f. Climate Change has to be a part of the forest planning process,NA
IL_FAP_2020,IL,FAP,2020,FALSE,Illinois,Forest Action Plan,311,context,climate_threat_habitat_degradation,NA,1,"Second, increased drought frequency may result in increased frequencies of plant disease. Given that the major identifiable sources of mortality in trees are insects and disease, climate change is likely to exacerbate existing problems.",Illinois Forests: Environmental Impacts Fragmentation,NA
IL_FAP_2020,IL,FAP,2020,FALSE,Illinois,Forest Action Plan,311,context,climate_threat_species_vital_rates,NA,1,"If predictions of global climate changes occur it may have several biological ramifications. First, warmer winter temperatures are likely to result in increased survivorship of over-wintering insects.",[TABLE] Climate Change and Carbon Sequestration,NA
IL_FAP_2020,IL,FAP,2020,FALSE,Illinois,Forest Action Plan,311,context,climate_threat_biotic_stressors,NA,1,"In addition, climatic warming may result in earlier spring greening of vegetation, enhanced net growth rates, increased levels of insect damage to plants, and shifts in the competitive interactions among species.",[TABLE] Climate Change and Carbon Sequestration,NA
IL_FAP_2020,IL,FAP,2020,FALSE,Illinois,Forest Action Plan,311,actions,priority_habitat_identification,NA,2,"High Priority Stewardship areas are, in general; 'all the existing forest in Illinois' plus 'forest land that was once forest cleared for agriculture and having forest soils.' The map (Fig. 22) shows both water and urban/developed areas as white.",Forest Legacy,NA
IL_FAP_2020,IL,FAP,2020,FALSE,Illinois,Forest Action Plan,311,actions,priority_habitat_identification,NA,2,"The priority-setting was based on 12 core data layers, representing important aspects and outputs of forest resource conservation, using a weighted ranking system for each data layer (Tables 1 a&b)",Forest Legacy,NA
IL_FAP_2020,IL,FAP,2020,FALSE,Illinois,Forest Action Plan,311,actions,time_bound_and_monitoring,NA,1,Strategy 6. Expand Urban and Community Forests and Forestry (5-year plan agenda to be be updated by addendum in 2025),Strategy 6,deadlines
IL_FAP_2020,IL,FAP,2020,FALSE,Illinois,Forest Action Plan,311,actions,evidence_of_efficacy,NA,1,Enhance tree biodiversity and climate change adaptation planning for the benefit of forest resiliency and wildlife habitat management.,Threats to Forest Lands and Resources,NA
IL_FAP_2020,IL,FAP,2020,FALSE,Illinois,Forest Action Plan,311,actions,adaptation_planning_frameworks,NA,1,7f. Climate Change has to be a part of the forest planning process to ensure forest health and longevity Global climate change and the degradation of forest health and resiliency is an important concern for Illinois. Illinois should prepare for climate change and become involved with other natural resource agencies within the region to collaborate and share in the planning and preparation for climate change impacts.,[TABLE] 7f. Climate Change has to be a part of the forest planning process,NA
IN_FAP_2020,IN,FAP,2020,FALSE,Indiana,Forest Action Plan,214,concepts,climate_vulnerability,NA,1,5.1 Promote species diversity in urban canopies to reduce susceptibility to forest pests and increase climate change and overall urban forest resilience.,Action Steps,NA
IN_FAP_2020,IN,FAP,2020,FALSE,Indiana,Forest Action Plan,214,concepts,adaptive_capacity_specificity,NA,1,"The long-term sustainability of forested ecosystems is affected by the ability of these systems to provide genetic response to stress, disease or disasters. Forest systems are complex, and genetic transfer is influenced by a multitude of interacting forces from climate changes to fluctuations in wildlife population. Fragmentation inhibits this transfer and weakens the overall systems' ability to adapt and respond to environmental change.",Fragmentation,NA
IN_FAP_2020,IN,FAP,2020,FALSE,Indiana,Forest Action Plan,214,concepts,adaptive_capacity_components,distribution,TRUE,"expected changes include shifts in the distributions and abundances of trees, understory plants and wildlife, as well as changes in the environmental, economic and cultural benefits these forests provide.",Climate Change,NA
IN_FAP_2020,IN,FAP,2020,FALSE,Indiana,Forest Action Plan,214,concepts,adaptive_capacity_components,movement,TRUE,"Large forest patches within low forested areas can be considered refugia for species that remain and highly important to dispersal, migration and other ecologic functions. Connectivity and dispersal corridors are of major importance for sustainable biological diversity.",Map: 2019 Above Average Forest Patches by Natural Region,NA
IN_FAP_2020,IN,FAP,2020,FALSE,Indiana,Forest Action Plan,214,concepts,adaptive_capacity_components,evolutionary_potential,TRUE,"The long-term sustainability of forested ecosystems is affected by the ability of these systems to provide genetic response to stress, disease or disasters. Forest systems are complex, and genetic transfer is influenced by a multitude of interacting forces from climate changes to fluctuations in wildlife population.",Fragmentation,NA
IN_FAP_2020,IN,FAP,2020,FALSE,Indiana,Forest Action Plan,214,concepts,connectivity,NA,1,"Large forest patches within low forested areas can be considered refugia for species that remain and highly important to dispersal, migration and other ecologic functions. Connectivity and dispersal corridors are of major importance for sustainable biological diversity.",Map: 2019 Above Average Forest Patches by Natural Region,NA
IN_FAP_2020,IN,FAP,2020,FALSE,Indiana,Forest Action Plan,214,concepts,connectivity,NA,1,"top actions of forest conservation included protection of contiguous forest areas, limiting forestland conversion and fragmentation, reduction of development within forested communities, and maintaining appropriate habitat corridors and connectivity (Indiana SWAP, Chapter 6).",Fragmentation,NA
IN_FAP_2020,IN,FAP,2020,FALSE,Indiana,Forest Action Plan,214,context,management_scale,local,TRUE,Partners are encouraged to analyze issue components independently where certain factors may be less relevant at more local scales or where initiatives have a more narrowly defined focus.,"Priority Areas, Forest Conditions, Trends, Threats and Priority Landscape Areas by Issue",NA
IN_FAP_2020,IN,FAP,2020,FALSE,Indiana,Forest Action Plan,214,context,management_scale,site,TRUE,"The Statewide Strategies at a Parcel Level project developed a statewide, private landowner contact database that was linked to geospatial data",Parcel Level Strategies,NA
IN_FAP_2020,IN,FAP,2020,FALSE,Indiana,Forest Action Plan,214,context,management_scale,watershed,TRUE,"2.3 Targeting watersheds that drain excess agricultural nutrients, create special and permanent incentives to buffer riparian corridors with forests to filter agricultural chemicals, nutrients and sediment before they enter river systems.",Strategy 2 Action Steps,NA
IN_FAP_2020,IN,FAP,2020,FALSE,Indiana,Forest Action Plan,214,context,management_scale,county,TRUE,Encourage counties to set local targets for expanding forest cover by 20% by 2030,Strategy 2 Action Steps table,NA
IN_FAP_2020,IN,FAP,2020,FALSE,Indiana,Forest Action Plan,214,context,management_scale,within_state_region,TRUE,Southern Indiana contains the majority of the largest forest patches.,Fragmentation,NA
IN_FAP_2020,IN,FAP,2020,FALSE,Indiana,Forest Action Plan,214,context,management_scale,state,TRUE,The statewide scope of this document reflects the distribution of benefits and services that are produced by all forests.,Document Design,NA
IN_FAP_2020,IN,FAP,2020,FALSE,Indiana,Forest Action Plan,214,context,management_scale,multistate,TRUE,There are many existing and potential multi-state forestry-related conservation efforts and partnerships that involve Indiana.,Multi-state,NA
IN_FAP_2020,IN,FAP,2020,FALSE,Indiana,Forest Action Plan,214,context,management_scale,national,TRUE,"Indiana's forest issues and strategies are also consistent with the USDA Forest Service's national priorities: conserve working-forest landscapes, protect forests from harm and enhance public benefits from trees and forests.",Document Design,NA
IN_FAP_2020,IN,FAP,2020,FALSE,Indiana,Forest Action Plan,214,context,management_scale,ecosystem,TRUE,The assessment portion of the Forest Action Plan attempts to show the state of affairs of Indiana's private and public forests and analyze the sustainability of forested ecosystems on a statewide or landscape level.,Goals and Objectives,NA
IN_FAP_2020,IN,FAP,2020,FALSE,Indiana,Forest Action Plan,214,context,management_scale,ecoregion,TRUE,The Natural Regions of Indiana were developed by Michael A. Homoya when he worked for the Indiana DNR Division of Nature Preserves. These regions represent an ecologically unique partitioning of the state based on natural geologic or climatic factors.,Invasives,NA
IN_FAP_2020,IN,FAP,2020,FALSE,Indiana,Forest Action Plan,214,context,management_scale,river,TRUE,Protect the riparian corridors and floodplains that are important to migratory birds along the Mississippi Flyway.,Southwest Bottomland Forest Legacy Area,NA
IN_FAP_2020,IN,FAP,2020,FALSE,Indiana,Forest Action Plan,214,context,biological_unit_score,NA,2,"expected changes include shifts in the distributions and abundances of trees, understory plants and wildlife, as well as changes in the environmental, economic and cultural benefits these forests provide.",Climate Change,species
IN_FAP_2020,IN,FAP,2020,FALSE,Indiana,Forest Action Plan,214,context,biological_unit_score,NA,2,The assessment portion of the Forest Action Plan attempts to show the state of affairs of Indiana's private and public forests and analyze the sustainability of forested ecosystems on a statewide or landscape level.,Goals and Objectives,ecosystem
IN_FAP_2020,IN,FAP,2020,FALSE,Indiana,Forest Action Plan,214,context,biological_unit_components,species,TRUE,"expected changes include shifts in the distributions and abundances of trees, understory plants and wildlife, as well as changes in the environmental, economic and cultural benefits these forests provide.",Climate Change,NA
IN_FAP_2020,IN,FAP,2020,FALSE,Indiana,Forest Action Plan,214,context,biological_unit_components,habitat,TRUE,"Within forested habitats across Indiana, conversion of natural habitat to other land uses was viewed as the top threat facing fish and wildlife species of greatest conservation concern (Chapter 6).",Fragmentation,NA
IN_FAP_2020,IN,FAP,2020,FALSE,Indiana,Forest Action Plan,214,context,biological_unit_components,ecosystem,TRUE,The assessment portion of the Forest Action Plan attempts to show the state of affairs of Indiana's private and public forests and analyze the sustainability of forested ecosystems on a statewide or landscape level.,Goals and Objectives,NA
IN_FAP_2020,IN,FAP,2020,FALSE,Indiana,Forest Action Plan,214,context,biological_unit_components,community,TRUE,"Indiana is also at the crossroads of plant and animal communities. This state is one of transition, from north to south and from east to west.",D. FOREST PLANT DIVERSITY,NA
IN_FAP_2020,IN,FAP,2020,FALSE,Indiana,Forest Action Plan,214,context,partnerships_and_funding,NA,1,USDA Forest Service State and Private Forestry has traditionally supplemented the Division of Forestry's operating budget with about $1.5 million in grants and matched funds for cooperative programs and competitive projects.,Necessary Resources,NA
IN_FAP_2020,IN,FAP,2020,FALSE,Indiana,Forest Action Plan,214,context,partnerships_and_funding,NA,1,"During the 10 years from 2008-2018, NRCS provided over $12 million to private forestland owners to increase the health and productivity of their forestlands",National Priorities Accomplishments Section,NA
IN_FAP_2020,IN,FAP,2020,FALSE,Indiana,Forest Action Plan,214,context,climate_threat_habitat_degradation,NA,1,"Climate change is increasingly affecting Indiana and resulting in wetter winters during which the ground does not freeze solid for long periods, longer summer droughts, and increasing numbers of days that exceed 90 degrees.",Climate Change,NA
IN_FAP_2020,IN,FAP,2020,FALSE,Indiana,Forest Action Plan,214,context,climate_threat_species_vital_rates,NA,1,"It is also resulting in some warmer winters that enable certain insect populations to have increased numbers of breeding cycles, such as occurred with tulip tree scale in the 2010s. Forests thus face challenges such as the tulip tree scale epidemic that was followed by a significant summer drought during 2012, severely affecting Indiana's state tree populations in the south-central area of the state.",Climate Change,NA
IN_FAP_2020,IN,FAP,2020,FALSE,Indiana,Forest Action Plan,214,context,climate_threat_biotic_stressors,NA,1,"It is also resulting in some warmer winters that enable certain insect populations to have increased numbers of breeding cycles, such as occurred with tulip tree scale in the 2010s.",Climate Change,NA
IN_FAP_2020,IN,FAP,2020,FALSE,Indiana,Forest Action Plan,214,actions,priority_habitat_identification,NA,2,The Indiana Strategic Target Forest Patches are areas or regions of the state that are a priority for conservation and stewardship. They remain unchanged from 2010 Forest Action Plan. Strategic Target Forest Patches were developed from the Indiana Statewide Forest Assessment's Composite Priority Landscape Areas map that was the result of a geospatial analysis compiling multiple,Strategic Target Forests table,NA
IN_FAP_2020,IN,FAP,2020,FALSE,Indiana,Forest Action Plan,214,actions,priority_habitat_identification,NA,2,"Large forest patches within low forested areas can be considered refugia for species that remain and highly important to dispersal, migration and other ecologic functions. Connectivity and dispersal corridors are of major importance for sustainable biological diversity.",Map: 2019 Above Average Forest Patches by Natural Region,NA
IN_FAP_2020,IN,FAP,2020,FALSE,Indiana,Forest Action Plan,214,actions,time_bound_and_monitoring,NA,1,Encourage counties to set local targets for expanding forest cover by 20% by 2030,Strategy 2 Action Steps table,NA
IN_FAP_2020,IN,FAP,2020,FALSE,Indiana,Forest Action Plan,214,actions,evidence_of_efficacy,NA,1,"Since 2010, the Indiana Division of Forestry has continued to provide direct support to dozens of research projects investigating the ecological effects of forest management on State Forests. Most of the support went to researchers involved with the Hardwood Ecosystem Experiment (HEE), a long-term project based at Morgan-Monroe and Yellowwood state forests. These efforts have resulted in more than 60 articles in peer-reviewed scientific journals and 29 completed master's theses and published dissertations since 2010.",Hardwood Ecosystem Experiment,NA
IN_FAP_2020,IN,FAP,2020,FALSE,Indiana,Forest Action Plan,214,actions,adaptation_planning_frameworks,NA,1,Manage trees and forests to mitigate and adapt to global climate change Relevant associated Indiana Action Steps: 3.18 (forest restoration),National Priorities Crosswalk / ADDITIONAL LETTERS AND COMMENTS,NA
KS_FAP_2020,KS,FAP,2020,FALSE,Kansas,Forest Action Plan,164,concepts,climate_vulnerability,NA,1,"A changing climate, catastrophic fires, effects of development, and a three-fold increase in insect-induced mortality in the last decade threaten this resource.",Population section (Chapter 1),NA
KS_FAP_2020,KS,FAP,2020,FALSE,Kansas,Forest Action Plan,164,concepts,climate_vulnerability,NA,1,"Threats to forest health include insects, disease, invasive plant and animal species, air pollution, and climate change.",National Theme: Enhance Public Benefits from Trees and Forests (Appendix A table section),NA
KS_FAP_2020,KS,FAP,2020,FALSE,Kansas,Forest Action Plan,164,concepts,adaptive_capacity_specificity,NA,1,"Planting tree species that will be resilient to projected changes in climate is an important strategy. Models like the USDA Forest Service, Northern Research Station's, Tree Atlas (www.nrs.fs.fed.us/atlas/tree/#) will help guide the promotion of species like bur oak, American basswood, American plum and pecan who appear on the ""winner's list"" for climate adaptability",Table section – Carbon Stocks / Tree Planting (Chapter 2),NA
KS_FAP_2020,KS,FAP,2020,FALSE,Kansas,Forest Action Plan,164,concepts,adaptive_capacity_components,distribution,TRUE,Tree Atlas assesses current status (2000) and potential future status (2100) of tree species following climate change...to generate models of current suitable habitat for each species.,Table section – Carbon Stocks / Tree Planting (Chapter 2),NA
KS_FAP_2020,KS,FAP,2020,FALSE,Kansas,Forest Action Plan,164,concepts,adaptive_capacity_components,distribution,TRUE,"Forest range, type and composition are projected to change significantly-with corresponding changes in wildlife habitat, biodiversity, water flows, and fire regimes.",Manage and restore trees and forests to mitigate and adapt to global climate change (Appendix A table section),NA
KS_FAP_2020,KS,FAP,2020,FALSE,Kansas,Forest Action Plan,164,concepts,adaptive_capacity_components,abiotic_niche,TRUE,Tree Atlas uses USDA Forest Service Forest Inventory and Analysis data with 38 environmental variables to generate models of current suitable habitat for each species. Then they change the climate according to a General Circulation Model (GCM) from Mild...to Harsh with an average of 3 GCMs under high carbon emission or business as usual.,Table section – Carbon Stocks / Tree Planting (Chapter 2),NA
KS_FAP_2020,KS,FAP,2020,FALSE,Kansas,Forest Action Plan,164,concepts,connectivity,NA,1,"Forest fragmentation, conversion and interruption of wildlife corridors will continue in the suburban interface with forested land due to the increase of urban and community land development.",Specific Issues in Kansas (Appendix D – Wildlife and Fish Habitat section),NA
KS_FAP_2020,KS,FAP,2020,FALSE,Kansas,Forest Action Plan,164,concepts,connectivity,NA,1,acres of connected forests resulting from State and Private Forestry investments will serve as performance measures.,Resources Required and Performance Measures for Protecting and Restoring Forest Biodiversity and Wildlife Habitat,NA
KS_FAP_2020,KS,FAP,2020,FALSE,Kansas,Forest Action Plan,164,tools,niche_models,NA,2,"Models like the USDA Forest Service, Northern Research Station's, Tree Atlas (www.nrs.fs.fed.us/atlas/tree/#) will help guide the promotion of species like bur oak, American basswood, American plum and pecan who appear on the ""winner's list"" for climate adaptability (Table 2.3).",Table section – Carbon Stocks / Tree Planting (Chapter 2),NA
KS_FAP_2020,KS,FAP,2020,FALSE,Kansas,Forest Action Plan,164,tools,niche_models,NA,2,Tree Atlas assesses current status (2000) and potential future status (2100) of tree species following climate change. Tree Atlas uses USDA Forest Service Forest Inventory and Analysis data with 38 environmental variables to generate models of current suitable habitat for each species.,Table section – Carbon Stocks / Tree Planting (Chapter 2),NA
KS_FAP_2020,KS,FAP,2020,FALSE,Kansas,Forest Action Plan,164,tools,niche_models,NA,2,"Table 2.3. Gcm3AvgHiDif column (General Climate Model 3, Average High Difference), represents trees predicted to be 'Winners' -those that will increase in abundance, using the average of three climate models: Hadley, Parallel, and Geophysical Fluid Dynamics.",Table 2.3,NA
KS_FAP_2020,KS,FAP,2020,FALSE,Kansas,Forest Action Plan,164,tools,climate_models,NA,2,"Then they change the climate according to a General Circulation Model (GCM) from Mild, an average of 3 GCMs under low carbon emissions where there is active human intervention to curb carbon emissions, to Harsh with an average of 3 GCMs under high carbon emission or business as usual.",Table section – Carbon Stocks / Tree Planting (Chapter 2),NA
KS_FAP_2020,KS,FAP,2020,FALSE,Kansas,Forest Action Plan,164,tools,climate_models,NA,2,"Table 2.3. Gcm3AvgHiDif column (General Climate Model 3, Average High Difference), represents trees predicted to be 'Winners'...using the average of three climate models: Hadley, Parallel, and Geophysical Fluid Dynamics. A high-carbon scenario was used since the current carbon emission pathway is more aligned to a harsh scenario. The trees are listed in descending order by percent change in predicted relative abundance by the year 2100.",Table 2.3,NA
KS_FAP_2020,KS,FAP,2020,FALSE,Kansas,Forest Action Plan,164,context,management_scale,local,TRUE,Local Community Wildfire Protection Plans (CWPP) will further target priority areas to restore native prairie and mitigate wildfire impacts.,Strategy for Issues that Create Wildfire Risk (Chapter 3),NA
KS_FAP_2020,KS,FAP,2020,FALSE,Kansas,Forest Action Plan,164,context,management_scale,site,TRUE,The greater Baldwin Woods site showing landowner tracts within the project area of interest (numbered tracts).,Acknowledgements / Appendix E,NA
KS_FAP_2020,KS,FAP,2020,FALSE,Kansas,Forest Action Plan,164,context,management_scale,watershed,TRUE,In order to create the Priority Resource Areas...the unclassified Assessment layer cell values were aggregated to HUC-14 watershed boundaries.,Summary of Priority Areas Threats and Benefits Composite Maps (Chapter 3),NA
KS_FAP_2020,KS,FAP,2020,FALSE,Kansas,Forest Action Plan,164,context,management_scale,city,TRUE,"On a local level, an Urban Canopy Study (UTC) for the City of Wichita, completed in 2017, yielded the following results: 22% tree canopy, 33% impervious surface, and 45% Potential Plantable Area","UTC Study, Wichita, Kansas (Chapter 2)",NA
KS_FAP_2020,KS,FAP,2020,FALSE,Kansas,Forest Action Plan,164,context,management_scale,county,TRUE,"Johnson, Wyandotte, and Leavenworth counties grew in population from 2015-2016 by 7,426 residents.",NRI Report (Chapter 2),NA
KS_FAP_2020,KS,FAP,2020,FALSE,Kansas,Forest Action Plan,164,context,management_scale,within_state_region,TRUE,Nine Landscape Priority Areas were created to focus future work (Figure 3.17). These areas were delineated along broad ecological and/or issue related themes.,Summary of Priority Areas Threats and Benefits Composite Maps (Chapter 3),NA
KS_FAP_2020,KS,FAP,2020,FALSE,Kansas,Forest Action Plan,164,context,management_scale,state,TRUE,"Kansas rural forests comprise 2,483,060 acres (roughly 5% of the state's total land area) with 92.49% privately owned",Population section (Chapter 1),NA
KS_FAP_2020,KS,FAP,2020,FALSE,Kansas,Forest Action Plan,164,context,management_scale,multistate,TRUE,Seven multi-state or regional issues and areas have been identified (Figure 3.18) and are listed below. Some issues and areas represent ongoing projects and programs.,Multi-State/Regional Issues and Priority Areas (Chapter 3),NA
KS_FAP_2020,KS,FAP,2020,FALSE,Kansas,Forest Action Plan,164,context,management_scale,ecosystem,TRUE,"In the shortgrass and central mixed grass prairie ecosystems, riparian forests, and shrubs are declining due to a lowering water table from surface water and groundwater depletion.",Strategy for Sustaining Water Quality and Quantity (Chapter 3),NA
KS_FAP_2020,KS,FAP,2020,FALSE,Kansas,Forest Action Plan,164,context,management_scale,ecoregion,TRUE,"The following Level III ecoregion descriptions are provided by the United States Environmental Protection Agency (Chapman et al., 2001) and based on the original map compilation by Omernik (1987).",Introduction – Geography of Kansas (Chapter 1),NA
KS_FAP_2020,KS,FAP,2020,FALSE,Kansas,Forest Action Plan,164,context,management_scale,lake,TRUE,Tuttle Creek Lake and Milford Lakes are the major reservoirs.,Northern Flint Hills Forest Legacy Program Area (Chapter 4),NA
KS_FAP_2020,KS,FAP,2020,FALSE,Kansas,Forest Action Plan,164,context,management_scale,river,TRUE,"The Arkansas, Cimarron, and Rattlesnake among the most heavily impacted.",Tamarisk (Chapter 3),NA
KS_FAP_2020,KS,FAP,2020,FALSE,Kansas,Forest Action Plan,164,context,management_scale,district,TRUE,"The Great Plains Initiative 2, a grant from the USDA Forest Service, will provide updated inventory data on windbreak condition and location as well as a statewide GIS tree canopy layer for the first time.",Accomplishments toward Sustaining and Protecting Forest and Agroforestry Ecosystems,NA
KS_FAP_2020,KS,FAP,2020,FALSE,Kansas,Forest Action Plan,164,context,biological_unit_score,NA,2,"Forest range, type and composition are projected to change significantly-with corresponding changes in wildlife habitat, biodiversity, water flows, and fire regimes.",Manage and restore trees and forests to mitigate and adapt to global climate change (Appendix A table section),ecosystem/community
KS_FAP_2020,KS,FAP,2020,FALSE,Kansas,Forest Action Plan,164,context,biological_unit_score,NA,2,Tree Atlas assesses current status (2000) and potential future status (2100) of tree species following climate change.,Table section – Carbon Stocks / Tree Planting (Chapter 2),species
KS_FAP_2020,KS,FAP,2020,FALSE,Kansas,Forest Action Plan,164,context,biological_unit_components,species,TRUE,"Table 2.3...represents trees predicted to be 'Winners' -those that will increase in abundance, using the average of three climate models...The trees are listed in descending order by percent change in predicted relative abundance by the year 2100.",Table 2.3,NA
KS_FAP_2020,KS,FAP,2020,FALSE,Kansas,Forest Action Plan,164,context,biological_unit_components,habitat,TRUE,"Forest range, type and composition are projected to change significantly-with corresponding changes in wildlife habitat, biodiversity, water flows, and fire regimes.",Manage and restore trees and forests to mitigate and adapt to global climate change (Appendix A table section),NA
KS_FAP_2020,KS,FAP,2020,FALSE,Kansas,Forest Action Plan,164,context,biological_unit_components,ecosystem,TRUE,"In the shortgrass and central mixed grass prairie ecosystems, riparian forests, and shrubs are declining due to a lowering water table from surface water and groundwater depletion.",Strategy for Sustaining Water Quality and Quantity (Chapter 3),NA
KS_FAP_2020,KS,FAP,2020,FALSE,Kansas,Forest Action Plan,164,context,biological_unit_components,community,TRUE,"Decades of fire suppression and a changing climate have disrupted natural fire regimes, resulting in fuel buildup, loss of biological diversity, changed species composition, and loss of some fire-dependent species.",National Themes and Strategic Objectives (Appendix A section),NA
KS_FAP_2020,KS,FAP,2020,FALSE,Kansas,Forest Action Plan,164,context,partnerships_and_funding,NA,1,"These partnerships have resulted in meaningful outcomes not likely attainable through a unilateral Kansas Forest Service effort. However, limited resources have also led to only the highest-priority issues being effectively addressed, and in many cases, short-term grant funding has made sustaining these efforts impossible.",Resources Required / Performance Measures (Chapter 3 Forest Health section),NA
KS_FAP_2020,KS,FAP,2020,FALSE,Kansas,Forest Action Plan,164,context,partnerships_and_funding,NA,1,Kansas Forest Service lacks necessary funding to support a full time coordinator for the Forest Legacy Program which is necessary for its success in Kansas.,Table – Cross Timbers Legacy Program Area (Chapter 4),NA
KS_FAP_2020,KS,FAP,2020,FALSE,Kansas,Forest Action Plan,164,context,climate_threat_habitat_degradation,NA,1,"Longer growing and wildfire seasons, increased incidence of pest and disease, and climate-related mortality associated with drought and flooding are some examples. These changes are associated with increasing concentrations of atmospheric carbon dioxide (CO 2 ) and other GHG.","Why Kansas Forests are Important to Mitigate Climate Change (Table section, Chapter 2)",NA
KS_FAP_2020,KS,FAP,2020,FALSE,Kansas,Forest Action Plan,164,context,climate_threat_habitat_degradation,NA,1,Changes in long-term patterns of temperature and precipitation have affected Kansas forests growth and mortality.,"Why Kansas Forests are Important to Mitigate Climate Change (Table section, Chapter 2)",NA
KS_FAP_2020,KS,FAP,2020,FALSE,Kansas,Forest Action Plan,164,context,climate_threat_species_vital_rates,NA,1,climate-related mortality associated with drought and flooding are some examples. These changes are associated with increasing concentrations of atmospheric carbon dioxide (CO 2 ) and other GHG.,"Why Kansas Forests are Important to Mitigate Climate Change (Table section, Chapter 2)",NA
KS_FAP_2020,KS,FAP,2020,FALSE,Kansas,Forest Action Plan,164,context,climate_threat_species_vital_rates,NA,1,"Longer growing and wildfire seasons, increased incidence of pest and disease, and climate-related mortality associated with drought and flooding are some examples.","Why Kansas Forests are Important to Mitigate Climate Change (Table section, Chapter 2)",NA
KS_FAP_2020,KS,FAP,2020,FALSE,Kansas,Forest Action Plan,164,context,climate_threat_biotic_stressors,NA,1,"Decades of fire suppression and a changing climate have disrupted natural fire regimes, resulting in fuel buildup, loss of biological diversity, changed species composition, and loss of some fire-dependent species.",National Themes and Strategic Objectives (Appendix A section),NA
KS_FAP_2020,KS,FAP,2020,FALSE,Kansas,Forest Action Plan,164,context,climate_threat_biotic_stressors,NA,1,"Forest range, type and composition are projected to change significantly-with corresponding changes in wildlife habitat, biodiversity, water flows, and fire regimes.",Manage and restore trees and forests to mitigate and adapt to global climate change (Appendix A table section),NA
KS_FAP_2020,KS,FAP,2020,FALSE,Kansas,Forest Action Plan,164,actions,priority_habitat_identification,NA,2,Nine Landscape Priority Areas were created to focus future work (Figure 3.17). These areas were delineated along broad ecological and/or issue related themes.,Summary of Priority Areas Threats and Benefits Composite Maps (Chapter 3),NA
KS_FAP_2020,KS,FAP,2020,FALSE,Kansas,Forest Action Plan,164,actions,priority_habitat_identification,NA,2,From this layer the 'Moderate -High' and 'High' classes were selected for a final 'Priority Resource Areas' map (Figure 3.15).,Summary of Priority Areas Threats and Benefits Composite Maps (Chapter 3),NA
KS_FAP_2020,KS,FAP,2020,FALSE,Kansas,Forest Action Plan,164,actions,priority_habitat_identification,NA,2,"Forest Legacy Areas have been identified based on the threat of conversion -mostly in the east, surrounding larger cities -and environmentally important forest areas (water quality, rare species, patch size, etc.).",Determining Boundaries of FLP Areas (Chapter 4),NA
KS_FAP_2020,KS,FAP,2020,FALSE,Kansas,Forest Action Plan,164,actions,time_bound_and_monitoring,NA,1,The assessment and strategy will also be revised as new data becomes available with a 5-year review in 2025.,Summary of Priority Areas Threats and Benefits Composite Maps (Chapter 3),deadlines
KS_FAP_2020,KS,FAP,2020,FALSE,Kansas,Forest Action Plan,164,actions,time_bound_and_monitoring,NA,1,"Annual reports are provided to the USDA Forest Service, Rocky Mountain Region 2, State and Private Forestry, to document the effectiveness of program funding to address the issues in the Kansas Forest Action Plan.",Introduction (Chapter 1),monitoring
KS_FAP_2020,KS,FAP,2020,FALSE,Kansas,Forest Action Plan,164,actions,evidence_of_efficacy,NA,2,"In addition, 2018 research using 57 crop years of yield monitoring data in Kansas suggests field windbreaks improved crop yields significantly for soybeans 46% of the time and wheat 30% of the time.",Agroforestry – Current Conditions and Trends (Chapter 2),NA
KS_FAP_2020,KS,FAP,2020,FALSE,Kansas,Forest Action Plan,164,actions,evidence_of_efficacy,NA,2,Based on the priority that the Kansas Forest Service and partners identified...efforts to address tamarisk infestation along the important Rattlesnake Creek watershed in central Kansas resulted in several successful grants that funded work to remove tamarisk and restore riparian systems along this stream.,Appendix D – Threats to Forest Health section,NA
KS_FAP_2020,KS,FAP,2020,FALSE,Kansas,Forest Action Plan,164,actions,evidence_of_efficacy,NA,2,"Since 2010, more than 7 miles of shelterbelts have been renovated sustaining crop yield, wildlife and soil conservation benefits to more than 700 acres of cropland.",Accomplishments toward Sustaining and Protecting Forest and Agroforestry Ecosystems,NA
KS_FAP_2020,KS,FAP,2020,FALSE,Kansas,Forest Action Plan,164,actions,adaptation_planning_frameworks,NA,1,Resource strategies should attempt to maintain and enhance resilient and connected forest ecosystems that will continue to provide public benefits in a changing climate.,Manage and restore trees and forests to mitigate and adapt to global climate change (Appendix A table section),NA
KS_FAP_2020,KS,FAP,2020,FALSE,Kansas,Forest Action Plan,164,actions,adaptation_planning_frameworks,NA,1,Manage and restore trees and forests to mitigate and adapt to global climate change.,National Themes and Strategic Objectives (Appendix A table section),NA
KY_FAP_2020,KY,FAP,2020,FALSE,Kentucky,Forest Action Plan (State Forest Resource Strategy),291,concepts,climate_vulnerability,NA,1,"If changes in the temperature and weather patterns continue to increase, the hardiness zones and natural ranges of the plant species around the globe may also change. The direct impact of potential changing climate on Kentucky forests is unknown, but certain species may not be as suited under future conditions as they are now.",6. Weather and Climate Change,NA
KY_FAP_2020,KY,FAP,2020,FALSE,Kentucky,Forest Action Plan (State Forest Resource Strategy),291,concepts,adaptive_capacity_components,distribution,TRUE,"If changes in the temperature and weather patterns continue to increase, the hardiness zones and natural ranges of the plant species around the globe may also change.",6. Weather and Climate Change,distribution
KY_FAP_2020,KY,FAP,2020,FALSE,Kentucky,Forest Action Plan (State Forest Resource Strategy),291,concepts,connectivity,NA,1,"KNLT's Pine Mountain Wildlands Corridor is the largest landscape-level project ever undertaken in the state, which aims to create a contiguous corridor from Virginia through southeastern Kentucky to Tennessee that can provide both suitable migration corridors and carbon sinks through forest preservation and conservation.",b. Kentucky Natural Lands Trust,NA
KY_FAP_2020,KY,FAP,2020,FALSE,Kentucky,Forest Action Plan (State Forest Resource Strategy),291,context,management_scale,local,TRUE,"Forest management can occur on a landscape, stand, or individual tree level. Although landscape level management is desired, management of rural forested areas typically occurs at the stand-level in Kentucky due to ownership patterns.",A. Current Status of Forest Management in Kentucky,NA
KY_FAP_2020,KY,FAP,2020,FALSE,Kentucky,Forest Action Plan (State Forest Resource Strategy),291,context,management_scale,site,TRUE,The relative size of a forest patch is important because larger forest patches contain greater interior area.,"Forest Size, Connectivity, and Relative Abundance",NA
KY_FAP_2020,KY,FAP,2020,FALSE,Kentucky,Forest Action Plan (State Forest Resource Strategy),291,context,management_scale,watershed,TRUE,"In order to create distinct management units across the state, the composite scores were totaled based on HUC 10 Level Watershed boundaries. Watersheds with the highest scores were deemed priority",B. Priority Area Methodology,NA
KY_FAP_2020,KY,FAP,2020,FALSE,Kentucky,Forest Action Plan (State Forest Resource Strategy),291,context,management_scale,county,TRUE,"In March 2006, the first occurrence in Kentucky was documented in Harlan County.",Hemlock Woolly Adelgid,NA
KY_FAP_2020,KY,FAP,2020,FALSE,Kentucky,Forest Action Plan (State Forest Resource Strategy),291,context,management_scale,within_state_region,TRUE,"The areas of non-forest and the fragmentation patterns are strongly correlated with the physiology of Kentucky, as shown in Figure 19. In the Mississippi Embayment and Mississippi Plateau physiographic regions of the state...",FIGURE 19 -PHYSIOGRAPHIC DIAGRAM OF KENTUCKY,NA
KY_FAP_2020,KY,FAP,2020,FALSE,Kentucky,Forest Action Plan (State Forest Resource Strategy),291,context,management_scale,state,TRUE,The goal of identifying priority areas is to allow programs within Kentucky Division of Forestry (KDF) to focus implementation efforts where the need is the greatest.,B. Priority Area Methodology,NA
KY_FAP_2020,KY,FAP,2020,FALSE,Kentucky,Forest Action Plan (State Forest Resource Strategy),291,context,management_scale,multistate,TRUE,Figure 35 displays areas with neighboring states in which watersheds deemed priority by Kentucky cross state lines. These watersheds provide possible areas for collaboration in which Kentucky can work with neighboring states to compare priorities and implement projects that benefit both states.,G. Multi-State Priority Areas,NA
KY_FAP_2020,KY,FAP,2020,FALSE,Kentucky,Forest Action Plan (State Forest Resource Strategy),291,context,management_scale,ecosystem,TRUE,"Forest management can occur on a landscape, stand, or individual tree level.",A. Current Status of Forest Management in Kentucky,NA
KY_FAP_2020,KY,FAP,2020,FALSE,Kentucky,Forest Action Plan (State Forest Resource Strategy),291,context,biological_unit_score,NA,2,"If changes in the temperature and weather patterns continue to increase, the hardiness zones and natural ranges of the plant species around the globe may also change.",6. Weather and Climate Change,species
KY_FAP_2020,KY,FAP,2020,FALSE,Kentucky,Forest Action Plan (State Forest Resource Strategy),291,context,biological_unit_score,NA,2,"Forty-two species are grouped in the 'forest wetland' habitat guild, which is more than the upland forest guild, despite the much smaller area occupied by forested wetland habitat.",Forested Wetlands,habitat
KY_FAP_2020,KY,FAP,2020,FALSE,Kentucky,Forest Action Plan (State Forest Resource Strategy),291,context,biological_unit_components,species,TRUE,"If changes in the temperature and weather patterns continue to increase, the hardiness zones and natural ranges of the plant species around the globe may also change. The direct impact of potential changing climate on Kentucky forests is unknown, but certain species may not be as suited under future conditions as they are now.",6. Weather and Climate Change,NA
KY_FAP_2020,KY,FAP,2020,FALSE,Kentucky,Forest Action Plan (State Forest Resource Strategy),291,context,biological_unit_components,habitat,TRUE,"Forested wetland habitats, such habitats as cypress swamps, tupelo swamps, bottomland hardwood communities and green ash swamps, can be found throughout Kentucky but are most common in western and central Kentucky.",Forested Wetlands,NA
KY_FAP_2020,KY,FAP,2020,FALSE,Kentucky,Forest Action Plan (State Forest Resource Strategy),291,context,partnerships_and_funding,NA,1,"The Kentucky Division of Forestry will utilize the 2020 Forest Action Plan for determining staffing priorities, justifying funding for projects, and identifying opportunities for engaging partners and stakeholders.","Kentucky Forest Action Plan -Public, Partner, and Stakeholder Survey",NA
KY_FAP_2020,KY,FAP,2020,FALSE,Kentucky,Forest Action Plan (State Forest Resource Strategy),291,context,climate_threat_habitat_degradation,NA,1,"The increased withdrawal demand could be compounded if the drought conditions are experienced in the future. Drought conditions would not only decrease the available water supply but would also increase the likelihood of wildfires, compounding losses to the water supply from burning of the forest resources.",Forestland Conversion or Loss,NA
KY_FAP_2020,KY,FAP,2020,FALSE,Kentucky,Forest Action Plan (State Forest Resource Strategy),291,actions,priority_habitat_identification,NA,2,A modelling approach based on the framework developed by the Southern Forest Land Assessment (SFLA) was used for identifying forest priority areas.,B. Priority Area Methodology,NA
KY_FAP_2020,KY,FAP,2020,FALSE,Kentucky,Forest Action Plan (State Forest Resource Strategy),291,actions,priority_habitat_identification,NA,2,"Watersheds with the highest scores were deemed priority, and any federal property within these units were removed to produce Kentucky's Priority Areas (Figure 29).",B. Priority Area Methodology,NA
KY_FAP_2020,KY,FAP,2020,FALSE,Kentucky,Forest Action Plan (State Forest Resource Strategy),291,actions,time_bound_and_monitoring,NA,1,"Using this format, Kentucky's forest strategy provides a clear plan for forestry activities over the next five years and beyond.",Part 3: Forest Resource Strategy Introduction,NA
KY_FAP_2020,KY,FAP,2020,FALSE,Kentucky,Forest Action Plan (State Forest Resource Strategy),291,actions,evidence_of_efficacy,NA,1,"The Kentucky Division of Forestry began treating hemlocks on Division of Forestry managed properties in 2009 to conserve pockets of this ecologically significant tree. This work was developed into a treatment program in 2011 in which a dedicated crew was hired for treating hemlocks across additional state and federal properties. The program has continued its work into 2019, with over 160,000 treatments to date.",Hemlock Woolly Adelgid,NA
LA_FAP_2020,LA,FAP,2020,FALSE,Louisiana (state),Forest Action Plan / Statewide Forest Resource Assessment and Strategy,74,concepts,connectivity,NA,1,"Pine woodland and savanna restoration efforts in Louisiana advance concomitant conservation efforts in neighboring states by increasing regional habitat availability for at-risk species, increasing size of suitable habitat patches, and facilitating habitat connectivity for wildlife dispersal and movement.",Pine Woodland and Savanna Restoration,NA
LA_FAP_2020,LA,FAP,2020,FALSE,Louisiana (state),Forest Action Plan / Statewide Forest Resource Assessment and Strategy,74,concepts,connectivity,NA,1,"They are receiving information on the effects of management practices, fragmentation, wildlife corridors, and sustainability.",AND MANAGE WORKING FOREST LANDSCAPES FOR MULTIPLE VALUES AND USES,NA
LA_FAP_2020,LA,FAP,2020,FALSE,Louisiana (state),Forest Action Plan / Statewide Forest Resource Assessment and Strategy,74,context,management_scale,site,TRUE,"LDAF will notify Slow the Spread Program, an integrated pest management strategy funded by USDA, of emerging trends in gypsy moth activity to advance rangewide monitoring and mitigation efforts.",Strategy 2: Monitor Insect and Disease Outbreaks,NA
LA_FAP_2020,LA,FAP,2020,FALSE,Louisiana (state),Forest Action Plan / Statewide Forest Resource Assessment and Strategy,74,context,management_scale,watershed,TRUE,"CENLA FLA is also critical to protecting the Red River watershed, which is the main source of drinking water for the city of Alexandria and surrounding communities.",CENLA FLA,NA
LA_FAP_2020,LA,FAP,2020,FALSE,Louisiana (state),Forest Action Plan / Statewide Forest Resource Assessment and Strategy,74,context,management_scale,county,TRUE,"Of 64 Louisiana parishes, 22 are estimated to be > 50 percent forested with Winn Parish having the greatest forest cover at 71 percent",Forest Distribution,NA
LA_FAP_2020,LA,FAP,2020,FALSE,Louisiana (state),Forest Action Plan / Statewide Forest Resource Assessment and Strategy,74,context,management_scale,within_state_region,TRUE,The South Central Plains in northwestern Louisiana and Western Gulf Coastal Plain contain the most forested areas within the state.,Forest Distribution,NA
LA_FAP_2020,LA,FAP,2020,FALSE,Louisiana (state),Forest Action Plan / Statewide Forest Resource Assessment and Strategy,74,context,management_scale,state,TRUE,"Louisiana's 2020 forest resource assessment provides a comprehensive analysis of the forest-related conditions, trends, threats, and opportunities within the state using a combination of qualitative, quantitative, and geospatial data.",The 2020 Forest Action Plan,NA
LA_FAP_2020,LA,FAP,2020,FALSE,Louisiana (state),Forest Action Plan / Statewide Forest Resource Assessment and Strategy,74,context,management_scale,multistate,TRUE,"Pine woodland and savanna restoration efforts in Louisiana advance concomitant conservation efforts in neighboring states by increasing regional habitat availability for at-risk species, increasing size of suitable habitat patches, and facilitating habitat connectivity for wildlife dispersal and movement.",Pine Woodland and Savanna Restoration,NA
LA_FAP_2020,LA,FAP,2020,FALSE,Louisiana (state),Forest Action Plan / Statewide Forest Resource Assessment and Strategy,74,context,management_scale,ecosystem,TRUE,CENLA FLA hosts some of the best remaining longleaf pine tracts in the southeast and is vital to maintaining habitat availability and connectivity for many species of greatest conservation need,CENLA FLA,NA
LA_FAP_2020,LA,FAP,2020,FALSE,Louisiana (state),Forest Action Plan / Statewide Forest Resource Assessment and Strategy,74,context,management_scale,ecoregion,TRUE,"Three major terrestrial ecological subregions, or provinces, occur across Louisiana, as described by McNab et al. (2007) and USDA Forest Service: Southeastern Mixed Forest, Outer Coastal Plain Mixed Forest, and Lower Mississippi Riverine Forest",ECOLOGICAL REGIONS AND FOREST ECOSYSTEMS,NA
LA_FAP_2020,LA,FAP,2020,FALSE,Louisiana (state),Forest Action Plan / Statewide Forest Resource Assessment and Strategy,74,context,management_scale,province,TRUE,"Three major terrestrial ecological subregions, or provinces, occur across Louisiana, as described by McNab et al. (2007) and USDA Forest Service: Southeastern Mixed Forest, Outer Coastal Plain Mixed Forest, and Lower Mississippi Riverine Forest",ECOLOGICAL REGIONS AND FOREST ECOSYSTEMS,NA
LA_FAP_2020,LA,FAP,2020,FALSE,Louisiana (state),Forest Action Plan / Statewide Forest Resource Assessment and Strategy,74,context,management_scale,section,TRUE,"Three sections occur in the Lower Mississippi Riverine Forest Province in Louisiana: Southern Mississippi Alluvial Plain, Atchafalaya and Red River Alluvial Plains, and Arkansas Alluvial Plains.",Lower Mississippi Riverine Forest Province,NA
LA_FAP_2020,LA,FAP,2020,FALSE,Louisiana (state),Forest Action Plan / Statewide Forest Resource Assessment and Strategy,74,context,management_scale,river,TRUE,The floodplain of the Atchafalaya River hosts the best examples of forested wetlands in the State and the largest remaining floodplain swamp in the continental U.S.,Forests & Water,NA
LA_FAP_2020,LA,FAP,2020,FALSE,Louisiana (state),Forest Action Plan / Statewide Forest Resource Assessment and Strategy,74,context,biological_unit_score,NA,2,"The high degree of forest fragmentation in the Mississippi Alluvial Plain has had dramatic effects on wildlife especially to Louisiana black bear (Ursus americanus lutelous), freshwater mussels, and more than 70 species of neotropical migrant songbirds.",Lower Mississippi Riverine Forest Province,species
LA_FAP_2020,LA,FAP,2020,FALSE,Louisiana (state),Forest Action Plan / Statewide Forest Resource Assessment and Strategy,74,context,biological_unit_score,NA,2,"Bottomland hardwood forests and cypress swamps, also referred to as forested wetlands, are the dominant natural plant communities in this region.",Lower Mississippi Riverine Forest Province,habitat
LA_FAP_2020,LA,FAP,2020,FALSE,Louisiana (state),Forest Action Plan / Statewide Forest Resource Assessment and Strategy,74,context,biological_unit_components,species,TRUE,Flagship species of this region include the federally-endangered red-cockaded woodpecker; Bachman's sparrow; Louisiana pine snake; and the state-threatened and endemic Louisiana Pearlshell mussel (Margaritifera hembeli),CENLA FLA,NA
LA_FAP_2020,LA,FAP,2020,FALSE,Louisiana (state),Forest Action Plan / Statewide Forest Resource Assessment and Strategy,74,context,biological_unit_components,habitat,TRUE,"Bottomland hardwood forests and cypress swamps, also referred to as forested wetlands, are the dominant natural plant communities in this region.",Lower Mississippi Riverine Forest Province,NA
LA_FAP_2020,LA,FAP,2020,FALSE,Louisiana (state),Forest Action Plan / Statewide Forest Resource Assessment and Strategy,74,context,biological_unit_components,ecosystem,TRUE,The USDA considers Chinese tallow tree a large-scale ecosystem modifier,Chinese Tallow Tree,NA
LA_FAP_2020,LA,FAP,2020,FALSE,Louisiana (state),Forest Action Plan / Statewide Forest Resource Assessment and Strategy,74,context,biological_unit_components,community,TRUE,"Chinese privet is categorized as a Tier 1 invasive species in the Louisiana State Wildlife Action Plan (Holcomb et al. 2015) with affected communities including bottomland hardwood forest, coastal prairie, eastern and western upland longleaf pine woodland",Invasive Species,NA
LA_FAP_2020,LA,FAP,2020,FALSE,Louisiana (state),Forest Action Plan / Statewide Forest Resource Assessment and Strategy,74,context,partnerships_and_funding,NA,1,LDAF will leverage the Forest Productivity Program (FPP) to provide financial assistance to eligible landowners for invasive pest management during site preparation and establishment of tree crops. Cost-share payments cover 75% of the total cost of implementing one or more approved forestry practices,Tungoil Tree,funding
LA_FAP_2020,LA,FAP,2020,FALSE,Louisiana (state),Forest Action Plan / Statewide Forest Resource Assessment and Strategy,74,context,partnerships_and_funding,NA,1,"Pine woodland and savanna restoration efforts in Louisiana advance concomitant conservation efforts in neighboring states by increasing regional habitat availability for at-risk species, increasing size of suitable habitat patches, and facilitating habitat connectivity for wildlife dispersal and movement.",Pine Woodland and Savanna Restoration,partnerships
LA_FAP_2020,LA,FAP,2020,FALSE,Louisiana (state),Forest Action Plan / Statewide Forest Resource Assessment and Strategy,74,actions,priority_habitat_identification,NA,2,"Currently, FLAs capture parishes with the highest wildland fire ignition risk and historic fire occurrence, areas with greatest risk of southern pine beetle, and dense pine plantations established in the aftermath of Hurricane Katrina.",CREATING A COMMUNITY WILDFIRE PROTECTION PLAN,spatial representation
LA_FAP_2020,LA,FAP,2020,FALSE,Louisiana (state),Forest Action Plan / Statewide Forest Resource Assessment and Strategy,74,actions,priority_habitat_identification,NA,2,"Four criteria were used in determining the eligibility of these new Legacy areas: 1) large contiguous blocks of productive forest land, 2) watershed protection, 3) wildlife habitat protection, and 4) degree of threat from development.",ENHANCE PUBLIC BENEFITS FROM TREES AND FORESTS,priority identification
LA_FAP_2020,LA,FAP,2020,FALSE,Louisiana (state),Forest Action Plan / Statewide Forest Resource Assessment and Strategy,74,actions,priority_habitat_identification,NA,2,CENLA FLA hosts some of the best remaining longleaf pine tracts in the southeast and is vital to maintaining habitat availability and connectivity for many species of greatest conservation need,CENLA FLA,spatial representation
LA_FAP_2020,LA,FAP,2020,FALSE,Louisiana (state),Forest Action Plan / Statewide Forest Resource Assessment and Strategy,74,actions,time_bound_and_monitoring,NA,1,"LDAF will continue aerial detection and trapping efforts for bald cypress leaf-roller, emerald ash borer, forest tent caterpillar, gypsy moth, redbay ambrosia beetle, and southern pine beetle.",Strategy 2: Monitor Insect and Disease Outbreaks,monitoring
LA_FAP_2020,LA,FAP,2020,FALSE,Louisiana (state),Forest Action Plan / Statewide Forest Resource Assessment and Strategy,74,actions,evidence_of_efficacy,NA,1,Management and eradication of invasive species has a much higher rate of success when action is taken immediately and before the invasive pest becomes firmly established.,Strategy 3: Educate Landowners & Loggers about Cleaning Equipment,NA
LA_FAP_2020,LA,FAP,2020,FALSE,Louisiana (state),Forest Action Plan / Statewide Forest Resource Assessment and Strategy,74,actions,adaptation_planning_frameworks,NA,1,"For each threat, strategies are identified that can prevent further damage, mitigate current impacts, adapt to changing conditions, and enable landowners to take action as appropriate.",The 2020 Forest Action Plan,NA
MA_FAP_2020,MA,FAP,2020,FALSE,Massachusetts,Forest Action Plan,327,concepts,climate_vulnerability,NA,2,"These changes will have direct impacts on the forests of Massachusetts including decreases in suitable habitat for boreal species and other cold-adapted ecosystems, changes to soil moisture patterns, increased drought, flooding, and tree mortality resulting from increases in outbreaks of forest insects and pathogens.",THREAT: CLIMATE CHANGE,exposure
MA_FAP_2020,MA,FAP,2020,FALSE,Massachusetts,Forest Action Plan,327,concepts,climate_vulnerability,NA,2,"Locations of suitable habitat may change faster than tree species can disperse, creating uncertainty about the future vegetation composition of Massachusetts forests",CLIMATE CHANGE (Ch. 1 section),adaptive capacity
MA_FAP_2020,MA,FAP,2020,FALSE,Massachusetts,Forest Action Plan,327,concepts,adaptive_capacity_specificity,NA,2,"Locations of suitable habitat may change faster than tree species can disperse, creating uncertainty about the future vegetation composition of Massachusetts forests",CLIMATE CHANGE (Ch. 1 section),NA
MA_FAP_2020,MA,FAP,2020,FALSE,Massachusetts,Forest Action Plan,327,concepts,adaptive_capacity_specificity,NA,2,Species with low adaptive capacity such as those with specialized habitat needs or limited dispersal ability face higher vulnerability to these changes.,Climate Change (Ch. 1 Challenges and Threats),NA
MA_FAP_2020,MA,FAP,2020,FALSE,Massachusetts,Forest Action Plan,327,concepts,adaptive_capacity_components,distribution,TRUE,"Boreal species, such as balsam fir, red spruce, and black spruce, are projected to have reductions in suitable habitat, whereas species such as American basswood, hickory species, and oak species may have increases in suitable habitat",CLIMATE CHANGE (Ch. 1 section),NA
MA_FAP_2020,MA,FAP,2020,FALSE,Massachusetts,Forest Action Plan,327,concepts,adaptive_capacity_components,distribution,TRUE,One of those impacts is a shift in forest dynamics. Massachusetts forest species that are at the southern end of their range will start to decline as temperatures increase while forest species that are in the northern end of their range may increase in numbers.,Climate Change (Ch. 1 Challenges and Threats),NA
MA_FAP_2020,MA,FAP,2020,FALSE,Massachusetts,Forest Action Plan,327,concepts,adaptive_capacity_components,movement,TRUE,"Locations of suitable habitat may change faster than tree species can disperse, creating uncertainty about the future vegetation composition of Massachusetts forests",CLIMATE CHANGE (Ch. 1 section),NA
MA_FAP_2020,MA,FAP,2020,FALSE,Massachusetts,Forest Action Plan,327,concepts,adaptive_capacity_components,movement,TRUE,Species with low adaptive capacity such as those with specialized habitat needs or limited dispersal ability face higher vulnerability to these changes.,Climate Change (Ch. 1 Challenges and Threats),NA
MA_FAP_2020,MA,FAP,2020,FALSE,Massachusetts,Forest Action Plan,327,concepts,adaptive_capacity_components,abiotic_niche,TRUE,"Heat stress, drought, erratic winter temperatures, and more volatile winter precipitation patterns are some of the challenges that these forests face.",HIGH ELEVATION FORESTS,NA
MA_FAP_2020,MA,FAP,2020,FALSE,Massachusetts,Forest Action Plan,327,concepts,connectivity,NA,2,"TNC's resilience analysis is complemented by data identifying areas that support continental-scale species movement (i.e., range shifts) over long time frames, another key landscape factor to prevent local and global extinctions (Anderson et al. 2016b).",Resilient and Connected Landscapes,NA
MA_FAP_2020,MA,FAP,2020,FALSE,Massachusetts,Forest Action Plan,327,concepts,connectivity,NA,2,Sites that have both complex topography and connected land cover provide species with opportunities to access suitable microclimates.,Resilient and Connected Landscapes,NA
MA_FAP_2020,MA,FAP,2020,FALSE,Massachusetts,Forest Action Plan,327,concepts,connectivity,NA,2,community groups are working to ensure wildlife can cross these highways and create a continuous path of connected land from the northern to southern border of Massachusetts (Staying Connected Initiative 2020).,MULTI-STATE PRIORITY AREAS,NA
MA_FAP_2020,MA,FAP,2020,FALSE,Massachusetts,Forest Action Plan,327,tools,vulnerability_models,NA,1,"The Massachusetts Wildlife Climate Action Tool can be used by local decision-makers, conservation managers, land trusts, regional planners, landowners, and community leaders in Massachusetts who are interested in taking action in response to climate change. Users can access information on climate change impacts and the vulnerabilities of various fish and wildlife and their habitats.",FIGURE caption / Assessment of Need tools list,NA
MA_FAP_2020,MA,FAP,2020,FALSE,Massachusetts,Forest Action Plan,327,tools,niche_models,NA,2,The U.S. Forest Service has assessed the suitability of habitat for tree species. Table 1.5 shows this assessment for trees in Massachusetts with respect to two climate scenarios.,CLIMATE CHANGE (Ch. 1 section),NA
MA_FAP_2020,MA,FAP,2020,FALSE,Massachusetts,Forest Action Plan,327,tools,niche_models,NA,2,"Boreal species, such as balsam fir, red spruce, and black spruce, are projected to have reductions in suitable habitat, whereas species such as American basswood, hickory species, and oak species may have increases in suitable habitat (Table 1.5)",CLIMATE CHANGE (Ch. 1 section),NA
MA_FAP_2020,MA,FAP,2020,FALSE,Massachusetts,Forest Action Plan,327,tools,climate_models,NA,1,"Projected changes in temperature and precipitation for 'high change' represent a greater degree of greenhouse gas emissions and projected climate warming than the 'low change' scenario. For instance, by the end of the century, mean annual temperature is projected to increase 2.6°F under the 'low change' scenario and 7.6°F under the 'high change' scenario.",CLIMATE CHANGE (Ch. 1 section),NA
MA_FAP_2020,MA,FAP,2020,FALSE,Massachusetts,Forest Action Plan,327,tools,connectivity_models,NA,2,"The Nature Conservancy mapped places with these characteristics (Figure 1.13) to identify conservation sites that will support biodiversity into the future (Anderson et al, 2016a). These Resilient and Connected Landscape data, pioneered in the Northeast, have recently been developed for the entire continental United States. These data are being applied by state and federal agencies, land trusts, and municipalities to inform conservation priorities.",Resilient and Connected Landscapes,NA
MA_FAP_2020,MA,FAP,2020,FALSE,Massachusetts,Forest Action Plan,327,tools,connectivity_models,NA,2,"TNC's resilience analysis is complemented by data identifying areas that support continental-scale species movement (i.e., range shifts) over long time frames, another key landscape factor to prevent local and global extinctions (Anderson et al. 2016b).",Resilient and Connected Landscapes,NA
MA_FAP_2020,MA,FAP,2020,FALSE,Massachusetts,Forest Action Plan,327,context,management_scale,local,TRUE,"The DCR Urban and Community Forestry Program, in partnership with the UMass Amherst and Clark University, is monitoring the effects of the Greening the Gateway Cities program tree planting program on ambient air temperature in Chelsea, Fall River, and Holyoke.",Monitoring the Effect of Tree Planting on Air Temperature,NA
MA_FAP_2020,MA,FAP,2020,FALSE,Massachusetts,Forest Action Plan,327,context,management_scale,site,TRUE,"our priorities in these high elevation areas are to 1) promote and retain red spruce, taking advantage of its capacity for longevity and tolerance, 2) create and maintain young forest habitats above 1,700 feet elevation to benefit rare and declining breeding birds",HIGH ELEVATION FORESTS,NA
MA_FAP_2020,MA,FAP,2020,FALSE,Massachusetts,Forest Action Plan,327,context,management_scale,watershed,TRUE,"Nearly all the protected land lies within the Quabbin, Ware River, and Wachusett watersheds.",Quabbin Reservoir to Wachusett Mountain Forest Legacy Project,NA
MA_FAP_2020,MA,FAP,2020,FALSE,Massachusetts,Forest Action Plan,327,context,management_scale,city,TRUE,The Massachusetts Greening the Gateway Cities program (GGC) is an environmental and energy efficiency program designed to reduce household heating and cooling energy use by increasing tree canopy cover in urban residential areas in the state's Gateway Cities.,PRIORITY URBAN FORESTS / Greening the Gateway Cities,NA
MA_FAP_2020,MA,FAP,2020,FALSE,Massachusetts,Forest Action Plan,327,context,management_scale,county,TRUE,"Harvest volume in MBF, by county, from cutting plan data from state fiscal year 2011-2017",FIGURE 3.15 caption,NA
MA_FAP_2020,MA,FAP,2020,FALSE,Massachusetts,Forest Action Plan,327,context,management_scale,within_state_region,TRUE,"High elevation habitats are concentrated in the northwestern corner of the state where the Berkshire Plateau rises to its highest points in the towns of Florida and Monroe, as well as on the somewhat isolated ridges and peaks of Mt. Greylock",HIGH ELEVATION FORESTS,NA
MA_FAP_2020,MA,FAP,2020,FALSE,Massachusetts,Forest Action Plan,327,context,management_scale,state,TRUE,The 2020 Forest Action Plan is an update to An Assessment of the Forest Resources of Massachusetts and Forest Resource Strategies of Massachusetts published in 2010 and will serve as the guiding document for the work of the DCR.,INTRODUCTION,NA
MA_FAP_2020,MA,FAP,2020,FALSE,Massachusetts,Forest Action Plan,327,context,management_scale,multistate,TRUE,"Within the New England region there is a growing recognition that land conservation planning across state boundaries and public and private ownerships is essential to preserving the New England landscape (NEG 2009, Foster et al. 2010).",MULTI-STATE PRIORITY AREAS,NA
MA_FAP_2020,MA,FAP,2020,FALSE,Massachusetts,Forest Action Plan,327,context,management_scale,ecosystem,TRUE,"These forests represent an uncommon and important component to our landscape, containing species assemblages that are more common to our north and as such, represent the most southern ranges for important forest species within New England.",HIGH ELEVATION FORESTS,NA
MA_FAP_2020,MA,FAP,2020,FALSE,Massachusetts,Forest Action Plan,327,context,management_scale,ecoregion,TRUE,"The largest areas of natural communities with relatively high IEI scores are found in the Central Uplands, Berkshire Uplands, and Taconic Mountains.",CAPS / Index of Ecological Integrity section,NA
MA_FAP_2020,MA,FAP,2020,FALSE,Massachusetts,Forest Action Plan,327,context,biological_unit_score,NA,2,"Boreal species, such as balsam fir, red spruce, and black spruce, are projected to have reductions in suitable habitat, whereas species such as American basswood, hickory species, and oak species may have increases in suitable habitat",CLIMATE CHANGE (Ch. 1 section),species
MA_FAP_2020,MA,FAP,2020,FALSE,Massachusetts,Forest Action Plan,327,context,biological_unit_score,NA,2,Sites that have both complex topography and connected land cover provide species with opportunities to access suitable microclimates.,Resilient and Connected Landscapes,habitat
MA_FAP_2020,MA,FAP,2020,FALSE,Massachusetts,Forest Action Plan,327,context,biological_unit_components,species,TRUE,"Boreal species, such as balsam fir, red spruce, and black spruce, are projected to have reductions in suitable habitat, whereas species such as American basswood, hickory species, and oak species may have increases in suitable habitat",CLIMATE CHANGE (Ch. 1 section),NA
MA_FAP_2020,MA,FAP,2020,FALSE,Massachusetts,Forest Action Plan,327,context,biological_unit_components,habitat,TRUE,"These forests represent an uncommon and important component to our landscape, containing species assemblages that are more common to our north and as such, represent the most southern ranges for important forest species within New England. Not surprisingly, climate change is expected to have adverse effects on these obligate species of cooler, high-elevation habitats.",HIGH ELEVATION FORESTS,NA
MA_FAP_2020,MA,FAP,2020,FALSE,Massachusetts,Forest Action Plan,327,context,biological_unit_components,ecosystem,TRUE,One of those impacts is a shift in forest dynamics. Massachusetts forest species that are at the southern end of their range will start to decline as temperatures increase while forest species that are in the northern end of their range may increase in numbers.,Climate Change (Ch. 1 Challenges and Threats),NA
MA_FAP_2020,MA,FAP,2020,FALSE,Massachusetts,Forest Action Plan,327,context,partnerships_and_funding,NA,2,"In 2018, the DCR received approximately $7,750,000 for those programs. Additionally, the DCR received $3,800,000 from the USDA Animal Plant and Health Inspection Services for the ongoing Asian Longhorned Beetle Cooperative Eradication Program.",State Commitment and Spending / FUNDING,NA
MA_FAP_2020,MA,FAP,2020,FALSE,Massachusetts,Forest Action Plan,327,context,partnerships_and_funding,NA,2,"On November 21, 2019, the Commonwealth and the U.S. Forest Service signed a Shared Stewardship Agreement. Through this agreement, they will partner with communities to advance the goals of the MTWP to conserve forests and enhance economic development in the region.",Mohawk Trail Woodlands Partnership,NA
MA_FAP_2020,MA,FAP,2020,FALSE,Massachusetts,Forest Action Plan,327,context,partnerships_and_funding,NA,2,The DCR has engaged Mass Audubon and the New England Forestry Foundation to help develop a forest carbon and resilience program for private and municipal landowners. DCR is working with The Nature Conservancy (TNC) and NIACS through private foundation grants to develop a specific set of practices that can be validated to add carbon or resilience to forests.,Forests and Carbon Storage section,NA
MA_FAP_2020,MA,FAP,2020,FALSE,Massachusetts,Forest Action Plan,327,context,climate_threat_habitat_degradation,NA,1,Projected increases in seasonal drought and warmer temperatures will increase the risk of wildfire as well as extend the wildfire season,CLIMATE CHANGE (Ch. 1 section),NA
MA_FAP_2020,MA,FAP,2020,FALSE,Massachusetts,Forest Action Plan,327,context,climate_threat_habitat_degradation,NA,1,Soil moisture patterns will be altered due to earlier snow melt in the spring and a longer growing season. This will likely reduce summertime soil moisture and increase the occurrence and length of droughts,CLIMATE CHANGE (Ch. 1 section),NA
MA_FAP_2020,MA,FAP,2020,FALSE,Massachusetts,Forest Action Plan,327,context,climate_threat_species_vital_rates,NA,1,Increase in outbreaks of forest insects and pathogens and related tree mortality due to warmer winters and associated increases in winter survival for insects or pathogens,CLIMATE CHANGE (Ch. 1 section),NA
MA_FAP_2020,MA,FAP,2020,FALSE,Massachusetts,Forest Action Plan,327,context,climate_threat_species_vital_rates,NA,1,The changing climate has been shown to contribute to the problem as increasing temperatures and more frequent rainfall events in the spring create ideal conditions for the pathogens.,White Pine Needle Disease,NA
MA_FAP_2020,MA,FAP,2020,FALSE,Massachusetts,Forest Action Plan,327,context,climate_threat_biotic_stressors,NA,1,These beetles are responsible for widespread tree loss throughout the southeastern United States where they are native and have recently expanded their range northward due to warming winter temperatures.,Pine Barrens Restoration Joint Project with MassWildlife,NA
MA_FAP_2020,MA,FAP,2020,FALSE,Massachusetts,Forest Action Plan,327,context,climate_threat_biotic_stressors,NA,1,Changes in temperature and precipitation may increase chances of successful invasions of non-native species,CLIMATE CHANGE (Ch. 1 section),NA
MA_FAP_2020,MA,FAP,2020,FALSE,Massachusetts,Forest Action Plan,327,context,climate_threat_biotic_stressors,NA,1,"Insects such as southern pine beetle, native to the southeastern United States, will continue to expand northward under a warming climate (Weed et al. 2013).","Insect Pests, Disease, and Invasive Plants (Ch. 3 Challenges)",NA
MA_FAP_2020,MA,FAP,2020,FALSE,Massachusetts,Forest Action Plan,327,actions,priority_habitat_identification,NA,2,"The Nature Conservancy mapped places with these characteristics (Figure 1.13) to identify conservation sites that will support biodiversity into the future (Anderson et al, 2016a).",Resilient and Connected Landscapes,NA
MA_FAP_2020,MA,FAP,2020,FALSE,Massachusetts,Forest Action Plan,327,actions,priority_habitat_identification,NA,2,"Figure 6.6 represents areas where forestland is vulnerable to development pressure which leads to forest conversion. This analysis uses data on increasing housing density, forest cutting plans and stewardship plans, non-reserve state land, and non-protected private forest to represent an area's development pressure.",FOREST VULNERABILITY TO CONVERSION,NA
MA_FAP_2020,MA,FAP,2020,FALSE,Massachusetts,Forest Action Plan,327,actions,priority_habitat_identification,NA,2,"Figure 1.13. The Nature Conservancy's Resilient Landscape Analysis. Resilient areas, in green, are those with greater potential to support species in a changing climate. Resilient areas have scores greater than 0.5 Standard Deviation",FIGURE 1.13,NA
MA_FAP_2020,MA,FAP,2020,FALSE,Massachusetts,Forest Action Plan,327,actions,targeted_range_shift_actions,NA,1,Research feasibility of augmenting forests via assisted migration,Strategies Matrix / FIGURE caption (Strategy 2),NA
MA_FAP_2020,MA,FAP,2020,FALSE,Massachusetts,Forest Action Plan,327,actions,targeted_range_shift_actions,NA,1,community groups are working to ensure wildlife can cross these highways and create a continuous path of connected land from the northern to southern border of Massachusetts (Staying Connected Initiative 2020).,MULTI-STATE PRIORITY AREAS,NA
MA_FAP_2020,MA,FAP,2020,FALSE,Massachusetts,Forest Action Plan,327,actions,time_bound_and_monitoring,NA,1,"The DCR Urban and Community Forestry Program, in partnership with the UMass Amherst and Clark University, is monitoring the effects of the Greening the Gateway Cities program tree planting program on ambient air temperature in Chelsea, Fall River, and Holyoke.",Monitoring the Effect of Tree Planting on Air Temperature,NA
MA_FAP_2020,MA,FAP,2020,FALSE,Massachusetts,Forest Action Plan,327,actions,time_bound_and_monitoring,NA,1,This plan is a tool to help guide the activities of all stakeholders with an interest related to trees and forests over the next 10 years.,INTRODUCTION,NA
MA_FAP_2020,MA,FAP,2020,FALSE,Massachusetts,Forest Action Plan,327,actions,evidence_of_efficacy,NA,2,"Building off the demonstrated success of Vermont's pioneering work with the Foresters for the Birds Program, the DCR Service Forestry Program began a unique partnership with the Massachusetts Audubon Society (Mass Audubon) in 2013-14 to promote bird-conscious forest management in Massachusetts.",FORESTERS FOR THE BIRDS,NA
MA_FAP_2020,MA,FAP,2020,FALSE,Massachusetts,Forest Action Plan,327,actions,evidence_of_efficacy,NA,2,Researchers at Harvard Forest measured the net uptake of carbon dioxide over five years in a deciduous forest in central Massachusetts in the 1990s. The uptake varied over the time period from 0.62 to 1.25 (tons per acre) per year.,Climate Change and Carbon Storage,NA
MA_FAP_2020,MA,FAP,2020,FALSE,Massachusetts,Forest Action Plan,327,actions,adaptation_planning_frameworks,NA,2,The Northern Institute of Applied Climate Science (NIACS) has developed tools to help forest managers integrate climate considerations into natural resource management planning and activities (Swanston et al. 2016). A menu of broad adaptation strategies and more specific approaches for forest carbon,Forests and Carbon Storage section,NA
MA_FAP_2020,MA,FAP,2020,FALSE,Massachusetts,Forest Action Plan,327,actions,adaptation_planning_frameworks,NA,2,"In September 2018, the Commonwealth released the Massachusetts State Hazard Mitigation and Climate Adaptation Plan (SHMCAP), a comprehensive integrated climate change plan that outlines adaptation strategies with hazard mitigation planning. Natural resources and the environment is one of five critical sectors of focus, with active forest management, forest fire control, urban tree planting, and invasive species control identified as core initiatives within that sector.",Climate Adaptation Executive Order / Current Policy Framework,NA
MD_FAP_2020,MD,FAP,2020,FALSE,Maryland,Forest Action Plan (State Forest Assessment + Strategy + Forest Legacy Assessment of Need),250,concepts,climate_vulnerability,NA,3,"The assessment evaluated the potential impacts, adaptive capacity, and vulnerability of major forest systems in the region, and found that maritime forests, lowland conifer forests, and montane spruce-fir forests were highly vulnerable to climate impacts.",Climate Change section (MD_FAP-RA_2020.pdf),exposure and adaptive capacity
MD_FAP_2020,MD,FAP,2020,FALSE,Maryland,Forest Action Plan (State Forest Assessment + Strategy + Forest Legacy Assessment of Need),250,concepts,climate_vulnerability,NA,3,"Most Maryland forest types, dominated by oaks and yellow-poplar, are considered to have moderate to high adaptive capacity in the face of climate change, but red spruce habitats are more at risk.",Findings: Maryland Assessment 2020,adaptive capacity
MD_FAP_2020,MD,FAP,2020,FALSE,Maryland,Forest Action Plan (State Forest Assessment + Strategy + Forest Legacy Assessment of Need),250,concepts,climate_vulnerability,NA,3,"Maryland's forests can expect to see: a change in the timing and amount of precipitation, an increase in the frequency of intense precipitation events, a change in soil moisture patterns, increased drought and wildfire risk, continued sea level rise.",Climate Change section (MD_FAP-RA_2020.pdf),exposure
MD_FAP_2020,MD,FAP,2020,FALSE,Maryland,Forest Action Plan (State Forest Assessment + Strategy + Forest Legacy Assessment of Need),250,concepts,adaptive_capacity_specificity,NA,2,"The montane spruce-fir was also rated as 'low' for adaptive capacity, which could lead to potential negative impacts. This forest type is perhaps the most at-risk type in the region",Climate Change section (MD_FAP-RA_2020.pdf),NA
MD_FAP_2020,MD,FAP,2020,FALSE,Maryland,Forest Action Plan (State Forest Assessment + Strategy + Forest Legacy Assessment of Need),250,concepts,adaptive_capacity_specificity,NA,2,"oak-pine systems, glades, and barrens may experience moderate to positive impacts from climate change. These forests are the dominant types in Maryland, and benefit from a diversity of species and tolerances for a wide range of temperatures and water.",Climate Change section (MD_FAP-RA_2020.pdf),NA
MD_FAP_2020,MD,FAP,2020,FALSE,Maryland,Forest Action Plan (State Forest Assessment + Strategy + Forest Legacy Assessment of Need),250,concepts,adaptive_capacity_components,distribution,TRUE,"loss of regeneration potential by other species, like high-elevation species will be unable to 'migrate,' as habitat requirements may be more narrow than others.",Climate Change section (MD_FAP-RA_2020.pdf),NA
MD_FAP_2020,MD,FAP,2020,FALSE,Maryland,Forest Action Plan (State Forest Assessment + Strategy + Forest Legacy Assessment of Need),250,concepts,adaptive_capacity_components,movement,TRUE,"loss of regeneration potential by other species, like high-elevation species will be unable to 'migrate,' as habitat requirements may be more narrow than others.",Climate Change section (MD_FAP-RA_2020.pdf),NA
MD_FAP_2020,MD,FAP,2020,FALSE,Maryland,Forest Action Plan (State Forest Assessment + Strategy + Forest Legacy Assessment of Need),250,concepts,adaptive_capacity_components,abiotic_niche,TRUE,"oak-pine systems, glades, and barrens may experience moderate to positive impacts from climate change. These forests are the dominant types in Maryland, and benefit from a diversity of species and tolerances for a wide range of temperatures and water.",Climate Change section (MD_FAP-RA_2020.pdf),NA
MD_FAP_2020,MD,FAP,2020,FALSE,Maryland,Forest Action Plan (State Forest Assessment + Strategy + Forest Legacy Assessment of Need),250,concepts,connectivity,NA,2,Conserve migration corridors and geologically complex portions of the landscape with more options for short distances between varied sites.,Strategy V.B.1 / TABLE (MD-FAP-S_2020.pdf),NA
MD_FAP_2020,MD,FAP,2020,FALSE,Maryland,Forest Action Plan (State Forest Assessment + Strategy + Forest Legacy Assessment of Need),250,concepts,connectivity,NA,2,"Climate change and changing weather patterns are leading to warmer winters, drier summers and more heavy rainstorms. Managing landscapes to be more resilient to these changes will require an adaptive management approach based on maintaining ecosystem health, diversity and connectivity.",Maryland Goal V. Respond to Climate Change (MD-FAP-S_2020.pdf),NA
MD_FAP_2020,MD,FAP,2020,FALSE,Maryland,Forest Action Plan (State Forest Assessment + Strategy + Forest Legacy Assessment of Need),250,tools,vulnerability_models,NA,2,"The Mid-Atlantic Forest Ecosystem Vulnerability Assessment and Synthesis report, in particular, identifies impacts and vulnerabilities of forests to climate change in Maryland, and surrounding states.",Maintenance of Forest Contribution of Global Carbon Cycles / TABLE (MD_FAP-RA_2020.pdf),NA
MD_FAP_2020,MD,FAP,2020,FALSE,Maryland,Forest Action Plan (State Forest Assessment + Strategy + Forest Legacy Assessment of Need),250,tools,vulnerability_models,NA,2,"The assessment evaluated the potential impacts, adaptive capacity, and vulnerability of major forest systems in the region, and found that maritime forests, lowland conifer forests, and montane spruce-fir forests were highly vulnerable to climate impacts.",Climate Change section (MD_FAP-RA_2020.pdf),NA
MD_FAP_2020,MD,FAP,2020,FALSE,Maryland,Forest Action Plan (State Forest Assessment + Strategy + Forest Legacy Assessment of Need),250,tools,climate_models,NA,1,"It is predicted that the sea level will rise between 1.2 and 4.2 feet by 2100, depending on the amount of emissions reductions achieved",Delmarva Peninsula and Mid-Atlantic Coastal Plain section (MD_FAP-RA_2020.pdf),NA
MD_FAP_2020,MD,FAP,2020,FALSE,Maryland,Forest Action Plan (State Forest Assessment + Strategy + Forest Legacy Assessment of Need),250,tools,climate_models,NA,1,"In Maryland, areas defined as a 'rural' housing density (properties >40 acre in size with one housing unit) are expected to decline (figure 24) to about 1 million acres by 2100, under the A2 scenario, a scenario which implies greater global emissions from the baseline.",Development Patterns section (MD_FAP-RA_2020.pdf),NA
MD_FAP_2020,MD,FAP,2020,FALSE,Maryland,Forest Action Plan (State Forest Assessment + Strategy + Forest Legacy Assessment of Need),250,tools,connectivity_models,NA,2,"Maryland Green Infrastructure Atlas (Figure 5) maps intact forest and wetland 'hubs' and forested stream valleys, ridgelines, or other natural 'corridors.'",Locating Legacy Areas / AON section (MD-FAP-S_2020.pdf),NA
MD_FAP_2020,MD,FAP,2020,FALSE,Maryland,Forest Action Plan (State Forest Assessment + Strategy + Forest Legacy Assessment of Need),250,tools,connectivity_models,NA,2,"The criteria used within BioNet primarily focuses on the most irreplaceable species and habitats, as well as the habitats where larger numbers of rare species are concentrated. In addition to focusing on vanishing species and habitats, and on high quality common habitats, the criteria were designed to incorporate the larger landscapes required for migratory animals, population dispersal, and habitat shifts resulting from climate change.",TABLE / Strategy I.B.3 (MD-FAP-S_2020.pdf),NA
MD_FAP_2020,MD,FAP,2020,FALSE,Maryland,Forest Action Plan (State Forest Assessment + Strategy + Forest Legacy Assessment of Need),250,context,management_scale,local,TRUE,"Identify species less adapted to current climate trends and match to refuge sites where they could continue to live, such as higher elevations, northern aspects, or moister sites.",Strategy V.B.1 / TABLE (MD-FAP-S_2020.pdf),NA
MD_FAP_2020,MD,FAP,2020,FALSE,Maryland,Forest Action Plan (State Forest Assessment + Strategy + Forest Legacy Assessment of Need),250,context,management_scale,site,TRUE,"Identify species less adapted to current climate trends and match to refuge sites where they could continue to live, such as higher elevations, northern aspects, or moister sites.",Strategy V.B.1 / TABLE (MD-FAP-S_2020.pdf),NA
MD_FAP_2020,MD,FAP,2020,FALSE,Maryland,Forest Action Plan (State Forest Assessment + Strategy + Forest Legacy Assessment of Need),250,context,management_scale,watershed,TRUE,Strategy III.B.1. Identify priority watersheds and work with communities to improve source water protection through watershed forestry.,Objective III.B. Manage Forests for High-Quality Drinking Water (MD-FAP-S_2020.pdf),NA
MD_FAP_2020,MD,FAP,2020,FALSE,Maryland,Forest Action Plan (State Forest Assessment + Strategy + Forest Legacy Assessment of Need),250,context,management_scale,county,TRUE,"In 2015, SPB was found for the first time in Talbot County. Populations have also begun further north, outside the historical range of SPB, including Cecil County, Nottingham PA, and Long Island NY.",Southern Pine Beetle section (MD_FAP-RA_2020.pdf),NA
MD_FAP_2020,MD,FAP,2020,FALSE,Maryland,Forest Action Plan (State Forest Assessment + Strategy + Forest Legacy Assessment of Need),250,context,management_scale,within_state_region,TRUE,"Major findings included: expansion of southern tree species into the region, namely post oak, scarlet oak, and southern red oak as habitat becomes more suitable for those species.",Climate Change section (MD_FAP-RA_2020.pdf),NA
MD_FAP_2020,MD,FAP,2020,FALSE,Maryland,Forest Action Plan (State Forest Assessment + Strategy + Forest Legacy Assessment of Need),250,context,management_scale,state,TRUE,"Most Maryland forest types, dominated by oaks and yellow-poplar, are considered to have moderate to high adaptive capacity in the face of climate change, but red spruce habitats are more at risk.",Findings: Maryland Assessment 2020,NA
MD_FAP_2020,MD,FAP,2020,FALSE,Maryland,Forest Action Plan (State Forest Assessment + Strategy + Forest Legacy Assessment of Need),250,context,management_scale,multistate,TRUE,"The Appalachian Mountains stretch from Alabama to Maine and include Maryland's three most western countries (Garrett, Allegheny, and Washington) in the Central Appalachian region.",Appalachian Mountains section (MD_FAP-RA_2020.pdf),NA
MD_FAP_2020,MD,FAP,2020,FALSE,Maryland,Forest Action Plan (State Forest Assessment + Strategy + Forest Legacy Assessment of Need),250,context,management_scale,ecosystem,TRUE,"The assessment evaluated the potential impacts, adaptive capacity, and vulnerability of major forest systems in the region, and found that maritime forests, lowland conifer forests, and montane spruce-fir forests were highly vulnerable to climate impacts.",Climate Change section (MD_FAP-RA_2020.pdf),NA
MD_FAP_2020,MD,FAP,2020,FALSE,Maryland,Forest Action Plan (State Forest Assessment + Strategy + Forest Legacy Assessment of Need),250,context,biological_unit_score,NA,2,"Major findings included: expansion of southern tree species into the region, namely post oak, scarlet oak, and southern red oak as habitat becomes more suitable for those species.",Climate Change section (MD_FAP-RA_2020.pdf),species
MD_FAP_2020,MD,FAP,2020,FALSE,Maryland,Forest Action Plan (State Forest Assessment + Strategy + Forest Legacy Assessment of Need),250,context,biological_unit_score,NA,2,"The assessment evaluated the potential impacts, adaptive capacity, and vulnerability of major forest systems in the region, and found that maritime forests, lowland conifer forests, and montane spruce-fir forests were highly vulnerable to climate impacts.",Climate Change section (MD_FAP-RA_2020.pdf),ecosystem/habitat
MD_FAP_2020,MD,FAP,2020,FALSE,Maryland,Forest Action Plan (State Forest Assessment + Strategy + Forest Legacy Assessment of Need),250,context,biological_unit_components,species,TRUE,"Major findings included: expansion of southern tree species into the region, namely post oak, scarlet oak, and southern red oak as habitat becomes more suitable for those species.",Climate Change section (MD_FAP-RA_2020.pdf),NA
MD_FAP_2020,MD,FAP,2020,FALSE,Maryland,Forest Action Plan (State Forest Assessment + Strategy + Forest Legacy Assessment of Need),250,context,biological_unit_components,habitat,TRUE,"The assessment evaluated the potential impacts, adaptive capacity, and vulnerability of major forest systems in the region, and found that maritime forests, lowland conifer forests, and montane spruce-fir forests were highly vulnerable to climate impacts.",Climate Change section (MD_FAP-RA_2020.pdf),NA
MD_FAP_2020,MD,FAP,2020,FALSE,Maryland,Forest Action Plan (State Forest Assessment + Strategy + Forest Legacy Assessment of Need),250,context,biological_unit_components,ecosystem,TRUE,"all forest types, regardless of climate change adaptive capacity, require climate informed management to address threats that will be exacerbated by climate change.",Climate Change section (MD_FAP-RA_2020.pdf),NA
MD_FAP_2020,MD,FAP,2020,FALSE,Maryland,Forest Action Plan (State Forest Assessment + Strategy + Forest Legacy Assessment of Need),250,context,partnerships_and_funding,NA,2,"In fiscal year 2019, the U.S. Forest Service Eastern Region State and Private Forestry invested $2.2 million in Maryland's forestry programs, including forest legacy, state fire assistance, and urban and community forestry.","Investments in Forest Health, Management, Research, and Wood Processing (MD_FAP-RA_2020.pdf)",NA
MD_FAP_2020,MD,FAP,2020,FALSE,Maryland,Forest Action Plan (State Forest Assessment + Strategy + Forest Legacy Assessment of Need),250,context,partnerships_and_funding,NA,2,"Maryland is also involved with the Nature Conservancy's Central Appalachians Fire Learning Network, which partners with federal, state, and private managers to implement ecological fire management.",Multistate Priority Areas / Appalachian Mountains (MD_FAP-RA_2020.pdf),NA
MD_FAP_2020,MD,FAP,2020,FALSE,Maryland,Forest Action Plan (State Forest Assessment + Strategy + Forest Legacy Assessment of Need),250,context,partnerships_and_funding,NA,2,"The Nature Conservancy in partnership with the Central Appalachian Spruce Restoration Initiative, and other organizations, including the Maryland Department of Natural Resource, have been working to restore Central Appalachian red spruce forests in western Maryland and West Virginia since 1996; as of August 2019, they have planted 99,000 red spruce seedlings",Appalachian Mountains section (MD_FAP-RA_2020.pdf),NA
MD_FAP_2020,MD,FAP,2020,FALSE,Maryland,Forest Action Plan (State Forest Assessment + Strategy + Forest Legacy Assessment of Need),250,context,climate_threat_habitat_degradation,NA,1,"Coastal maritime forests, where saltwater intrusion is a particular concern, are at risk. Maritime forests face increasing levels of saltwater, and a 2016 survey by MDA found that 50,406 acres had been affected by saltwater intrusion. This was an increase from 18,117 acres of forest in 2013.",Findings: Maryland Assessment 2020,NA
MD_FAP_2020,MD,FAP,2020,FALSE,Maryland,Forest Action Plan (State Forest Assessment + Strategy + Forest Legacy Assessment of Need),250,context,climate_threat_habitat_degradation,NA,1,"forests on the Eastern Shore will be inundated by rising waters, and invasive plants like kudzu, will spread further into the state.","Forest Issues, Threats, & Opportunities (MD_FAP-RA_2020.pdf)",NA
MD_FAP_2020,MD,FAP,2020,FALSE,Maryland,Forest Action Plan (State Forest Assessment + Strategy + Forest Legacy Assessment of Need),250,context,climate_threat_species_vital_rates,NA,1,"Saltwater intrusion areas began to take a toll on forests on the Eastern Shore over the last ten years. This is due to rising sea levels and land subsidence. MDA specialists conducting aerial forest health surveys began noticing ever increasing areas of forest mortality, and could not determine the cause until a closer inspection revealed elevated salt in the water table. These 'ghost forests' are only expected to increase over time",Conservation Opportunities - Forest Legacy Program (MD_FAP-RA_2020.pdf),NA
MD_FAP_2020,MD,FAP,2020,FALSE,Maryland,Forest Action Plan (State Forest Assessment + Strategy + Forest Legacy Assessment of Need),250,context,climate_threat_biotic_stressors,NA,1,"Warmer winters will likely increase the spread of invasive insects, and allow insect activity to continue that would otherwise be held in check by cold temperatures.","Forest Issues, Threats, & Opportunities (MD_FAP-RA_2020.pdf)",NA
MD_FAP_2020,MD,FAP,2020,FALSE,Maryland,Forest Action Plan (State Forest Assessment + Strategy + Forest Legacy Assessment of Need),250,context,climate_threat_biotic_stressors,NA,1,"Major findings included: expansion of southern tree species into the region, namely post oak, scarlet oak, and southern red oak as habitat becomes more suitable for those species. Reduction of suitable growing conditions for other species will occur, changing forest composition.",Climate Change section (MD_FAP-RA_2020.pdf),NA
MD_FAP_2020,MD,FAP,2020,FALSE,Maryland,Forest Action Plan (State Forest Assessment + Strategy + Forest Legacy Assessment of Need),250,actions,priority_habitat_identification,NA,2,"Maryland Green Infrastructure Atlas (Figure 5) maps intact forest and wetland 'hubs' and forested stream valleys, ridgelines, or other natural 'corridors.'",Locating Legacy Areas / AON section (MD-FAP-S_2020.pdf),NA
MD_FAP_2020,MD,FAP,2020,FALSE,Maryland,Forest Action Plan (State Forest Assessment + Strategy + Forest Legacy Assessment of Need),250,actions,priority_habitat_identification,NA,2,"Identify species less adapted to current climate trends and match to refuge sites where they could continue to live, such as higher elevations, northern aspects, or moister sites.",Strategy V.B.1 / TABLE (MD-FAP-S_2020.pdf),NA
MD_FAP_2020,MD,FAP,2020,FALSE,Maryland,Forest Action Plan (State Forest Assessment + Strategy + Forest Legacy Assessment of Need),250,actions,priority_habitat_identification,NA,2,"The criteria used within BioNet primarily focuses on the most irreplaceable species and habitats, as well as the habitats where larger numbers of rare species are concentrated. In addition to focusing on vanishing species and habitats, and on high quality common habitats, the criteria were designed to incorporate the larger landscapes required for migratory animals, population dispersal, and habitat shifts resulting from climate change.",TABLE / Strategy I.B.3 (MD-FAP-S_2020.pdf),NA
MD_FAP_2020,MD,FAP,2020,FALSE,Maryland,Forest Action Plan (State Forest Assessment + Strategy + Forest Legacy Assessment of Need),250,actions,targeted_range_shift_actions,NA,1,Consider assisted migration of southern species in parts of the landscape where conditions are changing most rapidly and have the greatest stresses.,Strategy V.B.1 / TABLE (MD-FAP-S_2020.pdf),NA
MD_FAP_2020,MD,FAP,2020,FALSE,Maryland,Forest Action Plan (State Forest Assessment + Strategy + Forest Legacy Assessment of Need),250,actions,targeted_range_shift_actions,NA,1,Conserve migration corridors and geologically complex portions of the landscape with more options for short distances between varied sites.,Strategy V.B.1 / TABLE (MD-FAP-S_2020.pdf),NA
MD_FAP_2020,MD,FAP,2020,FALSE,Maryland,Forest Action Plan (State Forest Assessment + Strategy + Forest Legacy Assessment of Need),250,actions,time_bound_and_monitoring,NA,1,Assessments will be reviewed for needed updates on at least a five-year cycle.,Timeline and Funding (MD-FAP-S_2020.pdf),deadline
MD_FAP_2020,MD,FAP,2020,FALSE,Maryland,Forest Action Plan (State Forest Assessment + Strategy + Forest Legacy Assessment of Need),250,actions,time_bound_and_monitoring,NA,1,Outlines a specific timeline for project/program implementation,Maryland's Forest Strategy (MD-FAP-S_2020.pdf),deadline
MD_FAP_2020,MD,FAP,2020,FALSE,Maryland,Forest Action Plan (State Forest Assessment + Strategy + Forest Legacy Assessment of Need),250,actions,evidence_of_efficacy,NA,1,"The Nature Conservancy in partnership with the Central Appalachian Spruce Restoration Initiative, and other organizations, including the Maryland Department of Natural Resource, have been working to restore Central Appalachian red spruce forests in western Maryland and West Virginia since 1996; as of August 2019, they have planted 99,000 red spruce seedlings",Appalachian Mountains section (MD_FAP-RA_2020.pdf),NA
MD_FAP_2020,MD,FAP,2020,FALSE,Maryland,Forest Action Plan (State Forest Assessment + Strategy + Forest Legacy Assessment of Need),250,actions,adaptation_planning_frameworks,NA,2,"Climate change and changing weather patterns are leading to warmer winters, drier summers and more heavy rainstorms. Managing landscapes to be more resilient to these changes will require an adaptive management approach based on maintaining ecosystem health, diversity and connectivity.",Maryland Goal V. Respond to Climate Change (MD-FAP-S_2020.pdf),NA
MD_FAP_2020,MD,FAP,2020,FALSE,Maryland,Forest Action Plan (State Forest Assessment + Strategy + Forest Legacy Assessment of Need),250,actions,adaptation_planning_frameworks,NA,2,"Evaluate climate trends and goals for resistance, resilience, or transition of forest systems when selecting tree species and designing plantings and utilizing climate adaptation resources when considering options.",Maryland Goal V. Respond to Climate Change / Example Tactics (MD-FAP-S_2020.pdf),NA
MD_FAP_2020,MD,FAP,2020,FALSE,Maryland,Forest Action Plan (State Forest Assessment + Strategy + Forest Legacy Assessment of Need),250,actions,adaptation_planning_frameworks,NA,2,"Data-driven forest management, experimentation, monitoring actions, and cross-boundary coordination will help managers adjust actions as conditions change.",Strategy V.B.1 / TABLE (MD-FAP-S_2020.pdf),NA
ME_FAP_2020,ME,FAP,2020,FALSE,Maine,Forest Action Plan,171,concepts,climate_vulnerability,NA,2,"Species will be most vulnerable at the southern extent of their ranges. Northern/boreal species such as spruce, balsam fir, and aspen are most vulnerable across the state and especially at the southern edge of their range.",Address climate change and its impacts on Maine's forests,sensitivity/exposure
ME_FAP_2020,ME,FAP,2020,FALSE,Maine,Forest Action Plan,171,concepts,climate_vulnerability,NA,2,"Climate change modeling suggests that Maine will continue to have abundant forests, but the composition is likely to change, e.g. a decline in the presence of boreal species such as the spruces and balsam fir, as well as northern hardwoods, and an increase in the presence of mixed oak-hickory types",Address climate change and its impacts on Maine's forests,exposure
ME_FAP_2020,ME,FAP,2020,FALSE,Maine,Forest Action Plan,171,concepts,climate_vulnerability,NA,2,"Active forest management can make forests more resilient to the impacts of climate change. Actions that can improve forest resiliency include, but are not limited to: frequent monitoring of conditions, control of invasive species, planting tree species adapted to likely future conditions",Address climate change and its impacts on Maine's forests,adaptive capacity
ME_FAP_2020,ME,FAP,2020,FALSE,Maine,Forest Action Plan,171,concepts,adaptive_capacity_specificity,NA,1,3.1 Explore opportunities to strengthen forest resilience and adaptive capacity.,State Goal/Theme 3: Address climate change and its impacts on Maine's forests,NA
ME_FAP_2020,ME,FAP,2020,FALSE,Maine,Forest Action Plan,171,concepts,adaptive_capacity_components,distribution,TRUE,"Forest biodiversity likely will change as well, with some species of plants and animals disappearing while new ones become established, e.g. a recession of northern species at the southern edge of their native ranges, and an advancement of southern species at the northern edge of their native ranges (assuming no barriers to migration).",Address climate change and its impacts on Maine's forests,NA
ME_FAP_2020,ME,FAP,2020,FALSE,Maine,Forest Action Plan,171,concepts,adaptive_capacity_components,movement,TRUE,"Forest biodiversity likely will change as well, with some species of plants and animals disappearing while new ones become established, e.g. a recession of northern species at the southern edge of their native ranges, and an advancement of southern species at the northern edge of their native ranges (assuming no barriers to migration).",Address climate change and its impacts on Maine's forests,NA
ME_FAP_2020,ME,FAP,2020,FALSE,Maine,Forest Action Plan,171,concepts,adaptive_capacity_components,abiotic_niche,TRUE,"Species will be most vulnerable at the southern extent of their ranges. Northern/boreal species such as spruce, balsam fir, and aspen are most vulnerable across the state and especially at the southern edge of their range. Other common species, such as sugar maple and white pine, are expected to be vulnerable under more substantial warming and climate change.",Address climate change and its impacts on Maine's forests,NA
ME_FAP_2020,ME,FAP,2020,FALSE,Maine,Forest Action Plan,171,concepts,connectivity,NA,1,5.18. Promote efforts to allow forests to adapt to climate change -e.g.: • Maintain large contiguous areas as forests; • Reduce other stressors; • Encourage species suited to future climates.,State Goal/Theme 5: Maintain the health and resiliency of Maine's forests,NA
ME_FAP_2020,ME,FAP,2020,FALSE,Maine,Forest Action Plan,171,tools,vulnerability_models,NA,1,"Whitman, A. 2013. Climate change and biodiversity in Maine: vulnerability of habitats and priority species.",References,NA
ME_FAP_2020,ME,FAP,2020,FALSE,Maine,Forest Action Plan,171,tools,niche_models,NA,2,"For example, modeling by Dunckel, Weiskittel, and Fiske showed potential for range expansion northward for eastern hemlock in Maine.",Address climate change and its impacts on Maine's forests,NA
ME_FAP_2020,ME,FAP,2020,FALSE,Maine,Forest Action Plan,171,tools,niche_models,NA,2,"Climate change modeling suggests that Maine will continue to have abundant forests, but the composition is likely to change, e.g. a decline in the presence of boreal species such as the spruces and balsam fir",Address climate change and its impacts on Maine's forests,NA
ME_FAP_2020,ME,FAP,2020,FALSE,Maine,Forest Action Plan,171,tools,climate_models,NA,1,"The modeling scenarios examined by the authors of 'Maine's Climate Future' suggest that for the 21st century, there is a strong trend in Maine toward warmer and wetter conditions in all seasons.",Address climate change and its impacts on Maine's forests,NA
ME_FAP_2020,ME,FAP,2020,FALSE,Maine,Forest Action Plan,171,context,management_scale,watershed,TRUE,"The forestry community has paid increasing attention to the importance of proper sizing of stream crossings to allow for fish and other organism passage, maintain habitat continuity, and account for the impacts of a changing climate","Criterion 2: Water quality, wetlands and riparian zones",NA
ME_FAP_2020,ME,FAP,2020,FALSE,Maine,Forest Action Plan,171,context,management_scale,within_state_region,TRUE,"Northern/boreal species such as spruce, balsam fir, and aspen are most vulnerable across the state and especially at the southern edge of their range.",Address climate change and its impacts on Maine's forests,NA
ME_FAP_2020,ME,FAP,2020,FALSE,Maine,Forest Action Plan,171,context,management_scale,state,TRUE,"Climate change modeling suggests that Maine will continue to have abundant forests, but the composition is likely to change, e.g. a decline in the presence of boreal species such as the spruces and balsam fir",Address climate change and its impacts on Maine's forests,NA
ME_FAP_2020,ME,FAP,2020,FALSE,Maine,Forest Action Plan,171,context,management_scale,multistate,TRUE,"Forest biodiversity likely will change as well, with some species of plants and animals disappearing while new ones become established, e.g. a recession of northern species at the southern edge of their native ranges, and an advancement of southern species at the northern edge of their native ranges",Address climate change and its impacts on Maine's forests,NA
ME_FAP_2020,ME,FAP,2020,FALSE,Maine,Forest Action Plan,171,context,management_scale,ecosystem,TRUE,"Climate change modeling suggests that Maine will continue to have abundant forests, but the composition is likely to change, e.g. a decline in the presence of boreal species such as the spruces and balsam fir, as well as northern hardwoods, and an increase in the presence of mixed oak-hickory types",Address climate change and its impacts on Maine's forests,NA
ME_FAP_2020,ME,FAP,2020,FALSE,Maine,Forest Action Plan,171,context,biological_unit_score,NA,2,"Climate change modeling suggests that Maine will continue to have abundant forests, but the composition is likely to change, e.g. a decline in the presence of boreal species such as the spruces and balsam fir",Address climate change and its impacts on Maine's forests,species
ME_FAP_2020,ME,FAP,2020,FALSE,Maine,Forest Action Plan,171,context,biological_unit_score,NA,2,"Forest biodiversity likely will change as well, with some species of plants and animals disappearing while new ones become established, e.g. a recession of northern species at the southern edge of their native ranges, and an advancement of southern species at the northern edge of their native ranges",Address climate change and its impacts on Maine's forests,community/ecosystem
ME_FAP_2020,ME,FAP,2020,FALSE,Maine,Forest Action Plan,171,context,biological_unit_components,species,TRUE,"For example, modeling by Dunckel, Weiskittel, and Fiske showed potential for range expansion northward for eastern hemlock in Maine.",Address climate change and its impacts on Maine's forests,NA
ME_FAP_2020,ME,FAP,2020,FALSE,Maine,Forest Action Plan,171,context,biological_unit_components,habitat,TRUE,"Whitman, A. 2013. Climate change and biodiversity in Maine: vulnerability of habitats and priority species.",References,NA
ME_FAP_2020,ME,FAP,2020,FALSE,Maine,Forest Action Plan,171,context,biological_unit_components,ecosystem,TRUE,"Climate change modeling suggests that Maine will continue to have abundant forests, but the composition is likely to change, e.g. a decline in the presence of boreal species such as the spruces and balsam fir, as well as northern hardwoods, and an increase in the presence of mixed oak-hickory types",Address climate change and its impacts on Maine's forests,NA
ME_FAP_2020,ME,FAP,2020,FALSE,Maine,Forest Action Plan,171,context,biological_unit_components,community,TRUE,"Forest biodiversity likely will change as well, with some species of plants and animals disappearing while new ones become established, e.g. a recession of northern species at the southern edge of their native ranges, and an advancement of southern species at the northern edge of their native ranges",Address climate change and its impacts on Maine's forests,NA
ME_FAP_2020,ME,FAP,2020,FALSE,Maine,Forest Action Plan,171,context,partnerships_and_funding,NA,1,3.2 Establish a meaningful role for MFS in the work of the Maine Climate Council.,State Goal/Theme 3: Address climate change and its impacts on Maine's forests,NA
ME_FAP_2020,ME,FAP,2020,FALSE,Maine,Forest Action Plan,171,context,partnerships_and_funding,NA,1,"In June 2019, Governor Mills and the Legislature created the Maine Climate Council, an assembly of scientists, industry leaders, bipartisan local and state officials, and engaged citizens to develop a four-year plan to put Maine on a trajectory to reduce emissions by 45% by 2030 and at least 80% by 2050.",Other Plans Incorporated in the Statewide Assessment and Strategy,NA
ME_FAP_2020,ME,FAP,2020,FALSE,Maine,Forest Action Plan,171,context,climate_threat_habitat_degradation,NA,1,"Some climate change model scenarios predict wetter than normal spring and summer fire seasons coupled with high intensity, short duration droughts. Should such droughts materialize, it would be cause for concern, as Maine's spring fire season is driven by the drying of fine fuels that ignite larger fuels in forested setting.",Address climate change and its impacts on Maine's forests,NA
ME_FAP_2020,ME,FAP,2020,FALSE,Maine,Forest Action Plan,171,context,climate_threat_biotic_stressors,NA,1,Some of the expansion may be attributable to warmer late-summer and early fall temperatures associated with a changing climate.,Criterion 9: Forest Health,NA
ME_FAP_2020,ME,FAP,2020,FALSE,Maine,Forest Action Plan,171,actions,priority_habitat_identification,NA,1,5.18. Promote efforts to allow forests to adapt to climate change -e.g.: • Maintain large contiguous areas as forests; • Reduce other stressors; • Encourage species suited to future climates.,State Goal/Theme 5: Maintain the health and resiliency of Maine's forests,NA
ME_FAP_2020,ME,FAP,2020,FALSE,Maine,Forest Action Plan,171,actions,targeted_range_shift_actions,NA,1,"Actions that can improve forest resiliency include, but are not limited to: frequent monitoring of conditions, control of invasive species, planting tree species adapted to likely future conditions, maintaining a diversity of species across one's ownership",Address climate change and its impacts on Maine's forests,NA
ME_FAP_2020,ME,FAP,2020,FALSE,Maine,Forest Action Plan,171,actions,time_bound_and_monitoring,NA,1,3.3 Continue to monitor changes through FIA and provide for focused modeling.,State Goal/Theme 3: Address climate change and its impacts on Maine's forests,NA
ME_FAP_2020,ME,FAP,2020,FALSE,Maine,Forest Action Plan,171,actions,evidence_of_efficacy,NA,2,"The modeling scenarios examined by the authors of 'Maine's Climate Future' suggest that for the 21st century, there is a strong trend in Maine toward warmer and wetter conditions in all seasons.",Address climate change and its impacts on Maine's forests,NA
ME_FAP_2020,ME,FAP,2020,FALSE,Maine,Forest Action Plan,171,actions,evidence_of_efficacy,NA,2,"The figure on the following page shows the most recent projections for impacts on major forest species (from Janowiak et al, 2018).",Address climate change and its impacts on Maine's forests,NA
ME_FAP_2020,ME,FAP,2020,FALSE,Maine,Forest Action Plan,171,actions,adaptation_planning_frameworks,NA,1,3.1 Explore opportunities to strengthen forest resilience and adaptive capacity.,State Goal/Theme 3: Address climate change and its impacts on Maine's forests,NA
MI_FAP_2020,MI,FAP,2020,FALSE,Michigan,Forest Action Plan,58,concepts,climate_vulnerability,NA,1,Climate change is likely to impact forest health due to increasing weather extremes -precipitation and temperature -causing increased stress and potential range shifts.,Criterion Three: Forest Health and Vitality (table),NA
MI_FAP_2020,MI,FAP,2020,FALSE,Michigan,Forest Action Plan,58,concepts,adaptive_capacity_specificity,NA,1,"A changing climate influences almost every component of the forest: life histories and phenology, timing of management activities and changing composition of plant and animal species.",Climate Change (Cross-Program Issues),NA
MI_FAP_2020,MI,FAP,2020,FALSE,Michigan,Forest Action Plan,58,concepts,adaptive_capacity_components,distribution,TRUE,Climate change is likely to impact forest health due to increasing weather extremes -precipitation and temperature -causing increased stress and potential range shifts.,Criterion Three: Forest Health and Vitality (table),NA
MI_FAP_2020,MI,FAP,2020,FALSE,Michigan,Forest Action Plan,58,concepts,adaptive_capacity_components,movement,TRUE,One of our largest challenges is developing and security of forested landscape connections and corridors that permit northward movement of plant and animal species.,Implementation,NA
MI_FAP_2020,MI,FAP,2020,FALSE,Michigan,Forest Action Plan,58,concepts,adaptive_capacity_components,ecological_dependencies,TRUE,Changes in phenology could negatively affect ecological processes such as pollination of the many plant species that rely on insects and reproduction in animals that depend on insects to feed their young.,Criterion Five: Carbon Cycles (table),NA
MI_FAP_2020,MI,FAP,2020,FALSE,Michigan,Forest Action Plan,58,concepts,adaptive_capacity_components,abiotic_niche,TRUE,"An increase in average low temperatures in winter could have a negative impact on Michigan's boreal tree species, which require cold winter temperatures.",Criterion Five: Carbon Cycles (table),NA
MI_FAP_2020,MI,FAP,2020,FALSE,Michigan,Forest Action Plan,58,concepts,adaptive_capacity_components,life_history,TRUE,"A changing climate influences almost every component of the forest: life histories and phenology, timing of management activities and changing composition of plant and animal species.",Climate Change (Cross-Program Issues),NA
MI_FAP_2020,MI,FAP,2020,FALSE,Michigan,Forest Action Plan,58,concepts,connectivity,NA,2,One of our largest challenges is developing and security of forested landscape connections and corridors that permit northward movement of plant and animal species.,Implementation,NA
MI_FAP_2020,MI,FAP,2020,FALSE,Michigan,Forest Action Plan,58,concepts,connectivity,NA,2,Climate change is likely to impact forest health due to increasing weather extremes -precipitation and temperature -causing increased stress and potential range shifts.,Criterion Three: Forest Health and Vitality (table),NA
MI_FAP_2020,MI,FAP,2020,FALSE,Michigan,Forest Action Plan,58,tools,climate_models,NA,1,"Collaborate with researchers to describe and quantify threats to urban trees and forests from climate change scenarios related to invasive species, insects/disease and storms.","Goals, Strategies and Objectives (table, Goal 7/research objectives)",NA
MI_FAP_2020,MI,FAP,2020,FALSE,Michigan,Forest Action Plan,58,tools,connectivity_models,NA,1,Use The Nature Conservancy's climate-resilient landscapes to identify areas that should have priority for protection; include this as a priority in project evaluation and scoring.,"Goals, Strategies and Objectives (table, Objective 4.1.9 area)",NA
MI_FAP_2020,MI,FAP,2020,FALSE,Michigan,Forest Action Plan,58,context,management_scale,local,TRUE,"Assist communities in developing climate adaptation strategies and incorporating them in forest management plans, with information on urban tree selection, planting and maintenance that address community needs.","Goals, Strategies and Objectives (table, Objective 4.3.3)",NA
MI_FAP_2020,MI,FAP,2020,FALSE,Michigan,Forest Action Plan,58,context,management_scale,watershed,TRUE,"Forest area increased at the HUC8-watershed scale by 3.7% (more than 727,000 acres) and in the riverside areas -also known as riparian -at that same scale by 9.8% over the period from 2006-2016.",Criterion One: Conservation of Biological Diversity,NA
MI_FAP_2020,MI,FAP,2020,FALSE,Michigan,Forest Action Plan,58,context,management_scale,within_state_region,TRUE,All regions in the state show slight increases in forested area based on FIA data with the largest in the southern Lower Peninsula.,Criterion Two: Productive Capacity of the Forest,NA
MI_FAP_2020,MI,FAP,2020,FALSE,Michigan,Forest Action Plan,58,context,management_scale,state,TRUE,Michigan's Forest Action Plan is the state's contribution to a national assessment and strategy for all forest land across all ownerships in the United States.,INTRODUCTION,NA
MI_FAP_2020,MI,FAP,2020,FALSE,Michigan,Forest Action Plan,58,context,management_scale,multistate,TRUE,NRCS is also working with partners in the eight U.S. Great Lakes states.,Other Great Lakes Basin Initiatives or Projects,NA
MI_FAP_2020,MI,FAP,2020,FALSE,Michigan,Forest Action Plan,58,context,management_scale,national,TRUE,Michigan's Forest Action Plan is the state's contribution to a national assessment and strategy for all forest land across all ownerships in the United States.,INTRODUCTION,NA
MI_FAP_2020,MI,FAP,2020,FALSE,Michigan,Forest Action Plan,58,context,management_scale,ecosystem,TRUE,"With climate change moving our forest systems towards the oak-hickory type, it is not prudent to let red maple take over.",PRIORITY LANDSCAPES (Map 1 description),NA
MI_FAP_2020,MI,FAP,2020,FALSE,Michigan,Forest Action Plan,58,context,management_scale,ecoregion,TRUE,The floodplain forests map is based on wildlife focal species occurrences in Cleland's level III and IV Ecoregions of Michigan.,Fire-dependent Forest Types and Prescribed Fire (table),NA
MI_FAP_2020,MI,FAP,2020,FALSE,Michigan,Forest Action Plan,58,context,management_scale,subsection,TRUE,Broadleaf tree diversity and evenness across the state is stable; 15 of the 45 eco-subsections show a slight decline in both values.,Criterion One: Conservation of Biological Diversity,NA
MI_FAP_2020,MI,FAP,2020,FALSE,Michigan,Forest Action Plan,58,context,biological_unit_score,NA,2,Climate change is likely to impact forest health due to increasing weather extremes -precipitation and temperature -causing increased stress and potential range shifts.,Criterion Three: Forest Health and Vitality (table),NA
MI_FAP_2020,MI,FAP,2020,FALSE,Michigan,Forest Action Plan,58,context,biological_unit_score,NA,2,One of our largest challenges is developing and security of forested landscape connections and corridors that permit northward movement of plant and animal species.,Implementation,NA
MI_FAP_2020,MI,FAP,2020,FALSE,Michigan,Forest Action Plan,58,context,biological_unit_components,species,TRUE,Climate changes can result in wiping out certain plants and animals and allow for the northward movement of unwanted plant and animal pests.,Criterion Five: Carbon Cycles (table),NA
MI_FAP_2020,MI,FAP,2020,FALSE,Michigan,Forest Action Plan,58,context,biological_unit_components,habitat,TRUE,One of our largest challenges is developing and security of forested landscape connections and corridors that permit northward movement of plant and animal species.,Implementation,NA
MI_FAP_2020,MI,FAP,2020,FALSE,Michigan,Forest Action Plan,58,context,biological_unit_components,ecosystem,TRUE,"With climate change moving our forest systems towards the oak-hickory type, it is not prudent to let red maple take over.",PRIORITY LANDSCAPES (Map 1 description),NA
MI_FAP_2020,MI,FAP,2020,FALSE,Michigan,Forest Action Plan,58,context,biological_unit_components,community,TRUE,Climate change is likely to impact forest health due to increasing weather extremes -precipitation and temperature -causing increased stress and potential range shifts.,Criterion Three: Forest Health and Vitality (table),NA
MI_FAP_2020,MI,FAP,2020,FALSE,Michigan,Forest Action Plan,58,context,partnerships_and_funding,NA,1,"The Climate Change Response Framework (https://forestadaptation.org/) is a collaborative, cross-boundary approach among scientists, managers and landowners to incorporate climate change considerations into natural resource management.",Climate Change Response Framework (Midwest) Regions,NA
MI_FAP_2020,MI,FAP,2020,FALSE,Michigan,Forest Action Plan,58,context,partnerships_and_funding,NA,1,"A climate change adaptation workshop, sponsored by the DNR and hosted by the Northern Institute of Applied Climate Science, was also held in Gaylord and provided stakeholders with training on applied climate science.",STAKEHOLDER ENGAGEMENT,NA
MI_FAP_2020,MI,FAP,2020,FALSE,Michigan,Forest Action Plan,58,context,climate_threat_habitat_degradation,NA,1,"Increasing temperatures and changing precipitation patterns threaten the health, structure and function of existing trees. This threatens their ability to mitigate the impacts of climate change.",Criterion Five: Carbon Cycles,NA
MI_FAP_2020,MI,FAP,2020,FALSE,Michigan,Forest Action Plan,58,context,climate_threat_species_vital_rates,NA,1,"Trees: Weather extremes could cause die-back in some species, create the potential for total mortality in others and could cause regeneration failure.",Criterion Three: Forest Health and Vitality (table),NA
MI_FAP_2020,MI,FAP,2020,FALSE,Michigan,Forest Action Plan,58,context,climate_threat_biotic_stressors,NA,1,Climate changes can result in wiping out certain plants and animals and allow for the northward movement of unwanted plant and animal pests.,Criterion Five: Carbon Cycles (table),NA
MI_FAP_2020,MI,FAP,2020,FALSE,Michigan,Forest Action Plan,58,context,climate_threat_biotic_stressors,NA,1,"With climate change moving our forest systems towards the oak-hickory type, it is not prudent to let red maple take over.",PRIORITY LANDSCAPES (Map 1 description),NA
MI_FAP_2020,MI,FAP,2020,FALSE,Michigan,Forest Action Plan,58,actions,priority_habitat_identification,NA,2,Use The Nature Conservancy's climate-resilient landscapes to identify areas that should have priority for protection; include this as a priority in project evaluation and scoring.,"Goals, Strategies and Objectives (table, Objective 4.1.9 area)",NA
MI_FAP_2020,MI,FAP,2020,FALSE,Michigan,Forest Action Plan,58,actions,priority_habitat_identification,NA,2,Update the Forest Legacy Program nomination application to focus on and prioritize protection of climate-resilient landscapes.,"Goals, Strategies and Objectives (table)",NA
MI_FAP_2020,MI,FAP,2020,FALSE,Michigan,Forest Action Plan,58,actions,priority_habitat_identification,NA,2,The highest priority for inclusion in the program is usually given to larger parcels adjacent to existing protected areas that include characteristics such as...resistance to climate change and are under threat of conversion to non-forest conditions.,IMPLEMENTATION (Forest Legacy table),NA
MI_FAP_2020,MI,FAP,2020,FALSE,Michigan,Forest Action Plan,58,actions,targeted_range_shift_actions,NA,1,One of our largest challenges is developing and security of forested landscape connections and corridors that permit northward movement of plant and animal species. Additional federal funding would help to address this issue through fee acquisition the establishment of conservation easements.,Implementation,NA
MI_FAP_2020,MI,FAP,2020,FALSE,Michigan,Forest Action Plan,58,actions,time_bound_and_monitoring,NA,1,Engage stakeholders in a collaborative effort to review and update the statewide forest action plan every five years.,"Goals, Strategies and Objectives (table)",NA
MI_FAP_2020,MI,FAP,2020,FALSE,Michigan,Forest Action Plan,58,actions,evidence_of_efficacy,NA,1,"Collectively, we will need to identify and promote native species that can be adapted to future conditions; identify management options for invasive species; and identify links between extreme weather events and the impact on trees, forests and pests.",Climate Change (Cross-Program Issues),NA
MI_FAP_2020,MI,FAP,2020,FALSE,Michigan,Forest Action Plan,58,actions,adaptation_planning_frameworks,NA,2,"The Climate Change Response Framework (https://forestadaptation.org/) is a collaborative, cross-boundary approach among scientists, managers and landowners to incorporate climate change considerations into natural resource management.",Climate Change Response Framework (Midwest) Regions,NA
MI_FAP_2020,MI,FAP,2020,FALSE,Michigan,Forest Action Plan,58,actions,adaptation_planning_frameworks,NA,2,Demonstration projects (https://forestadaptation.org/) are real-world examples of how managers have integrated climate considerations into natural resource management planning and activities. These projects use the partnerships and resources developed through the framework to test new ideas and actions for responding to changing conditions.,Climate Change Response Framework (Midwest) Regions,NA
MN_FAP_2020,MN,FAP,2020,FALSE,Minnesota,State Forest Action Plan,395,concepts,climate_vulnerability,NA,3,The 2015 SWAP updates the previous plan by addressing vulnerability assessments for habitat and species in relation to population changes and climate change predictions for the state.,"Part 1, Table 5: Indicator 4 / Status of Forest and Woodland Communities",exposure
MN_FAP_2020,MN,FAP,2020,FALSE,Minnesota,State Forest Action Plan,395,concepts,climate_vulnerability,NA,3,"Figure 42 below is an example of climate change projections for individual northern tree species in Minnesota. The state has three tree species zones that are all being affected by climate change. Information about all three is available through the Forest Adaptation report, which describes the vulnerability of tree species in the state over the next 100 years.","Part 1, Ch. 2: Climate Changes in Minnesota",exposure
MN_FAP_2020,MN,FAP,2020,FALSE,Minnesota,State Forest Action Plan,395,concepts,climate_vulnerability,NA,3,"Suitable habitat for boreal forest species such as black and white spruce and balsam fir may migrate northeastward out of the state to eastern Canada. Increase in tamarack acres infested with casebearer/eastern larch beetles across the state, is already of major concern for forestry interests. Other concerns include hardwood forests expanding to northern Minnesota with more favorable conditions for temperate species.",Part 1/Part 2: Ch. 3 Issues/Climate adaptation section,adaptive_capacity
MN_FAP_2020,MN,FAP,2020,FALSE,Minnesota,State Forest Action Plan,395,concepts,adaptive_capacity_specificity,NA,2,"Fragmentation can inhibit the natural migration of many plant and animal species, which is a major concern for climate change adaptation, as there may be a decrease in both biodiversity and genetic diversity of species.","Part 1, Ch. 2: Age Group",NA
MN_FAP_2020,MN,FAP,2020,FALSE,Minnesota,State Forest Action Plan,395,concepts,adaptive_capacity_specificity,NA,2,DNR operates a state forest nursery with collected native seeds to guarantee genetic diversity and produces over 6 million native tree seedlings annually for use in statewide public and private forest activities.,"Part 2, Ch. 3.7: Manage Trees and Forests to Mitigate and Adapt to Global Climate Change",NA
MN_FAP_2020,MN,FAP,2020,FALSE,Minnesota,State Forest Action Plan,395,concepts,adaptive_capacity_components,distribution,TRUE,"This has ramifications for forests and forest management, as suitable conditions for boreal forest species such as black and white spruce and balsam fir may contract, and those species migrate northeastward out of the state towards Canada. Conversely, opportunities for hardwood species to migrate north may be enhanced with increased plant hardiness zones being recorded in the state.","Part 1, Ch. 2: Climate Changes in Minnesota",NA
MN_FAP_2020,MN,FAP,2020,FALSE,Minnesota,State Forest Action Plan,395,concepts,adaptive_capacity_components,movement,TRUE,"Fragmentation can inhibit the natural migration of many plant and animal species, which is a major concern for climate change adaptation, as there may be a decrease in both biodiversity and genetic diversity of species.","Part 1, Ch. 2: Age Group",NA
MN_FAP_2020,MN,FAP,2020,FALSE,Minnesota,State Forest Action Plan,395,concepts,adaptive_capacity_components,movement,TRUE,"Minnesota DNR's objective is to minimize environmental stresses amplified by climate change. This includes preserving dispersal corridors linking current and future suitable habitats, retaining high quality, large block forests to maintain ecosystem resilience","Part 2, Forest Legacy AON: Threat of Conversion section",NA
MN_FAP_2020,MN,FAP,2020,FALSE,Minnesota,State Forest Action Plan,395,concepts,adaptive_capacity_components,evolutionary_potential,TRUE,"Fragmentation can inhibit the natural migration of many plant and animal species, which is a major concern for climate change adaptation, as there may be a decrease in both biodiversity and genetic diversity of species.","Part 1, Ch. 2: Age Group",NA
MN_FAP_2020,MN,FAP,2020,FALSE,Minnesota,State Forest Action Plan,395,concepts,adaptive_capacity_components,evolutionary_potential,TRUE,DNR operates a state forest nursery with collected native seeds to guarantee genetic diversity and produces over 6 million native tree seedlings annually for use in statewide public and private forest activities.,"Part 2, Ch. 3.7: Manage Trees and Forests to Mitigate and Adapt to Global Climate Change",NA
MN_FAP_2020,MN,FAP,2020,FALSE,Minnesota,State Forest Action Plan,395,concepts,adaptive_capacity_components,abiotic_niche,TRUE,"This has ramifications for forests and forest management, as suitable conditions for boreal forest species such as black and white spruce and balsam fir may contract, and those species migrate northeastward out of the state towards Canada.","Part 1, Ch. 2: Climate Changes in Minnesota",NA
MN_FAP_2020,MN,FAP,2020,FALSE,Minnesota,State Forest Action Plan,395,concepts,connectivity,NA,2,"Minnesota DNR's objective is to minimize environmental stresses amplified by climate change. This includes preserving dispersal corridors linking current and future suitable habitats, retaining high quality, large block forests to maintain ecosystem resilience, and supporting viable fish and wildlife population goals through a network of large, connected conservation lands.","Part 2, Forest Legacy AON: Threat of Conversion section",NA
MN_FAP_2020,MN,FAP,2020,FALSE,Minnesota,State Forest Action Plan,395,concepts,connectivity,NA,2,"climate flow (corridors that facilitate population movement for climate adaptation). The results are not meant to represent the definitive locations of important ecological areas, but rather are meant to be a prioritization tool for future field assessments related to forest climate adaptation.","Part 1, Ch. 4: Ecological Values (description section)",NA
MN_FAP_2020,MN,FAP,2020,FALSE,Minnesota,State Forest Action Plan,395,tools,vulnerability_models,NA,2,The 2015 SWAP updates the previous plan by addressing vulnerability assessments for habitat and species in relation to population changes and climate change predictions for the state.,"Part 1, Table 5: Indicator 4 / Status of Forest and Woodland Communities",NA
MN_FAP_2020,MN,FAP,2020,FALSE,Minnesota,State Forest Action Plan,395,tools,vulnerability_models,NA,2,"Contains the Chippewa National Forest with active management and research, including the SPRUCE Project (Spruce and Peatland Responses under Climatic and Environmental Change Experiment) and the Climate Change Vulnerability Assessment","Part 2, Forest Legacy AON: Headwaters FLA public benefits",NA
MN_FAP_2020,MN,FAP,2020,FALSE,Minnesota,State Forest Action Plan,395,tools,niche_models,NA,1,"Figure 42 below is an example of climate change projections for individual northern tree species in Minnesota. The state has three tree species zones that are all being affected by climate change. Information about all three is available through the Forest Adaptation report, which describes the vulnerability of tree species in the state over the next 100 years.","Part 1, Ch. 2: Climate Changes in Minnesota",NA
MN_FAP_2020,MN,FAP,2020,FALSE,Minnesota,State Forest Action Plan,395,tools,climate_models,NA,1,"Table 7 - Climate changes and observed and projected in Minnesota, based on science summarized in the 2014, 2017, and 2018 National Climate Assessment reports, and from data analyzed by the Minnesota State Climatology Office.","Part 1, Table 7",NA
MN_FAP_2020,MN,FAP,2020,FALSE,Minnesota,State Forest Action Plan,395,tools,connectivity_models,NA,2,"The Ecological Values Model (Figure 93) was prepared by The Nature Conservancy (TNC) using the layers for Resilient and Connected sites (Figure 94), Climate Flow (Figure 95), and areas of confirmed biodiversity curated by the DNR's Ecological and Water Resources Division Biological Survey Program (Figure 96).","Part 1, Ch. 4: Ecological Values",NA
MN_FAP_2020,MN,FAP,2020,FALSE,Minnesota,State Forest Action Plan,395,tools,connectivity_models,NA,2,"TNC produced an ecological values map by combining layers for resilient sites (sites with large number of connected microclimates and numerous physical environments that have high resilience), areas of confirmed biodiversity (sites recognized for their current biodiversity values), and climate flow (corridors that facilitate population movement for climate adaptation).","Part 1, Ch. 4: Ecological Values (description section)",NA
MN_FAP_2020,MN,FAP,2020,FALSE,Minnesota,State Forest Action Plan,395,context,management_scale,local,TRUE,"These plans identify and prioritize private landholdings down to the parcel level, to encourage forest land protection and sustainable forest management, including timber harvesting.","Part 2, Ch. 4: Protecting Water Resources",NA
MN_FAP_2020,MN,FAP,2020,FALSE,Minnesota,State Forest Action Plan,395,context,management_scale,site,TRUE,The test site is 23 acres of mostly ash trees that is easily accessible from Kettle Lake Road. The foresters inventoried the vegetation before harvest and designed a timber sale that would leave behind clumps of hardwood,"Part 2, Ch. 6 Success Stories: DNR Forestry story on climate adaptation forest",NA
MN_FAP_2020,MN,FAP,2020,FALSE,Minnesota,State Forest Action Plan,395,context,management_scale,watershed,TRUE,Forest land planning and protection is also needed at the watershed scale to help protect community drinking water supplies.,"Part 1, Ch. 2: Urban and Community Forestry",NA
MN_FAP_2020,MN,FAP,2020,FALSE,Minnesota,State Forest Action Plan,395,context,management_scale,county,TRUE,"Most estimates down to a county are typically reliable, in that the error of an estimate is not larger than the estimate itself.","Part 1, Ch. 2: Forest Conditions and Trends",NA
MN_FAP_2020,MN,FAP,2020,FALSE,Minnesota,State Forest Action Plan,395,context,management_scale,within_state_region,TRUE,"The MFRC landscape plans cover six major forested regions of the state, including: East Central (EC); Northern (N); North Central (NC); Northeast (NC); Southeast (SE); and West Central (WC) regions.","Part 1, Ch. 2: Minnesota Forest Resource Council (MFRC) Landscape Level Planning",NA
MN_FAP_2020,MN,FAP,2020,FALSE,Minnesota,State Forest Action Plan,395,context,management_scale,state,TRUE,The Minnesota 2020 SFAP primarily serves as a funding plan document for the state's Cooperative Forest Management (CFM) programs,"Part 2, Ch. 1: Introduction",NA
MN_FAP_2020,MN,FAP,2020,FALSE,Minnesota,State Forest Action Plan,395,context,management_scale,multistate,TRUE,"projects related to climate change, invasive forest pests, wildfire risk mitigation, sustainable forestry, forested wildlife habitat, and forest-water relationships are cross-boundary issues that will continually require multi-state involvement and monitoring","Part 1, Ch. 5: Multi-State Priorities",NA
MN_FAP_2020,MN,FAP,2020,FALSE,Minnesota,State Forest Action Plan,395,context,management_scale,national,TRUE,This trend across all forest types and disturbance groups shows an increasing frequency of disturbance.,"Part 1, Ch. 2: Criterion 3",NA
MN_FAP_2020,MN,FAP,2020,FALSE,Minnesota,State Forest Action Plan,395,context,management_scale,transnational,TRUE,Suitable habitat for boreal forest species such as black and white spruce and balsam fir may migrate northeastward out of the state to eastern Canada.,Part 1/Part 2: Climate adaptation section,NA
MN_FAP_2020,MN,FAP,2020,FALSE,Minnesota,State Forest Action Plan,395,context,management_scale,ecosystem,TRUE,"This is an area of concern for future climate-biome successions (R. Toot 2019) not only for Minnesota, but also for the entire Western Great Lakes Region of North America.","Part 1, Ch. 2: Climate Changes in Minnesota",NA
MN_FAP_2020,MN,FAP,2020,FALSE,Minnesota,State Forest Action Plan,395,context,management_scale,ecoregion,TRUE,Analysis of presently and historically forested ecological subsections using the Minnesota DNR Climate Trends tool (Figure 39) identified the following observed changes since 1895,"Part 1, Ch. 2: Climate Changes in Minnesota",NA
MN_FAP_2020,MN,FAP,2020,FALSE,Minnesota,State Forest Action Plan,395,context,management_scale,section,TRUE,"There are seven ECS sections in Minnesota, and each plan covers one section.","Part 1, Ch. 2: State Forest Resource Management Planning",NA
MN_FAP_2020,MN,FAP,2020,FALSE,Minnesota,State Forest Action Plan,395,context,management_scale,subsection,TRUE,Analysis of presently and historically forested ecological subsections using the Minnesota DNR Climate Trends tool,"Part 1, Ch. 2: Climate Changes in Minnesota",NA
MN_FAP_2020,MN,FAP,2020,FALSE,Minnesota,State Forest Action Plan,395,context,management_scale,lake,TRUE,"DNR has identified 13 coldwater habitat refuge lakes, lakes that are predicted to withstand the effects of a climate-warmed","Part 2, Forest Legacy AON: Laurentian FLA public benefits",NA
MN_FAP_2020,MN,FAP,2020,FALSE,Minnesota,State Forest Action Plan,395,context,biological_unit_score,NA,2,"Warming temperatures and increased forest disturbances such as windstorms, flooding, drought, fire, and insect outbreaks are expected to favor the survival of more southerly tree species in the state, and diminish the survival of the state's boreal tree species, such as aspen, birch, and spruce.","Part 1, Ch. 2: Climate Changes in Minnesota",species
MN_FAP_2020,MN,FAP,2020,FALSE,Minnesota,State Forest Action Plan,395,context,biological_unit_score,NA,2,"This is an area of concern for future climate-biome successions (R. Toot 2019) not only for Minnesota, but also for the entire Western Great Lakes Region of North America.","Part 1, Ch. 2: Climate Changes in Minnesota",ecosystem
MN_FAP_2020,MN,FAP,2020,FALSE,Minnesota,State Forest Action Plan,395,context,biological_unit_components,species,TRUE,"This has ramifications for forests and forest management, as suitable conditions for boreal forest species such as black and white spruce and balsam fir may contract, and those species migrate northeastward out of the state towards Canada.","Part 1, Ch. 2: Climate Changes in Minnesota",NA
MN_FAP_2020,MN,FAP,2020,FALSE,Minnesota,State Forest Action Plan,395,context,biological_unit_components,habitat,TRUE,The 2015 SWAP updates the previous plan by addressing vulnerability assessments for habitat and species in relation to population changes and climate change predictions for the state.,"Part 1, Table 5: Indicator 4 / Status of Forest and Woodland Communities",NA
MN_FAP_2020,MN,FAP,2020,FALSE,Minnesota,State Forest Action Plan,395,context,biological_unit_components,ecosystem,TRUE,"This is an area of concern for future climate-biome successions (R. Toot 2019) not only for Minnesota, but also for the entire Western Great Lakes Region of North America.","Part 1, Ch. 2: Climate Changes in Minnesota",NA
MN_FAP_2020,MN,FAP,2020,FALSE,Minnesota,State Forest Action Plan,395,context,biological_unit_components,community,TRUE,"Warming temperatures and increased forest disturbances such as windstorms, flooding, drought, fire, and insect outbreaks are expected to favor the survival of more southerly tree species in the state, and diminish the survival of the state's boreal tree species","Part 1, Ch. 2: Climate Changes in Minnesota",NA
MN_FAP_2020,MN,FAP,2020,FALSE,Minnesota,State Forest Action Plan,395,context,partnerships_and_funding,NA,2,"Since 2000, public and private funding sources have provided more than $92 million to protect more than 360,000 acres of forest with permanent easements and fee title through these two programs. Over 60 percent of the funding came from state funds, 20 percent from private donations, and 18 percent from federal funds.","Part 1, Ch. 3: Identify and Conserve High Priority Forest Ecosystems / Part 2, Ch. 3.1",NA
MN_FAP_2020,MN,FAP,2020,FALSE,Minnesota,State Forest Action Plan,395,context,partnerships_and_funding,NA,2,"By working together through the landscape planning and coordination processes, the six regional committees have helped partners secure over $30 million in federal, state and private funding.","Part 1, Ch. 2: Minnesota Forest Resource Council (MFRC) Landscape Level Planning",NA
MN_FAP_2020,MN,FAP,2020,FALSE,Minnesota,State Forest Action Plan,395,context,partnerships_and_funding,NA,2,"In 2019, the state of Minnesota and the US Forest Service developed an agreement for Shared Stewardship that supports the national vision of actively and sustainably managing forests through a landscape-scale approach that crosses all ownership boundaries","Part 2, Ch. 3: Actively and Sustainably Manage Forests",NA
MN_FAP_2020,MN,FAP,2020,FALSE,Minnesota,State Forest Action Plan,395,context,climate_threat_habitat_degradation,NA,1,"Warming temperatures and increased forest disturbances such as windstorms, flooding, drought, fire, and insect outbreaks are expected to favor the survival of more southerly tree species in the state, and diminish the survival of the state's boreal tree species, such as aspen, birch, and spruce.","Part 1, Ch. 2: Climate Changes in Minnesota",NA
MN_FAP_2020,MN,FAP,2020,FALSE,Minnesota,State Forest Action Plan,395,context,climate_threat_habitat_degradation,NA,1,peatlands are very sensitive to climate change. Predicted warming will aid the decomposition of organic material and thus release large amounts of stored carbon into the atmosphere.,"Part 1, Ch. 2: Total Soil Carbon",NA
MN_FAP_2020,MN,FAP,2020,FALSE,Minnesota,State Forest Action Plan,395,context,climate_threat_species_vital_rates,NA,1,"Milder winters and longer growing seasons favor the survivability of certain native and invasive pests that damage forests. For example, nearly half a million acres of tamarack forest have been damaged by eastern larch beetle in recent years, as milder winters and longer summer seasons have led to an explosion in the native insect's population.","Part 1, Ch. 2: Climate Changes in Minnesota",NA
MN_FAP_2020,MN,FAP,2020,FALSE,Minnesota,State Forest Action Plan,395,context,climate_threat_biotic_stressors,NA,1,"Conversely, opportunities for hardwood species to migrate north may be enhanced with increased plant hardiness zones being recorded in the state. Changes in climate are already affecting the state's forest resources and people's interactions with these resources, and these trends are projected to continue.","Part 1, Ch. 2: Climate Changes in Minnesota",NA
MN_FAP_2020,MN,FAP,2020,FALSE,Minnesota,State Forest Action Plan,395,context,climate_threat_biotic_stressors,NA,1,"This is an area of concern for future climate-biome successions (R. Toot 2019) not only for Minnesota, but also for the entire Western Great Lakes Region of North America.","Part 1, Ch. 2: Climate Changes in Minnesota",NA
MN_FAP_2020,MN,FAP,2020,FALSE,Minnesota,State Forest Action Plan,395,actions,priority_habitat_identification,NA,2,"The Ecological Values Model (Figure 93) was prepared by The Nature Conservancy (TNC) using the layers for Resilient and Connected sites (Figure 94), Climate Flow (Figure 95), and areas of confirmed biodiversity curated by the DNR's Ecological and Water Resources Division Biological Survey Program (Figure 96).","Part 1, Ch. 4: Ecological Values",NA
MN_FAP_2020,MN,FAP,2020,FALSE,Minnesota,State Forest Action Plan,395,actions,priority_habitat_identification,NA,2,"Minnesota DNR's objective is to minimize environmental stresses amplified by climate change. This includes preserving dispersal corridors linking current and future suitable habitats, retaining high quality, large block forests to maintain ecosystem resilience, and supporting viable fish and wildlife population goals through a network of large, connected conservation lands.","Part 2, Forest Legacy AON: Threat of Conversion section",NA
MN_FAP_2020,MN,FAP,2020,FALSE,Minnesota,State Forest Action Plan,395,actions,priority_habitat_identification,NA,2,"DNR has identified 13 coldwater habitat refuge lakes, lakes that are predicted to withstand the effects of a climate-warmed","Part 2, Forest Legacy AON: Laurentian FLA / Headwaters FLA public benefits",NA
MN_FAP_2020,MN,FAP,2020,FALSE,Minnesota,State Forest Action Plan,395,actions,targeted_range_shift_actions,NA,1,"This could be accomplished by increasing the geographic size of seed collection zones for assisted migration of tree species. The state nursery could partner with universities and private industry to collect seed, grow, and distribute additional species from disparate locations to address plant material condition changes occurring with climate change.","Part 2, Ch. 3.7: Manage Trees and Forests to Mitigate and Adapt to Global Climate Change",NA
MN_FAP_2020,MN,FAP,2020,FALSE,Minnesota,State Forest Action Plan,395,actions,targeted_range_shift_actions,NA,1,"Minnesota DNR's objective is to minimize environmental stresses amplified by climate change. This includes preserving dispersal corridors linking current and future suitable habitats, retaining high quality, large block forests to maintain ecosystem resilience","Part 2, Forest Legacy AON: Threat of Conversion section",NA
MN_FAP_2020,MN,FAP,2020,FALSE,Minnesota,State Forest Action Plan,395,actions,time_bound_and_monitoring,NA,1,"DNR field staff, along with researchers from the University of Minnesota, will monitor the site to see which species do best. As the seedlings grow, researchers will continue to monitor and collect data. After 10 years, foresters should have enough data to analyze results and see whether diversifying species is the way to go.","Part 2, Ch. 6 Success Stories: DNR Forestry story on climate adaptation forest",NA
MN_FAP_2020,MN,FAP,2020,FALSE,Minnesota,State Forest Action Plan,395,actions,evidence_of_efficacy,NA,2,"Research suggests that diversifying tree species may be the best way to mitigate environmental damage caused by EAB. To get ahead of the problem, a group of DNR foresters led by Wesley Habedank is trying something new in Cromwell","Part 2, Ch. 6 Success Stories: DNR Forestry story on climate adaptation forest",NA
MN_FAP_2020,MN,FAP,2020,FALSE,Minnesota,State Forest Action Plan,395,actions,evidence_of_efficacy,NA,2,"The last four species are commonly found in southern Minnesota and may be better adapted to handle a future warmer climate. DNR field staff, along with researchers from the University of Minnesota, will monitor the site to see which species do best.","Part 2, Ch. 6 Success Stories: DNR Forestry story on climate adaptation forest",NA
MN_FAP_2020,MN,FAP,2020,FALSE,Minnesota,State Forest Action Plan,395,actions,adaptation_planning_frameworks,NA,2,"Forest Adaptation Resources and Adaptation Workbook; Climate Change Tools and Approaches for Land Managers, 2nd edition. www.forestadaptation.org",Part 1 References; Part 2 References,NA
MN_FAP_2020,MN,FAP,2020,FALSE,Minnesota,State Forest Action Plan,395,actions,adaptation_planning_frameworks,NA,2,"In 2010, the DNR created the CLIMATE Team (formally CREST), which provides department-wide coordination and guidance on climate change strategies.","Part 1, Ch. 3: Minnesota Interagency Climate Adaptation Team",NA
MN_FAP_2020,MN,FAP,2020,FALSE,Minnesota,State Forest Action Plan,395,actions,adaptation_planning_frameworks,NA,2,S. Handler et al. 2017. Climate Change Field Guide for Northern Minnesota Forests: Site-level considerations and adaptation.,Part 1 and Part 2 References,NA
MO_CCS_2022,MO,CCS,2022,FALSE,Missouri Department of Conservation (MDC),SWAP / Comprehensive Conservation Strategy (combined SWAP + SFAP),566,concepts,climate_vulnerability,NA,3,"Understanding why species and ecosystems are vulnerable or potentially less resilient is a critical first step in developing effective conservation strategies. This vulnerability is based on sensitivity, exposure, and the ability to adapt.",Theme Five: Climate Change,exposure and adaptive capacity
MO_CCS_2022,MO,CCS,2022,FALSE,Missouri Department of Conservation (MDC),SWAP / Comprehensive Conservation Strategy (combined SWAP + SFAP),566,concepts,climate_vulnerability,NA,3,Species with low adaptive capacity such as those with specialized habitat needs or limited dispersal ability face higher vulnerability to these changes.,Theme Five: Climate Change,adaptive capacity
MO_CCS_2022,MO,CCS,2022,FALSE,Missouri Department of Conservation (MDC),SWAP / Comprehensive Conservation Strategy (combined SWAP + SFAP),566,concepts,climate_vulnerability,NA,3,"These glacial relict species may be more vulnerable to a warming climate and precipitation variation, especially droughts, in concert of course with other stressors",Theme Five: Climate Change,exposure
MO_CCS_2022,MO,CCS,2022,FALSE,Missouri Department of Conservation (MDC),SWAP / Comprehensive Conservation Strategy (combined SWAP + SFAP),566,concepts,adaptive_capacity_specificity,NA,2,Species with low adaptive capacity such as those with specialized habitat needs or limited dispersal ability face higher vulnerability to these changes.,Theme Five: Climate Change,NA
MO_CCS_2022,MO,CCS,2022,FALSE,Missouri Department of Conservation (MDC),SWAP / Comprehensive Conservation Strategy (combined SWAP + SFAP),566,concepts,adaptive_capacity_specificity,NA,2,"Now consider how current and projected climate changes may affect species with less mobility who must navigate potential dispersal barriers, such as insufficient or absent natural community or suitable habitat connectivity, infrastructure and development, dams, etc.",Theme Five: Climate Change,NA
MO_CCS_2022,MO,CCS,2022,FALSE,Missouri Department of Conservation (MDC),SWAP / Comprehensive Conservation Strategy (combined SWAP + SFAP),566,concepts,adaptive_capacity_components,distribution,TRUE,"continued loss of range for many species, increased extinction rates, changes in ecosystem phenology, and an overall disruption of ecosystem functions and regulating services",Theme Five: Climate Change,NA
MO_CCS_2022,MO,CCS,2022,FALSE,Missouri Department of Conservation (MDC),SWAP / Comprehensive Conservation Strategy (combined SWAP + SFAP),566,concepts,adaptive_capacity_components,movement,TRUE,"Now consider how current and projected climate changes may affect species with less mobility who must navigate potential dispersal barriers, such as insufficient or absent natural community or suitable habitat connectivity, infrastructure and development, dams, etc. These are challenges that many animals such as herptiles, land mammals, fish, mussels, and others may face.",Theme Five: Climate Change,NA
MO_CCS_2022,MO,CCS,2022,FALSE,Missouri Department of Conservation (MDC),SWAP / Comprehensive Conservation Strategy (combined SWAP + SFAP),566,concepts,adaptive_capacity_components,evolutionary_potential,TRUE,"Populations of species at the edge of their range often have unique genotypes more adapted to extreme conditions, including climate. With extreme climate events projected to become increasingly more common, these range-edge genotypes may be important for maintaining species viability",Genetic Resources (Biodiversity),NA
MO_CCS_2022,MO,CCS,2022,FALSE,Missouri Department of Conservation (MDC),SWAP / Comprehensive Conservation Strategy (combined SWAP + SFAP),566,concepts,adaptive_capacity_components,ecological_dependencies,TRUE,"As plant phenology shifts, the corresponding pollinators and other species must also adapt to this shift to stay in sync, so the system can persist. Beyond the immediate impact for the plant and associated species, the compounded consequences of a breakdown in this synchronization are unknown but are cause for concern through all trophic levels",Theme Five: Climate Change,NA
MO_CCS_2022,MO,CCS,2022,FALSE,Missouri Department of Conservation (MDC),SWAP / Comprehensive Conservation Strategy (combined SWAP + SFAP),566,concepts,adaptive_capacity_components,abiotic_niche,TRUE,"Species that rely on cold or cool water, including aquatic biota such as the Ozark sculpin (Cottus hypselurus), coldwater crayfish (Faxonius eupunctus), and Ozark hellbender (Cryptobranchus alleganiensis bishopi) may also find increasing temperatures and precipitation variability from climate change to be additional stressors",Theme Five: Climate Change,NA
MO_CCS_2022,MO,CCS,2022,FALSE,Missouri Department of Conservation (MDC),SWAP / Comprehensive Conservation Strategy (combined SWAP + SFAP),566,concepts,connectivity,NA,2,"Missouri's approach also promotes connectivity within and among habitat systems by prioritizing those areas that are larger, more intact, nearer to other conservation landscapes, and/or where there is more opportunity to expand conservation action. Improving connectivity will facilitate potential range adjustments that may occur in many species adapting to climate change.",Theme Five: Climate Change / Missouri Efforts,NA
MO_CCS_2022,MO,CCS,2022,FALSE,Missouri Department of Conservation (MDC),SWAP / Comprehensive Conservation Strategy (combined SWAP + SFAP),566,concepts,connectivity,NA,2,"Fragmentation can also change species behavior and cut off migration corridors for flora and fauna -such corridors are becoming increasingly important, given projected changes in climate.",Urban Sprawl and Landscape Fragmentation,NA
MO_CCS_2022,MO,CCS,2022,FALSE,Missouri Department of Conservation (MDC),SWAP / Comprehensive Conservation Strategy (combined SWAP + SFAP),566,concepts,connectivity,NA,2,"Riparian areas are important migration corridors, which may become increasingly important as species adjust ranges under increased climate stress",Climate Regulation (Regulating Services),NA
MO_CCS_2022,MO,CCS,2022,FALSE,Missouri Department of Conservation (MDC),SWAP / Comprehensive Conservation Strategy (combined SWAP + SFAP),566,tools,vulnerability_models,NA,2,The assessment evaluated the vulnerability of terrestrial ecosystems in the Central Hardwoods Region to a range of future climates.,Theme Five: Climate Change,NA
MO_CCS_2022,MO,CCS,2022,FALSE,Missouri Department of Conservation (MDC),SWAP / Comprehensive Conservation Strategy (combined SWAP + SFAP),566,tools,vulnerability_models,NA,2,"Audubon reports Missouri has 13 highly vulnerable, 27 moderate, and 29 bird species of low vulnerability to climate change, as well as 70 reported as stable",Theme Five: Climate Change,NA
MO_CCS_2022,MO,CCS,2022,FALSE,Missouri Department of Conservation (MDC),SWAP / Comprehensive Conservation Strategy (combined SWAP + SFAP),566,tools,niche_models,NA,2,"According to the USFS Climate Change Tree Atlas, while the projected future habitat suitability for many oak species is expected to remain stable or decrease, the suitability for shortleaf pine is expected to increase. Therefore, restoring shortleaf pine to the landscape could help make our woodlands more adaptable and resilient to potential changes in climate.",G.2 Red Oak Decline and Shortleaf Pine Restoration,NA
MO_CCS_2022,MO,CCS,2022,FALSE,Missouri Department of Conservation (MDC),SWAP / Comprehensive Conservation Strategy (combined SWAP + SFAP),566,tools,niche_models,NA,2,Figures 3.5.1-12 include examples from these atlases for 2 tree species and 2 bird species.,Theme Five: Climate Change,NA
MO_CCS_2022,MO,CCS,2022,FALSE,Missouri Department of Conservation (MDC),SWAP / Comprehensive Conservation Strategy (combined SWAP + SFAP),566,tools,climate_models,NA,1,Climate trends projected for the next 100 years by using downscaled global climate model data indicate a potential increase in mean annual temperature of 2 to 7 °F for this region.,Theme Five: Climate Change,NA
MO_CCS_2022,MO,CCS,2022,FALSE,Missouri Department of Conservation (MDC),SWAP / Comprehensive Conservation Strategy (combined SWAP + SFAP),566,tools,climate_models,NA,1,Many climate models project that weather events will become more extreme -large rainfall events followed by longer periods without rain being one example.,Extreme Weather Events,NA
MO_CCS_2022,MO,CCS,2022,FALSE,Missouri Department of Conservation (MDC),SWAP / Comprehensive Conservation Strategy (combined SWAP + SFAP),566,context,management_scale,local,TRUE,"Within each PG, MDC has established a dedicated interdisciplinary team... and challenged each team to employ proactive methods to deliver landscape conservation through both exemplary public land management and community and private land assistance and management.",The Designation of Priority Geographies (Emphasized COAs),NA
MO_CCS_2022,MO,CCS,2022,FALSE,Missouri Department of Conservation (MDC),SWAP / Comprehensive Conservation Strategy (combined SWAP + SFAP),566,context,management_scale,site,TRUE,"The CCS focuses on key conservation challenges and opportunities. The framework embraces landscape-scale conservation, working to maintain, enhance, restore, and re-create healthy natural systems, while not overlooking the value of site-level conservation.",Section One: CCS Overview / Introduction,NA
MO_CCS_2022,MO,CCS,2022,FALSE,Missouri Department of Conservation (MDC),SWAP / Comprehensive Conservation Strategy (combined SWAP + SFAP),566,context,management_scale,watershed,TRUE,Missouri's watershed prioritization is based on two guiding objectives: (1) conserving aquatic health and biodiversity and (2) providing quality areas and opportunities for outdoor recreation.,Missouri's Priority Watersheds,NA
MO_CCS_2022,MO,CCS,2022,FALSE,Missouri Department of Conservation (MDC),SWAP / Comprehensive Conservation Strategy (combined SWAP + SFAP),566,context,management_scale,within_state_region,TRUE,MDC focuses its Fall Flights resources on four high priority waterfowl areas located within the Prairie and Aspen Parkland ecoregions of Manitoba within the PPR.,A Focus on the Prairie Pothole Region of Manitoba,NA
MO_CCS_2022,MO,CCS,2022,FALSE,Missouri Department of Conservation (MDC),SWAP / Comprehensive Conservation Strategy (combined SWAP + SFAP),566,context,management_scale,state,TRUE,"The Missouri Comprehensive Conservation Strategy (CCS) is the integration of Missouri's State Forest Action Plan (SFAP), State Wildlife Action Plan (SWAP), watershed priorities, public and private land conservation opportunities, community conservation strategy, and other conservation challenges and opportunities into a unified framework.",Section One: CCS Overview / Introduction,NA
MO_CCS_2022,MO,CCS,2022,FALSE,Missouri Department of Conservation (MDC),SWAP / Comprehensive Conservation Strategy (combined SWAP + SFAP),566,context,management_scale,multistate,TRUE,"Missouri is part of three joint ventures (Central Hardwoods, Lower Mississippi Valley, and Upper Mississippi River/Great Lakes) and the CCS complements the regional priorities stepped down to the state level.",Multi-State and International Collaboration: Initiatives and Priority Areas,NA
MO_CCS_2022,MO,CCS,2022,FALSE,Missouri Department of Conservation (MDC),SWAP / Comprehensive Conservation Strategy (combined SWAP + SFAP),566,context,management_scale,national,TRUE,"Missouri conservation partners lead or contribute significantly to many regional, national, and international conservation initiatives and working groups.",Multi-State and International Collaboration: Initiatives and Priority Areas,NA
MO_CCS_2022,MO,CCS,2022,FALSE,Missouri Department of Conservation (MDC),SWAP / Comprehensive Conservation Strategy (combined SWAP + SFAP),566,context,management_scale,transnational,TRUE,"Focal countries for full life-cycle conservation of Missouri-breeding SGCNs include Belize, Guatemala, Honduras, Nicaragua, Costa Rica, Colombia, and Ecuador.",Focal countries for full life-cycle conservation,NA
MO_CCS_2022,MO,CCS,2022,FALSE,Missouri Department of Conservation (MDC),SWAP / Comprehensive Conservation Strategy (combined SWAP + SFAP),566,context,management_scale,ecosystem,TRUE,"Collaboration around a bold vision for connecting the lands and waters of the Southeast and the Caribbean to support healthy ecosystems, thriving fish and wildlife populations, and vibrant communities using a data-driven spatial plan",Multi-State and International Collaboration: Initiatives and Priority Areas,NA
MO_CCS_2022,MO,CCS,2022,FALSE,Missouri Department of Conservation (MDC),SWAP / Comprehensive Conservation Strategy (combined SWAP + SFAP),566,context,management_scale,ecoregion,TRUE,"Many portfolio areas were derived from Ecoregional Assessments, but other priorities derived using other planning methodologies are included in this global dataset.",The Nature Conservancy Portfolio Sites,NA
MO_CCS_2022,MO,CCS,2022,FALSE,Missouri Department of Conservation (MDC),SWAP / Comprehensive Conservation Strategy (combined SWAP + SFAP),566,context,management_scale,section,TRUE,"Missouri's ECS ties directly into multi-state and subcontinental scale units already developed by USFS (e.g., Ozark Highlands Section of the Eastern Broadleaf Forest Province). Missouri has 32 ecological subsections",Missouri Natural Communities Background,NA
MO_CCS_2022,MO,CCS,2022,FALSE,Missouri Department of Conservation (MDC),SWAP / Comprehensive Conservation Strategy (combined SWAP + SFAP),566,context,management_scale,subsection,TRUE,"Missouri has 32 ecological subsections and multiple LTAs in its ECS, which are described in Nigh and Schroeder (2002)",Missouri Natural Communities Background,NA
MO_CCS_2022,MO,CCS,2022,FALSE,Missouri Department of Conservation (MDC),SWAP / Comprehensive Conservation Strategy (combined SWAP + SFAP),566,context,management_scale,river,TRUE,"Missouri is geographically situated at the intersection of significant landforms, where the vast plains meet the rugged Ozarks, and encompasses the confluence and significant floodplains of two continentally significant rivers -the Missouri and Mississippi.",Multi-State and International Collaboration: Initiatives and Priority Areas,NA
MO_CCS_2022,MO,CCS,2022,FALSE,Missouri Department of Conservation (MDC),SWAP / Comprehensive Conservation Strategy (combined SWAP + SFAP),566,context,biological_unit_score,NA,2,"continued loss of range for many species, increased extinction rates, changes in ecosystem phenology, and an overall disruption of ecosystem functions and regulating services",Theme Five: Climate Change,species and ecosystem
MO_CCS_2022,MO,CCS,2022,FALSE,Missouri Department of Conservation (MDC),SWAP / Comprehensive Conservation Strategy (combined SWAP + SFAP),566,context,biological_unit_score,NA,2,Improving connectivity will facilitate potential range adjustments that may occur in many species adapting to climate change.,Theme Five: Climate Change / Missouri Efforts,species and habitat
MO_CCS_2022,MO,CCS,2022,FALSE,Missouri Department of Conservation (MDC),SWAP / Comprehensive Conservation Strategy (combined SWAP + SFAP),566,context,biological_unit_components,species,TRUE,"continued loss of range for many species, increased extinction rates, changes in ecosystem phenology, and an overall disruption of ecosystem functions",Theme Five: Climate Change,NA
MO_CCS_2022,MO,CCS,2022,FALSE,Missouri Department of Conservation (MDC),SWAP / Comprehensive Conservation Strategy (combined SWAP + SFAP),566,context,biological_unit_components,population,TRUE,"There is significant concern for species with low mobility and dispersal capacity. For example, Missouri has a number of 'glacial relict' species, more common to the north and east of the state, that were more common in Missouri thousands of years ago when the climatic conditions were cooler and wetter at the end of the last glaciation period.",Theme Five: Climate Change,NA
MO_CCS_2022,MO,CCS,2022,FALSE,Missouri Department of Conservation (MDC),SWAP / Comprehensive Conservation Strategy (combined SWAP + SFAP),566,context,biological_unit_components,habitat,TRUE,Improving connectivity will facilitate potential range adjustments that may occur in many species adapting to climate change.,Theme Five: Climate Change / Missouri Efforts,NA
MO_CCS_2022,MO,CCS,2022,FALSE,Missouri Department of Conservation (MDC),SWAP / Comprehensive Conservation Strategy (combined SWAP + SFAP),566,context,biological_unit_components,ecosystem,TRUE,"an increase in biome transformations, continued loss of range for many species, increased extinction rates, changes in ecosystem phenology, and an overall disruption of ecosystem functions and regulating services",Theme Five: Climate Change,NA
MO_CCS_2022,MO,CCS,2022,FALSE,Missouri Department of Conservation (MDC),SWAP / Comprehensive Conservation Strategy (combined SWAP + SFAP),566,context,biological_unit_components,community,TRUE,"a rapidly changing climate could lead to population declines, local extinctions, and a reshuffling of bird communities causing unpredictable interactions.",Theme Five: Climate Change,NA
MO_CCS_2022,MO,CCS,2022,FALSE,Missouri Department of Conservation (MDC),SWAP / Comprehensive Conservation Strategy (combined SWAP + SFAP),566,context,biological_unit_components,genotype_phenotype,TRUE,"Populations of species at the edge of their range often have unique genotypes more adapted to extreme conditions, including climate. With extreme climate events projected to become increasingly more common, these range-edge genotypes may be important for maintaining species viability",Genetic Resources (Biodiversity),NA
MO_CCS_2022,MO,CCS,2022,FALSE,Missouri Department of Conservation (MDC),SWAP / Comprehensive Conservation Strategy (combined SWAP + SFAP),566,context,partnerships_and_funding,NA,2,AFWA approved a goal for states to collectively contribute up to $10 million per year to the NAWMP projects on the breeding grounds in Canada through the Fall Flights Program... each state's contribution is multiplied at least four-to fivefold.,Conserving Critical Waterfowl Habitat in the Prairie Pothole Region,NA
MO_CCS_2022,MO,CCS,2022,FALSE,Missouri Department of Conservation (MDC),SWAP / Comprehensive Conservation Strategy (combined SWAP + SFAP),566,context,partnerships_and_funding,NA,2,"Since that time, over 30 states have contributed $2.9 million to a variety of conservation efforts on stopover sites and wintering grounds in Mexico, Central America, South America, and the Caribbean.",Neotropical Migrant Bird Conservation Partnerships,NA
MO_CCS_2022,MO,CCS,2022,FALSE,Missouri Department of Conservation (MDC),SWAP / Comprehensive Conservation Strategy (combined SWAP + SFAP),566,context,partnerships_and_funding,NA,2,"NIACS has worked with a variety of Missouri conservation partners, including the Middle Blue River Watershed in Kansas City, the City of Columbia, L-A-D Foundation's Pioneer Forest, the Ozark National Scenic Riverways, and MTNF.",Theme Five: Climate Change / Missouri Efforts,NA
MO_CCS_2022,MO,CCS,2022,FALSE,Missouri Department of Conservation (MDC),SWAP / Comprehensive Conservation Strategy (combined SWAP + SFAP),566,context,climate_threat_habitat_degradation,NA,1,"the growing season in Missouri has increased by an average of one week in both the spring and fall and the past decade has been marked by increased precipitation, especially extreme rain events. These and other possible impacts from climate change are expected to increase, further altering natural systems.",Missouri Natural Systems Modifications,NA
MO_CCS_2022,MO,CCS,2022,FALSE,Missouri Department of Conservation (MDC),SWAP / Comprehensive Conservation Strategy (combined SWAP + SFAP),566,context,climate_threat_habitat_degradation,NA,1,Changing climate patterns including extreme rain events are also altering hydrologic cycles.,Wetlands: Threats and Challenges / System Alterations,NA
MO_CCS_2022,MO,CCS,2022,FALSE,Missouri Department of Conservation (MDC),SWAP / Comprehensive Conservation Strategy (combined SWAP + SFAP),566,context,climate_threat_species_vital_rates,NA,1,"Amphibians in general as a group are vulnerable to the impacts of climate change as an additional stressor. Likewise, cave fauna, including cave-dwelling bats, are vulnerable to changes in cave thermal regimes",Theme Five: Climate Change,NA
MO_CCS_2022,MO,CCS,2022,FALSE,Missouri Department of Conservation (MDC),SWAP / Comprehensive Conservation Strategy (combined SWAP + SFAP),566,context,climate_threat_species_vital_rates,NA,1,"Species that rely on cold or cool water, including aquatic biota such as the Ozark sculpin (Cottus hypselurus), coldwater crayfish (Faxonius eupunctus), and Ozark hellbender (Cryptobranchus alleganiensis bishopi) may also find increasing temperatures and precipitation variability from climate change to be additional stressors",Theme Five: Climate Change,NA
MO_CCS_2022,MO,CCS,2022,FALSE,Missouri Department of Conservation (MDC),SWAP / Comprehensive Conservation Strategy (combined SWAP + SFAP),566,context,climate_threat_biotic_stressors,NA,1,Changes in climate will also create additional management challenges as conditions become more favorable for invasive plant species not currently prevalent in the assessment area.,Theme Five: Climate Change,NA
MO_CCS_2022,MO,CCS,2022,FALSE,Missouri Department of Conservation (MDC),SWAP / Comprehensive Conservation Strategy (combined SWAP + SFAP),566,context,climate_threat_biotic_stressors,NA,1,"Missouri is experiencing an extended growing season resulting in earlier springs and later falls, which has begun to shift the timing of phenological events (e.g., flowering and migration). Numerous native species depend on phenological cues to fulfill important life history needs.",Theme Five: Climate Change,NA
MO_CCS_2022,MO,CCS,2022,FALSE,Missouri Department of Conservation (MDC),SWAP / Comprehensive Conservation Strategy (combined SWAP + SFAP),566,actions,priority_habitat_identification,NA,2,"The 2020 COAs represent the greatest opportunity for regenerative conservation of the state's native flora and fauna and the natural communities they are a part of, including forests and woodlands; savannas, prairies, and grasslands; glades; caves and karst; wetlands; rivers and streams; and cliff and talus.",The Identification of Missouri's Conservation Opportunity Areas,NA
MO_CCS_2022,MO,CCS,2022,FALSE,Missouri Department of Conservation (MDC),SWAP / Comprehensive Conservation Strategy (combined SWAP + SFAP),566,actions,priority_habitat_identification,NA,2,"Missouri's approach also promotes connectivity within and among habitat systems by prioritizing those areas that are larger, more intact, nearer to other conservation landscapes... Improving connectivity will facilitate potential range adjustments that may occur in many species adapting to climate change.",Theme Five: Climate Change / Missouri Efforts,NA
MO_CCS_2022,MO,CCS,2022,FALSE,Missouri Department of Conservation (MDC),SWAP / Comprehensive Conservation Strategy (combined SWAP + SFAP),566,actions,targeted_range_shift_actions,NA,1,Improving connectivity will facilitate potential range adjustments that may occur in many species adapting to climate change.,Theme Five: Climate Change / Missouri Efforts,NA
MO_CCS_2022,MO,CCS,2022,FALSE,Missouri Department of Conservation (MDC),SWAP / Comprehensive Conservation Strategy (combined SWAP + SFAP),566,actions,targeted_range_shift_actions,NA,1,"Riparian areas are important migration corridors, which may become increasingly important as species adjust ranges under increased climate stress",Climate Regulation (Regulating Services),NA
MO_CCS_2022,MO,CCS,2022,FALSE,Missouri Department of Conservation (MDC),SWAP / Comprehensive Conservation Strategy (combined SWAP + SFAP),566,actions,time_bound_and_monitoring,NA,1,The CCS will be reviewed on a five-year rotation starting in 2025. Each review and subsequent revision will include any changes or shifts in Missouri's conservation priorities. The first comprehensive revision of the CCS is scheduled to be submitted to the USFS and USFWS in 2030.,Timeframe and Revision,NA
MO_CCS_2022,MO,CCS,2022,FALSE,Missouri Department of Conservation (MDC),SWAP / Comprehensive Conservation Strategy (combined SWAP + SFAP),566,actions,time_bound_and_monitoring,NA,1,Monitoring will be necessary to detect changes in communities as a result of management actions or the impacts of threats and stressors and will enable conservation partners to respond to emerging threats in a timely and effective manner.,Theme Five: Climate Change / Missouri Efforts,NA
MO_CCS_2022,MO,CCS,2022,FALSE,Missouri Department of Conservation (MDC),SWAP / Comprehensive Conservation Strategy (combined SWAP + SFAP),566,actions,evidence_of_efficacy,NA,2,"Results from these partnerships and tools provide evidence that Missouri's natural community-based approach, focused on landscape-level health and resiliency, is an important component in a larger approach to mitigate the threat of climate change.",Theme Five: Climate Change / Missouri Efforts,NA
MO_CCS_2022,MO,CCS,2022,FALSE,Missouri Department of Conservation (MDC),SWAP / Comprehensive Conservation Strategy (combined SWAP + SFAP),566,actions,evidence_of_efficacy,NA,2,"According to the USFS Climate Change Tree Atlas, while the projected future habitat suitability for many oak species is expected to remain stable or decrease, the suitability for shortleaf pine is expected to increase. Therefore, restoring shortleaf pine to the landscape could help make our woodlands more adaptable and resilient to potential changes in climate.",G.2 Red Oak Decline and Shortleaf Pine Restoration,NA
MO_CCS_2022,MO,CCS,2022,FALSE,Missouri Department of Conservation (MDC),SWAP / Comprehensive Conservation Strategy (combined SWAP + SFAP),566,actions,adaptation_planning_frameworks,NA,1,Missouri has been an important partner in these efforts and has helped adapt planning approaches to incorporate climate change impacts.,Theme Five: Climate Change / Missouri Efforts,NA
MO_CCS_2022,MO,CCS,2022,FALSE,Missouri Department of Conservation (MDC),SWAP / Comprehensive Conservation Strategy (combined SWAP + SFAP),566,actions,adaptation_planning_frameworks,NA,1,"the new paradigm to conservation, one that emphasizes coordination among partners across large scales, increasing connectivity and resiliency.",Theme Five: Climate Change / Missouri Efforts,NA
MT_FAP_2020,MT,FAP,2020,FALSE,Montana,Forest Action Plan,371,concepts,climate_vulnerability,NA,2,"The speed and magnitude of climate change may mean that increased forest mortality and contractions in forest distribution will outpace any gains in forest growth and productivity over the long run, leading to a net loss of forested area in Montana.",Climate Change Impacts / Forest Stand Conditions,exposure
MT_FAP_2020,MT,FAP,2020,FALSE,Montana,Forest Action Plan,371,concepts,climate_vulnerability,NA,2,Species with low adaptive capacity such as those with specialized habitat needs or limited dispersal ability face higher vulnerability to these changes.,Aquatic Ecology / Climate Change,adaptive capacity
MT_FAP_2020,MT,FAP,2020,FALSE,Montana,Forest Action Plan,371,concepts,adaptive_capacity_specificity,NA,2,Species with low adaptive capacity such as those with specialized habitat needs or limited dispersal ability face higher vulnerability to these changes.,Aquatic Ecology / Climate Change,NA
MT_FAP_2020,MT,FAP,2020,FALSE,Montana,Forest Action Plan,371,concepts,adaptive_capacity_specificity,NA,2,Managers are seeking to better understand climate change and build adaptive capacity into their management practices.,Montana's Statewide section,NA
MT_FAP_2020,MT,FAP,2020,FALSE,Montana,Forest Action Plan,371,concepts,adaptive_capacity_components,distribution,TRUE,"Some tree species will expand their geographic ranges while others will contract, and some models predict an overall loss of forested landscapes throughout the state (Keane et al., 2018; Whitlock et al., 2017).",MT_FAP-S_2020 / Forest Health section,NA
MT_FAP_2020,MT,FAP,2020,FALSE,Montana,Forest Action Plan,371,concepts,adaptive_capacity_components,movement,TRUE,"In addition to earlier recognition of the importance of wildlife habitat connectivity, shifts in climate may also require species to move within and between intact landscapes (Carroll et al., 2018).",Biodiversity & Habitat Conservation / Climate Change,NA
MT_FAP_2020,MT,FAP,2020,FALSE,Montana,Forest Action Plan,371,concepts,adaptive_capacity_components,ecological_dependencies,TRUE,"Warmer waters favor introduced salmonid species that directly compete with bull trout for resources and can also hybridize with them, potentially breeding them out of existence.",Aquatic Ecology / Climate Change & Species Displacement,NA
MT_FAP_2020,MT,FAP,2020,FALSE,Montana,Forest Action Plan,371,concepts,adaptive_capacity_components,abiotic_niche,TRUE,"Bull trout, an endangered native fish species, require cold-water streams to thrive. The increase in water temperatures due to climate change have caused bull trout to shift their distribution upstream, as they seek access to cooler habitats (Eby et al., 2014).",Aquatic Ecology / Climate Change & Species Displacement,NA
MT_FAP_2020,MT,FAP,2020,FALSE,Montana,Forest Action Plan,371,concepts,connectivity,NA,2,"Connectivity habitats are recognized in the Assessment of Need and National Core Criteria as priorities for the program, which would help assure the ability of plants and animals to shift their range as climates change.",MT_FAP-RA_2020 / Public Involvement section,NA
MT_FAP_2020,MT,FAP,2020,FALSE,Montana,Forest Action Plan,371,concepts,connectivity,NA,2,"In addition to earlier recognition of the importance of wildlife habitat connectivity, shifts in climate may also require species to move within and between intact landscapes (Carroll et al., 2018).",Biodiversity & Habitat Conservation / Climate Change,NA
MT_FAP_2020,MT,FAP,2020,FALSE,Montana,Forest Action Plan,371,tools,climate_models,NA,1,"Temperatures across the state are projected to increase by 4.5-6 °F by 2050 and by 5.6-9.8 °F by 2100, which is higher than projected for much of the country.",Montana's Statewide / Climate Change section,NA
MT_FAP_2020,MT,FAP,2020,FALSE,Montana,Forest Action Plan,371,tools,connectivity_models,NA,2,"A Geographic Information System (GIS) is a technological system for gathering, managing, and analyzing spatial data... This data-derived GIS methodology was used to identify the landscape-scale areas that represent the greatest risk of wildfire and forest health.",Priority Area Identification and Methodology,NA
MT_FAP_2020,MT,FAP,2020,FALSE,Montana,Forest Action Plan,371,tools,connectivity_models,NA,2,"The Crucial Areas Planning System was developed to provide useful and nonregulatory information during the early planning stages of development projects, conservation opportunities, and environmental review.",Biodiversity & Habitat Conservation / Existing Strategies,NA
MT_FAP_2020,MT,FAP,2020,FALSE,Montana,Forest Action Plan,371,context,management_scale,local,TRUE,"Specifically, the seventh principle states: Community involvement and support enhances the ability to achieve restoration on the ground. Successful restoration seems to occur when there is a consensus-building, grassroots collaborative group",Forest Collaboration & Collaborative Capacity,NA
MT_FAP_2020,MT,FAP,2020,FALSE,Montana,Forest Action Plan,371,context,management_scale,watershed,TRUE,Priority Area polygons were intersected with watersheds (HUC-10) and major transportation corridors to create discrete localized areas of elevated fire risk and degraded forest health across the state.,Priority Area Identification and Methodology / Raster Generalization,NA
MT_FAP_2020,MT,FAP,2020,FALSE,Montana,Forest Action Plan,371,context,management_scale,county,TRUE,"By formally partnering with all 56 Counties in Montana, DNRC ensures wildland fire protection on over 45 million acres of state and private land through an arrangement known as the State-County Co-op Fire Protection arrangement.",MT_FAP-S_2020 / County Co-op Program,NA
MT_FAP_2020,MT,FAP,2020,FALSE,Montana,Forest Action Plan,371,context,management_scale,within_state_region,TRUE,"MFAAC divided the state into seven distinct forest regions based on the unique vegetation community, localized climate conditions, and topography (Arno, 1979). The model was normalized within each forest region to better identify high-risk areas relative to the typical forest conditions found within that region.",MT_FAP-S_2020 / Priority Areas for Focused Attention,NA
MT_FAP_2020,MT,FAP,2020,FALSE,Montana,Forest Action Plan,371,context,management_scale,state,TRUE,The purpose of the Statewide Assessment of Forest Conditions is to identify conditions and trends concerning state forest resources and highlight threats to forest lands and resources consistent with national priorities.,Statewide Assessment of Forest Conditions,NA
MT_FAP_2020,MT,FAP,2020,FALSE,Montana,Forest Action Plan,371,context,management_scale,multistate,TRUE,"Montana shares borders with four states and three Canadian provinces, providing multiple opportunities to develop relationships and solve problems collaboratively across the region at a larger scale.",Multi-State Priority Areas,NA
MT_FAP_2020,MT,FAP,2020,FALSE,Montana,Forest Action Plan,371,context,management_scale,national,TRUE,"Montana, in keeping with other states and geographic areas, follows the vision and goals from the National Cohesive Wildland Fire Management Strategy.",Wildfire Risk / Wildfire Protection Roles,NA
MT_FAP_2020,MT,FAP,2020,FALSE,Montana,Forest Action Plan,371,context,management_scale,transnational,TRUE,"Crown Managers Partnership -The Crown Managers Partnership is a multi-jurisdictional partnership amongst federal, state, provincial, tribal, and First Nation agency managers and universities in Montana, Alberta, and British Columbia.",Multi-State Priority Areas,NA
MT_FAP_2020,MT,FAP,2020,FALSE,Montana,Forest Action Plan,371,context,management_scale,ecosystem,TRUE,"The Crown of the Continent, an 81 million-acre ecosystem bridging the United States and Canada, including Glacier and Waterton Lakes National Parks.",MT_FAP-RA_2020 / Northwest Montana Forest Legacy Area,NA
MT_FAP_2020,MT,FAP,2020,FALSE,Montana,Forest Action Plan,371,context,management_scale,river,TRUE,"The state Water Management Bureau has organized surface and groundwater management based on regional watershed basins, consisting of four major river basins: Clark Fork/Kootenai River Basins, Lower Missouri River Basin, Upper Missouri River Basin, and Yellowstone River Basin",Aquatic Ecology / Aquatic Ecological Systems,NA
MT_FAP_2020,MT,FAP,2020,FALSE,Montana,Forest Action Plan,371,context,biological_unit_score,NA,2,"Bull trout, an endangered native fish species, require cold-water streams to thrive. The increase in water temperatures due to climate change have caused bull trout to shift their distribution upstream, as they seek access to cooler habitats (Eby et al., 2014).",Aquatic Ecology / Climate Change & Species Displacement,species
MT_FAP_2020,MT,FAP,2020,FALSE,Montana,Forest Action Plan,371,context,biological_unit_score,NA,2,"Some tree species will expand their geographic ranges while others will contract, and some models predict an overall loss of forested landscapes throughout the state",MT_FAP-S_2020 / Forest Health,habitat/ecosystem
MT_FAP_2020,MT,FAP,2020,FALSE,Montana,Forest Action Plan,371,context,biological_unit_components,species,TRUE,"Bull trout, an endangered native fish species, require cold-water streams to thrive. The increase in water temperatures due to climate change have caused bull trout to shift their distribution upstream, as they seek access to cooler habitats (Eby et al., 2014).",Aquatic Ecology / Climate Change & Species Displacement,NA
MT_FAP_2020,MT,FAP,2020,FALSE,Montana,Forest Action Plan,371,context,biological_unit_components,habitat,TRUE,"Over time, areas of biodiversity and resilience may offer priorities for conservation and managing as refugia, particularly for climate-sensitive species (Keppel & Wardell-Johnson, 2012).",Biodiversity & Habitat Conservation / Climate Change,NA
MT_FAP_2020,MT,FAP,2020,FALSE,Montana,Forest Action Plan,371,context,biological_unit_components,ecosystem,TRUE,"The effects of climate change on fresh waters have already been seen, with decreased ice cover duration on lakes and rivers, warming temperatures shifting the species composition of fish assemblages, and the subsequent altered trophic dynamics of aquatic species (Buisson et al., 2008).",Aquatic Ecology / Climate Change,NA
MT_FAP_2020,MT,FAP,2020,FALSE,Montana,Forest Action Plan,371,context,biological_unit_components,community,TRUE,"warming temperatures shifting the species composition of fish assemblages, and the subsequent altered trophic dynamics of aquatic species (Buisson et al., 2008).",Aquatic Ecology / Climate Change,NA
MT_FAP_2020,MT,FAP,2020,FALSE,Montana,Forest Action Plan,371,context,partnerships_and_funding,NA,2,"Crown Managers Partnership -The Crown Managers Partnership is a multi-jurisdictional partnership amongst federal, state, provincial, tribal, and First Nation agency managers and universities in Montana, Alberta, and British Columbia. We recognize that no single agency has the mandate or resources to address regional environmental issues, so we work across borders to address common ecological challenges throughout the Crown of the Continent Ecosystem.",Multi-State Priority Areas,NA
MT_FAP_2020,MT,FAP,2020,FALSE,Montana,Forest Action Plan,371,context,partnerships_and_funding,NA,2,"FWP has more recently worked with a partnership of agencies and organizations to identify and initiate conservation and restoration of important habitat linkages that allow uninhibited movements of ungulates, large carnivores, and other wildlife within and between intact natural landscapes.",MT_FAP-RA / Agencies and Organizations,NA
MT_FAP_2020,MT,FAP,2020,FALSE,Montana,Forest Action Plan,371,context,partnerships_and_funding,NA,2,The state of Montana continues to invest funding for collaborative capacity through its Forests in Focus Initiative and through legislative appropriation.,Forest Collaboration & Collaborative Capacity,NA
MT_FAP_2020,MT,FAP,2020,FALSE,Montana,Forest Action Plan,371,context,climate_threat_habitat_degradation,NA,1,"The anticipated changes in Montana's climatic conditions will alter air temperature, precipitation, and snowpack in ways that will shift hydrologic regimes of river and stream networks, shrink or eliminate isolated wetlands, and put additional stress on groundwater, surface water reservoirs, and water delivery systems (Whitlock et al., 2017).",Aquatic Ecology section,NA
MT_FAP_2020,MT,FAP,2020,FALSE,Montana,Forest Action Plan,371,context,climate_threat_species_vital_rates,NA,1,"Bull trout, an endangered native fish species, require cold-water streams to thrive. The increase in water temperatures due to climate change have caused bull trout to shift their distribution upstream, as they seek access to cooler habitats (Eby et al., 2014).",Aquatic Ecology / Climate Change & Species Displacement,NA
MT_FAP_2020,MT,FAP,2020,FALSE,Montana,Forest Action Plan,371,context,climate_threat_biotic_stressors,NA,1,"Climate change will also continue to exacerbate the spread of invasive species, threatening increased loss of habitat and ecosystem services.",MT_FAP-S_2020 / Forest Health section,NA
MT_FAP_2020,MT,FAP,2020,FALSE,Montana,Forest Action Plan,371,actions,priority_habitat_identification,NA,2,Priority Areas for Focused Attention are displayed via an interactive web map that can be found at https://www.montanaforestactionplan.org/pages/data.,Priority Areas for Focused Attention,NA
MT_FAP_2020,MT,FAP,2020,FALSE,Montana,Forest Action Plan,371,actions,priority_habitat_identification,NA,2,"Over time, areas of biodiversity and resilience may offer priorities for conservation and managing as refugia, particularly for climate-sensitive species (Keppel & Wardell-Johnson, 2012).",Biodiversity & Habitat Conservation / Climate Change,NA
MT_FAP_2020,MT,FAP,2020,FALSE,Montana,Forest Action Plan,371,actions,targeted_range_shift_actions,NA,1,"Connectivity habitats are recognized in the Assessment of Need and National Core Criteria as priorities for the program, which would help assure the ability of plants and animals to shift their range as climates change.",MT_FAP-RA_2020 / Public Involvement section,NA
MT_FAP_2020,MT,FAP,2020,FALSE,Montana,Forest Action Plan,371,actions,time_bound_and_monitoring,NA,1,"Identify and release performance targets by Summer 2021, and track them through the Montana Forest Action Plan.",MT_FAP-S_2020 / Sustaining Cross-Boundary Work / Recommended Goals,NA
MT_FAP_2020,MT,FAP,2020,FALSE,Montana,Forest Action Plan,371,actions,evidence_of_efficacy,NA,1,"Prescribed fire is a proven means of reducing fuels and realigning disturbance regimes, and is also an effective means of managing insects and diseases.",Insects and Diseases / Opportunities,NA
MT_FAP_2020,MT,FAP,2020,FALSE,Montana,Forest Action Plan,371,actions,adaptation_planning_frameworks,NA,2,Develop strategies to integrate climate adaptation with disaster mitigation plans and wildfire planning efforts to support resilience planning and facilitate implementation.,MT_FAP-S_2020 / Wildfire Risk Goals,NA
MT_FAP_2020,MT,FAP,2020,FALSE,Montana,Forest Action Plan,371,actions,adaptation_planning_frameworks,NA,2,"Develop, implement, and fund an adaptive management strategy for the Montana Forest Action Plan.",MT_FAP-S_2020 / Sustaining Cross-Boundary Work Goals,NA
NC_FAP_2020,NC,FAP,2020,FALSE,North Carolina,Forest Action Plan,207,concepts,climate_vulnerability,NA,1,"Climate change and major weather events will directly impact forest resources, creating challenges to traditional forest management strategies and potentially compounding other forest threats.",NOTABLE RESOURCES NEEDED (Goal 2 intro),NA
NC_FAP_2020,NC,FAP,2020,FALSE,North Carolina,Forest Action Plan,207,concepts,climate_vulnerability,NA,1,"Increased levels of disturbance risk, resulting from climate change, worsen the profitability of forestry regardless of the forest productivity scenario.",Economic and Financial Impacts to Forestry (Climate and Weather / CURRENT CONDITIONS AND TRENDS),NA
NC_FAP_2020,NC,FAP,2020,FALSE,North Carolina,Forest Action Plan,207,concepts,adaptive_capacity_specificity,NA,1,"Longleaf pine and its associated plant community's tolerance to fire, ability to grow in wet and dry weather condition, ability to withstand strong winds, and resistance to beetle infestation make it well suited to thrive under predicted climate changes.",Forest Impacts (Climate and Weather / NOTABLE THREATS),NA
NC_FAP_2020,NC,FAP,2020,FALSE,North Carolina,Forest Action Plan,207,concepts,adaptive_capacity_components,distribution,TRUE,"Northward and westward migration of other tree and plant species, as well as insects and pathogens due to rising temperatures, will have varying effects on forest productivity and health.",Forest Impacts (Climate and Weather / NOTABLE THREATS),NA
NC_FAP_2020,NC,FAP,2020,FALSE,North Carolina,Forest Action Plan,207,concepts,adaptive_capacity_components,movement,TRUE,"Rising temperatures will allow top-performing southern-origin loblolly pine families to be moved further north, thereby increasing pine plantation productivity.",Forest Impacts (Climate and Weather / NOTABLE THREATS),NA
NC_FAP_2020,NC,FAP,2020,FALSE,North Carolina,Forest Action Plan,207,concepts,adaptive_capacity_components,abiotic_niche,TRUE,"Longleaf pine and its associated plant community's tolerance to fire, ability to grow in wet and dry weather condition, ability to withstand strong winds, and resistance to beetle infestation make it well suited to thrive under predicted climate changes.",Forest Impacts (Climate and Weather / NOTABLE THREATS),NA
NC_FAP_2020,NC,FAP,2020,FALSE,North Carolina,Forest Action Plan,207,concepts,connectivity,NA,1,"Several organizations and agencies have focused their efforts on forest habitat protection and restoration, prioritizing forest connectivity, rare and sensitive ecosystems, working forests, and promoting adaptive or resilient landscapes.","CURRENT CONDITIONS AND TRENDS (Goal 1, habitat/species section)",NA
NC_FAP_2020,NC,FAP,2020,FALSE,North Carolina,Forest Action Plan,207,concepts,connectivity,NA,1,Maintain and establish corridors connecting large managed wildlife areas.,Goals and Objectives of FLA for Public Benefit (Sandhills/Uwharries section),NA
NC_FAP_2020,NC,FAP,2020,FALSE,North Carolina,Forest Action Plan,207,tools,climate_models,NA,1,"""By the end of this century, annual average temperature increases relative to the recent climate (1996-2015) for North Carolina are projected to be on the order of 6°-10°F under a higher scenario … and 2°-6°F under a lower scenario …""",Climate and Weather / NOTABLE THREATS,NA
NC_FAP_2020,NC,FAP,2020,FALSE,North Carolina,Forest Action Plan,207,tools,climate_models,NA,1,It is estimated that by the year 2100 global average sea level will increase anywhere from 1.3 to 2.4 feet depending on greenhouse gas emissions.,Figure 2.3.2. North Carolina Sea-Level Rise Vulnerability Map,NA
NC_FAP_2020,NC,FAP,2020,FALSE,North Carolina,Forest Action Plan,207,context,management_scale,local,TRUE,"These strategies involve actions at various levels (ex. State, county, individual woodland owners) but all are aimed at making North Carolina's rural and urban forest resources healthier, more resilient and productive.",Executive Summary,NA
NC_FAP_2020,NC,FAP,2020,FALSE,North Carolina,Forest Action Plan,207,context,management_scale,watershed,TRUE,4.1.6-Retain and/or expand forestland cover in priority watersheds.,Strategies (Goal 4 strategy table),NA
NC_FAP_2020,NC,FAP,2020,FALSE,North Carolina,Forest Action Plan,207,context,management_scale,county,TRUE,"These strategies involve actions at various levels (ex. State, county, individual woodland owners) but all are aimed at making North Carolina's rural and urban forest resources healthier, more resilient and productive.",Executive Summary,NA
NC_FAP_2020,NC,FAP,2020,FALSE,North Carolina,Forest Action Plan,207,context,management_scale,within_state_region,TRUE,"In terms of region, the Piedmont region has more than 5 million acres of timberland, followed by the Southern Coastal Plain with 4.4 million acres, the Northern Coastal Plain with 3.2 million acres, and the Mountains region with 2.8 million acres.",Status of North Carolina's Timberlands,NA
NC_FAP_2020,NC,FAP,2020,FALSE,North Carolina,Forest Action Plan,207,context,management_scale,state,TRUE,"The 2020 North Carolina Forest Action Plan represents a clear path for protecting, conserving and enhancing North Carolina's forest resources and the many benefits we enjoy from them.",Executive Summary,NA
NC_FAP_2020,NC,FAP,2020,FALSE,North Carolina,Forest Action Plan,207,context,management_scale,multistate,TRUE,This plan addresses many forestry issues that overlap landowner and county boundaries. Some of these same forestry issues also extend beyond regional areas and even state boundaries.,Collaboration on Regional and Multistate Priorities,NA
NC_FAP_2020,NC,FAP,2020,FALSE,North Carolina,Forest Action Plan,207,context,management_scale,ecosystem,TRUE,1.2-Conserve high-priority forest ecosystems and landscapes.,Objectives (Goal 1),NA
NC_FAP_2020,NC,FAP,2020,FALSE,North Carolina,Forest Action Plan,207,context,management_scale,ecoregion,TRUE,"Through ecozone mapping, the Southern Blue Ridge Fire Learning Network (SBRFLN) has identified oak-pine, shortleaf-oak, dry-mesic oak, dry oak, high elevation red oak, and mesic oak forests as ecosystems that are fire mediated.",Oak Woodlands,NA
NC_FAP_2020,NC,FAP,2020,FALSE,North Carolina,Forest Action Plan,207,context,biological_unit_score,NA,2,"Northward and westward migration of other tree and plant species, as well as insects and pathogens due to rising temperatures, will have varying effects on forest productivity and health.",Forest Impacts (Climate and Weather / NOTABLE THREATS),species
NC_FAP_2020,NC,FAP,2020,FALSE,North Carolina,Forest Action Plan,207,context,biological_unit_score,NA,2,We will see a continued loss of forests along the coastal fringe as saltwater intrusion expands its reach inland. New management options will be needed for landowners in these areas.,Forest Impacts (Climate and Weather / NOTABLE THREATS),habitat
NC_FAP_2020,NC,FAP,2020,FALSE,North Carolina,Forest Action Plan,207,context,biological_unit_components,species,TRUE,"Northward and westward migration of other tree and plant species, as well as insects and pathogens due to rising temperatures, will have varying effects on forest productivity and health.",Forest Impacts (Climate and Weather / NOTABLE THREATS),NA
NC_FAP_2020,NC,FAP,2020,FALSE,North Carolina,Forest Action Plan,207,context,biological_unit_components,habitat,TRUE,"We will see a continued loss of forests along the coastal fringe as saltwater intrusion expands its reach inland. New management options will be needed for landowners in these areas. A renewed emphasis may be needed to preserve, restore or reimagine the function/makeup of a maritime forest.",Forest Impacts (Climate and Weather / NOTABLE THREATS),NA
NC_FAP_2020,NC,FAP,2020,FALSE,North Carolina,Forest Action Plan,207,context,partnerships_and_funding,NA,1,"USFS Landscape-Scale Restoration (LSR) grants, critical to longleaf management training for natural resource professionals and landowners, which is one of the fundamental reasons the species is beginning to be restored to its natural range.",Collaboration on Regional and Multistate Priorities,NA
NC_FAP_2020,NC,FAP,2020,FALSE,North Carolina,Forest Action Plan,207,context,partnerships_and_funding,NA,1,"National Fish and Wildlife Foundation (NFWF) grants, including the funding for trainings, dedicated to the effective management of forest habitats critical to threatened and endangered species as well as species of concern.",Collaboration on Regional and Multistate Priorities,NA
NC_FAP_2020,NC,FAP,2020,FALSE,North Carolina,Forest Action Plan,207,context,climate_threat_habitat_degradation,NA,1,We will see a continued loss of forests along the coastal fringe as saltwater intrusion expands its reach inland. New management options will be needed for landowners in these areas.,Forest Impacts (Climate and Weather / NOTABLE THREATS),NA
NC_FAP_2020,NC,FAP,2020,FALSE,North Carolina,Forest Action Plan,207,context,climate_threat_habitat_degradation,NA,1,"Dramatic swings in wet and dry weather patterns are resulting in more intense fires, thus resulting in more acres burned and more resources needed to contain the fires.",Forest Impacts (Climate and Weather / CURRENT CONDITIONS AND TRENDS),NA
NC_FAP_2020,NC,FAP,2020,FALSE,North Carolina,Forest Action Plan,207,context,climate_threat_species_vital_rates,NA,1,"Salt intolerant trees in coastal areas and along tidally influenced rivers have been impacted by salt deposition from storm surge, storm tides and evaporated sea spray, likely causing loss of growth, stress and some scattered mortality.",Forest Impacts (Climate and Weather / CURRENT CONDITIONS AND TRENDS),NA
NC_FAP_2020,NC,FAP,2020,FALSE,North Carolina,Forest Action Plan,207,context,climate_threat_species_vital_rates,NA,1,"Repeated salt deposition will continue to impact coastal and tidally influenced riverine forests, causing eventual mortality to salt intolerant species and shifts in species composition to more tolerant species.",Forest Impacts (Climate and Weather / NOTABLE THREATS),NA
NC_FAP_2020,NC,FAP,2020,FALSE,North Carolina,Forest Action Plan,207,context,climate_threat_biotic_stressors,NA,1,"Northward and westward migration of other tree and plant species, as well as insects and pathogens due to rising temperatures, will have varying effects on forest productivity and health.",Forest Impacts (Climate and Weather / NOTABLE THREATS),NA
NC_FAP_2020,NC,FAP,2020,FALSE,North Carolina,Forest Action Plan,207,actions,priority_habitat_identification,NA,2,"Priority Forested Watersheds, Statewide Overview",Figure 4.1.3.,NA
NC_FAP_2020,NC,FAP,2020,FALSE,North Carolina,Forest Action Plan,207,actions,priority_habitat_identification,NA,2,2.3.2-Develop and promote forest management practices specifically for areas most likely to be affected by sea-level change and saltwater intrusion.,Strategies (Goal 2),NA
NC_FAP_2020,NC,FAP,2020,FALSE,North Carolina,Forest Action Plan,207,actions,priority_habitat_identification,NA,2,Figure 2.3.2. North Carolina Sea-Level Rise Vulnerability Map,SUPPORTING INFORMATION (Climate and Weather section),NA
NC_FAP_2020,NC,FAP,2020,FALSE,North Carolina,Forest Action Plan,207,actions,time_bound_and_monitoring,NA,1,"Projections above generally cover the long-term view through 2100. The projected threats and issues affecting trees, forests and forestry programs listed below are primarily limited to the 10-year period from 2020-2029.",Climate and Weather / NOTABLE THREATS,deadline
NC_FAP_2020,NC,FAP,2020,FALSE,North Carolina,Forest Action Plan,207,actions,time_bound_and_monitoring,NA,1,2.3.1-Promote research and knowledge sharing targeted toward better understanding of potential direct impacts to trees and forests from climate change and air quality.,Strategies (Goal 2),deadline
NC_FAP_2020,NC,FAP,2020,FALSE,North Carolina,Forest Action Plan,207,actions,evidence_of_efficacy,NA,1,"Longleaf pine and its associated plant community's tolerance to fire, ability to grow in wet and dry weather condition, ability to withstand strong winds, and resistance to beetle infestation make it well suited to thrive under predicted climate changes.",Forest Impacts (Climate and Weather / NOTABLE THREATS),NA
NC_FAP_2020,NC,FAP,2020,FALSE,North Carolina,Forest Action Plan,207,actions,adaptation_planning_frameworks,NA,1,"Forestry BMPs remain a prime example of 'adaptive management' and may need to address changes in environmental/climatological factors, policy governance, socio-cultural expectations and market dynamics.","Goal 4, Five key points",NA
ND_FAP_2020,ND,FAP,2020,FALSE,North Dakota,Forest Action Plan,52,concepts,climate_vulnerability,NA,1,"Climate changes will affect disturbance regimes, insect and disease outbreaks, fire season length, recreational values and productivity. Forests should be managed sustainably to help them adapt to anticipated changes.",Climate Change,NA
ND_FAP_2020,ND,FAP,2020,FALSE,North Dakota,Forest Action Plan,52,tools,climate_models,NA,1,"North Dakota has experienced temperature increases, with annual average temperatures increasing at a rate of 0.26 degree per decade since 1990. This increase is most evident in winter warming, which has been characterized by the much below-average occurrence of extremely cold days since 1980",Climate Change,NA
ND_FAP_2020,ND,FAP,2020,FALSE,North Dakota,Forest Action Plan,52,context,management_scale,local,TRUE,The local scale of these plans may limit their incorporation into the state assessment. Seventeen counties in North Dakota have CWPP in place.,Community Wildfire Protection Plans,NA
ND_FAP_2020,ND,FAP,2020,FALSE,North Dakota,Forest Action Plan,52,context,management_scale,site,TRUE,"The Ponderosa Pine Hazardous Fuels Reduction Prescription is outlined in the landowner's forest stewardship management plan. This multiyear effort is taking place on private land, treating overstocked, deteriorating ponderosa pine stands adjacent to the Dakota Prairie Grasslands.",Hazardous Fuels Reduction -North Dakota Forest Service (NDFS),NA
ND_FAP_2020,ND,FAP,2020,FALSE,North Dakota,Forest Action Plan,52,context,management_scale,watershed,TRUE,Each of these major river systems is composed of numerous tributaries and subwatersheds.,Riparian Forests,NA
ND_FAP_2020,ND,FAP,2020,FALSE,North Dakota,Forest Action Plan,52,context,management_scale,city,TRUE,"Strategy 1.1c: Strengthen collaborative and large-scale planning at city, county, state and federal levels",[TABLE] Dakota Priority Issue 2.2,NA
ND_FAP_2020,ND,FAP,2020,FALSE,North Dakota,Forest Action Plan,52,context,management_scale,county,TRUE,Wildland fire risk varies by county and the region of the state (Figure 15).,Wildland Fire Priority Areas,NA
ND_FAP_2020,ND,FAP,2020,FALSE,North Dakota,Forest Action Plan,52,context,management_scale,within_state_region,TRUE,"Priority areas of upland forests are delineated primarily on the basis of the concentration of forested lands in the state. Priority areas may include the Turtle Mountains, Devils Lake Hills, Pembina Gorge, Sheyenne River Valley, Killdeer Mountains and the pine forests of southwestern North Dakota",Section 4. Priority Forest Resources / Upland Forests,NA
ND_FAP_2020,ND,FAP,2020,FALSE,North Dakota,Forest Action Plan,52,context,management_scale,state,TRUE,"North Dakota's forest action plan provides a long-term, comprehensive, coordinated strategy for leveraging state, federal and partner resources to address the management and landscape priorities identified.",Introduction,NA
ND_FAP_2020,ND,FAP,2020,FALSE,North Dakota,Forest Action Plan,52,context,management_scale,multistate,TRUE,All of the priority issues outlined in the North Dakota Forest Action Plan bear some resonance in adjacent states and the need for interstate collaboration exists to discover creative solutions to these shared issues.,Multistate Priority Areas,NA
ND_FAP_2020,ND,FAP,2020,FALSE,North Dakota,Forest Action Plan,52,context,management_scale,ecosystem,TRUE,"Despite the undesired social and economic impacts of wildland fire, it is crucial for the functioning of many ecosystems, augmenting ecological services and maintaining biological diversity.",Wildland Fire,NA
ND_FAP_2020,ND,FAP,2020,FALSE,North Dakota,Forest Action Plan,52,context,management_scale,river,TRUE,"Major rivers in North Dakota include the Red River (and tributaries), Sheyenne River, Mouse River, James River and Missouri River (and tributaries) (Figure 12).",Riparian Forests,NA
ND_FAP_2020,ND,FAP,2020,FALSE,North Dakota,Forest Action Plan,52,context,biological_unit_score,NA,2,"Notable forest-dependent species of interest include little brown bat (Myotis lucifugus), big brown bat (Eptesicus fuscus), northern long eared bat (Myotis septentrionalis), golden eagle (Aquila chrysaetos), American marten (Martes Americana) and horned grebe (Podiceps auritus)",State Wildlife Action Plan,species
ND_FAP_2020,ND,FAP,2020,FALSE,North Dakota,Forest Action Plan,52,context,biological_unit_score,NA,2,"The elm/ash/cottonwood forest type is the most abundant of all forest types in North Dakota and occurs along rivers, lakes and streams.",Riparian Forests,habitat
ND_FAP_2020,ND,FAP,2020,FALSE,North Dakota,Forest Action Plan,52,context,biological_unit_components,species,TRUE,"Notable forest-dependent species of interest include little brown bat (Myotis lucifugus), big brown bat (Eptesicus fuscus), northern long eared bat (Myotis septentrionalis), golden eagle (Aquila chrysaetos), American marten (Martes Americana) and horned grebe (Podiceps auritus)",State Wildlife Action Plan,NA
ND_FAP_2020,ND,FAP,2020,FALSE,North Dakota,Forest Action Plan,52,context,biological_unit_components,habitat,TRUE,"The elm/ash/cottonwood forest type is the most abundant of all forest types in North Dakota and occurs along rivers, lakes and streams.",Riparian Forests,NA
ND_FAP_2020,ND,FAP,2020,FALSE,North Dakota,Forest Action Plan,52,context,partnerships_and_funding,NA,1,The Windbreak Renovation Initiative is a $1.8 million grant ($3.6 million project) provided to the NDFS by the North Dakota Industrial Commission through the Outdoor Heritage Fund.,Outdoor Heritage Fund (OHF) -Windbreak Renovation Initiative,NA
ND_FAP_2020,ND,FAP,2020,FALSE,North Dakota,Forest Action Plan,52,context,partnerships_and_funding,NA,1,The USFS -Dakota Prairie Grasslands and The Nature Conservancy entered into a memorandum of understanding to cooperate in managing prescribed fire activities on the Sheyenne National Grassland and adjacent conservancy lands.,Dakota Prairie Grasslands/Nature Conservancy,NA
ND_FAP_2020,ND,FAP,2020,FALSE,North Dakota,Forest Action Plan,52,context,climate_threat_habitat_degradation,NA,1,"Climate changes will affect disturbance regimes, insect and disease outbreaks, fire season length, recreational values and productivity. Forests should be managed sustainably to help them adapt to anticipated changes.",Climate Change,NA
ND_FAP_2020,ND,FAP,2020,FALSE,North Dakota,Forest Action Plan,52,actions,priority_habitat_identification,NA,2,"Priority areas of upland forests are delineated primarily on the basis of the concentration of forested lands in the state. Priority areas may include the Turtle Mountains, Devils Lake Hills, Pembina Gorge, Sheyenne River Valley, Killdeer Mountains and the pine forests of southwestern North Dakota (Figure 11).",Section 4. Priority Forest Resources / Upland Forests,NA
ND_FAP_2020,ND,FAP,2020,FALSE,North Dakota,Forest Action Plan,52,actions,priority_habitat_identification,NA,2,"Wildland fire risk varies by county and the region of the state (Figure 15). By incorporating factors such as historical fire occurrences, weather data, wildland urban and wildland oil and gas interface data, preponderance of fuels and wildfire protection plans, wildland fire risk across North Dakota's landscape can be discerned.",Wildland Fire Priority Areas,NA
ND_FAP_2020,ND,FAP,2020,FALSE,North Dakota,Forest Action Plan,52,actions,time_bound_and_monitoring,NA,1,"The FSP provides technical assistance to nonindustrial, private forest landowners to encourage and enable active, long-term forest management. The Forest Stewardship Program offers a written forest stewardship plan to private landowners. These 10-year plans are designed to help landowners better understand their forest and manage the forest to meet their individual goals",NDFS -Forest Stewardship Program (FSP),NA
ND_FAP_2020,ND,FAP,2020,FALSE,North Dakota,Forest Action Plan,52,actions,evidence_of_efficacy,NA,2,Two wood waste biomass projects have been implemented in Bismarck. The city and the NDFS developed a pilot project for the city using wood chips to heat the public works landfill building. The conversion resulted in significant annual savings in the cost of heating the complex.,Biomass Boiler -Bismarck Public Works Landfill Building,NA
ND_FAP_2020,ND,FAP,2020,FALSE,North Dakota,Forest Action Plan,52,actions,evidence_of_efficacy,NA,2,"In 2012-2019, NDFS community forestry staff completed 95 CTAP assessments in communities.",Community Threat Assessment Protocol (CTAP),NA
ND_FAP_2020,ND,FAP,2020,FALSE,North Dakota,Forest Action Plan,52,actions,adaptation_planning_frameworks,NA,1,"Climate changes will affect disturbance regimes, insect and disease outbreaks, fire season length, recreational values and productivity. Forests should be managed sustainably to help them adapt to anticipated changes.",Climate Change,NA
NH_FAP_2020,NH,FAP,2020,FALSE,New Hampshire,State Forest Action Plan,244,concepts,climate_vulnerability,NA,2,"Saltmarshes, warm-water rivers and streams, dunes, lowland spruce-fir forest, and vernal pools had the greatest number of high-ranking threats. Commercial and residential development, pollution, disease, and climate change are among the higher-ranking risk factors that impact the health of wildlife populations and habitats.",Fish & Wildlife Habitat,exposure
NH_FAP_2020,NH,FAP,2020,FALSE,New Hampshire,State Forest Action Plan,244,concepts,climate_vulnerability,NA,2,"Sugar maple is a good example of a species that may be significantly affected by climate change, as it has fairly specific soil requirements; a species like this may not be able to shift its range within the region with greater warming expected under the high emissions scenario due to soil limitations.",Climate Change (assessment section),exposure
NH_FAP_2020,NH,FAP,2020,FALSE,New Hampshire,State Forest Action Plan,244,concepts,climate_vulnerability,NA,2,Species that are more mobile may have a greater ability to shift into habitats that have experienced less change and remain more suitable. Species which can only move short distances or are more restricted in their habitat suitability may experience accelerated declines or disappear locally,Wildlife (assessment section – Climate Change impacts),adaptive capacity
NH_FAP_2020,NH,FAP,2020,FALSE,New Hampshire,State Forest Action Plan,244,concepts,adaptive_capacity_specificity,NA,1,Species that are more mobile may have a greater ability to shift into habitats that have experienced less change and remain more suitable. Species which can only move short distances or are more restricted in their habitat suitability may experience accelerated declines or disappear locally,Wildlife (assessment section – Climate Change impacts),NA
NH_FAP_2020,NH,FAP,2020,FALSE,New Hampshire,State Forest Action Plan,244,concepts,adaptive_capacity_components,distribution,TRUE,"model projects future suitable habitat of tree species, and suggests that spruce and fir will decline across the region, as will most of the northern conifer species (Janowiak et al. 2017). Some species, such as red maple, black cherry and red oak, may see increased habitat suitability with a changing climate.",Climate Change (assessment section),NA
NH_FAP_2020,NH,FAP,2020,FALSE,New Hampshire,State Forest Action Plan,244,concepts,adaptive_capacity_components,movement,TRUE,Species that are more mobile may have a greater ability to shift into habitats that have experienced less change and remain more suitable. Species which can only move short distances or are more restricted in their habitat suitability may experience accelerated declines or disappear locally,Wildlife (assessment section – Climate Change impacts),NA
NH_FAP_2020,NH,FAP,2020,FALSE,New Hampshire,State Forest Action Plan,244,concepts,adaptive_capacity_components,abiotic_niche,TRUE,"Sugar maple is a good example of a species that may be significantly affected by climate change, as it has fairly specific soil requirements; a species like this may not be able to shift its range within the region with greater warming expected under the high emissions scenario due to soil limitations.",Climate Change (assessment section),NA
NH_FAP_2020,NH,FAP,2020,FALSE,New Hampshire,State Forest Action Plan,244,concepts,connectivity,NA,2,"The Nature Conservancy's Resilient and Connected Landscapes science identifies areas that, if maintained and conserved as natural habitat, offer the best opportunity for conserving our native biodiversity both now and into the future given climate change... (3) ensuring these sites are connected at large scales, allowing the range of species to shift over time in response to climate change (""landscape connectivity"").",Resiliency to Climate Change (assessment section),NA
NH_FAP_2020,NH,FAP,2020,FALSE,New Hampshire,State Forest Action Plan,244,concepts,connectivity,NA,2,Climate Change: Resilient and Connected Landscapes (TNC) o Lands classified as climate flow zones and climate corridors = 1,Priority Landscapes – Forest Stewardship Priority Areas (figure caption/analysis description),NA
NH_FAP_2020,NH,FAP,2020,FALSE,New Hampshire,State Forest Action Plan,244,tools,niche_models,NA,2,Table 8 Projections for future suitable habitat Source: USDA Forest Service Climate Change Atlas ... Low Climate Change (RCP 4.5) High Climate Change (RCP 8.5),CLIMATE CHANGE PROJECTIONS FOR TREE SPECIES IN NEW HAMPSHIRE / Table 8,NA
NH_FAP_2020,NH,FAP,2020,FALSE,New Hampshire,State Forest Action Plan,244,tools,niche_models,NA,2,"model projects future suitable habitat of tree species, and suggests that spruce and fir will decline across the region, as will most of the northern conifer species (Janowiak et al. 2017).",Climate Change (assessment section),NA
NH_FAP_2020,NH,FAP,2020,FALSE,New Hampshire,State Forest Action Plan,244,tools,climate_models,NA,1,by the year 2100 the growing season is predicted to be extended by 3-7 weeks in southern New Hampshire and by 2-5 weeks in northern New Hampshire depending on the emission's scenario(Wake et al. 2014).,Climate Change figure caption (temperature trend figure),NA
NH_FAP_2020,NH,FAP,2020,FALSE,New Hampshire,State Forest Action Plan,244,tools,connectivity_models,NA,2,"The Nature Conservancy's Resilient and Connected Landscapes science identifies areas that, if maintained and conserved as natural habitat, offer the best opportunity for conserving our native biodiversity both now and into the future given climate change. The analysis incorporates three key aspects: (1) ensuring representation of the different environmental conditions (termed ""geophysical settings"") needed for all native species; (2) within each of these settings, selecting those sites that will be most likely to withstand the effects of climate change (""resilient sites""); and (3) ensuring these sites are connected at large scales, allowing the range of species to shift over time in response to climate change (""landscape connectivity"").",Resiliency to Climate Change (assessment section),NA
NH_FAP_2020,NH,FAP,2020,FALSE,New Hampshire,State Forest Action Plan,244,tools,connectivity_models,NA,2,Climate Change: Resilient and Connected Landscapes (TNC) o Lands classified as climate flow zones and climate corridors = 1,Priority Landscapes – Forest Stewardship Priority Areas (figure caption/analysis description),NA
NH_FAP_2020,NH,FAP,2020,FALSE,New Hampshire,State Forest Action Plan,244,context,management_scale,local,TRUE,Focus on connected forested parcels and corridors for species movement and migration.,FOCUS AREA – FOREST ECOLOGY / Goal strategies,NA
NH_FAP_2020,NH,FAP,2020,FALSE,New Hampshire,State Forest Action Plan,244,context,management_scale,watershed,TRUE,Ability to Produce Clean Water ranks watersheds by the benefits they provide to their respective water resources based on the amount of forest cover.,Priority Landscapes – Rural Forest Priority Areas,NA
NH_FAP_2020,NH,FAP,2020,FALSE,New Hampshire,State Forest Action Plan,244,context,management_scale,county,TRUE,"Figure 7 shows the percent change in size classes by county between 2008 and 2018. All counties show a trend toward larger diameter stands, with Sullivan, Rockingham, and Grafton counties seeing the greatest percent increases.",Total Area of Forest Land & Forest Land Trends,NA
NH_FAP_2020,NH,FAP,2020,FALSE,New Hampshire,State Forest Action Plan,244,context,management_scale,within_state_region,TRUE,"The four identified Forest Legacy Areas reflect both important values present in forested areas and current threats to the forest. The North Country FLA was initially identified in the first Assessment of Need (1994), and the Connecticut River Valley, Monadnock / Merrimack Uplands, and Pawtuckaway and Lakes / Coastal Plain Forest Legacy Areas were added in the 2000 Assessment of Need.",Forest Legacy Program – Forest Legacy Areas,NA
NH_FAP_2020,NH,FAP,2020,FALSE,New Hampshire,State Forest Action Plan,244,context,management_scale,state,TRUE,"Climate change impacts the health and diversity of New Hampshire's forests. Changes already occurring to New Hampshire's climate include warmer winters, reduced snowfall and snow-on-ground days, increased rainfall, rising sea level, and more severe weather events",FOCUS AREA – CLIMATE CHANGE,NA
NH_FAP_2020,NH,FAP,2020,FALSE,New Hampshire,State Forest Action Plan,244,context,management_scale,multistate,TRUE,Northern Forest Lands (NFL) -New Hampshire's northern most county (Coos) lies within the planning area for NFL which stretches over 20 million acres from Maine to New York.,Multi-State Priorities,NA
NH_FAP_2020,NH,FAP,2020,FALSE,New Hampshire,State Forest Action Plan,244,context,management_scale,ecosystem,TRUE,"model projects future suitable habitat of tree species, and suggests that spruce and fir will decline across the region, as will most of the northern conifer species (Janowiak et al. 2017). These species have long been vital to NH's forest products economy and provide critical wildlife habitat.",Climate Change (assessment section),NA
NH_FAP_2020,NH,FAP,2020,FALSE,New Hampshire,State Forest Action Plan,244,context,biological_unit_score,NA,2,"model projects future suitable habitat of tree species, and suggests that spruce and fir will decline across the region, as will most of the northern conifer species (Janowiak et al. 2017).",Climate Change (assessment section),species
NH_FAP_2020,NH,FAP,2020,FALSE,New Hampshire,State Forest Action Plan,244,context,biological_unit_score,NA,2,"Climate change impacts the health and diversity of New Hampshire's forests. Changes already occurring to New Hampshire's climate include warmer winters, reduced snowfall and snow-on-ground days... Potential impacts on forests may include a reduction in suitable habitat for boreal species like balsam fir, red spruce and black spruce",FOCUS AREA – CLIMATE CHANGE,habitat
NH_FAP_2020,NH,FAP,2020,FALSE,New Hampshire,State Forest Action Plan,244,context,biological_unit_components,species,TRUE,"model projects future suitable habitat of tree species, and suggests that spruce and fir will decline across the region, as will most of the northern conifer species (Janowiak et al. 2017). Some species, such as red maple, black cherry and red oak, may see increased habitat suitability with a changing climate.",Climate Change (assessment section),NA
NH_FAP_2020,NH,FAP,2020,FALSE,New Hampshire,State Forest Action Plan,244,context,biological_unit_components,habitat,TRUE,"Potential impacts on forests may include a reduction in suitable habitat for boreal species like balsam fir, red spruce and black spruce and greater abundance of species with a current range that extends to southern New England such as red maple, northern red oak, black cherry, and American basswood",FOCUS AREA – CLIMATE CHANGE,NA
NH_FAP_2020,NH,FAP,2020,FALSE,New Hampshire,State Forest Action Plan,244,context,biological_unit_components,ecosystem,TRUE,"As a result, forestlands that continue to be favorable to the growth of softwood as the climate changes (known as refugia) may have increased importance for wildlife habitat over time as the abundance of evergreen species declines in New Hampshire.",Wildlife (assessment section – Climate Change impacts),NA
NH_FAP_2020,NH,FAP,2020,FALSE,New Hampshire,State Forest Action Plan,244,context,partnerships_and_funding,NA,1,"Funding for forest land conservation comes from many sources. Federal sources include the USDA Forest Service Forest Legacy Program, US Fish and Wildlife Service, and the Natural Resources Conservation Service. State funding resources include the Land and Community Heritage Investment Program",FOCUS AREA – LAND CONSERVATION,NA
NH_FAP_2020,NH,FAP,2020,FALSE,New Hampshire,State Forest Action Plan,244,context,climate_threat_habitat_degradation,NA,1,"Increased summer temperatures, increasing risk of drought, and more variable summer precipitation increase the risk of stress on riparian and floodplain vegetation due to lower summer flows.",Climate Change (assessment section),NA
NH_FAP_2020,NH,FAP,2020,FALSE,New Hampshire,State Forest Action Plan,244,context,climate_threat_biotic_stressors,NA,1,"many insect pests and invasive plant species may be able to expand their ranges northward in response to warmer temperatures (Ramsfield et al. 2016, Ziska et al. 2009). Some insect pests and invasive plants have so far been prevented from establishing or increasing in population in northern NH due to the cold winters, and warming temperatures decrease the probability of cold lethal temperatures.",Forest Health (assessment section – Climate Change impacts),NA
NH_FAP_2020,NH,FAP,2020,FALSE,New Hampshire,State Forest Action Plan,244,actions,priority_habitat_identification,NA,2,"The Nature Conservancy's Resilient and Connected Landscapes science identifies areas that, if maintained and conserved as natural habitat, offer the best opportunity for conserving our native biodiversity both now and into the future given climate change... Figure 27 shows the results of this analysis for New Hampshire, highlighting the resilient and connected network of lands in relation to existing conservation lands.",Resiliency to Climate Change (assessment section),NA
NH_FAP_2020,NH,FAP,2020,FALSE,New Hampshire,State Forest Action Plan,244,actions,priority_habitat_identification,NA,2,Resilient and Connected Landscapes are zones found to exhibit high ecological diversity. These areas are best fit to provide refuge form the possible impact of climate change.,Priority Landscapes – Rural Forest Priority Areas,NA
NH_FAP_2020,NH,FAP,2020,FALSE,New Hampshire,State Forest Action Plan,244,actions,targeted_range_shift_actions,NA,1,"Identify large forest blocks suitable for forest management, providing landscape resiliency, watershed protection, opportunities for species to migrate and other ecosystem services using the most recent available science and tools.",FOCUS AREA – LAND CONSERVATION / Goal strategies,NA
NH_FAP_2020,NH,FAP,2020,FALSE,New Hampshire,State Forest Action Plan,244,actions,evidence_of_efficacy,NA,1,Encourage the use of resources like Increasing Forest Resiliency for an Uncertain Future,FOCUS AREA – CLIMATE CHANGE / Strategies,NA
NH_FAP_2020,NH,FAP,2020,FALSE,New Hampshire,State Forest Action Plan,244,actions,adaptation_planning_frameworks,NA,2,"19. Incorporate adaptation strategies for climate change in forest management plans that include resistance, resilience and transition.",FOCUS AREA – CLIMATE CHANGE / Strategies,NA
NH_FAP_2020,NH,FAP,2020,FALSE,New Hampshire,State Forest Action Plan,244,actions,adaptation_planning_frameworks,NA,2,Encourage the use of the Forest Adaptation Resources or other Northern Institute of Applied Climate Science materials.,FOCUS AREA – FOREST MANAGEMENT / Strategy 14,NA
NJ_FAP_2020,NJ,FAP,2020,FALSE,New Jersey,State Forest Action Plan,311,concepts,climate_vulnerability,NA,3,"Due to its geography, population and other factors, New Jersey is especially vulnerable to the adverse impacts of climate change. In distilling the most current climate science and its particular relevance to the Garden State, the 2020 New Jersey Scientific Report on Climate Change explains the worsening impacts to our state under low-, moderate- and high-emission scenarios (NJDEP, 2020).",Abiotic Damage Causing Agents - Climate Change,exposure
NJ_FAP_2020,NJ,FAP,2020,FALSE,New Jersey,State Forest Action Plan,311,concepts,climate_vulnerability,NA,3,"Future climate outlooks expect to favor oak and pine dominated systems as these clades compete better under physiologically droughty conditions. Conversely, northern hardwood communities are those most likely to be stressed by rising temperatures (Swanston, et al. 2018).",Mesophication,sensitivity
NJ_FAP_2020,NJ,FAP,2020,FALSE,New Jersey,State Forest Action Plan,311,concepts,climate_vulnerability,NA,3,Species with low adaptive capacity such as those with specialized habitat needs or limited dispersal ability face higher vulnerability to these changes.,General observations about,adaptive capacity
NJ_FAP_2020,NJ,FAP,2020,FALSE,New Jersey,State Forest Action Plan,311,concepts,adaptive_capacity_specificity,NA,2,"Differences in how individual tree species grow, survive and reproduce over time (life history processes) will be key in determining the response of each species to the effects of warming temperatures.",General observations about,NA
NJ_FAP_2020,NJ,FAP,2020,FALSE,New Jersey,State Forest Action Plan,311,concepts,adaptive_capacity_specificity,NA,2,Species with low adaptive capacity such as those with specialized habitat needs or limited dispersal ability face higher vulnerability to these changes.,General observations about,NA
NJ_FAP_2020,NJ,FAP,2020,FALSE,New Jersey,State Forest Action Plan,311,concepts,adaptive_capacity_components,demography,TRUE,"Life history processes such as flowering, pollination, photosynthetic dynamics, seed production, seed dispersal, germination, establishment, shade tolerance and response to competition are all species-specific.",General observations about,NA
NJ_FAP_2020,NJ,FAP,2020,FALSE,New Jersey,State Forest Action Plan,311,concepts,adaptive_capacity_components,distribution,TRUE,"Predictions from the Tree Atlas based on climate variables describe a significant southern shift to the state's forest composition (Figures 38 and 39). Taking the average of the three high-emission scenarios used in development of the Tree Atlas, sweetgum, pitch pine, red maple and white oak remain some of the state's most important species.",General observations about,NA
NJ_FAP_2020,NJ,FAP,2020,FALSE,New Jersey,State Forest Action Plan,311,concepts,adaptive_capacity_components,movement,TRUE,Species with low adaptive capacity such as those with specialized habitat needs or limited dispersal ability face higher vulnerability to these changes.,General observations about,NA
NJ_FAP_2020,NJ,FAP,2020,FALSE,New Jersey,State Forest Action Plan,311,concepts,adaptive_capacity_components,evolutionary_potential,TRUE,The success of future restoration projects for butternut relies heavily on the tree's natural ability to tolerate butternut canker and in producing sufficient seed for natural regeneration of offspring. This can be achieved by encouraging a population of parent trees best acclimated to New Jersey's ecosystem and through the conservation of New Jersey native butternut genetics.,Butternut (Juglans cinerea),NA
NJ_FAP_2020,NJ,FAP,2020,FALSE,New Jersey,State Forest Action Plan,311,concepts,adaptive_capacity_components,ecological_dependencies,TRUE,"A climatic species that can leaf-out early and extend its growing season might be a better competitor with warmer springs, but sensitivity to late-season frost may make this behavior a liability compared to a more conservative or frost-hardy neighbor (Hufkens, et al. 2012).",General observations about,NA
NJ_FAP_2020,NJ,FAP,2020,FALSE,New Jersey,State Forest Action Plan,311,concepts,adaptive_capacity_components,abiotic_niche,TRUE,Cool humid conditions and moist soils are vital to the establishment and successful growth of eastern hemlock trees.,Eastern Hemlock (Tsuga canadensis),NA
NJ_FAP_2020,NJ,FAP,2020,FALSE,New Jersey,State Forest Action Plan,311,concepts,adaptive_capacity_components,life_history,TRUE,"Differences in how individual tree species grow, survive and reproduce over time (life history processes) will be key in determining the response of each species to the effects of warming temperatures.",General observations about,NA
NJ_FAP_2020,NJ,FAP,2020,FALSE,New Jersey,State Forest Action Plan,311,concepts,connectivity,NA,2,"The value of large, resilient, connected forested landscapes for the conservation of biodiversity, plant and wildlife migration corridors and climate resiliency is well-documented (Anderson et al, 2016).","Extent of Forest Land Conversion, Fragmentation and Parcelization",NA
NJ_FAP_2020,NJ,FAP,2020,FALSE,New Jersey,State Forest Action Plan,311,concepts,connectivity,NA,2,"Riparian corridors also function as climate corridors, allowing species to move up in elevation in response to warming temperatures.",4: FRAGMENTATION/HABITAT RESTORATION,NA
NJ_FAP_2020,NJ,FAP,2020,FALSE,New Jersey,State Forest Action Plan,311,tools,niche_models,NA,2,"The USDA Forest Service Climate Change Tree Atlas has attempted to provide species-level predictions for tree species habitat suitability changes expected from different climate change scenarios (Prasad, et al. 2007-ongoing). Refined over the last 13 years using more than 80,000 continuous forest inventory plots (FIA), the Tree Atlas provides reliability estimates and expected ranges under climate change scenarios for roughly 125 tree species in eastern North America.",General observations about,NA
NJ_FAP_2020,NJ,FAP,2020,FALSE,New Jersey,State Forest Action Plan,311,tools,niche_models,NA,2,"Predictions from the Tree Atlas based on climate variables describe a significant southern shift to the state's forest composition (Figures 38 and 39). Taking the average of the three high-emission scenarios used in development of the Tree Atlas, sweetgum, pitch pine, red maple and white oak remain some of the state's most important species.",General observations about,NA
NJ_FAP_2020,NJ,FAP,2020,FALSE,New Jersey,State Forest Action Plan,311,tools,climate_models,NA,2,"The 2020 New Jersey Scientific Report on Climate Change explains the worsening impacts to our state under low-, moderate- and high-emission scenarios (NJDEP, 2020).",Abiotic Damage Causing Agents - Climate Change,NA
NJ_FAP_2020,NJ,FAP,2020,FALSE,New Jersey,State Forest Action Plan,311,tools,climate_models,NA,2,Sea-levels could rise by as much as 5.1 feet by the year 2100 and 8.3 feet by the year 2150 under a moderate emissions scenario.,Abiotic Damage Causing Agents - Climate Change,NA
NJ_FAP_2020,NJ,FAP,2020,FALSE,New Jersey,State Forest Action Plan,311,tools,connectivity_models,NA,2,"The creation of CHANJ was an effort to make New Jersey landscape and roadways friendlier to wildlife movement by identifying key areas and actions needed to achieve habitat connectivity across the state. The project was designed to help prioritize land protection, inform habitat restoration and management and guide mitigation of road barrier effects on wildlife and their habitats.",4: Fragmentation/Habitat Restoration Strategies,NA
NJ_FAP_2020,NJ,FAP,2020,FALSE,New Jersey,State Forest Action Plan,311,tools,connectivity_models,NA,2,"In 2019 the NJDEP Division of Fish & Wildlife rolled out tools for prioritizing habitat conservation in New Jersey, including the Connecting Habitat Across New Jersey (CHANJ) mapping tool and the CHANJ Guidance Document.",4: Fragmentation/Habitat Restoration Strategies,NA
NJ_FAP_2020,NJ,FAP,2020,FALSE,New Jersey,State Forest Action Plan,311,context,management_scale,local,TRUE,These strategies allow forest land managers to make informed decisions as to management impacts at multiple scales and how to plan accordingly.,1: BIODIVERSITY,NA
NJ_FAP_2020,NJ,FAP,2020,FALSE,New Jersey,State Forest Action Plan,311,context,management_scale,site,TRUE,"In addition, state-owned forested lands are also inventoried at the operational level in order to quantify how forest conditions will be and have been altered through forest management activities. These inventories assess individual site conditions.",Guiding Principles: Framework,NA
NJ_FAP_2020,NJ,FAP,2020,FALSE,New Jersey,State Forest Action Plan,311,context,management_scale,watershed,TRUE,"The protection of watersheds through proper forest management is important to better protect key regions throughout the state of New Jersey. These key regions include the Highlands, Pinelands and Delaware River Basin.",Water Monitoring,NA
NJ_FAP_2020,NJ,FAP,2020,FALSE,New Jersey,State Forest Action Plan,311,context,management_scale,county,TRUE,"The conversion of forest land to developed land was found to be highest in Hudson, Bergen and Essex Counties. In each of these counties, average patch sizes have decreased by one acre since 2006.","Extent of Forest Land Conversion, Fragmentation and Parcelization",NA
NJ_FAP_2020,NJ,FAP,2020,FALSE,New Jersey,State Forest Action Plan,311,context,management_scale,within_state_region,TRUE,"Specifically, Conservation Focal Areas (CFAs) in landscape regions like the Piedmont, Pinelands and Skylands areas are identified for their continuity; while concerns are raised about connectivity across more urbanized areas throughout the state.","Extent of Forest Land Conversion, Fragmentation and Parcelization",NA
NJ_FAP_2020,NJ,FAP,2020,FALSE,New Jersey,State Forest Action Plan,311,context,management_scale,state,TRUE,"The 2020 NJ State Forest Action Plan (NJ SFAP) reassesses the state's forest resources and provides forest owners, land managers, and other natural resource professionals with the ability to make informed decisions about forest resources across the state.",FOREST RESOURCE CONDITIONS AND TRENDS,NA
NJ_FAP_2020,NJ,FAP,2020,FALSE,New Jersey,State Forest Action Plan,311,context,management_scale,multistate,TRUE,"The Highlands region which connects Connecticut, New York, New Jersey and Pennsylvania included continuous conservation efforts from 2015 to 2020 from the Appalachian Trail conservancy to provide links through different land ownerships.",4: Fragmentation/Habitat Restoration Strategies,NA
NJ_FAP_2020,NJ,FAP,2020,FALSE,New Jersey,State Forest Action Plan,311,context,management_scale,ecosystem,TRUE,"The forests of New Jersey's Pinelands Region have witnessed a steady increase in RDI over the last century. These forests, adapted to re-sprout and establish new generations of forest after significant fire disturbances, have experienced a lessening in the frequency and extent of fire.",Density Management,NA
NJ_FAP_2020,NJ,FAP,2020,FALSE,New Jersey,State Forest Action Plan,311,context,management_scale,river,TRUE,"Along the northwestern boundary of New Jersey, following along the Delaware River, is the Delaware River Basin (Figure 65). Currently, this segment is part of the Delaware River Basin Commission's (DRBC) Special Protection Waters program.",Delaware River Basin,NA
NJ_FAP_2020,NJ,FAP,2020,FALSE,New Jersey,State Forest Action Plan,311,context,biological_unit_score,NA,2,Predictions from the Tree Atlas based on climate variables describe a significant southern shift to the state's forest composition (Figures 38 and 39).,General observations about,species
NJ_FAP_2020,NJ,FAP,2020,FALSE,New Jersey,State Forest Action Plan,311,context,biological_unit_score,NA,2,"AWC forests have been in constant decline as a result of centuries of exploitation through cutting without planning for regeneration, development, deer browse, hardwood competition, salt-water intrusion from storms, as well as sea level rise from a changing climate.",Atlantic White-Cedar (Chamaecyparis thyoides),habitat
NJ_FAP_2020,NJ,FAP,2020,FALSE,New Jersey,State Forest Action Plan,311,context,biological_unit_components,species,TRUE,"Predictions from the Tree Atlas based on climate variables describe a significant southern shift to the state's forest composition (Figures 38 and 39). Taking the average of the three high-emission scenarios used in development of the Tree Atlas, sweetgum, pitch pine, red maple and white oak remain some of the state's most important species.",General observations about,NA
NJ_FAP_2020,NJ,FAP,2020,FALSE,New Jersey,State Forest Action Plan,311,context,biological_unit_components,population,TRUE,"The current diminished extent compared to historical levels of this species makes the threat from sea level rise that much more pressing, as AWC will likely find difficulty in establishing itself in new sites to replace those lost from increased salinity in coastal areas.",Sea-Level Rise,NA
NJ_FAP_2020,NJ,FAP,2020,FALSE,New Jersey,State Forest Action Plan,311,context,biological_unit_components,habitat,TRUE,"AWC forests have been in constant decline as a result of centuries of exploitation through cutting without planning for regeneration, development, deer browse, hardwood competition, salt-water intrusion from storms, as well as sea level rise from a changing climate and flooding due to beaver activity.",Atlantic White-Cedar (Chamaecyparis thyoides),NA
NJ_FAP_2020,NJ,FAP,2020,FALSE,New Jersey,State Forest Action Plan,311,context,biological_unit_components,ecosystem,TRUE,"Issues associated with climate change will most likely lead to continued infestations, northern migration of SPB and the shifting of forest types. This could reduce habitat favorable of pine dependent wildlife species, increase wildfire risk, cause loss of forest revenue.",Southern Pine Beetle (Dendroctonus frontalis),NA
NJ_FAP_2020,NJ,FAP,2020,FALSE,New Jersey,State Forest Action Plan,311,context,biological_unit_components,community,TRUE,The rich biodiversity dependent on mature oak forests faces negative outcomes from habitat transitions to northern hardwoods.,Mesophication,NA
NJ_FAP_2020,NJ,FAP,2020,FALSE,New Jersey,State Forest Action Plan,311,context,biological_unit_components,genotype_phenotype,TRUE,The success of future restoration projects for butternut relies heavily on the tree's natural ability to tolerate butternut canker and in producing sufficient seed for natural regeneration of offspring. This can be achieved by encouraging a population of parent trees best acclimated to New Jersey's ecosystem and through the conservation of New Jersey native butternut genetics.,Butternut (Juglans cinerea),NA
NJ_FAP_2020,NJ,FAP,2020,FALSE,New Jersey,State Forest Action Plan,311,context,partnerships_and_funding,NA,2,"The NJ Forest Service is dedicated to restoring approximately 10,000 acres of AWC forest statewide within the next ten years. Funding for AWC restoration strategies on state-owned lands will come from NRD settlements between the state of New Jersey and companies that have polluted ground-water resources.",Atlantic White-Cedar (strategies section),NA
NJ_FAP_2020,NJ,FAP,2020,FALSE,New Jersey,State Forest Action Plan,311,context,partnerships_and_funding,NA,2,"The NJ Forest Service has received NRD funding to do such activities. Resources required to support thinning objectives across the state of New Jersey include funding for the implementation of activities, research and monitoring.",Mesophication,NA
NJ_FAP_2020,NJ,FAP,2020,FALSE,New Jersey,State Forest Action Plan,311,context,climate_threat_habitat_degradation,NA,1,"AWC forests have been in constant decline as a result of centuries of exploitation through cutting without planning for regeneration, development, deer browse, hardwood competition, salt-water intrusion from storms, as well as sea level rise from a changing climate and flooding due to beaver activity.",Atlantic White-Cedar (Chamaecyparis thyoides),NA
NJ_FAP_2020,NJ,FAP,2020,FALSE,New Jersey,State Forest Action Plan,311,context,climate_threat_habitat_degradation,NA,1,"Wildfire seasons could be lengthened, and the frequency of large fires increased from the warmer springs and longer summer dry periods that are expected with climate change due to these conditions causing drier soils and vegetation (Nolte et al. 2018).",Wildfire and Climate Change,NA
NJ_FAP_2020,NJ,FAP,2020,FALSE,New Jersey,State Forest Action Plan,311,context,climate_threat_species_vital_rates,NA,1,"SPB behavior in New Jersey represents an early example of the current impacts of climate change. SPB has long been present in pine forests along New Jersey's Delaware Bay shore, but its role was silviculturally insignificant, killing isolated unhealthy trees. Starting in the early 2000's New Jersey began to experience spot outbreaks of the beetle that progressively moved northward, especially along the coast. Rising winter minimum temperatures are thought to be responsible for this northward movement (Tran, et al. 2007).",Climate Change and SPB,NA
NJ_FAP_2020,NJ,FAP,2020,FALSE,New Jersey,State Forest Action Plan,311,context,climate_threat_species_vital_rates,NA,1,New Jersey could even lose its state bird—the American Goldfinch—as it may become too hot for the species to nest here.,Abiotic Damage Causing Agents - Climate Change,NA
NJ_FAP_2020,NJ,FAP,2020,FALSE,New Jersey,State Forest Action Plan,311,context,climate_threat_biotic_stressors,NA,1,"Climatic factors that could influence the ability of a species to invade include warmer temperatures, earlier springs and reduced snowpack (Hellmann et al., 2008; Ryan and Vose, 2012). Evidence indicates that increases in temperature, longer growing seasons and more frequent disturbances will lead to increases in many invasive plant species (Butler-Leopold et. al. 2018).",Biotic Damage Causing Agents,NA
NJ_FAP_2020,NJ,FAP,2020,FALSE,New Jersey,State Forest Action Plan,311,context,climate_threat_biotic_stressors,NA,1,Native insects and pathogens are exhibiting trends of expanding native ranges as a result of changes in temperature from climate change. The impacts of native DCAs in new geographical areas could cause similar widespread impacts as non-native DCAs.,Long-term Monitoring and Trends,NA
NJ_FAP_2020,NJ,FAP,2020,FALSE,New Jersey,State Forest Action Plan,311,actions,priority_habitat_identification,NA,2,"The creation of CHANJ was an effort to make New Jersey landscape and roadways friendlier to wildlife movement by identifying key areas and actions needed to achieve habitat connectivity across the state. The project was designed to help prioritize land protection, inform habitat restoration and management and guide mitigation of road barrier effects on wildlife and their habitats.",4: Fragmentation/Habitat Restoration Strategies,NA
NJ_FAP_2020,NJ,FAP,2020,FALSE,New Jersey,State Forest Action Plan,311,actions,priority_habitat_identification,NA,2,Work will also be conducted within sites that still have at least a remnant component of AWC from previous harvests to use as seed trees in locations high enough in elevation that they aren't threatened by sea level rise and that connect to larger patches of AWC habitat.,Atlantic White-Cedar (strategies section),NA
NJ_FAP_2020,NJ,FAP,2020,FALSE,New Jersey,State Forest Action Plan,311,actions,targeted_range_shift_actions,NA,1,"If tree species cannot adapt fast enough to changing climate conditions, forest and land managers need to consider the integration of proxy species to ensure that forests remain as forests and that essential ecologic and economic functions remain relatively consistent.",3: CLIMATE - Species Proxy,NA
NJ_FAP_2020,NJ,FAP,2020,FALSE,New Jersey,State Forest Action Plan,311,actions,targeted_range_shift_actions,NA,1,The strategy of identifying southerly species (or other future-adapted species) that could act as native species proxies for ecologic and economic roles has also been identified as a climate change adaptation and mitigation plan action by the Pennsylvania Department of Conservation and Natural Resources (2018) and several other states across the country.,3: CLIMATE - Species Proxy,NA
NJ_FAP_2020,NJ,FAP,2020,FALSE,New Jersey,State Forest Action Plan,311,actions,time_bound_and_monitoring,NA,2,"The NJ Forest Service is dedicated to restoring approximately 10,000 acres of AWC forest statewide within the next ten years.",Atlantic White-Cedar (strategies section),deadline
NJ_FAP_2020,NJ,FAP,2020,FALSE,New Jersey,State Forest Action Plan,311,actions,time_bound_and_monitoring,NA,2,"The NJ Forest Service considers the potential outcomes in forest stewardship plans for at least 40 years into the future. This is compatible with permitting by the New Jersey Pinelands Commission, even though activities which require Pinelands permits are only valid for ten years.",3: FOREST MANAGEMENT PLANS (SCALABLE MANAGEMENT) Public Lands Management,monitoring
NJ_FAP_2020,NJ,FAP,2020,FALSE,New Jersey,State Forest Action Plan,311,actions,evidence_of_efficacy,NA,2,"Studies across the forests of Montana, Oregon, California and Arizona determined that thinning treatments and the effects on carbon suggest most of the benefits of increased fire resistance can be achieved with relatively small reductions in current carbon stocks (Stephens et al. 2012).",Density Management,NA
NJ_FAP_2020,NJ,FAP,2020,FALSE,New Jersey,State Forest Action Plan,311,actions,evidence_of_efficacy,NA,2,"Research conducted by Jay Kelly (2019)... determined that there were 5 to 40 times more exotic shrub, liana and herb cover during the time period between 1948-1973 and 2014-2018. He also determined that a major shift in overall species composition from predominately native species cover (≥95%) to a majority of exotic species cover in shrubs and lianas (54%).",2: DCA Strategies,NA
NJ_FAP_2020,NJ,FAP,2020,FALSE,New Jersey,State Forest Action Plan,311,actions,adaptation_planning_frameworks,NA,1,"The NJ Forest Service represents a living document, meant to be flexible as the state's environmental conditions and human values change.",Strategies by National Priorities,NA
NJ_FAP_2020,NJ,FAP,2020,FALSE,New Jersey,State Forest Action Plan,311,actions,adaptation_planning_frameworks,NA,1,"Manage for diverse, resilient forest ecosystems that have the greatest chance of persisting as the global climate changes. 2) Recognize anthropogenic impacts that leave forest resources vulnerable to climate change and address in management planning. 3) Recognize and manage for carbon storage and sequestration.",2: PROTECT FORESTS FROM THREATS 1: RESILIENCY (USDA Forest Service Matrix table),NA
NM_FAP_2020,NM,FAP,2020,FALSE,New Mexico,Forest Action Plan,189,concepts,climate_vulnerability,NA,2,"a compound ""climate dissimilarity index"" (Map 9) and an ""ecosystem vulnerability"" classification (Map 10) are used to map where climate change poses the greatest hazard. The climate dissimilarity index is derived from changes in eleven temperature and precipitation variables that have the greatest impact on biological organisms (AdaptWest 2018).",Climate Change,exposure
NM_FAP_2020,NM,FAP,2020,FALSE,New Mexico,Forest Action Plan,189,concepts,climate_vulnerability,NA,2,Climate change must be considered when developing strategies to protect and enhance the value of resources. Determining whether a strategy should prioritize investments in high climate vulnerability areas or not depends on the expected success of the investment.,Climate Change,exposure
NM_FAP_2020,NM,FAP,2020,FALSE,New Mexico,Forest Action Plan,189,concepts,climate_vulnerability,NA,2,"The impacts are especially significant for small populations with restricted ranges, including many of the species endemic to New Mexico.",VI. Background (Rare Plant Conservation Strategy section),NA
NM_FAP_2020,NM,FAP,2020,FALSE,New Mexico,Forest Action Plan,189,concepts,adaptive_capacity_specificity,NA,1,Private and Tribal lands are resilient to wildfire and climate change. Stewardship activities take place in the areas with highest risk of wildfire and most public value for water source protection and plant and wildlife habitat.,Sub-strategy 3.2,NA
NM_FAP_2020,NM,FAP,2020,FALSE,New Mexico,Forest Action Plan,189,concepts,adaptive_capacity_components,evolutionary_potential,TRUE,Model and map of areas where reforestation will be successful is used and based on-site specific criteria developed through mapping of burn severity in forested and watershed areas and with guidelines for site specific species and genotypes for that ecotone or forest type to improve species survival in future climate envelope.,Sub-strategy 6.3.3,NA
NM_FAP_2020,NM,FAP,2020,FALSE,New Mexico,Forest Action Plan,189,concepts,adaptive_capacity_components,abiotic_niche,TRUE,Data and information improve the likelihood that the right tree is planted in the right place for 2100.,Sub-strategy 6.3.3,NA
NM_FAP_2020,NM,FAP,2020,FALSE,New Mexico,Forest Action Plan,189,concepts,connectivity,NA,2,"Sub-strategy 9.1 -Develop and maintain a statewide land conservation strategy using relevant science to help guide conservation investments with state and federal funding. The conservation strategy should identify biodiversity hotspots and cultural resources including valuable riparian areas, wildlife corridors and pinch-points, and important public water source and working forests.",Strategy #9 -Land Conservation,NA
NM_FAP_2020,NM,FAP,2020,FALSE,New Mexico,Forest Action Plan,189,concepts,connectivity,NA,2,"wildfire risk to biodiversity used in the shared stewardship prioritization of watersheds. This is the combined wildfire risk to critical habitat for terrestrial threatened and endangered species, large intact blocks of habitat, important plant areas, habitat connectivity (both least cost and omnidirectional), habitat for species of economic and recreation importance, NMCHAT species of concern, and riparian corridors.",Map 43,NA
NM_FAP_2020,NM,FAP,2020,FALSE,New Mexico,Forest Action Plan,189,tools,vulnerability_models,NA,2,"a compound ""climate dissimilarity index"" (Map 9) and an ""ecosystem vulnerability"" classification (Map 10) are used to map where climate change poses the greatest hazard. The climate dissimilarity index is derived from changes in eleven temperature and precipitation variables that have the greatest impact on biological organisms (AdaptWest 2018).",Climate Change,NA
NM_FAP_2020,NM,FAP,2020,FALSE,New Mexico,Forest Action Plan,189,tools,vulnerability_models,NA,2,Ecosystem vulnerability to climate change (Triepke et al. 2019),[FIGURE: Ecosystem vulnerability to climate change (Triepke et al. 2019)],NA
NM_FAP_2020,NM,FAP,2020,FALSE,New Mexico,Forest Action Plan,189,tools,climate_models,NA,2,Climate dissimilarity is projected out to the year 2055 using an ensemble mean projection from 15 CMIP5 climate models (Carroll 2018),Climate Change,NA
NM_FAP_2020,NM,FAP,2020,FALSE,New Mexico,Forest Action Plan,189,tools,connectivity_models,NA,2,"Map 28. Two approaches to connectivity are included in this assessment. (a) Habitat connectivity for five focal species was modeled as set of least-cost corridors calculated using kernel density estimation on factorial least-cost paths. Shown is a composite map of maximum values taken from all five species (Wan, Cushman, and Landguth 2018). (b) Landscape connectivity was modeled omnidirectionally using Omniscape (Landau 2020), a moving-window implementation of Circuitscape (McRae et al. 2008), applied over an index of human modification (Theobald et al. 2016).",[FIGURE: Existing analyses like the 2016 State Wildlife Action Plan...],NA
NM_FAP_2020,NM,FAP,2020,FALSE,New Mexico,Forest Action Plan,189,context,management_scale,watershed,TRUE,"The Priority Landscapes Model shows the top 500 watersheds identified by the SIP analysis, plus high-priority riparian areas identified by regional scientists using the same water, community and biodiversity metrics (Map 46).",Actions,NA
NM_FAP_2020,NM,FAP,2020,FALSE,New Mexico,Forest Action Plan,189,context,management_scale,within_state_region,TRUE,These priority landscapes account for approximately 20% of all watersheds at risk.,List of Tables,NA
NM_FAP_2020,NM,FAP,2020,FALSE,New Mexico,Forest Action Plan,189,context,management_scale,state,TRUE,"The wall-to-wall, all-jurisdiction approach to this Forest Action Plan is ideal for developing and promoting cross boundary projects within New Mexico.",I. Introduction,NA
NM_FAP_2020,NM,FAP,2020,FALSE,New Mexico,Forest Action Plan,189,context,management_scale,multistate,TRUE,The Core Team shared methodology with Colorado's Forest Action Plan team in hopes that plans from both states can be useful in cross state boundary projects as well.,I. Introduction,NA
NM_FAP_2020,NM,FAP,2020,FALSE,New Mexico,Forest Action Plan,189,context,management_scale,ecosystem,TRUE,Identify and treat priority areas for forest and watershed restoration at large scale and across ownership boundaries to maximize ecosystem services and resilience to climate change and other identified threats.,Strategy #1 -Restore Forests and Watersheds,NA
NM_FAP_2020,NM,FAP,2020,FALSE,New Mexico,Forest Action Plan,189,context,biological_unit_score,NA,2,"Widespread, uncharacteristically high-intensity wildfire and associated post-fire hazards threaten most of these resources, as do climate change, development and landscape fragmentation.",Theme: Biodiversity,NA
NM_FAP_2020,NM,FAP,2020,FALSE,New Mexico,Forest Action Plan,189,context,biological_unit_score,NA,2,"Impacts associated with climate change include prolonged droughts, increased fire frequency and severity-including severe habitat alteration caused by megafires-and increases in invasive species (plants and animals); all of these can alter associated plant communities.",VI. Background (Rare Plant Conservation Strategy section),NA
NM_FAP_2020,NM,FAP,2020,FALSE,New Mexico,Forest Action Plan,189,context,biological_unit_components,species,TRUE,"The impacts are especially significant for small populations with restricted ranges, including many of the species endemic to New Mexico.",VI. Background (Rare Plant Conservation Strategy section),NA
NM_FAP_2020,NM,FAP,2020,FALSE,New Mexico,Forest Action Plan,189,context,biological_unit_components,habitat,TRUE,Fragile habitats and scarce water resources will in turn be stressed by climate change.,Climate Change,NA
NM_FAP_2020,NM,FAP,2020,FALSE,New Mexico,Forest Action Plan,189,context,biological_unit_components,ecosystem,TRUE,"a compound ""climate dissimilarity index"" (Map 9) and an ""ecosystem vulnerability"" classification (Map 10) are used to map where climate change poses the greatest hazard.",Climate Change,NA
NM_FAP_2020,NM,FAP,2020,FALSE,New Mexico,Forest Action Plan,189,context,biological_unit_components,community,TRUE,all of these can alter associated plant communities.,VI. Background (Rare Plant Conservation Strategy section),NA
NM_FAP_2020,NM,FAP,2020,FALSE,New Mexico,Forest Action Plan,189,context,biological_unit_components,genotype_phenotype,TRUE,guidelines for site specific species and genotypes for that ecotone or forest type to improve species survival in future climate envelope.,Sub-strategy 6.3.3,NA
NM_FAP_2020,NM,FAP,2020,FALSE,New Mexico,Forest Action Plan,189,context,partnerships_and_funding,NA,2,"In November 2019, the USDA Forest Service and State of New Mexico signed an Agreement for Shared Stewardship (Appendix C). The agreement strengthens an already solid partnership between the two entities and establishes a framework to allow state and federal governments to co-manage wildfire and other forest health risks across the land more efficiently.",I. Introduction,NA
NM_FAP_2020,NM,FAP,2020,FALSE,New Mexico,Forest Action Plan,189,context,partnerships_and_funding,NA,2,Total funding directed to forest and watershed restoration projects in New Mexico by all agencies and partners is increased to $45 million annually.,Sub-strategy 1.2,NA
NM_FAP_2020,NM,FAP,2020,FALSE,New Mexico,Forest Action Plan,189,context,partnerships_and_funding,NA,2,One common goal of project managers is to pair federal grants with state or private funds to provide match and leverage greater accomplishments for all partners and funders.,I. Introduction,NA
NM_FAP_2020,NM,FAP,2020,FALSE,New Mexico,Forest Action Plan,189,context,climate_threat_habitat_degradation,NA,1,Climate change is expected to decrease New Mexico's water supply by about one third through loss of winter snowpack and increased evapotranspiration (Llewellyn et al. 2013).,Climate Change (under Theme: Water Quality and Supply),NA
NM_FAP_2020,NM,FAP,2020,FALSE,New Mexico,Forest Action Plan,189,context,climate_threat_habitat_degradation,NA,1,"Impacts associated with climate change include prolonged droughts, increased fire frequency and severity-including severe habitat alteration caused by megafires-and increases in invasive species (plants and animals); all of these can alter associated plant communities.",VI. Background (Rare Plant Conservation Strategy section),NA
NM_FAP_2020,NM,FAP,2020,FALSE,New Mexico,Forest Action Plan,189,context,climate_threat_species_vital_rates,NA,1,"These forests are vulnerable to changing climate conditions. Recently, outbreaks of Spruce Bark Beetle, Spruce Budworm, Fir Engraver, and various pests and diseases on aspen have been more widespread, lasted longer, and caused more extensive mortality than previously experienced. These outbreaks are linked to drier, warmer conditions.",High Elevation Forests or Spruce-Fir Zone,NA
NM_FAP_2020,NM,FAP,2020,FALSE,New Mexico,Forest Action Plan,189,context,climate_threat_biotic_stressors,NA,1,Fragile habitats and scarce water resources will in turn be stressed by climate change. These climate change impacts will also compound other hazards by exacerbating fire seasons and forest pest outbreaks.,Climate Change,NA
NM_FAP_2020,NM,FAP,2020,FALSE,New Mexico,Forest Action Plan,189,context,climate_threat_biotic_stressors,NA,1,"Impacts associated with climate change include prolonged droughts, increased fire frequency and severity-including severe habitat alteration caused by megafires-and increases in invasive species (plants and animals); all of these can alter associated plant communities.",VI. Background (Rare Plant Conservation Strategy section),NA
NM_FAP_2020,NM,FAP,2020,FALSE,New Mexico,Forest Action Plan,189,actions,priority_habitat_identification,NA,2,"The Priority Landscapes Model shows the top 500 watersheds identified by the SIP analysis, plus high-priority riparian areas identified by regional scientists using the same water, community and biodiversity metrics (Map 46). These lands represent approximately 20% of all watersheds at risk, based on the Statewide Assessment data.",Actions,NA
NM_FAP_2020,NM,FAP,2020,FALSE,New Mexico,Forest Action Plan,189,actions,priority_habitat_identification,NA,2,"wildfire risk to biodiversity used in the shared stewardship prioritization of watersheds. This is the combined wildfire risk to critical habitat for terrestrial threatened and endangered species, large intact blocks of habitat, important plant areas, habitat connectivity (both least cost and omnidirectional), habitat for species of economic and recreation importance, NMCHAT species of concern, and riparian corridors.",Map 43,NA
NM_FAP_2020,NM,FAP,2020,FALSE,New Mexico,Forest Action Plan,189,actions,priority_habitat_identification,NA,2,Determine criteria for evaluating potential landscapes on how forests have dealt with climate impacts in the past and what impacts are expected in the future. Include forest refugia areas spared during wildland fire which provide adequate site conditions and habitat for effective reforestation efforts.,[TABLE: * Number of technical assistance requests...],NA
NM_FAP_2020,NM,FAP,2020,FALSE,New Mexico,Forest Action Plan,189,actions,time_bound_and_monitoring,NA,2,"When: Initiate in 2020 with 10-year objectives and either annual or 3-year revisits to incorporate new data, technologies or techniques throughout the entire chain of reforestation i.e. seed collection, progeny testing, nursery production, planting and workforce development/training, survival and monitoring.",[FIGURE: Number of protocols developed...],deadlines
NM_FAP_2020,NM,FAP,2020,FALSE,New Mexico,Forest Action Plan,189,actions,time_bound_and_monitoring,NA,2,Tracked activity is evaluated annually. Monitoring and adaptive management are taking place. Data are collected and analyzed. Information about what works and what doesn't is shared and used by partners to improve future planning and implementation.,Sub-strategy 1.3 -Track activity to report progress and evaluate outcomes to inform continuous planning.,monitoring
NM_FAP_2020,NM,FAP,2020,FALSE,New Mexico,Forest Action Plan,189,actions,time_bound_and_monitoring,NA,2,Collaboratively developed treatment plans are produced for 100 planning units in high-priority landscapes over the next ten years.,Sub-strategy 1.2,deadlines
NM_FAP_2020,NM,FAP,2020,FALSE,New Mexico,Forest Action Plan,189,actions,evidence_of_efficacy,NA,2,"The Collaborative Forest Restoration Program has been monitoring some projects 5, 10, and 15 years post treatment. In general, treatments appear to be effective still at 5 years, but are approaching conditions when another treatment is needed at 10 years, and for the limited available data seem to need treatments at 15 years.",Ponderosa pine forests (Return Interval Rationale),NA
NM_FAP_2020,NM,FAP,2020,FALSE,New Mexico,Forest Action Plan,189,actions,evidence_of_efficacy,NA,2,Various modeling efforts have demonstrated that treatments on the landscape can moderate fire intensity if 40% of the type is treated. Some models (see the work of Mark Finney) have inferred that careful placement of treatments on the landscape can reduce the percentage of the landscape treatment needed to maintain a fuel modified condition.,Ponderosa pine forests (Rationale for Percent of Forest Type to Treat),NA
NM_FAP_2020,NM,FAP,2020,FALSE,New Mexico,Forest Action Plan,189,actions,evidence_of_efficacy,NA,2,A 2019 analysis by the USFS Rocky Mountain Research Station indicates that treating areas prioritized for protecting water quality and water supplies in New Mexico had correlated reduction in wildfire risk to communities.,Water Quality and Water Supply,NA
NM_FAP_2020,NM,FAP,2020,FALSE,New Mexico,Forest Action Plan,189,actions,adaptation_planning_frameworks,NA,1,The Assessment models were augmented with a Scenario Investment Planning (SIP) process supported by the Rocky Mountain Research Station (RMRS) National Fire Decision Support Center and vetted by local subject matter experts.,List of Tables,NA
NV_FAP_2020,NV,FAP,2020,FALSE,Nevada,Forest Action Plan / State Forest Resource Assessment,441,concepts,climate_vulnerability,NA,2,"Unchecked climate change threatens the current state of all populations of plants and animals and their suitable habitats. As Nevada warms, per climate predictions, it is likely that the highest and lowest elevation species will be impacted the greatest. This is due to the reality that the coolest and wettest conditions that exist at the tops of the mountain ranges will cease to exist at their current levels, leaving species with nowhere to migrate.",Plant and Animal Habitats Under Pressure,exposure
NV_FAP_2020,NV,FAP,2020,FALSE,Nevada,Forest Action Plan / State Forest Resource Assessment,441,concepts,climate_vulnerability,NA,2,"Plant species are vulnerable in Nevada to population declines, extirpations, or even extinction, due to narrow habitat niches or geographic isolation. When a plant population cannot respond rapidly enough to adverse pressures imposed by climate change, it may be out competed by species that can.",Climate Change Influences (Species Requiring Specialized Conservation),exposure
NV_FAP_2020,NV,FAP,2020,FALSE,Nevada,Forest Action Plan / State Forest Resource Assessment,441,concepts,climate_vulnerability,NA,2,Species with low adaptive capacity such as those with specialized habitat needs or limited dispersal ability face higher vulnerability to these changes.,Climate Change Influences (Species Requiring Specialized Conservation),adaptive capacity
NV_FAP_2020,NV,FAP,2020,FALSE,Nevada,Forest Action Plan / State Forest Resource Assessment,441,concepts,adaptive_capacity_specificity,NA,2,Species with low adaptive capacity such as those with specialized habitat needs or limited dispersal ability face higher vulnerability to these changes.,Climate Change Influences (Species Requiring Specialized Conservation),NA
NV_FAP_2020,NV,FAP,2020,FALSE,Nevada,Forest Action Plan / State Forest Resource Assessment,441,concepts,adaptive_capacity_specificity,NA,2,"Since most plants do not migrate as readily as many animal species, they often become adapted to their specific local habitats, making them more vulnerable to short-term disturbances, fires, or rapid climate changes.",Species Requiring Specialized Conservation (intro),NA
NV_FAP_2020,NV,FAP,2020,FALSE,Nevada,Forest Action Plan / State Forest Resource Assessment,441,concepts,adaptive_capacity_components,distribution,TRUE,Warming and drying southwestern climates are predicted to result in an expansion of creosote-bursage communities northward. Thermic and mesic blackbrush communities are predicted to lose 50 percent of their shrub abundance within 200 years,Warm and Hot Deserts - Trends,NA
NV_FAP_2020,NV,FAP,2020,FALSE,Nevada,Forest Action Plan / State Forest Resource Assessment,441,concepts,adaptive_capacity_components,distribution,TRUE,"as species migrate upslope or north in latitude to follow suitable climatic and other environmental conditions, the lowest elevations will experience conditions that don't current exist on the landscape.",Plant and Animal Habitats Under Pressure,NA
NV_FAP_2020,NV,FAP,2020,FALSE,Nevada,Forest Action Plan / State Forest Resource Assessment,441,concepts,adaptive_capacity_components,movement,TRUE,"For plants that are geographically isolated, they may lack effective dispersal mechanisms to colonize similar, but distant habitats.",Climate Change Influences (Species Requiring Specialized Conservation),NA
NV_FAP_2020,NV,FAP,2020,FALSE,Nevada,Forest Action Plan / State Forest Resource Assessment,441,concepts,adaptive_capacity_components,movement,TRUE,Species with low adaptive capacity such as those with specialized habitat needs or limited dispersal ability face higher vulnerability to these changes.,Climate Change Influences (Species Requiring Specialized Conservation),NA
NV_FAP_2020,NV,FAP,2020,FALSE,Nevada,Forest Action Plan / State Forest Resource Assessment,441,concepts,adaptive_capacity_components,evolutionary_potential,TRUE,Trees that have the genetic capability to adapt and function at low levels of available water will outcompete trees with lower drought tolerance. This will likely affect species composition and may strongly influence tree densities as well.,Mixed Conifer Forests - Trends,NA
NV_FAP_2020,NV,FAP,2020,FALSE,Nevada,Forest Action Plan / State Forest Resource Assessment,441,concepts,adaptive_capacity_components,ecological_dependencies,TRUE,"Las Vegas bearpoppy is dependent on specific species of bees for pollination. The bees, which are presently under review as federally protected invertebrate species, may also be vulnerable to climate change. This illustrates the importance of studying other plants and their pollinators.",Climate Change Influences (Species Requiring Specialized Conservation),NA
NV_FAP_2020,NV,FAP,2020,FALSE,Nevada,Forest Action Plan / State Forest Resource Assessment,441,concepts,adaptive_capacity_components,abiotic_niche,TRUE,"This might be due to one or a combination of factors: 1) already being at or near the highest elevation on a mountain range, 2) incompatible habitat to migrate to above its present habitat and 3) the population being overwhelmed by competition from lower (and sometimes higher) elevation species.",Climate Change Influences (Species Requiring Specialized Conservation),NA
NV_FAP_2020,NV,FAP,2020,FALSE,Nevada,Forest Action Plan / State Forest Resource Assessment,441,concepts,adaptive_capacity_components,abiotic_niche,TRUE,"Las Vegas bearpoppy (Arctomecon californica) there is no higher elevation habitat to migrate to, because it requires soils with gypsum.",Climate Change Influences (Species Requiring Specialized Conservation),NA
NV_FAP_2020,NV,FAP,2020,FALSE,Nevada,Forest Action Plan / State Forest Resource Assessment,441,concepts,connectivity,NA,1,"Wildlife depend on horizontally contiguous forested tracts for functional habitat. Development of communities, infrastructure, and the occurrence of high intensity wildfire in forested areas poses the greatest threat of fragmentation of habitats",#1 - Forest and Woodland Health - Values at Risk,NA
NV_FAP_2020,NV,FAP,2020,FALSE,Nevada,Forest Action Plan / State Forest Resource Assessment,441,concepts,connectivity,NA,1,maintain habitat connectivity by implementing management and restoration practices,#4 - Riparian-Wetland Systems Goals and Strategies (Strategy 4-2-1),NA
NV_FAP_2020,NV,FAP,2020,FALSE,Nevada,Forest Action Plan / State Forest Resource Assessment,441,concepts,connectivity,NA,1,isolated springs and wetlands are isolated from species or genotypes of species that may be better adapted and more resilient to changing climate conditions.,#4 - Riparian-Wetland Systems - Challenges,NA
NV_FAP_2020,NV,FAP,2020,FALSE,Nevada,Forest Action Plan / State Forest Resource Assessment,441,tools,vulnerability_models,NA,2,"The Nevada Division of Natural Heritage (2020) applied the Climate Change Vulnerability Index (NatureServe 2020a) to identify and quantify the threats to plants and animals susceptible to climate change. Four plants are considered Extremely Vulnerable, meaning that 'their abundance and/or range extent within Nevada makes them extremely likely to substantially decrease or disappear by 2050.'",Climate Change Influences (Species Requiring Specialized Conservation),NA
NV_FAP_2020,NV,FAP,2020,FALSE,Nevada,Forest Action Plan / State Forest Resource Assessment,441,tools,vulnerability_models,NA,2,"Six plants are listed as Highly Vulnerable, meaning that their 'abundance and/or range extent within Nevada is likely to decrease significantly by 2050.' Fourteen plants are listed as Moderately Vulnerable",Climate Change Influences (Species Requiring Specialized Conservation),NA
NV_FAP_2020,NV,FAP,2020,FALSE,Nevada,Forest Action Plan / State Forest Resource Assessment,441,tools,climate_models,NA,1,"Models are used to predict a plateau of temperatures and associated negative outcomes if GHGs emissions are curbed. Informed by these models, policy makers in Nevada joined the US Climate Alliance, enacted the Climate Change Executive Order 2019-22, and Senate Bill 254",Climate Change,NA
NV_FAP_2020,NV,FAP,2020,FALSE,Nevada,Forest Action Plan / State Forest Resource Assessment,441,tools,climate_models,NA,1,Strategy 8-4-1: scale down climate change predictive models to determine regional trends and impacts in the state.,#8 - Climate Change Mitigation - Goals and Strategies,NA
NV_FAP_2020,NV,FAP,2020,FALSE,Nevada,Forest Action Plan / State Forest Resource Assessment,441,tools,connectivity_models,NA,2,"A comprehensive geospatial analysis was conducted using 29 data sets selected for their themes, attributes, efficacy, and completeness.",Priority Landscapes Assessment,NA
NV_FAP_2020,NV,FAP,2020,FALSE,Nevada,Forest Action Plan / State Forest Resource Assessment,441,tools,connectivity_models,NA,2,"Using the priority landscapes GIS analysis, 22 Priority Landscape Areas were digitized based on the highest concentration of threats, values, and collaborative opportunities. Logical geographic feature extents, including but not limited to discrete hydrological units, geologic features, and major ecosystems were used as guides in developing the areas",Priority Landscapes Designations,NA
NV_FAP_2020,NV,FAP,2020,FALSE,Nevada,Forest Action Plan / State Forest Resource Assessment,441,context,management_scale,local,TRUE,Strategy 4-2-3: Facilitate public-private partnerships to prioritize and implement management strategies along riparian corridors that cross multiple landownership categories,#4 - Riparian-Wetland Systems Goals and Strategies,NA
NV_FAP_2020,NV,FAP,2020,FALSE,Nevada,Forest Action Plan / State Forest Resource Assessment,441,context,management_scale,site,TRUE,"Providing a framework and analyses to establish priority landscapes, this FRWAP is intended to focus energy and investment in natural resource and wildland fire management projects",Executive Summary,NA
NV_FAP_2020,NV,FAP,2020,FALSE,Nevada,Forest Action Plan / State Forest Resource Assessment,441,context,management_scale,watershed,TRUE,"For purposes of identifying areas of resource significance and subsequently designating priority landscapes in this Action Plan, the Hydrologic Unit Codes (HUC) 10 and HUC 12 divisions were used.",Timberlands and Woodlands,NA
NV_FAP_2020,NV,FAP,2020,FALSE,Nevada,Forest Action Plan / State Forest Resource Assessment,441,context,management_scale,county,TRUE,"The northeastern Nevada climate division is comprised of Elko, Lander, Eureka, and White Pine counties.",Regional Climate Divisions,NA
NV_FAP_2020,NV,FAP,2020,FALSE,Nevada,Forest Action Plan / State Forest Resource Assessment,441,context,management_scale,within_state_region,TRUE,"Using the priority landscapes GIS analysis, 22 Priority Landscape Areas were digitized based on the highest concentration of threats, values, and collaborative opportunities.",Priority Landscapes Designations,NA
NV_FAP_2020,NV,FAP,2020,FALSE,Nevada,Forest Action Plan / State Forest Resource Assessment,441,context,management_scale,state,TRUE,"The resulting priority map was used to designate 22 Priority Landscapes with similar geography, hydrography, ecosystems and other characteristics that account for approximately 60 percent of the land area in Nevada.",Plan Summary,NA
NV_FAP_2020,NV,FAP,2020,FALSE,Nevada,Forest Action Plan / State Forest Resource Assessment,441,context,management_scale,multistate,TRUE,"Nevada's neighboring states are faced with the same or similar issues identified in this plan. Where the same issues or priority landscapes designated by each state abut at state lines, states will work collaboratively to address issues across a broader landscape.",Interstate Collaboration,NA
NV_FAP_2020,NV,FAP,2020,FALSE,Nevada,Forest Action Plan / State Forest Resource Assessment,441,context,management_scale,ecosystem,TRUE,"Nine major vegetated, non-production agricultural terrestrial ecosystems were identified to assess the conditions, set regional priorities for investment and action, and develop applicable strategies to improve conditions and trends.",Major Terrestrial Ecosystems,NA
NV_FAP_2020,NV,FAP,2020,FALSE,Nevada,Forest Action Plan / State Forest Resource Assessment,441,context,management_scale,ecoregion,TRUE,"at high elevations mixed conifer forests are found within every ecoregion in the state: Mojave, Great Basin, Columbia Plateau, and Sierra Nevada.",Major Terrestrial Ecosystems,NA
NV_FAP_2020,NV,FAP,2020,FALSE,Nevada,Forest Action Plan / State Forest Resource Assessment,441,context,management_scale,river,TRUE,"Strategy 7-2-3: restore rivers, streams and other riparian area, flood plains and wetlands to proper functioning condition to increase groundwater recharge, reduce sedimentation of water supplies, and increase seasonal water flows",#7 - Water Quality and Quantity - Goals and Strategies,NA
NV_FAP_2020,NV,FAP,2020,FALSE,Nevada,Forest Action Plan / State Forest Resource Assessment,441,context,biological_unit_score,NA,2,Warming and drying southwestern climates are predicted to result in an expansion of creosote-bursage communities northward.,Warm and Hot Deserts - Trends,community/ecosystem
NV_FAP_2020,NV,FAP,2020,FALSE,Nevada,Forest Action Plan / State Forest Resource Assessment,441,context,biological_unit_score,NA,2,"Plant species are vulnerable in Nevada to population declines, extirpations, or even extinction, due to narrow habitat niches or geographic isolation.",Climate Change Influences (Species Requiring Specialized Conservation),species/population
NV_FAP_2020,NV,FAP,2020,FALSE,Nevada,Forest Action Plan / State Forest Resource Assessment,441,context,biological_unit_components,species,TRUE,"Plant species are vulnerable in Nevada to population declines, extirpations, or even extinction, due to narrow habitat niches or geographic isolation. When a plant population cannot respond rapidly enough to adverse pressures imposed by climate change, it may be out competed by species that can.",Climate Change Influences (Species Requiring Specialized Conservation),NA
NV_FAP_2020,NV,FAP,2020,FALSE,Nevada,Forest Action Plan / State Forest Resource Assessment,441,context,biological_unit_components,population,TRUE,"Four plants are considered Extremely Vulnerable, meaning that 'their abundance and/or range extent within Nevada makes them extremely likely to substantially decrease or disappear by 2050.'",Climate Change Influences (Species Requiring Specialized Conservation),NA
NV_FAP_2020,NV,FAP,2020,FALSE,Nevada,Forest Action Plan / State Forest Resource Assessment,441,context,biological_unit_components,habitat,TRUE,Habitats will have altered suitability for specialized populations,#8 - Climate Change Mitigation - Values at Risk,NA
NV_FAP_2020,NV,FAP,2020,FALSE,Nevada,Forest Action Plan / State Forest Resource Assessment,441,context,biological_unit_components,ecosystem,TRUE,Warming and drying southwestern climates are predicted to result in an expansion of creosote-bursage communities northward. Thermic and mesic blackbrush communities are predicted to lose 50 percent of their shrub abundance within 200 years,Warm and Hot Deserts - Trends,NA
NV_FAP_2020,NV,FAP,2020,FALSE,Nevada,Forest Action Plan / State Forest Resource Assessment,441,context,biological_unit_components,community,TRUE,Climate change effects occurring within grasslands and meadows include successional type conversions to shrub communities and tree encroachment.,Other Cold Desert Shrublands and Grasslands - Trends,NA
NV_FAP_2020,NV,FAP,2020,FALSE,Nevada,Forest Action Plan / State Forest Resource Assessment,441,context,biological_unit_components,genotype_phenotype,TRUE,Trees that have the genetic capability to adapt and function at low levels of available water will outcompete trees with lower drought tolerance.,Mixed Conifer Forests - Trends,NA
NV_FAP_2020,NV,FAP,2020,FALSE,Nevada,Forest Action Plan / State Forest Resource Assessment,441,context,partnerships_and_funding,NA,1,"In 2019, Nevada land management partners held coordinating meetings that created discussion and consensus rich environments that allowed the partners to start forming an idea of how and where land management agencies could best implement this new strategy. Following the meeting, the Agreement for Shared Stewardship was executed by the Governor, USFS, Nevada Indian Commission, USFWS, and BLM.",Shared Stewardship Priority Areas,NA
NV_FAP_2020,NV,FAP,2020,FALSE,Nevada,Forest Action Plan / State Forest Resource Assessment,441,context,partnerships_and_funding,NA,1,Most of the efforts are funded through federal agency budgets and pass-through federal grants to state and local agencies.,Service Delivery,NA
NV_FAP_2020,NV,FAP,2020,FALSE,Nevada,Forest Action Plan / State Forest Resource Assessment,441,context,climate_threat_habitat_degradation,NA,1,Drought stress for mixed conifer forests and pinyon-juniper woodlands has caused longer bark beetle epidemics and overall loss of tree health due to lack of water.,#1 - Forest and Woodland Health - Climate Change Influence,NA
NV_FAP_2020,NV,FAP,2020,FALSE,Nevada,Forest Action Plan / State Forest Resource Assessment,441,context,climate_threat_habitat_degradation,NA,1,"Impacts of climate change on riparian systems will be largely dependent on water quantity associated with snowpack throughout watersheds in upper elevations and latitudes, timing of precipitation, and the quantity of precipitation.",Riparian-Wetland Systems - Climate Change Influence,NA
NV_FAP_2020,NV,FAP,2020,FALSE,Nevada,Forest Action Plan / State Forest Resource Assessment,441,context,climate_threat_habitat_degradation,NA,1,Extended fire seasons through climatic factors and increased abundance of early curing cheatgrass,#5 - Sagebrush Ecosystems - Climate Change Influence,NA
NV_FAP_2020,NV,FAP,2020,FALSE,Nevada,Forest Action Plan / State Forest Resource Assessment,441,context,climate_threat_species_vital_rates,NA,1,"Extended drought in the late 1980's, early 1990's, and mid 2010's stressed the trees, leading to increased insect and disease susceptibility and activity.",High Elevation Forests - Trends,NA
NV_FAP_2020,NV,FAP,2020,FALSE,Nevada,Forest Action Plan / State Forest Resource Assessment,441,context,climate_threat_species_vital_rates,NA,1,"Whitebark pine, bristlecone, and limber pine forests are experiencing multiple threats including climate change, fire exclusion, mountain pine beetle, and white pine blister rust. Insect outbreaks from the mountain pine beetle have impacted these forest species in northeast Nevada",High Elevation Forests - Trends,NA
NV_FAP_2020,NV,FAP,2020,FALSE,Nevada,Forest Action Plan / State Forest Resource Assessment,441,context,climate_threat_biotic_stressors,NA,1,"Warmer winters and earlier onset of the spring growing season accelerate invasion by cheatgrass, shortening historical fire return intervals and hampering vegetation recovery potential.",Other Cold Desert Shrublands and Grasslands - Trends,NA
NV_FAP_2020,NV,FAP,2020,FALSE,Nevada,Forest Action Plan / State Forest Resource Assessment,441,context,climate_threat_biotic_stressors,NA,1,"as species migrate upslope or north in latitude to follow suitable climatic and other environmental conditions, the lowest elevations will experience conditions that don't current exist on the landscape. This will open ecological niches that do not have localized species adapted to fill. These open niches will be highly susceptible to invasion by exotic species.",Plant and Animal Habitats Under Pressure,NA
NV_FAP_2020,NV,FAP,2020,FALSE,Nevada,Forest Action Plan / State Forest Resource Assessment,441,context,climate_threat_biotic_stressors,NA,1,"with warmer winter temperatures, earlier snowmelt may result in consistently lower flows throughout late spring and summer, which may be catastrophic to the vegetation by disrupting the phenological relationships of plants and animals.",Riparian-Wetland Systems - Climate Change Influence,NA
NV_FAP_2020,NV,FAP,2020,FALSE,Nevada,Forest Action Plan / State Forest Resource Assessment,441,actions,priority_habitat_identification,NA,2,"Using the priority landscapes GIS analysis, 22 Priority Landscape Areas were digitized based on the highest concentration of threats, values, and collaborative opportunities. Logical geographic feature extents, including but not limited to discrete hydrological units, geologic features, and major ecosystems were used as guides in developing the areas",Priority Landscapes Designations,NA
NV_FAP_2020,NV,FAP,2020,FALSE,Nevada,Forest Action Plan / State Forest Resource Assessment,441,actions,priority_habitat_identification,NA,2,"The resulting priority map was used to designate 22 Priority Landscapes with similar geography, hydrography, ecosystems and other characteristics that account for approximately 60 percent of the land area in Nevada.",Plan Summary,NA
NV_FAP_2020,NV,FAP,2020,FALSE,Nevada,Forest Action Plan / State Forest Resource Assessment,441,actions,priority_habitat_identification,NA,2,"A comprehensive geospatial analysis was conducted using 29 data sets selected for their themes, attributes, efficacy, and completeness.",Priority Landscapes Assessment,NA
NV_FAP_2020,NV,FAP,2020,FALSE,Nevada,Forest Action Plan / State Forest Resource Assessment,441,actions,time_bound_and_monitoring,NA,1,Each strategy has an accompanying performance measure that will allow stakeholders to monitor progression of the strategy implementation and toward attainment of associated goals.,Plan Summary,NA
NV_FAP_2020,NV,FAP,2020,FALSE,Nevada,Forest Action Plan / State Forest Resource Assessment,441,actions,time_bound_and_monitoring,NA,1,"Ongoing monitoring by NDF and partners will provide data for determining whether changes are needed in our approach to addressing identified threats/issues. Strategies that prove effective through forest health monitoring, pre-and post-project and periodic follow-up photo-monitoring, and other efforts will continue.",Monitoring,NA
NV_FAP_2020,NV,FAP,2020,FALSE,Nevada,Forest Action Plan / State Forest Resource Assessment,441,actions,evidence_of_efficacy,NA,2,"NDF partnered with private landowners, Galena Forests Estates, Washoe County, and the USFS to treat over 60 acres of native Jeffrey pine and riparian forest... Treatments included hand thinning and pile burning overly dense trees and decadent and dead shrubs to reduce tree densities and fuel loading, restore riparian and aspen habitat, and improve the health and resiliency of the remaining forest.",Galena project description,NA
NV_FAP_2020,NV,FAP,2020,FALSE,Nevada,Forest Action Plan / State Forest Resource Assessment,441,actions,evidence_of_efficacy,NA,2,"A resilient forest is better able to adapt to climate change and survive wildfires. Due to historic logging, grazing and forestry practices the forests of the Sierra Front are at high risk of forest to non-forest conversion following wildfires.",Clear Creek project description,NA
NV_FAP_2020,NV,FAP,2020,FALSE,Nevada,Forest Action Plan / State Forest Resource Assessment,441,actions,evidence_of_efficacy,NA,2,"To improve water quality in the South Fork of the Humboldt River and South Fork Reservoir, 319(h) projects implemented 2015 -2019 focused on the following goals... Through revegetation, the project has reduced non-point source pollution, sedimentation and eutrophication of the reservoir",South Fork River Stabilization project description,NA
NV_FAP_2020,NV,FAP,2020,FALSE,Nevada,Forest Action Plan / State Forest Resource Assessment,441,actions,adaptation_planning_frameworks,NA,1,"As part of the recent policy package the administration will identify and evaluate policies and regulatory strategies that create climate resiliency and mitigation of the impacts of climate change in urban and rural areas, including adoption of approaches to increase conservation, restoration and management of Nevada's forests, rangelands, and water resources.",Climate Change,NA
NV_FAP_2020,NV,FAP,2020,FALSE,Nevada,Forest Action Plan / State Forest Resource Assessment,441,actions,adaptation_planning_frameworks,NA,1,"Strategy 8-4-3: create and make a comprehensive menu of climate change mitigation tools and techniques available for natural resource, land, and fire managers.",#8 - Climate Change Mitigation - Goals and Strategies,NA
NY_FAP_2020,NY,FAP,2020,FALSE,New York State,State Forest Action Plan (SFAP),144,concepts,climate_vulnerability,NA,2,"Boreal species of cold climates and high elevation (i.e., balsam fir, red spruce, and black spruce) are at greatest risk for decline, as they are projected to lose suitable habitat over the next century.",Assessment: Effects of a changing climate and environment on New York's forests,exposure
NY_FAP_2020,NY,FAP,2020,FALSE,New York State,State Forest Action Plan (SFAP),144,concepts,climate_vulnerability,NA,2,Populations in isolated and fragmented landscapes will have limited ability to migrate in response to a changing climate.,Assessment: Effects of a changing climate and environment on New York's forests,adaptive capacity
NY_FAP_2020,NY,FAP,2020,FALSE,New York State,State Forest Action Plan (SFAP),144,concepts,climate_vulnerability,NA,2,"climate change-induced habitat shifts, excessive human recreation, and overabundant white-tailed deer.",Table: Forest Habitats that Support SGCN,exposure
NY_FAP_2020,NY,FAP,2020,FALSE,New York State,State Forest Action Plan (SFAP),144,concepts,adaptive_capacity_specificity,NA,2,Populations in isolated and fragmented landscapes will have limited ability to migrate in response to a changing climate.,Assessment: Effects of a changing climate and environment on New York's forests,NA
NY_FAP_2020,NY,FAP,2020,FALSE,New York State,State Forest Action Plan (SFAP),144,concepts,adaptive_capacity_specificity,NA,2,"The unimpeded movement of animals is important to maintain their genetic diversity, and also allows wildlife to move to suitable habitats, which is an important adaptation strategy to climate change.",Assessment: Connectivity of forests,NA
NY_FAP_2020,NY,FAP,2020,FALSE,New York State,State Forest Action Plan (SFAP),144,concepts,adaptive_capacity_components,distribution,TRUE,"On the other hand, species with southern ranges, such as red maple, northern red oak, black cherry, and American basswood, may expand their suitable range northward.",Assessment: Effects of a changing climate and environment on New York's forests,NA
NY_FAP_2020,NY,FAP,2020,FALSE,New York State,State Forest Action Plan (SFAP),144,concepts,adaptive_capacity_components,movement,TRUE,Populations in isolated and fragmented landscapes will have limited ability to migrate in response to a changing climate.,Assessment: Effects of a changing climate and environment on New York's forests,NA
NY_FAP_2020,NY,FAP,2020,FALSE,New York State,State Forest Action Plan (SFAP),144,concepts,adaptive_capacity_components,evolutionary_potential,TRUE,"The unimpeded movement of animals is important to maintain their genetic diversity, and also allows wildlife to move to suitable habitats, which is an important adaptation strategy to climate change.",Assessment: Connectivity of forests,NA
NY_FAP_2020,NY,FAP,2020,FALSE,New York State,State Forest Action Plan (SFAP),144,concepts,adaptive_capacity_components,ecological_dependencies,TRUE,An earlier budburst misaligns flowering with the phenology of spring pollinators. This may stunt regeneration and forest productivity of certain tree species.,Assessment: Effects of a changing climate and environment on New York's forests,NA
NY_FAP_2020,NY,FAP,2020,FALSE,New York State,State Forest Action Plan (SFAP),144,concepts,adaptive_capacity_components,abiotic_niche,TRUE,"Boreal species of cold climates and high elevation (i.e., balsam fir, red spruce, and black spruce) are at greatest risk for decline, as they are projected to lose suitable habitat over the next century.",Assessment: Effects of a changing climate and environment on New York's forests,NA
NY_FAP_2020,NY,FAP,2020,FALSE,New York State,State Forest Action Plan (SFAP),144,concepts,connectivity,NA,2,"Strive to maintain connectivity among forested habitats to allow movement of wildlife, including their migration in response to climate change, and also maintain the health of the habitat itself.",Strategy: Actively pursue afforestation and forest restoration efforts,NA
NY_FAP_2020,NY,FAP,2020,FALSE,New York State,State Forest Action Plan (SFAP),144,concepts,connectivity,NA,2,This area is identified by TNC and others as a critical forest corridor connecting Appalachian forests of the Mid-Atlantic to the Northern Forests of New England. This corridor also provides a significant migration pathway for plants and animals adapting to a changing climate.,Highlands Region,NA
NY_FAP_2020,NY,FAP,2020,FALSE,New York State,State Forest Action Plan (SFAP),144,concepts,connectivity,NA,2,Work to increase connectivity of vulnerable forests where connections would benefit the migration of species while continuing to isolate areas where invasive species pose a threat.,Strategy: Understand and respond to negative effects of climate change on forests,NA
NY_FAP_2020,NY,FAP,2020,FALSE,New York State,State Forest Action Plan (SFAP),144,tools,climate_models,NA,1,New York State's 'ClimAID' report is the authoritative resources for observed and projected climate change in the state and is updated based on the global models produced by the Intergovernmental Panel on Climate Change.,Acknowledgments / end of document,NA
NY_FAP_2020,NY,FAP,2020,FALSE,New York State,State Forest Action Plan (SFAP),144,tools,climate_models,NA,1,"If the sea level rises 0.33 to 0.63 m between 2080 and 2100, as it is projected to increase under the RCP 6.0 scenario, there will be approximately 1,886,000 people living under the high-tide lines in New York",Valuing forests for carbon storage and community adaptation to climate change [TABLE],NA
NY_FAP_2020,NY,FAP,2020,FALSE,New York State,State Forest Action Plan (SFAP),144,tools,connectivity_models,NA,2,"Staying Connected Initiative (http://stayingconnectedinitiative.org), led by TNC, utilized landscape permeability modeling to identify the least-cost path linkages across the Northeast. In New York, these linkages include Tug Hill to the Adirondacks across the Black River Valley, Adirondacks to the Green Mountains across the Lake Champlain Valley, and the Green Mountains to the Hudson Highlands through the Berkshires and Rensselaer Plateau.",Assessment: Connectivity of forests / Soil resources in forests,NA
NY_FAP_2020,NY,FAP,2020,FALSE,New York State,State Forest Action Plan (SFAP),144,context,management_scale,local,TRUE,"Support community-level land use planning, which is critical for maintaining and restoring forest connectivity.",Strategy: Actively pursue afforestation and forest restoration efforts,NA
NY_FAP_2020,NY,FAP,2020,FALSE,New York State,State Forest Action Plan (SFAP),144,context,management_scale,site,TRUE,Increase protection of resilient sites for species and communities. Evaluate New York's existing conservation lands to identify gaps that need to be filled to ensure conservation of the full range of habitats and support of the state's biodiversity.,Strategy: Understand and respond to negative effects of climate change on forests,NA
NY_FAP_2020,NY,FAP,2020,FALSE,New York State,State Forest Action Plan (SFAP),144,context,management_scale,watershed,TRUE,The primary source of New York City's drinking water is the Catskill area watershed. The City works to protect and restore this watershed rather than build a multi-billion-dollar water filtration plant.,Assessment: Forest protection for drinking water quality and supply,NA
NY_FAP_2020,NY,FAP,2020,FALSE,New York State,State Forest Action Plan (SFAP),144,context,management_scale,within_state_region,TRUE,"The most heavily forested parts of the state remain the Western Adirondack, Eastern Adirondack, and Adirondack units.",Assessment: New York's forested landcover,NA
NY_FAP_2020,NY,FAP,2020,FALSE,New York State,State Forest Action Plan (SFAP),144,context,management_scale,state,TRUE,This New York State Forest Action Plan is a 10-year strategic plan for DEC and New York's forestry community.,Organization of the Plan,NA
NY_FAP_2020,NY,FAP,2020,FALSE,New York State,State Forest Action Plan (SFAP),144,context,management_scale,multistate,TRUE,This area is identified by TNC and others as a critical forest corridor connecting Appalachian forests of the Mid-Atlantic to the Northern Forests of New England. This corridor also provides a significant migration pathway for plants and animals adapting to a changing climate.,Highlands Region,NA
NY_FAP_2020,NY,FAP,2020,FALSE,New York State,State Forest Action Plan (SFAP),144,context,management_scale,transnational,TRUE,The Lake Champlain basin is a multinational resource of more 5.2 million acres that is affected by urban development and agricultural runoff.,Lake Champlain Basin,NA
NY_FAP_2020,NY,FAP,2020,FALSE,New York State,State Forest Action Plan (SFAP),144,context,management_scale,ecosystem,TRUE,"Working with partners, identify areas with high connectivity and biophysical complexity (TNC's 'Resilient and Connected Network for New York State'), as well as ways to determine how ecosystem drivers and stressors will change in a particular area or for a particular forest community.",Strategy: Understand and respond to negative effects of climate change on forests,NA
NY_FAP_2020,NY,FAP,2020,FALSE,New York State,State Forest Action Plan (SFAP),144,context,management_scale,ecoregion,TRUE,"Northern Appalachian/Acadian Ecoregion (NAP): NAP matrix forests: beech-maple mesic forest, spruce-northern hardwood forest, spruce flats, and mountain spruce-fir forest.",Assessment: Status of forest biodiversity (NAP),NA
NY_FAP_2020,NY,FAP,2020,FALSE,New York State,State Forest Action Plan (SFAP),144,context,biological_unit_score,NA,2,Changes in climatic conditions are projected to shift species ranges and alter forest composition: Many northern and boreal tree species will face increasing stress from climate change.,Assessment: Effects of a changing climate and environment on New York's forests,species
NY_FAP_2020,NY,FAP,2020,FALSE,New York State,State Forest Action Plan (SFAP),144,context,biological_unit_score,NA,2,"Habitat connectivity is important on many geographic scales, from the local scale of seasonal migration of amphibians between breeding pools and upland habitats, to the regional range expansion of moose between northeastern states.",Assessment: Connectivity of forests,habitat/ecosystem
NY_FAP_2020,NY,FAP,2020,FALSE,New York State,State Forest Action Plan (SFAP),144,context,biological_unit_components,species,TRUE,"Boreal species of cold climates and high elevation (i.e., balsam fir, red spruce, and black spruce) are at greatest risk for decline, as they are projected to lose suitable habitat over the next century.",Assessment: Effects of a changing climate and environment on New York's forests,NA
NY_FAP_2020,NY,FAP,2020,FALSE,New York State,State Forest Action Plan (SFAP),144,context,biological_unit_components,population,TRUE,Populations in isolated and fragmented landscapes will have limited ability to migrate in response to a changing climate.,Assessment: Effects of a changing climate and environment on New York's forests,NA
NY_FAP_2020,NY,FAP,2020,FALSE,New York State,State Forest Action Plan (SFAP),144,context,biological_unit_components,habitat,TRUE,"climate change-induced habitat shifts, excessive human recreation, and overabundant white-tailed deer.",Table: Forest Habitats that Support SGCN,NA
NY_FAP_2020,NY,FAP,2020,FALSE,New York State,State Forest Action Plan (SFAP),144,context,biological_unit_components,ecosystem,TRUE,"Working with partners, identify areas with high connectivity and biophysical complexity (TNC's 'Resilient and Connected Network for New York State'), as well as ways to determine how ecosystem drivers and stressors will change in a particular area or for a particular forest community.",Strategy: Understand and respond to negative effects of climate change on forests,NA
NY_FAP_2020,NY,FAP,2020,FALSE,New York State,State Forest Action Plan (SFAP),144,context,biological_unit_components,community,TRUE,Increase protection of resilient sites for species and communities. Evaluate New York's existing conservation lands to identify gaps that need to be filled to ensure conservation of the full range of habitats and support of the state's biodiversity.,Strategy: Understand and respond to negative effects of climate change on forests,NA
NY_FAP_2020,NY,FAP,2020,FALSE,New York State,State Forest Action Plan (SFAP),144,context,partnerships_and_funding,NA,1,"Partner with academic institutions, federal agencies, and other entities to research effects of climate change on forests.",Strategy: Understand and respond to negative effects of climate change on forests,NA
NY_FAP_2020,NY,FAP,2020,FALSE,New York State,State Forest Action Plan (SFAP),144,context,partnerships_and_funding,NA,1,"Working with partners, identify areas with high connectivity and biophysical complexity (TNC's 'Resilient and Connected Network for New York State'), as well as ways to determine how ecosystem drivers and stressors will change in a particular area or for a particular forest community.",Strategy: Understand and respond to negative effects of climate change on forests,NA
NY_FAP_2020,NY,FAP,2020,FALSE,New York State,State Forest Action Plan (SFAP),144,context,climate_threat_habitat_degradation,NA,1,"Extreme heat and droughts will limit available water for photosynthesis, which will restrict carbon sequestration and reduce plant productivity. These conditions also increase the threat of wildfires, which release a significant amount of carbon.",Assessment: Effects of a changing climate and environment on New York's forests,NA
NY_FAP_2020,NY,FAP,2020,FALSE,New York State,State Forest Action Plan (SFAP),144,context,climate_threat_habitat_degradation,NA,1,"Shorter, warmer winters may not provide timely or sufficient cold periods for trees to become frost hardened, and frequent thaw-freeze cycles during winter may affect dormancy and essential early spring nutrient-uptake cycles.",Assessment: Forest health monitoring [TABLE],NA
NY_FAP_2020,NY,FAP,2020,FALSE,New York State,State Forest Action Plan (SFAP),144,context,climate_threat_species_vital_rates,NA,1,"Conditions affecting tree regeneration and recruitment will change. Seedlings are more vulnerable than mature trees to changes in temperature, moisture, and other seedbed and early growth requirements",Assessment: Effects of a changing climate and environment on New York's forests,NA
NY_FAP_2020,NY,FAP,2020,FALSE,New York State,State Forest Action Plan (SFAP),144,context,climate_threat_species_vital_rates,NA,1,Decline in hardwood species may also be linked to decreased winter snow cover/warming.,Assessment: Forest product manufacturing / Wildlife benefits,NA
NY_FAP_2020,NY,FAP,2020,FALSE,New York State,State Forest Action Plan (SFAP),144,context,climate_threat_biotic_stressors,NA,1,"Warmer temperatures and milder winters allow for faster spread of forest pests. Specifically, forests of low species diversity are at greatest risk of disturbance.",Assessment: Effects of a changing climate and environment on New York's forests,NA
NY_FAP_2020,NY,FAP,2020,FALSE,New York State,State Forest Action Plan (SFAP),144,context,climate_threat_biotic_stressors,NA,1,An earlier budburst misaligns flowering with the phenology of spring pollinators. This may stunt regeneration and forest productivity of certain tree species.,Assessment: Effects of a changing climate and environment on New York's forests,NA
NY_FAP_2020,NY,FAP,2020,FALSE,New York State,State Forest Action Plan (SFAP),144,actions,priority_habitat_identification,NA,2,Protect unique forest areas as refugia for at-risk plant and animal species.,Strategy: Understand and respond to negative effects of climate change on forests,NA
NY_FAP_2020,NY,FAP,2020,FALSE,New York State,State Forest Action Plan (SFAP),144,actions,priority_habitat_identification,NA,2,"The Habitat Assessment chapter of the SWAP identified five areas of large, relatively intact forests within New York-Adirondacks, Catskills, and the Allegheny, Tug Hill, and Rensselaer Plateaus-as well as smaller forest blocks that occur at several locations throughout the state.",Assessment: Connectivity of forests / Soil resources in forests,NA
NY_FAP_2020,NY,FAP,2020,FALSE,New York State,State Forest Action Plan (SFAP),144,actions,priority_habitat_identification,NA,2,Increase protection of resilient sites for species and communities. Evaluate New York's existing conservation lands to identify gaps that need to be filled to ensure conservation of the full range of habitats and support of the state's biodiversity.,Strategy: Understand and respond to negative effects of climate change on forests,NA
NY_FAP_2020,NY,FAP,2020,FALSE,New York State,State Forest Action Plan (SFAP),144,actions,targeted_range_shift_actions,NA,1,"Strive to maintain connectivity among forested habitats to allow movement of wildlife, including their migration in response to climate change, and also maintain the health of the habitat itself. Similarly, establish connections to improve the ability of tree or other plant species in isolated or fragmented landscapes to migrate in response to climate change.",Strategy: Actively pursue afforestation and forest restoration efforts,NA
NY_FAP_2020,NY,FAP,2020,FALSE,New York State,State Forest Action Plan (SFAP),144,actions,targeted_range_shift_actions,NA,1,Work to increase connectivity of vulnerable forests where connections would benefit the migration of species while continuing to isolate areas where invasive species pose a threat.,Strategy: Understand and respond to negative effects of climate change on forests,NA
NY_FAP_2020,NY,FAP,2020,FALSE,New York State,State Forest Action Plan (SFAP),144,actions,time_bound_and_monitoring,NA,1,Increase the number of acres of private forestland under professional forest management from 1.7 million acres currently to 5 million acres by 2030.,Strategy: Help private landowners keep and manage their forests sustainably,NA
NY_FAP_2020,NY,FAP,2020,FALSE,New York State,State Forest Action Plan (SFAP),144,actions,evidence_of_efficacy,NA,1,"Working with partners, provide technical assistance to forest managers to incorporate BMPs and stewardship strategies, based on the best available science, into the management of public and private forests.",Strategy: Understand and respond to negative effects of climate change on forests,NA
NY_FAP_2020,NY,FAP,2020,FALSE,New York State,State Forest Action Plan (SFAP),144,actions,adaptation_planning_frameworks,NA,1,"These strategies will leverage private money with public funds, improve the resiliency of the Landscape, and pioneer adaptation to climate change.",Berkshire-Taconic Landscape / Existing efforts,NA
NY_FAP_2020,NY,FAP,2020,FALSE,New York State,State Forest Action Plan (SFAP),144,actions,adaptation_planning_frameworks,NA,1,"Ensure accessibility of climate science and resilience data to support state agencies, local governments, land trusts, and others in integrating climate change resilience into local and regional community planning, as well as conservation planning.",Strategy: Understand and respond to negative effects of climate change on forests,NA
OH_FAP_2020,OH,FAP,2020,FALSE,Ohio (ODNR Division of Forestry),State Forest Action Plan (Assessment + Strategy),306,concepts,climate_vulnerability,NA,3,Nine forest ecosystems were assessed in the Central Appalachians Vulnerability Assessment (Butler et al. 2015) and assessments of five of the forest ecosystem types most prevalent in Ohio are summarized below.,"Ecosystem responses (vulnerabilities), Indicator 7",exposure
OH_FAP_2020,OH,FAP,2020,FALSE,Ohio (ODNR Division of Forestry),State Forest Action Plan (Assessment + Strategy),306,concepts,climate_vulnerability,NA,3,"The high number of invasive species outcompeting natives has already reduced the adaptive capacity of this ecosystem, and mortality of ash species from emerald ash borer is likely to essentially eliminate these species by mid-century, reducing overall native species diversity.","Ecosystem responses (vulnerabilities), large stream floodplain ecosystem, Indicator 7",adaptive capacity
OH_FAP_2020,OH,FAP,2020,FALSE,Ohio (ODNR Division of Forestry),State Forest Action Plan (Assessment + Strategy),306,concepts,climate_vulnerability,NA,3,"the changing climate tends to intensify the stressors that may already exist for many species and increases susceptibility to drought, pests, diseases, or competition from other species (Butler et al. 2015).","Climate change section, Indicator 7",exposure
OH_FAP_2020,OH,FAP,2020,FALSE,Ohio (ODNR Division of Forestry),State Forest Action Plan (Assessment + Strategy),306,concepts,adaptive_capacity_specificity,NA,2,"the adaptability of the species to the expected climatic changes (Adap, scored as low, medium, or high); the capability of the species to cope with the expected climatic changes","Tree species responses table description, Indicator 7",NA
OH_FAP_2020,OH,FAP,2020,FALSE,Ohio (ODNR Division of Forestry),State Forest Action Plan (Assessment + Strategy),306,concepts,adaptive_capacity_specificity,NA,2,"The high number of invasive species outcompeting natives has already reduced the adaptive capacity of this ecosystem, and mortality of ash species from emerald ash borer is likely to essentially eliminate these species by mid-century, reducing overall native species diversity.","Ecosystem responses (vulnerabilities), large stream floodplain ecosystem, Indicator 7",NA
OH_FAP_2020,OH,FAP,2020,FALSE,Ohio (ODNR Division of Forestry),State Forest Action Plan (Assessment + Strategy),306,concepts,adaptive_capacity_components,distribution,TRUE,"Many tree species that are currently present may fare worse with warmer temperatures and altered precipitation patterns. Other species may do better under these conditions, and some species not currently present may have the potential to do well if conditions allow them to disperse to newly suitable areas.",State Priority Issues – Climate Change / Ohio River Basin section,NA
OH_FAP_2020,OH,FAP,2020,FALSE,Ohio (ODNR Division of Forestry),State Forest Action Plan (Assessment + Strategy),306,concepts,adaptive_capacity_components,movement,TRUE,"These are species with models projecting habitat moving into the area, and with at least a small potential for the species to arrive there naturally within 100 years, according to the SHIFT model (Iverson et al. 2019c; Prasad et al. 2016).","Climate change section / Tree species responses, Indicator 7",NA
OH_FAP_2020,OH,FAP,2020,FALSE,Ohio (ODNR Division of Forestry),State Forest Action Plan (Assessment + Strategy),306,concepts,adaptive_capacity_components,ecological_dependencies,TRUE,"The high number of invasive species outcompeting natives has already reduced the adaptive capacity of this ecosystem, and mortality of ash species from emerald ash borer is likely to essentially eliminate these species by mid-century, reducing overall native species diversity.","Ecosystem responses (vulnerabilities), large stream floodplain ecosystem, Indicator 7",NA
OH_FAP_2020,OH,FAP,2020,FALSE,Ohio (ODNR Division of Forestry),State Forest Action Plan (Assessment + Strategy),306,concepts,adaptive_capacity_components,abiotic_niche,TRUE,"The dry oak and oak/pine forest and woodland ecosystem was rated low vulnerability to climate change. This ecosystem is the most resilient to heat and drought, with many of the species currently doing well, and projected to do well under future climate.","Ecosystem responses (vulnerabilities), Indicator 7",NA
OH_FAP_2020,OH,FAP,2020,FALSE,Ohio (ODNR Division of Forestry),State Forest Action Plan (Assessment + Strategy),306,concepts,connectivity,NA,2,Resilient and Connected Landscapes: Areas identified to be resilient to a changing climate and that may function as connected corridors for movement of plants and animals under a changing climate (The Nature Conservancy),"Table 30, Geospatial Analysis / Section 5 – Priority Forest Areas",NA
OH_FAP_2020,OH,FAP,2020,FALSE,Ohio (ODNR Division of Forestry),State Forest Action Plan (Assessment + Strategy),306,concepts,connectivity,NA,2,"promoting landscape connectivity, facilitating and promoting species",State Issue 5 table / approach section,NA
OH_FAP_2020,OH,FAP,2020,FALSE,Ohio (ODNR Division of Forestry),State Forest Action Plan (Assessment + Strategy),306,tools,vulnerability_models,NA,2,"An assessment evaluating the vulnerability of forest ecosystems in the Central Appalachians of Ohio, West Virginia, and Maryland was completed for a range of future climates (Butler et al., 2015) and several components of that document are summarized below.","Climate change section, Indicator 7",NA
OH_FAP_2020,OH,FAP,2020,FALSE,Ohio (ODNR Division of Forestry),State Forest Action Plan (Assessment + Strategy),306,tools,vulnerability_models,NA,2,Nine forest ecosystems were assessed in the Central Appalachians Vulnerability Assessment (Butler et al. 2015) and assessments of five of the forest ecosystem types most prevalent in Ohio are summarized below.,"Ecosystem responses (vulnerabilities), Indicator 7",NA
OH_FAP_2020,OH,FAP,2020,FALSE,Ohio (ODNR Division of Forestry),State Forest Action Plan (Assessment + Strategy),306,tools,niche_models,NA,2,The Climate Change Tree Atlas modeled potential changes in suitable habitat for 66 (northwest Ohio) to 81 (southeast Ohio) species.,"Tree species responses / Figure 64 caption, Indicator 7",NA
OH_FAP_2020,OH,FAP,2020,FALSE,Ohio (ODNR Division of Forestry),State Forest Action Plan (Assessment + Strategy),306,tools,niche_models,NA,2,"Also presented for each of the four 1 x 1° blocks is a list of species that could be considered for proactive, assisted migration while considering the potential future climate under RCP 8.5 (Table 15) along with the model reliability (MR) and adaptability (Adap) of the species.","Climate change section / Tree species responses, Indicator 7",NA
OH_FAP_2020,OH,FAP,2020,FALSE,Ohio (ODNR Division of Forestry),State Forest Action Plan (Assessment + Strategy),306,tools,niche_models,NA,2,"These are species with models projecting habitat moving into the area, and with at least a small potential for the species to arrive there naturally within 100 years, according to the SHIFT model (Iverson et al. 2019c; Prasad et al. 2016).","Climate change section / Tree species responses, Indicator 7",NA
OH_FAP_2020,OH,FAP,2020,FALSE,Ohio (ODNR Division of Forestry),State Forest Action Plan (Assessment + Strategy),306,tools,climate_models,NA,2,"the potential for the habitat suitability to increase, decrease or remain the same under lower emissions (Representative Concentration Pathway, RCP 4.5) or higher emissions (RCP 8.5)","Tree species responses table description, Indicator 7",NA
OH_FAP_2020,OH,FAP,2020,FALSE,Ohio (ODNR Division of Forestry),State Forest Action Plan (Assessment + Strategy),306,tools,climate_models,NA,2,"When climate data from the Coupled General Circulation Model 3.1T47 (CGCM) was applied to the PC2FM, fire probability was estimated to increase by 40 to 60 percent across southern Ohio and by 60 to 80 percent in northern Ohio (Guyette et al. 2014; Figure 63).","Wildfire section, Indicator 7",NA
OH_FAP_2020,OH,FAP,2020,FALSE,Ohio (ODNR Division of Forestry),State Forest Action Plan (Assessment + Strategy),306,tools,connectivity_models,NA,2,Resilient and Connected Landscapes: Areas identified to be resilient to a changing climate and that may function as connected corridors for movement of plants and animals under a changing climate (The Nature Conservancy),"Table 30, Geospatial Analysis / Section 5 – Priority Forest Areas",NA
OH_FAP_2020,OH,FAP,2020,FALSE,Ohio (ODNR Division of Forestry),State Forest Action Plan (Assessment + Strategy),306,context,management_scale,local,TRUE,The ODNR Division of Forestry's Urban Forestry Assistance Program maintains records of local urban forestry program development and state technical assistance,"Urban and community forestry, Criterion 1 Indicator 1",NA
OH_FAP_2020,OH,FAP,2020,FALSE,Ohio (ODNR Division of Forestry),State Forest Action Plan (Assessment + Strategy),306,context,management_scale,site,TRUE,identify specific climate change impacts that are relevant to the site conditions within the 243-acre Hobey Hollow project area of Shawnee State Forest.,Strategy Implementation Highlights / Objective 5.4,NA
OH_FAP_2020,OH,FAP,2020,FALSE,Ohio (ODNR Division of Forestry),State Forest Action Plan (Assessment + Strategy),306,context,management_scale,watershed,TRUE,"Priority watersheds: Union of Ohio EPA's 401 water quality certification 'ineligible' and 'possibly eligible' areas with areas identified by the USDA Forest Service 'Forests 2 Faucets 2.0' data that have ≥80 (on a 0-100 scale, 0 being lowest risk) relative risk to water yield, by 12 digit HUC watersheds","Table 30, Geospatial Analysis",NA
OH_FAP_2020,OH,FAP,2020,FALSE,Ohio (ODNR Division of Forestry),State Forest Action Plan (Assessment + Strategy),306,context,management_scale,county,TRUE,"From 2006 to 2016, the percent forest cover of most counties remained relatively stable at less than a 1% change, while several counties experienced greater change, with Lawrence County having the greatest gain in forest cover (2.6%) and Franklin having the greatest loss of forest cover (3.7%)","Total land area and area and percent of forest and other land cover, Criterion 1 Indicator 1",NA
OH_FAP_2020,OH,FAP,2020,FALSE,Ohio (ODNR Division of Forestry),State Forest Action Plan (Assessment + Strategy),306,context,management_scale,within_state_region,TRUE,"The 17-county southeastern Ohio collaborative focus area (Figure 104) contains Ohio's only national forest (the Wayne National Forest), 17 out of 21 state forests and 46% of the total forest resource in Ohio.",Southeastern Ohio Collaborative Focus Area,NA
OH_FAP_2020,OH,FAP,2020,FALSE,Ohio (ODNR Division of Forestry),State Forest Action Plan (Assessment + Strategy),306,context,management_scale,state,TRUE,Ohio's approach to identifying priority forest areas relies heavily on geospatial analyses. Separate geospatial analyses were used for both the rural land category and wildland-urban interface (WUI) lands.,Section 5 – Priority Forest Areas and Issues,NA
OH_FAP_2020,OH,FAP,2020,FALSE,Ohio (ODNR Division of Forestry),State Forest Action Plan (Assessment + Strategy),306,context,management_scale,multistate,TRUE,"An assessment evaluating the vulnerability of forest ecosystems in the Central Appalachians of Ohio, West Virginia, and Maryland was completed for a range of future climates (Butler et al., 2015)","Climate change section, Indicator 7",NA
OH_FAP_2020,OH,FAP,2020,FALSE,Ohio (ODNR Division of Forestry),State Forest Action Plan (Assessment + Strategy),306,context,management_scale,ecosystem,TRUE,Nine forest ecosystems were assessed in the Central Appalachians Vulnerability Assessment (Butler et al. 2015) and assessments of five of the forest ecosystem types most prevalent in Ohio are summarized below.,"Ecosystem responses (vulnerabilities), Indicator 7",NA
OH_FAP_2020,OH,FAP,2020,FALSE,Ohio (ODNR Division of Forestry),State Forest Action Plan (Assessment + Strategy),306,context,management_scale,ecoregion,TRUE,"By ecological sections (Cleland et al. 2007; Figure 3), the Southern Unglaciated Allegheny Plateau in southeast Ohio is the most heavily forested","Total land area and area and percent of forest, Criterion 1 Indicator 1",NA
OH_FAP_2020,OH,FAP,2020,FALSE,Ohio (ODNR Division of Forestry),State Forest Action Plan (Assessment + Strategy),306,context,management_scale,section,TRUE,"By ecological sections (Cleland et al. 2007; Figure 3), the Southern Unglaciated Allegheny Plateau in southeast Ohio is the most heavily forested, followed by the Western Glaciated Allegheny Plateau in northeast Ohio.","Total land area and area and percent of forest, Criterion 1 Indicator 1",NA
OH_FAP_2020,OH,FAP,2020,FALSE,Ohio (ODNR Division of Forestry),State Forest Action Plan (Assessment + Strategy),306,context,biological_unit_score,NA,2,Nine forest ecosystems were assessed in the Central Appalachians Vulnerability Assessment (Butler et al. 2015) and assessments of five of the forest ecosystem types most prevalent in Ohio are summarized below.,"Ecosystem responses (vulnerabilities), Indicator 7",NA
OH_FAP_2020,OH,FAP,2020,FALSE,Ohio (ODNR Division of Forestry),State Forest Action Plan (Assessment + Strategy),306,context,biological_unit_score,NA,2,"Current and future climate change is likely to have various impacts on Ohio's forests, including shifts in plant hardiness zones and species ranges, changes in seasonality and amount of precipitation","Summary, Criterion 3",NA
OH_FAP_2020,OH,FAP,2020,FALSE,Ohio (ODNR Division of Forestry),State Forest Action Plan (Assessment + Strategy),306,context,biological_unit_components,species,TRUE,"Current and future climate change is likely to have various impacts on Ohio's forests, including shifts in plant hardiness zones and species ranges","Summary, Criterion 3",NA
OH_FAP_2020,OH,FAP,2020,FALSE,Ohio (ODNR Division of Forestry),State Forest Action Plan (Assessment + Strategy),306,context,biological_unit_components,habitat,TRUE,"the potential for the habitat suitability to increase, decrease or remain the same under lower emissions (Representative Concentration Pathway, RCP 4.5) or higher emissions (RCP 8.5)","Tree species responses table description, Indicator 7",NA
OH_FAP_2020,OH,FAP,2020,FALSE,Ohio (ODNR Division of Forestry),State Forest Action Plan (Assessment + Strategy),306,context,biological_unit_components,ecosystem,TRUE,Nine forest ecosystems were assessed in the Central Appalachians Vulnerability Assessment (Butler et al. 2015) and assessments of five of the forest ecosystem types most prevalent in Ohio are summarized below.,"Ecosystem responses (vulnerabilities), Indicator 7",NA
OH_FAP_2020,OH,FAP,2020,FALSE,Ohio (ODNR Division of Forestry),State Forest Action Plan (Assessment + Strategy),306,context,biological_unit_components,community,TRUE,Many invasive plant and animal species that currently threaten Ohio forests are expected to benefit directly from projected climate change or simply outcompete slower responding native species.,"Invasive plants, insect pests, and pathogens section, Indicator 7",NA
OH_FAP_2020,OH,FAP,2020,FALSE,Ohio (ODNR Division of Forestry),State Forest Action Plan (Assessment + Strategy),306,context,partnerships_and_funding,NA,1,"5.2.1: Consider climate change impacts in ODNR Division of Forestry programs ... Partners: USFS-NRS, NIACS, FWS, NWF, TNC, USFS-Wayne, USFS-SPF, Coop-Ext",State Issue 5 strategy implementation table,NA
OH_FAP_2020,OH,FAP,2020,FALSE,Ohio (ODNR Division of Forestry),State Forest Action Plan (Assessment + Strategy),306,context,partnerships_and_funding,NA,1,"In October, 2015, staff from the Ohio Division of Forestry worked with the Northern Institute of Applied Climate Sciences (NIACS) and the Wayne National Forest to consider broad climate trends summarized in the Central Appalachians Forest Ecosystem Vulnerability Assessment",Strategy Implementation Highlights / Objective 5.4,NA
OH_FAP_2020,OH,FAP,2020,FALSE,Ohio (ODNR Division of Forestry),State Forest Action Plan (Assessment + Strategy),306,context,climate_threat_habitat_degradation,NA,1,"The large stream floodplain and riparian forest ecosystem was rated high vulnerability to climate change. Climate change is expected to alter the water regimes in riparian systems, and may amplify the effects of drought, insect pests, invasive species, and pollution.","Ecosystem responses (vulnerabilities), Indicator 7",NA
OH_FAP_2020,OH,FAP,2020,FALSE,Ohio (ODNR Division of Forestry),State Forest Action Plan (Assessment + Strategy),306,context,climate_threat_habitat_degradation,NA,1,"Extreme weather events are becoming more frequent and intense, resulting in direct and indirect impacts to Ohio's urban forest resources from storm damage, drought, flooding, and increasing pressures from pests and diseases. Addressing climate change and its associated threats and pressures is a priority urban forest issue in Ohio.","Urban Forest Threats and Pressures, Section 5",NA
OH_FAP_2020,OH,FAP,2020,FALSE,Ohio (ODNR Division of Forestry),State Forest Action Plan (Assessment + Strategy),306,context,climate_threat_species_vital_rates,NA,1,"Warmer conditions have been linked to an increased number of generations for emerald ash borer and range expansion for hemlock woolly adelgid (DeSantis et al. 2013; Venette and Abrahamson 2010; Wei et al. 2007), and outbreaks of native pest species (i.e., forest tent caterpillar and spruce budworm), are observed more often when trees are stressed by factors such as drought","Invasive plants, insect pests, and pathogens section, Indicator 7",NA
OH_FAP_2020,OH,FAP,2020,FALSE,Ohio (ODNR Division of Forestry),State Forest Action Plan (Assessment + Strategy),306,context,climate_threat_biotic_stressors,NA,1,"Increases in carbon dioxide can increase plant productivity, and warmer temperatures may allow some invasive plant species to expand their ranges northward, such as Asian bush honeysuckles, privet, kudzu, and cogongrass (Ziska 2003).","Invasive plants, insect pests, and pathogens section, Indicator 7",NA
OH_FAP_2020,OH,FAP,2020,FALSE,Ohio (ODNR Division of Forestry),State Forest Action Plan (Assessment + Strategy),306,actions,priority_habitat_identification,NA,2,Ohio's approach to identifying priority forest areas relies heavily on geospatial analyses. Separate geospatial analyses were used for both the rural land category and wildland-urban interface (WUI) lands.,Section 5 – Priority Forest Areas and Issues,NA
OH_FAP_2020,OH,FAP,2020,FALSE,Ohio (ODNR Division of Forestry),State Forest Action Plan (Assessment + Strategy),306,actions,priority_habitat_identification,NA,2,Resilient and Connected Landscapes: Areas identified to be resilient to a changing climate and that may function as connected corridors for movement of plants and animals under a changing climate (The Nature Conservancy),"Table 30, Geospatial Analysis / Section 5 – Priority Forest Areas",NA
OH_FAP_2020,OH,FAP,2020,FALSE,Ohio (ODNR Division of Forestry),State Forest Action Plan (Assessment + Strategy),306,actions,priority_habitat_identification,NA,2,"The mixed mesophytic and cove forest ecosystem was rated moderately vulnerable to climate change. The ability of coves to collect water and nutrients from upslope areas and their protected positions may benefit species by creating refugia from temperature increases, precipitation changes, and wind.","Ecosystem responses (vulnerabilities), Indicator 7",NA
OH_FAP_2020,OH,FAP,2020,FALSE,Ohio (ODNR Division of Forestry),State Forest Action Plan (Assessment + Strategy),306,actions,targeted_range_shift_actions,NA,1,"Also presented for each of the four 1 x 1° blocks is a list of species that could be considered for proactive, assisted migration while considering the potential future climate under RCP 8.5 (Table 15) along with the model reliability (MR) and adaptability (Adap) of the species.","Climate change section / Tree species responses, Indicator 7",NA
OH_FAP_2020,OH,FAP,2020,FALSE,Ohio (ODNR Division of Forestry),State Forest Action Plan (Assessment + Strategy),306,actions,time_bound_and_monitoring,NA,1,"Column 3: the expected timeframe for strategy completion ... Short=1-5 yrs, Long=5+ yrs","Ohio's Statewide Forest Issues / Introduction, Strategy document",NA
OH_FAP_2020,OH,FAP,2020,FALSE,Ohio (ODNR Division of Forestry),State Forest Action Plan (Assessment + Strategy),306,actions,time_bound_and_monitoring,NA,1,5.2.1: Consider climate change impacts in ODNR Division of Forestry programs ... Timeframe: Short,State Issue 5 strategy implementation table,NA
OH_FAP_2020,OH,FAP,2020,FALSE,Ohio (ODNR Division of Forestry),State Forest Action Plan (Assessment + Strategy),306,actions,evidence_of_efficacy,NA,2,"In October, 2015, staff from the Ohio Division of Forestry worked with the Northern Institute of Applied Climate Sciences (NIACS) and the Wayne National Forest to consider broad climate trends summarized in the Central Appalachians Forest Ecosystem Vulnerability Assessment, and identify specific climate change impacts that are relevant to the site conditions within the 243-acre Hobey Hollow project area of Shawnee State Forest.",Strategy Implementation Highlights / Objective 5.4,NA
OH_FAP_2020,OH,FAP,2020,FALSE,Ohio (ODNR Division of Forestry),State Forest Action Plan (Assessment + Strategy),306,actions,evidence_of_efficacy,NA,2,Models have been generated by the Landscape Change Research Group of the Northern Institute of Applied Climate Science which provide potential futures for tree species throughout the eastern U.S.,"Tree species responses / Figure 64 caption, Indicator 7",NA
OH_FAP_2020,OH,FAP,2020,FALSE,Ohio (ODNR Division of Forestry),State Forest Action Plan (Assessment + Strategy),306,actions,adaptation_planning_frameworks,NA,2,"The Central Appalachian Climate Response Framework provides an integrated set of tools, partnerships, and actions to support climate-informed conservation and management. These include a vulnerability assessment, forest adaptation resources, and adaptation demonstration areas and workshops.",State Priority Issues – Climate Change / Central Appalachian Climate Response Framework,NA
OH_FAP_2020,OH,FAP,2020,FALSE,Ohio (ODNR Division of Forestry),State Forest Action Plan (Assessment + Strategy),306,actions,adaptation_planning_frameworks,NA,2,"In October, 2015, staff from the Ohio Division of Forestry worked with the Northern Institute of Applied Climate Sciences (NIACS) and the Wayne National Forest to consider broad climate trends summarized in the Central Appalachians Forest Ecosystem Vulnerability Assessment",Strategy Implementation Highlights / Objective 5.4,NA
OK_FAP_2020,OK,FAP,2020,FALSE,Oklahoma,State Forest Action Plan,201,concepts,climate_vulnerability,NA,1,Climate change is another factor which may be influencing the composition of our forests. It is important to explore the potential impacts of climate change in Oklahoma and their effects on the state's forest resources.,Issue 1: Forest Sustainability and Health,NA
OK_FAP_2020,OK,FAP,2020,FALSE,Oklahoma,State Forest Action Plan,201,concepts,adaptive_capacity_specificity,NA,1,Oklahoma's forests are already on the edges of their native ranges; improve their resilience through increased forest management and the use of prescribed fire.,Issue 1: Forest Sustainability and Health – Opportunities,NA
OK_FAP_2020,OK,FAP,2020,FALSE,Oklahoma,State Forest Action Plan,201,concepts,adaptive_capacity_components,distribution,TRUE,"Oklahoma is at the western fringe of several forest types, including southern pines, eastern hardwoods and coastal plain bottomlands; and the eastern fringe of others, including pinyonjuniper, ponderosa pine and woody species of the desert southwest.",Issue 1: Forest Sustainability and Health,NA
OK_FAP_2020,OK,FAP,2020,FALSE,Oklahoma,State Forest Action Plan,201,concepts,adaptive_capacity_components,evolutionary_potential,TRUE,"Encourage use of adapted tree species; expand genetic diversity, increase species mixtures and management of forest structure.",National Trends Table – 3.7 Manage trees and forests,NA
OK_FAP_2020,OK,FAP,2020,FALSE,Oklahoma,State Forest Action Plan,201,concepts,adaptive_capacity_components,abiotic_niche,TRUE,"As a native species adapted to droughty sites, with the ability to sprout following fire, shortleaf may be better able to provide forest cover under changing climate conditions in the western fringes of the pine range.",Multi-State Areas – Shortleaf Pine Restoration,NA
OK_FAP_2020,OK,FAP,2020,FALSE,Oklahoma,State Forest Action Plan,201,concepts,connectivity,NA,1,"Tracts that currently exhibit connective habitats, migratory corridors, habitat linkages and areas of biological isolation.",Project Evaluation and Prioritization Procedures,NA
OK_FAP_2020,OK,FAP,2020,FALSE,Oklahoma,State Forest Action Plan,201,concepts,connectivity,NA,1,Developing or protecting greenbelts and corridors can help conserve riparian areas and wildlife habitats.,Issue 5: Community Forests Health and Care,NA
OK_FAP_2020,OK,FAP,2020,FALSE,Oklahoma,State Forest Action Plan,201,context,management_scale,site,TRUE,"In protecting lands adjacent to waterways and lakes or in sensitive watershed recharge areas, priority will be given to: Tracts that contain riparian habitat.",Project Evaluation and Prioritization Procedures,NA
OK_FAP_2020,OK,FAP,2020,FALSE,Oklahoma,State Forest Action Plan,201,context,management_scale,watershed,TRUE,The Illinois River Watershed is one of the State's most valuable and controversial watersheds.,FLA: Illinois River,NA
OK_FAP_2020,OK,FAP,2020,FALSE,Oklahoma,State Forest Action Plan,201,context,management_scale,county,TRUE,Detailed information for each major soil type in published by the NRCS in soil surveys for most of the 77 Oklahoma counties.,Soils,NA
OK_FAP_2020,OK,FAP,2020,FALSE,Oklahoma,State Forest Action Plan,201,context,management_scale,within_state_region,TRUE,"To illustrate and describe the distribution and abundance of the forest resources in Oklahoma, the state was divided into three major forest regions, the Eastern, Central, and Western regions",Distribution and Abundance of Forests,NA
OK_FAP_2020,OK,FAP,2020,FALSE,Oklahoma,State Forest Action Plan,201,context,management_scale,state,TRUE,The Oklahoma Forest Resource Assessment was developed by Oklahoma Forestry Services with the help of interested stakeholders.,Executive Summary,NA
OK_FAP_2020,OK,FAP,2020,FALSE,Oklahoma,State Forest Action Plan,201,context,management_scale,multistate,TRUE,The Cross Timbers is a large area that spreads from north-central Texas through Oklahoma into southern Kansas and western Arkansas.,Multi-State Areas – Cross Timbers,NA
OK_FAP_2020,OK,FAP,2020,FALSE,Oklahoma,State Forest Action Plan,201,context,management_scale,national,TRUE,"The S&PF Redesign focuses on three State and Private Forestry national priorities: conserve working forests, protect forests from harm, and enhance benefits from trees and forests.",Executive Summary,NA
OK_FAP_2020,OK,FAP,2020,FALSE,Oklahoma,State Forest Action Plan,201,context,management_scale,ecosystem,TRUE,"Oklahoma is at the western fringe of several forest types, including southern pines, eastern hardwoods and coastal plain bottomlands; and the eastern fringe of others, including pinyonjuniper, ponderosa pine and woody species of the desert southwest.",Issue 1: Forest Sustainability and Health,NA
OK_FAP_2020,OK,FAP,2020,FALSE,Oklahoma,State Forest Action Plan,201,context,management_scale,ecoregion,TRUE,"A recent refinement of the state's ecoregions, by Oklahoma Forestry Services for the purposes of this Assessment, was completed in 2009 which identified 10 diverse ecoregions",Oklahoma Ecoregions,NA
OK_FAP_2020,OK,FAP,2020,FALSE,Oklahoma,State Forest Action Plan,201,context,management_scale,lake,TRUE,"The State of Oklahoma has more than 200 lakes and reservoirs, 167,600 miles of rivers and streams",Issue 4: Water Quality and Availability,NA
OK_FAP_2020,OK,FAP,2020,FALSE,Oklahoma,State Forest Action Plan,201,context,management_scale,river,TRUE,"The two main rivers in the state are the Arkansas, which drains the northern two-thirds of the state and the Red, which drains the southern third",Topographic Features,NA
OK_FAP_2020,OK,FAP,2020,FALSE,Oklahoma,State Forest Action Plan,201,context,biological_unit_score,NA,2,"Oklahoma sits at the fringe of several different forest types including the eastern hardwoods, the southern pines, the coastal plains bottomlands and the western pinyon-juniper forest type. Climate change may impact any of these forest types' continued existence within the state.",National Trends Table – Issue 6: Impacts of Climate Change,ecosystem/habitat
OK_FAP_2020,OK,FAP,2020,FALSE,Oklahoma,State Forest Action Plan,201,context,biological_unit_score,NA,2,"As a native species adapted to droughty sites, with the ability to sprout following fire, shortleaf may be better able to provide forest cover under changing climate conditions in the western fringes of the pine range.",Multi-State Areas – Shortleaf Pine Restoration,species
OK_FAP_2020,OK,FAP,2020,FALSE,Oklahoma,State Forest Action Plan,201,context,biological_unit_components,species,TRUE,"As a native species adapted to droughty sites, with the ability to sprout following fire, shortleaf may be better able to provide forest cover under changing climate conditions in the western fringes of the pine range.",Multi-State Areas – Shortleaf Pine Restoration,NA
OK_FAP_2020,OK,FAP,2020,FALSE,Oklahoma,State Forest Action Plan,201,context,biological_unit_components,habitat,TRUE,"Oklahoma sits at the fringe of several different forest types including the eastern hardwoods, the southern pines, the coastal plains bottomlands and the western pinyon-juniper forest type. Climate change may impact any of these forest types' continued existence within the state.",National Trends Table – Issue 6: Impacts of Climate Change,NA
OK_FAP_2020,OK,FAP,2020,FALSE,Oklahoma,State Forest Action Plan,201,context,biological_unit_components,ecosystem,TRUE,It is likely that those changes may be expressed more clearly at the fringes of ecosystems -in Oklahoma and Texas for example -than in other states in the southern region.,Issue 1: Forest Sustainability and Health,NA
OK_FAP_2020,OK,FAP,2020,FALSE,Oklahoma,State Forest Action Plan,201,context,partnerships_and_funding,NA,1,"Oklahoma Forestry Services works with numerous public, private and non-governmental organization partners to provide a variety of programs, projects and assistance to deliver our mission",Partnerships,NA
OK_FAP_2020,OK,FAP,2020,FALSE,Oklahoma,State Forest Action Plan,201,context,partnerships_and_funding,NA,1,"A competitive grant was approved in federal FY 2010 for a shortleaf pine initiative, and involved the states of Oklahoma, Texas, Arkansas and North Carolina. A federal FY 2014 competitive grant between Oklahoma and Arkansas built upon previous efforts and expanded the use of prescribed fire for shortleaf management and restoration.",Multi-State Areas – Shortleaf Pine Restoration,NA
OK_FAP_2020,OK,FAP,2020,FALSE,Oklahoma,State Forest Action Plan,201,context,climate_threat_habitat_degradation,NA,1,Perhaps the most significant contributors to Oklahoma's wildfire occurrences are extreme weather conditions prompted by climatic shift and pronounced wet/dry cycles where strong growth precedes onset of drought development.,Issue 2: Wildfire Risk to the Forest Resource and Public Safety,NA
OK_FAP_2020,OK,FAP,2020,FALSE,Oklahoma,State Forest Action Plan,201,context,climate_threat_species_vital_rates,NA,1,This outbreak was in response to a severe drought in the area causing increased levels of stress across a majority of the pine forests of Southeastern Oklahoma.,Issue 1: Forest Sustainability and Health – Insects (Ips/SPB),NA
OK_FAP_2020,OK,FAP,2020,FALSE,Oklahoma,State Forest Action Plan,201,context,climate_threat_biotic_stressors,NA,1,"The structure and composition of Oklahoma's forests are shifting away from historical conditions due to the public perception of fire, lack of active management, limitations to the variety of available management and climate change.",Issue 1: Forest Sustainability and Health,NA
OK_FAP_2020,OK,FAP,2020,FALSE,Oklahoma,State Forest Action Plan,201,actions,priority_habitat_identification,NA,2,"Using the above guidelines, 17 Forest Legacy Areas (FLA) were established. These areas were determined with the help of Oklahoma Forestry Services employees",Forest Legacy Areas,spatial representation
OK_FAP_2020,OK,FAP,2020,FALSE,Oklahoma,State Forest Action Plan,201,actions,priority_habitat_identification,NA,2,The Stewardship Priority Acres Map depicts priority lands identified by the USDA Forest Service where Oklahoma Forestry Services should focus its federal funding to accomplish forest management projects.,Oklahoma Priority Forestlands and Stewardship Potential Lands,spatial representation
OK_FAP_2020,OK,FAP,2020,FALSE,Oklahoma,State Forest Action Plan,201,actions,targeted_range_shift_actions,NA,1,"As a native species adapted to droughty sites, with the ability to sprout following fire, shortleaf may be better able to provide forest cover under changing climate conditions in the western fringes of the pine range. Shortleaf pine management, combined with prescribed burning, may improve wildlife habitat, restore habitat for the Red-Cockaded Woodpecker on some sites",Multi-State Areas – Shortleaf Pine Restoration,NA
OK_FAP_2020,OK,FAP,2020,FALSE,Oklahoma,State Forest Action Plan,201,actions,time_bound_and_monitoring,NA,1,Strategy 1.3.7: Assure that the OFS is prepared to address and adapt to potential forest resource changes caused by climate change.,Objective 1.3: Identify and mitigate the threats to Oklahoma's forest resources,deadline/strategy
OK_FAP_2020,OK,FAP,2020,FALSE,Oklahoma,State Forest Action Plan,201,actions,evidence_of_efficacy,NA,2,"As a native species adapted to droughty sites, with the ability to sprout following fire, shortleaf may be better able to provide forest cover under changing climate conditions in the western fringes of the pine range.",Multi-State Areas – Shortleaf Pine Restoration,NA
OK_FAP_2020,OK,FAP,2020,FALSE,Oklahoma,State Forest Action Plan,201,actions,evidence_of_efficacy,NA,2,"A competitive grant was approved in federal FY 2010 for a shortleaf pine initiative, and involved the states of Oklahoma, Texas, Arkansas and North Carolina. A federal FY 2014 competitive grant between Oklahoma and Arkansas built upon previous efforts and expanded the use of prescribed fire for shortleaf management and restoration.",Multi-State Areas – Shortleaf Pine Restoration,NA
OK_FAP_2020,OK,FAP,2020,FALSE,Oklahoma,State Forest Action Plan,201,actions,adaptation_planning_frameworks,NA,1,"Despite the uncertainty about the reality and causes of climate change, it is important to recognize that: Natural landscapes are dynamic and our forests will be affected by climate change, There are things we can do now to increase the likelihood that our forests will continue to flourish, whether climate change predictions come true or not",Issue 1: Forest Sustainability and Health,NA
OR_FAP_2020,OR,FAP,2020,FALSE,Oregon,Forest Action Plan,242,concepts,climate_vulnerability,NA,2,"The alteration to the states ecosystems could be substantial: moving habitat types, forest types, warming waters, increasing fire return intervals, and making trees more susceptible to insects and disease as they become maladapted to the sites where they are growing.",Climate Change Theme,exposure
OR_FAP_2020,OR,FAP,2020,FALSE,Oregon,Forest Action Plan,242,concepts,climate_vulnerability,NA,2,"An environment with more extremes, both hot and cold, could create a situation where trees are unable to adapt to the wide range of variability and suffer from either drought damage or freeze damage.",Climate Change Theme,adaptive capacity
OR_FAP_2020,OR,FAP,2020,FALSE,Oregon,Forest Action Plan,242,concepts,climate_vulnerability,NA,2,"Climate change adds stress to trees, resulting in the raising of some forest pests from lower to higher status.",Entomology Theme,exposure
OR_FAP_2020,OR,FAP,2020,FALSE,Oregon,Forest Action Plan,242,concepts,adaptive_capacity_specificity,NA,1,trees are unable to adapt to the wide range of variability and suffer from either drought damage or freeze damage.,Climate Change Theme,NA
OR_FAP_2020,OR,FAP,2020,FALSE,Oregon,Forest Action Plan,242,concepts,adaptive_capacity_components,distribution,TRUE,"The alteration to the states ecosystems could be substantial: moving habitat types, forest types, warming waters, increasing fire return intervals, and making trees more susceptible to insects and disease as they become maladapted to the sites where they are growing.",Climate Change Theme,NA
OR_FAP_2020,OR,FAP,2020,FALSE,Oregon,Forest Action Plan,242,concepts,adaptive_capacity_components,movement,TRUE,Identify species better suited to new normal climatic conditions for assisted migration.,National Priority 3 Objective 3.G table,NA
OR_FAP_2020,OR,FAP,2020,FALSE,Oregon,Forest Action Plan,242,concepts,adaptive_capacity_components,ecological_dependencies,TRUE,"Changes in the seasonality could lead to an asynchrony between biologic processes, adding more stress or reducing reproductive potential of the impacted species.",Climate Change Theme,NA
OR_FAP_2020,OR,FAP,2020,FALSE,Oregon,Forest Action Plan,242,concepts,adaptive_capacity_components,abiotic_niche,TRUE,"An environment with more extremes, both hot and cold, could create a situation where trees are unable to adapt to the wide range of variability and suffer from either drought damage or freeze damage.",Climate Change Theme,NA
OR_FAP_2020,OR,FAP,2020,FALSE,Oregon,Forest Action Plan,242,concepts,connectivity,NA,1,"Foster understanding of the importance of Oregon's forests habitat along streams, wildlife corridors, parks, and other open space. Support conservation and management of green space and corridors.",National Priority 3 Objective 3.E table,NA
OR_FAP_2020,OR,FAP,2020,FALSE,Oregon,Forest Action Plan,242,tools,climate_models,NA,1,"If the current trend in greenhouse emissions continues, the model predicted that the percentage of low suitability forests will decrease from 57% to 37% and highly suitable forests increase from 7% to 31%.",Enhance Public Benefits from Trees and Forests / FINDINGS,NA
OR_FAP_2020,OR,FAP,2020,FALSE,Oregon,Forest Action Plan,242,context,management_scale,local,TRUE,"Community Wildfire Protection Plans (CWPPs) bring an element of local knowledge and expertise that takes into account criteria such as building materials, defensible space, ingress/egress issues",How Communities at risk tie to Community Wildfire Protection Plans,NA
OR_FAP_2020,OR,FAP,2020,FALSE,Oregon,Forest Action Plan,242,context,management_scale,site,TRUE,"If a site does meet the requirements, ODF will also make an initial determination of the site's significance.",Forest Legacy Program / site selection procedures,NA
OR_FAP_2020,OR,FAP,2020,FALSE,Oregon,Forest Action Plan,242,context,management_scale,watershed,TRUE,The Private Forests Division has identified priority watersheds at the 6th field hydrologic unit (HUC 12). Priority watersheds in Oregon were defined as: Containing any percentage of forestland within the watershed,Water Quality and Quantity / FINDINGS,NA
OR_FAP_2020,OR,FAP,2020,FALSE,Oregon,Forest Action Plan,242,context,management_scale,county,TRUE,Counties were used because planning and communities in Oregon are often organized at the county level.,Legacy area assessment process,NA
OR_FAP_2020,OR,FAP,2020,FALSE,Oregon,Forest Action Plan,242,context,management_scale,within_state_region,TRUE,"The forested ecoregions ranked from highest to lowest priority in terms of increase in percentage of forest suitable for large wildfires are the Blue Mountains, Klamath Mountains, East Cascades, West Cascades, and the Coast Range.",Legacy Program Strategic Direction and Priority Areas 2020,NA
OR_FAP_2020,OR,FAP,2020,FALSE,Oregon,Forest Action Plan,242,context,management_scale,state,TRUE,The Shared Stewardship agreement formalizes mutual efforts to accelerate the pace and scale of restoration across all of Oregon's forestlands.,Shared Stewardship,NA
OR_FAP_2020,OR,FAP,2020,FALSE,Oregon,Forest Action Plan,242,context,management_scale,national,TRUE,"Oregon is committed to the National Cohesive Wildland Fire Management Strategy and pioneering work in All Lands, All Hands projects",Shared Stewardship,NA
OR_FAP_2020,OR,FAP,2020,FALSE,Oregon,Forest Action Plan,242,context,management_scale,ecosystem,TRUE,"Under ecosystem management, the goods and services produced by the forest (e.g., timber, minerals, recreation, water) are by-products of managing the forest for the protection and restoration of ecological values",Federal (ownership section),NA
OR_FAP_2020,OR,FAP,2020,FALSE,Oregon,Forest Action Plan,242,context,management_scale,ecoregion,TRUE,"Ecoregions are geographic areas with similar features, such as climate, vegetation, geology, geomorphology, soils, and ecosystem processes. The Forest Legacy Program selected eight ecoregions in Oregon",Legacy area assessment process,NA
OR_FAP_2020,OR,FAP,2020,FALSE,Oregon,Forest Action Plan,242,context,biological_unit_score,NA,2,"The alteration to the states ecosystems could be substantial: moving habitat types, forest types, warming waters, increasing fire return intervals, and making trees more susceptible to insects and disease",Climate Change Theme,NA
OR_FAP_2020,OR,FAP,2020,FALSE,Oregon,Forest Action Plan,242,context,biological_unit_score,NA,2,population and distribution increases of exotic but established balsam woolly adelgid into high elevation areas that it has yet to established,Entomology Theme,NA
OR_FAP_2020,OR,FAP,2020,FALSE,Oregon,Forest Action Plan,242,context,biological_unit_components,species,TRUE,population and distribution increases of exotic but established balsam woolly adelgid into high elevation areas that it has yet to established,Entomology Theme,NA
OR_FAP_2020,OR,FAP,2020,FALSE,Oregon,Forest Action Plan,242,context,biological_unit_components,habitat,TRUE,"The alteration to the states ecosystems could be substantial: moving habitat types, forest types, warming waters, increasing fire return intervals",Climate Change Theme,NA
OR_FAP_2020,OR,FAP,2020,FALSE,Oregon,Forest Action Plan,242,context,biological_unit_components,ecosystem,TRUE,"The alteration to the states ecosystems could be substantial: moving habitat types, forest types, warming waters, increasing fire return intervals, and making trees more susceptible to insects and disease",Climate Change Theme,NA
OR_FAP_2020,OR,FAP,2020,FALSE,Oregon,Forest Action Plan,242,context,partnerships_and_funding,NA,2,"In January 2021, the Oregon Legislative Emergency Board (EBoard) approved the Oregon Department of Forestry's (ODF) request for $5 million to collaborate across boundaries and ownerships on land management activities that improve community resilience to wildfire and restore and maintain resilient forests.",Oregon's Legislative Emergency Board Funding,NA
OR_FAP_2020,OR,FAP,2020,FALSE,Oregon,Forest Action Plan,242,context,partnerships_and_funding,NA,2,"In August of 2019 the State of Oregon through ODF and the USDA Forest Service entered into a Shared Stewardship Agreement to formalize collaboration toward mutual benefit and interests at a statewide scale, using all available tools.",May 2021 (State Forester's message),NA
OR_FAP_2020,OR,FAP,2020,FALSE,Oregon,Forest Action Plan,242,context,climate_threat_habitat_degradation,NA,1,"Climate Change: increased air temperatures, changing precipitation patterns, and sea level rise all have potential consequences for Oregon's water resources-wetlands, estuaries, lakes, rivers, streams, and groundwater.",Water Quality and Quantity / FINDINGS (Threats section),NA
OR_FAP_2020,OR,FAP,2020,FALSE,Oregon,Forest Action Plan,242,context,climate_threat_species_vital_rates,NA,1,"Bark beetles are consistently the largest measureable contributor to forest tree mortality and continue to increase, in association with increasing fires and drought stress.",Entomology Theme,NA
OR_FAP_2020,OR,FAP,2020,FALSE,Oregon,Forest Action Plan,242,context,climate_threat_biotic_stressors,NA,1,"climate change and the longer duration and intensity of droughts are impacting the health of trees, causing species to die off and forests to be more susceptible to invasive species.",Oregon's Priority Issues,NA
OR_FAP_2020,OR,FAP,2020,FALSE,Oregon,Forest Action Plan,242,actions,priority_habitat_identification,NA,2,"The forested ecoregions ranked from highest to lowest priority in terms of increase in percentage of forest suitable for large wildfires are the Blue Mountains, Klamath Mountains, East Cascades, West Cascades, and the Coast Range.",Legacy Program Strategic Direction and Priority Areas 2020,NA
OR_FAP_2020,OR,FAP,2020,FALSE,Oregon,Forest Action Plan,242,actions,priority_habitat_identification,NA,2,"Conservation Opportunity Areas -geographic areas of importance that guide where the state and its conservation partners, including landowners and land managers, can best focus conservation efforts for native fish and wildlife.",Oregon Conservation Strategy,NA
OR_FAP_2020,OR,FAP,2020,FALSE,Oregon,Forest Action Plan,242,actions,targeted_range_shift_actions,NA,1,Identify species better suited to new normal climatic conditions for assisted migration.,National Priority 3 Objective 3.G table,NA
OR_FAP_2020,OR,FAP,2020,FALSE,Oregon,Forest Action Plan,242,actions,time_bound_and_monitoring,NA,1,Update risk assessment data every 5 years with the most current data available.,National Priority 3 Objective 3.C table,NA
OR_FAP_2020,OR,FAP,2020,FALSE,Oregon,Forest Action Plan,242,actions,evidence_of_efficacy,NA,1,Recommend appropriate management based on credible science and proven practices tailored to site-specific needs and landowner/community objectives.,Objectives,NA
OR_FAP_2020,OR,FAP,2020,FALSE,Oregon,Forest Action Plan,242,actions,adaptation_planning_frameworks,NA,1,Oregon's Climate Change Adaptation Framework,Integration of Other Statewide Plans and Programs / table,NA
PA_FAP_2020,PA,FAP,2020,FALSE,Pennsylvania (DCNR Bureau of Forestry),Forest Action Plan (State),681,concepts,climate_vulnerability,NA,2,"The resulting plan includes objectives to prepare for and mitigate the risks associated with potential climate impacts to Pennsylvania, including higher temperatures and more extreme weather events, range shifts for wildlife and plant species, and an increase in invasive species.",Issue 4: Climate Change - Issue Discussion,exposure
PA_FAP_2020,PA,FAP,2020,FALSE,Pennsylvania (DCNR Bureau of Forestry),Forest Action Plan (State),681,concepts,climate_vulnerability,NA,2,"Climate change will increase the loss of species that already appear stressed, such as black cherry and sugar maple, and likely limit habitat for other northern hardwood species in Pennsylvania. Some species in the southern part of the state, such as oaks and hickories, may expand their range to the north.",Issue 4: Climate Change - Projected Impacts on Pennsylvania Forests,exposure
PA_FAP_2020,PA,FAP,2020,FALSE,Pennsylvania (DCNR Bureau of Forestry),Forest Action Plan (State),681,concepts,climate_vulnerability,NA,2,"As regional warming increases, high elevation ecosystems and species that require lower temperatures and specific forest systems may see available habitat shrink and could eventually become locally extinct if they are unable to migrate.",Issue 8: Plant and Wildlife Habitat - Climate Change section,exposure
PA_FAP_2020,PA,FAP,2020,FALSE,Pennsylvania (DCNR Bureau of Forestry),Forest Action Plan (State),681,concepts,adaptive_capacity_specificity,NA,1,"Forests should be managed for species, age, and functional diversity by selecting for species expected to adapt well to future conditions while permitting the establishment of species from across a greater geographic range.",Issue 4: Climate Change - Adaptation Strategies: Changing Forest Composition,NA
PA_FAP_2020,PA,FAP,2020,FALSE,Pennsylvania (DCNR Bureau of Forestry),Forest Action Plan (State),681,concepts,adaptive_capacity_components,distribution,TRUE,"Climate change will increase the loss of species that already appear stressed, such as black cherry and sugar maple, and likely limit habitat for other northern hardwood species in Pennsylvania. Some species in the southern part of the state, such as oaks and hickories, may expand their range to the north.",Issue 4: Climate Change - Projected Impacts on Pennsylvania Forests,distribution
PA_FAP_2020,PA,FAP,2020,FALSE,Pennsylvania (DCNR Bureau of Forestry),Forest Action Plan (State),681,concepts,adaptive_capacity_components,movement,TRUE,"Fragmentation also limits migration opportunities for many wildlife species, a concern that will continue to grow with the impacts of climate change.",Issue 1 (Land Use) - Fragmentation section,movement
PA_FAP_2020,PA,FAP,2020,FALSE,Pennsylvania (DCNR Bureau of Forestry),Forest Action Plan (State),681,concepts,adaptive_capacity_components,ecological_dependencies,TRUE,"It is also likely that phenological changes will stress the relationships between plants, their insect pollinators, and animals such as migratory birds that depend on the insects for food.",Issue 4: Climate Change - Projected Impacts on Pennsylvania Forests,ecological_dependencies
PA_FAP_2020,PA,FAP,2020,FALSE,Pennsylvania (DCNR Bureau of Forestry),Forest Action Plan (State),681,concepts,adaptive_capacity_components,abiotic_niche,TRUE,trees in less-suitable habitats will be stressed and therefore more susceptible to other stressors including atmospheric deposition and both native and non-native insects and diseases.,Issue 8: Plant and Wildlife Habitat - Climate Change section,abiotic_niche
PA_FAP_2020,PA,FAP,2020,FALSE,Pennsylvania (DCNR Bureau of Forestry),Forest Action Plan (State),681,concepts,connectivity,NA,2,This will necessitate changes in land conservation priorities to create an interconnected system of habitats that allow species to move north and to higher elevations in response to climate change.,Issue 4: Climate Change - Adaptation Strategies: Fragmented Habitats,NA
PA_FAP_2020,PA,FAP,2020,FALSE,Pennsylvania (DCNR Bureau of Forestry),Forest Action Plan (State),681,concepts,connectivity,NA,2,"Unique ecological sites and key tracts of land will be targeted for conservation through acquisitions, easements, forest landowner legacy planning, and stewardship plans to ensure habitat connectivity and potential migration corridors remain intact. Areas that have resisted or could potentially resist widespread climatic changes may be managed as refugia.",Issue 4: Climate Change - Adaptation Strategies: Fragmented Habitats,NA
PA_FAP_2020,PA,FAP,2020,FALSE,Pennsylvania (DCNR Bureau of Forestry),Forest Action Plan (State),681,concepts,connectivity,NA,2,These combined features help illuminate areas where efforts will produce the greatest impact on species' ability to adapt and relocate as conditions change in various climate change scenarios.,Chapter 4 - Climate Change Priority Landscape Analysis,NA
PA_FAP_2020,PA,FAP,2020,FALSE,Pennsylvania (DCNR Bureau of Forestry),Forest Action Plan (State),681,tools,vulnerability_models,NA,1,"For a species-specific list of changes in probable habitat due to climate change, please see the Mid-Atlantic Forest Ecosystem Vulnerability Assessment and Synthesis.",Issue 4: Climate Change - Projected Impacts on Pennsylvania Forests,NA
PA_FAP_2020,PA,FAP,2020,FALSE,Pennsylvania (DCNR Bureau of Forestry),Forest Action Plan (State),681,tools,connectivity_models,NA,2,"For the purposes of identifying climate change priority areas in this Plan, the PA Resilient and Connected Network will be used. This analysis was completed by The Nature Conservancy and collaborators using areas with highest resiliency factors, such as microclimate and topographic diversity, and connectivity of habitat.",Chapter 4 - Climate Change Priority Landscape Analysis,NA
PA_FAP_2020,PA,FAP,2020,FALSE,Pennsylvania (DCNR Bureau of Forestry),Forest Action Plan (State),681,context,management_scale,local,TRUE,"Unique ecological sites and key tracts of land will be targeted for conservation through acquisitions, easements, forest landowner legacy planning, and stewardship plans to ensure habitat connectivity and potential migration corridors remain intact.",Issue 4: Climate Change - Adaptation Strategies: Fragmented Habitats,NA
PA_FAP_2020,PA,FAP,2020,FALSE,Pennsylvania (DCNR Bureau of Forestry),Forest Action Plan (State),681,context,management_scale,site,TRUE,Areas that have resisted or could potentially resist widespread climatic changes may be managed as refugia.,Issue 4: Climate Change - Adaptation Strategies: Fragmented Habitats,NA
PA_FAP_2020,PA,FAP,2020,FALSE,Pennsylvania (DCNR Bureau of Forestry),Forest Action Plan (State),681,context,management_scale,watershed,TRUE,This will necessitate changes in land conservation priorities to create an interconnected system of habitats that allow species to move north and to higher elevations in response to climate change.,Issue 4: Climate Change - Adaptation Strategies: Fragmented Habitats,NA
PA_FAP_2020,PA,FAP,2020,FALSE,Pennsylvania (DCNR Bureau of Forestry),Forest Action Plan (State),681,context,management_scale,within_state_region,TRUE,These combined features help illuminate areas where efforts will produce the greatest impact on species' ability to adapt and relocate as conditions change in various climate change scenarios.,Chapter 4 - Climate Change Priority Landscape Analysis,NA
PA_FAP_2020,PA,FAP,2020,FALSE,Pennsylvania (DCNR Bureau of Forestry),Forest Action Plan (State),681,context,management_scale,state,TRUE,"For the purposes of identifying climate change priority areas in this Plan, the PA Resilient and Connected Network will be used. This analysis was completed by The Nature Conservancy and collaborators using areas with highest resiliency factors, such as microclimate and topographic diversity, and connectivity of habitat.",Chapter 4 - Climate Change Priority Landscape Analysis,NA
PA_FAP_2020,PA,FAP,2020,FALSE,Pennsylvania (DCNR Bureau of Forestry),Forest Action Plan (State),681,context,management_scale,multistate,TRUE,"The ranges of tree species in eastern North America have generally shifted northward as the climate has warmed over the past 14,000+ years since the last ice age.",Issue 8: Plant and Wildlife Habitat - Climate Change section,NA
PA_FAP_2020,PA,FAP,2020,FALSE,Pennsylvania (DCNR Bureau of Forestry),Forest Action Plan (State),681,context,management_scale,ecosystem,TRUE,"As regional warming increases, high elevation ecosystems and species that require lower temperatures and specific forest systems may see available habitat shrink and could eventually become locally extinct if they are unable to migrate.",Issue 8: Plant and Wildlife Habitat - Climate Change section,NA
PA_FAP_2020,PA,FAP,2020,FALSE,Pennsylvania (DCNR Bureau of Forestry),Forest Action Plan (State),681,context,biological_unit_score,NA,2,"Climate change will increase the loss of species that already appear stressed, such as black cherry and sugar maple, and likely limit habitat for other northern hardwood species in Pennsylvania.",Issue 4: Climate Change - Projected Impacts on Pennsylvania Forests,species
PA_FAP_2020,PA,FAP,2020,FALSE,Pennsylvania (DCNR Bureau of Forestry),Forest Action Plan (State),681,context,biological_unit_score,NA,2,"The ranges of tree species in eastern North America have generally shifted northward as the climate has warmed over the past 14,000+ years since the last ice age.",Issue 8: Plant and Wildlife Habitat - Climate Change section,community
PA_FAP_2020,PA,FAP,2020,FALSE,Pennsylvania (DCNR Bureau of Forestry),Forest Action Plan (State),681,context,biological_unit_components,species,TRUE,"Climate change will increase the loss of species that already appear stressed, such as black cherry and sugar maple, and likely limit habitat for other northern hardwood species in Pennsylvania. Some species in the southern part of the state, such as oaks and hickories, may expand their range to the north.",Issue 4: Climate Change - Projected Impacts on Pennsylvania Forests,NA
PA_FAP_2020,PA,FAP,2020,FALSE,Pennsylvania (DCNR Bureau of Forestry),Forest Action Plan (State),681,context,biological_unit_components,habitat,TRUE,"As regional warming increases, high elevation ecosystems and species that require lower temperatures and specific forest systems may see available habitat shrink and could eventually become locally extinct if they are unable to migrate.",Issue 8: Plant and Wildlife Habitat - Climate Change section,NA
PA_FAP_2020,PA,FAP,2020,FALSE,Pennsylvania (DCNR Bureau of Forestry),Forest Action Plan (State),681,context,biological_unit_components,ecosystem,TRUE,"Concern is also growing over how to sustain primary ecosystem functions such as nutrient, water, and carbon cycling while also sustaining as many native forms of biota and habitats as possible in the face of potential vegetation shifts due to global climate change.",Issue 8: Plant and Wildlife Habitat - Climate Change section,NA
PA_FAP_2020,PA,FAP,2020,FALSE,Pennsylvania (DCNR Bureau of Forestry),Forest Action Plan (State),681,context,biological_unit_components,community,TRUE,"The ranges of tree species in eastern North America have generally shifted northward as the climate has warmed over the past 14,000+ years since the last ice age. Historically, the ranges of different species have shifted differentially, resulting in changing forest community compositions over time.",Issue 8: Plant and Wildlife Habitat - Climate Change section,NA
PA_FAP_2020,PA,FAP,2020,FALSE,Pennsylvania (DCNR Bureau of Forestry),Forest Action Plan (State),681,context,partnerships_and_funding,NA,1,DCNR's Climate Change Adaptation and Mitigation Plan --developed with the Northern Institute of Applied Climate Science --outlines 123 action steps to be undertaken to make the commonwealth more resilient to potential impacts from a changing climate.,Issue 4: Climate Change - Issue Discussion,NA
PA_FAP_2020,PA,FAP,2020,FALSE,Pennsylvania (DCNR Bureau of Forestry),Forest Action Plan (State),681,context,climate_threat_habitat_degradation,NA,1,"Pennsylvania has already seen measurable changes in temperature, precipitation, and storm intensity from climate change. As noted in the DCNR Climate Change Adaptation and Mitigation plan, since the early 20th century, the commonwealth has seen a temperature increase of more than 1.8° F.",Issue 4: Climate Change - Current Impacts on Pennsylvania Forests,NA
PA_FAP_2020,PA,FAP,2020,FALSE,Pennsylvania (DCNR Bureau of Forestry),Forest Action Plan (State),681,context,climate_threat_habitat_degradation,NA,1,"Drought, wind, tornados, ice storms, fires, and floods may all occur more often and with greater impacts to Pennsylvania's forests in the future.",Issue 4: Climate Change - Projected Impacts on Pennsylvania Forests,NA
PA_FAP_2020,PA,FAP,2020,FALSE,Pennsylvania (DCNR Bureau of Forestry),Forest Action Plan (State),681,context,climate_threat_species_vital_rates,NA,1,"Due to these changes, many of the state's current ecosystems will destabilize in their present locations, potentially leading to lower regeneration rates and higher mortality rates of many tree species.",Issue 4: Climate Change - Projected Impacts on Pennsylvania Forests,NA
PA_FAP_2020,PA,FAP,2020,FALSE,Pennsylvania (DCNR Bureau of Forestry),Forest Action Plan (State),681,context,climate_threat_biotic_stressors,NA,1,Spatial modeling suggests many invasive plant species that currently have a range south of Pennsylvania will aggressively expand in temperate broadleaf and mixed forests of the northeastern U.S. due to climate change.,Issue 4: Climate Change - Current Impacts on Pennsylvania Forests,NA
PA_FAP_2020,PA,FAP,2020,FALSE,Pennsylvania (DCNR Bureau of Forestry),Forest Action Plan (State),681,context,climate_threat_biotic_stressors,NA,1,"Higher winter temperatures and longer, warmer growing seasons may allow insect pests to increase their range, population size and number of generations per year.",Issue 4: Climate Change - Projected Impacts on Pennsylvania Forests,NA
PA_FAP_2020,PA,FAP,2020,FALSE,Pennsylvania (DCNR Bureau of Forestry),Forest Action Plan (State),681,actions,priority_habitat_identification,NA,2,"For the purposes of identifying climate change priority areas in this Plan, the PA Resilient and Connected Network will be used. This analysis was completed by The Nature Conservancy and collaborators using areas with highest resiliency factors, such as microclimate and topographic diversity, and connectivity of habitat.",Chapter 4 - Climate Change Priority Landscape Analysis,NA
PA_FAP_2020,PA,FAP,2020,FALSE,Pennsylvania (DCNR Bureau of Forestry),Forest Action Plan (State),681,actions,priority_habitat_identification,NA,2,Areas that have resisted or could potentially resist widespread climatic changes may be managed as refugia.,Issue 4: Climate Change - Adaptation Strategies: Fragmented Habitats,NA
PA_FAP_2020,PA,FAP,2020,FALSE,Pennsylvania (DCNR Bureau of Forestry),Forest Action Plan (State),681,actions,priority_habitat_identification,NA,2,"Unique ecological sites and key tracts of land will be targeted for conservation through acquisitions, easements, forest landowner legacy planning, and stewardship plans to ensure habitat connectivity and potential migration corridors remain intact.",Issue 4: Climate Change - Adaptation Strategies: Fragmented Habitats,NA
PA_FAP_2020,PA,FAP,2020,FALSE,Pennsylvania (DCNR Bureau of Forestry),Forest Action Plan (State),681,actions,targeted_range_shift_actions,NA,1,"In certain instances, it may be appropriate to implement assisted migration strategies for certain tree species. Such strategies must be approached thoughtfully and following appropriate science-based recommendations and monitoring.",Issue 4: Climate Change - Adaptation Strategies: Changing Forest Composition,NA
PA_FAP_2020,PA,FAP,2020,FALSE,Pennsylvania (DCNR Bureau of Forestry),Forest Action Plan (State),681,actions,targeted_range_shift_actions,NA,1,This will necessitate changes in land conservation priorities to create an interconnected system of habitats that allow species to move north and to higher elevations in response to climate change.,Issue 4: Climate Change - Adaptation Strategies: Fragmented Habitats,NA
PA_FAP_2020,PA,FAP,2020,FALSE,Pennsylvania (DCNR Bureau of Forestry),Forest Action Plan (State),681,actions,time_bound_and_monitoring,NA,1,Controlling these pests increases a forest's ability to withstand and adapt to climate change. High-value forests should be monitored closely for new and existing threats.,Issue 4: Climate Change - Adaptation Strategies: Forest Pests,NA
PA_FAP_2020,PA,FAP,2020,FALSE,Pennsylvania (DCNR Bureau of Forestry),Forest Action Plan (State),681,actions,evidence_of_efficacy,NA,1,"Because the specific nature of these changes is uncertain, foresters and other natural resource managers should take an adaptive approach to addressing these impacts, by investing more in managing for healthy, resilient forests with a high degree of biodiversity.",Issue 4: Climate Change - Adaptation Strategies,NA
PA_FAP_2020,PA,FAP,2020,FALSE,Pennsylvania (DCNR Bureau of Forestry),Forest Action Plan (State),681,actions,adaptation_planning_frameworks,NA,1,"Because the specific nature of these changes is uncertain, foresters and other natural resource managers should take an adaptive approach to addressing these impacts, by investing more in managing for healthy, resilient forests with a high degree of biodiversity.",Issue 4: Climate Change - Adaptation Strategies,NA
PR_FAP_2020,PR,FAP,2020,FALSE,Puerto Rico,State Forest Action Plan,128,concepts,climate_vulnerability,NA,1,"Climate change is likely to exacerbate many of the existing threats to forest ecosystems. Climate warming, droughts, and the increase of invasive species will make forests more vulnerable to wildfires.",iv. Climate change,NA
PR_FAP_2020,PR,FAP,2020,FALSE,Puerto Rico,State Forest Action Plan,128,concepts,adaptive_capacity_specificity,NA,1,"restore and maintain resilient forests that are better adapted to a changing climate and other stressors, and reforest lands disturbed by catastrophic wildfires and other natural events.",iv. Climate change,NA
PR_FAP_2020,PR,FAP,2020,FALSE,Puerto Rico,State Forest Action Plan,128,concepts,adaptive_capacity_components,movement,TRUE,"As the amount of fragmentation increases, species populations may become isolated, and the migration of individuals and populations between areas of suitable habitat becomes more difficult.",b. THREATS TO FOREST RESOURCES i. Development and forest fragmentation,NA
PR_FAP_2020,PR,FAP,2020,FALSE,Puerto Rico,State Forest Action Plan,128,concepts,connectivity,NA,1,Forested corridors are an important means of connecting fragmented habitat into a more unified whole.,Wildlife,NA
PR_FAP_2020,PR,FAP,2020,FALSE,Puerto Rico,State Forest Action Plan,128,concepts,connectivity,NA,1,Act No. 14 Unifying Act of State Forests...orders the DNER to identify the lands between these forests and draw two biological corridors linking them; delimit buffer zones; and determine acquirement and conservation strategies.,Urban Forests,NA
PR_FAP_2020,PR,FAP,2020,FALSE,Puerto Rico,State Forest Action Plan,128,tools,climate_models,NA,1,"Climate models suggest that there will be a decrease in the frequency of hurricanes in the Caribbean, although an increase is also expected in the frequency of more intense events (CCCPR 2013). The CCCPR (2013) recommends increasing standards of preparation for more intense hurricanes.",iv. Climate change,NA
PR_FAP_2020,PR,FAP,2020,FALSE,Puerto Rico,State Forest Action Plan,128,tools,climate_models,NA,1,The more conservative numbers from the Intergovernmental Panel on Climate Change (IPCC) estimate 40 to 102 cm over the next 100 years.,iv. Climate change,NA
PR_FAP_2020,PR,FAP,2020,FALSE,Puerto Rico,State Forest Action Plan,128,tools,connectivity_models,NA,1,"Puerto Rico participated in a USFS SFLA (Appendix C), which identified priority areas based on the richness of the forest resource and perceived threats. There was good correspondence between the existing Legacy Areas and the SFLA output.",Acknowledgements,NA
PR_FAP_2020,PR,FAP,2020,FALSE,Puerto Rico,State Forest Action Plan,128,context,management_scale,local,TRUE,"Restoration and management of forest cover in riparian areas adjacent to reservoirs, agricultural fields and urban streams is a high priority in every DNER administrative region.",Riparian corridors,NA
PR_FAP_2020,PR,FAP,2020,FALSE,Puerto Rico,State Forest Action Plan,128,context,management_scale,site,TRUE,management activity will focus on lands where reforestation or other forest management will improve sediment and erosion control.,Areas of hydrologic importance,NA
PR_FAP_2020,PR,FAP,2020,FALSE,Puerto Rico,State Forest Action Plan,128,context,management_scale,watershed,TRUE,The primary objective in this landscape is to maintain and/or restore sufficient forest cover to extend the lifespan of existing water supply reservoirs. The target zones are areas upstream of existing reservoirs,Areas of hydrologic importance,NA
PR_FAP_2020,PR,FAP,2020,FALSE,Puerto Rico,State Forest Action Plan,128,context,management_scale,within_state_region,TRUE,Determining the unique conditions and desires of the public in each region was intended to allow the DNER to tailor future programs to specific regions of Puerto Rico rather than treat the entire island as a single homogeneous area.,Appendix E. Forest Land Analysis Project (FLAP),NA
PR_FAP_2020,PR,FAP,2020,FALSE,Puerto Rico,State Forest Action Plan,128,context,management_scale,state,TRUE,"Eight priority landscapes have been identified based on analysis of the public issues, resource status and trends, and partnership opportunities.",ii. Priority Landscapes,NA
PR_FAP_2020,PR,FAP,2020,FALSE,Puerto Rico,State Forest Action Plan,128,context,management_scale,national,TRUE,The Farm Bill established national goals for forest conservation. Statewide strategies are expected to contribute to the national goals.,Land use and land cover,NA
PR_FAP_2020,PR,FAP,2020,FALSE,Puerto Rico,State Forest Action Plan,128,context,management_scale,ecosystem,TRUE,"The Model Forest of Puerto Rico interconnects nineteen (19) protected areas; including Bosque del Pueblo, Toro Negro, Tres Picachos, La Olimpia, among others; throughout 378,777 acres of land from the north coast to the southern dry zone between Guanica and Cabo Rojo",Urban Forests,NA
PR_FAP_2020,PR,FAP,2020,FALSE,Puerto Rico,State Forest Action Plan,128,context,management_scale,river,TRUE,Fifty-five (55) rivers discharge directly into the sea.,Water resources,NA
PR_FAP_2020,PR,FAP,2020,FALSE,Puerto Rico,State Forest Action Plan,128,context,biological_unit_score,NA,2,"A significant proportion of the biota in Puerto Rico are found nowhere else in the world, thus the loss of a species locally represents a reduction of the biological diversity of the planet.",Wildlife,species
PR_FAP_2020,PR,FAP,2020,FALSE,Puerto Rico,State Forest Action Plan,128,context,biological_unit_score,NA,2,The purpose of this landscape is to ensure forest habitat is available to sustain the most threatened species on the island.,Critical Wildlife Areas (CWA's),habitat
PR_FAP_2020,PR,FAP,2020,FALSE,Puerto Rico,State Forest Action Plan,128,context,biological_unit_components,species,TRUE,Gould et al. (2007) conducted an analysis of conservation status on 177 mostly native species that are regularly found on the island.,Wildlife,NA
PR_FAP_2020,PR,FAP,2020,FALSE,Puerto Rico,State Forest Action Plan,128,context,biological_unit_components,population,TRUE,"As the amount of fragmentation increases, species populations may become isolated, and the migration of individuals and populations between areas of suitable habitat becomes more difficult.",b. THREATS TO FOREST RESOURCES i. Development and forest fragmentation,NA
PR_FAP_2020,PR,FAP,2020,FALSE,Puerto Rico,State Forest Action Plan,128,context,biological_unit_components,habitat,TRUE,The purpose of this landscape is to ensure forest habitat is available to sustain the most threatened species on the island.,Critical Wildlife Areas (CWA's),NA
PR_FAP_2020,PR,FAP,2020,FALSE,Puerto Rico,State Forest Action Plan,128,context,biological_unit_components,ecosystem,TRUE,Climate change is likely to exacerbate many of the existing threats to forest ecosystems.,iv. Climate change,NA
PR_FAP_2020,PR,FAP,2020,FALSE,Puerto Rico,State Forest Action Plan,128,context,biological_unit_components,community,TRUE,The mixes of native and non-native naturalized species are creating novel plant and animal communities.,Land use and land cover,NA
PR_FAP_2020,PR,FAP,2020,FALSE,Puerto Rico,State Forest Action Plan,128,context,partnerships_and_funding,NA,2,"USFS, hired Estudios Técnicos to complete this new section...Under direction provided on February 6, 2015 by a joint Memorandum from the Deputy Chief of State and Private Forestry of the United States Forest Service, James E. Hubbard and National Association of State Foresters President James Karels",Acknowledgements,partnerships
PR_FAP_2020,PR,FAP,2020,FALSE,Puerto Rico,State Forest Action Plan,128,context,partnerships_and_funding,NA,2,"The DNERFSB will work closely within and without the Department to manage their own land to meet this need, to prepare private forest management plans that consider wildlife objectives, and to educate community.",Critical Wildlife Areas (CWA's),partnerships
PR_FAP_2020,PR,FAP,2020,FALSE,Puerto Rico,State Forest Action Plan,128,context,partnerships_and_funding,NA,2,"The Forest Legacy Program (FLP) is a volunteer land acquisition and conservation easement program that is administered by USFS, and implemented cooperatively with the DNERFSB.",Interface Landscape,funding
PR_FAP_2020,PR,FAP,2020,FALSE,Puerto Rico,State Forest Action Plan,128,context,climate_threat_habitat_degradation,NA,1,"The expected sea level rise is another issue that will significantly affect certain forests in Puerto Rico, mainly within the coastal zone. A rise in sea level of just one foot could have a detrimental effect on coastal forest areas, including mangrove systems and other coastal swamps",iv. Climate change,NA
PR_FAP_2020,PR,FAP,2020,FALSE,Puerto Rico,State Forest Action Plan,128,context,climate_threat_habitat_degradation,NA,1,"Climate change, extended drought, and human-induced landscape fragmentation have the potential to greatly expand fire-prone areas to moist and wet tropical forests and even non-forested landscapes traditionally fire-free (Gould 2008).",b. THREATS TO FOREST RESOURCES i. Development and forest fragmentation,NA
PR_FAP_2020,PR,FAP,2020,FALSE,Puerto Rico,State Forest Action Plan,128,context,climate_threat_biotic_stressors,NA,1,"increased invasion by non-native species as result of higher temperatures, particularly on middle and high latitude islands",iv. Climate change,NA
PR_FAP_2020,PR,FAP,2020,FALSE,Puerto Rico,State Forest Action Plan,128,actions,priority_habitat_identification,NA,2,"Eight priority landscapes have been identified based on analysis of the public issues, resource status and trends, and partnership opportunities. They are: Interface Landscapes Critical Wildlife Areas Areas of Hydrologic Importance Fire Prone Landscapes Urban Forests Riparian Corridors Joint Priority Landscapes Model Forest of Puerto Rico",ii. Priority Landscapes,NA
PR_FAP_2020,PR,FAP,2020,FALSE,Puerto Rico,State Forest Action Plan,128,actions,priority_habitat_identification,NA,2,Figure 26 displays the CWA's identified in the PRSWAP (DNER 2015). These areas were delineated by determining the location of land 'necessary' to perpetuate the existence of species of special interest to the DNER.,Critical Wildlife Areas (CWA's),NA
PR_FAP_2020,PR,FAP,2020,FALSE,Puerto Rico,State Forest Action Plan,128,actions,priority_habitat_identification,NA,2,The DNERFSB will focus on acquiring land and easements in the portions of Forest Legacy Areas that fall within the wildland urban interface (Figure 25). The primary objective is to retain large blocks of high quality contiguous forest,Interface Landscape,NA
PR_FAP_2020,PR,FAP,2020,FALSE,Puerto Rico,State Forest Action Plan,128,actions,time_bound_and_monitoring,NA,1,Climate change can be regarded as a process of long-term change that requires a monitoring mechanism or protocol to categorize management applications and setting priorities can focus on adapting to the climate change process.,iv. Climate change,NA
PR_FAP_2020,PR,FAP,2020,FALSE,Puerto Rico,State Forest Action Plan,128,actions,evidence_of_efficacy,NA,1,"studies show dramatic reductions from 30 to 98 percent in nutrients, sediments, pesticides, and other pollutants in surface and groundwater after passing through a riparian forest buffer (Lowrance et al. 1984).",Riparian forests,NA
PR_FAP_2020,PR,FAP,2020,FALSE,Puerto Rico,State Forest Action Plan,128,actions,adaptation_planning_frameworks,NA,1,manage trees and forests to mitigate and adapt to global climate change.,Table 13,NA
PW_FAP_2020,PW,FAP,2020,FALSE,Republic of Palau,Forest Action Plan / Statewide Assessment,174,concepts,climate_vulnerability,NA,1,"Global warming is a major threat and issue for coastal forests and communities. Forests act as important carbon sinks that absorb carbon dioxide, a major greenhouse gas and mitigate the impacts of climate change.",Issue 1 Climate Change,NA
PW_FAP_2020,PW,FAP,2020,FALSE,Republic of Palau,Forest Action Plan / Statewide Assessment,174,concepts,adaptive_capacity_specificity,NA,1,"Dwarfism may enable specific mangrove species to grow and reproduce in elevated, less optimum conditions and enable them to retreat to higher ground as the sea level rises in the next century.",TABLE (Status and Trends of Forest Resources),NA
PW_FAP_2020,PW,FAP,2020,FALSE,Republic of Palau,Forest Action Plan / Statewide Assessment,174,context,management_scale,local,TRUE,"The 2021-2030 priority sites for mitigation efforts for landslides through reforestation and civil engineering as follows: Malakal Quarry, the Ngerikiil Road Tmetuchl National Airport in Airai State",Landslides,NA
PW_FAP_2020,PW,FAP,2020,FALSE,Republic of Palau,Forest Action Plan / Statewide Assessment,174,context,management_scale,site,TRUE,"The 2021 'priority wildfire areas' (high risk fire locations, where fires occur repeatedly) are where Palau will concentrate efforts to prevent, pre-suppress, control, and suppress the frequency and sizes of wildfires.",FIGURE caption (wildfire priority areas),NA
PW_FAP_2020,PW,FAP,2020,FALSE,Republic of Palau,Forest Action Plan / Statewide Assessment,174,context,management_scale,watershed,TRUE,Twenty upper watersheds provide public drinking water to Babeldaob and Koror. These priority upper watersheds are indicated in blue,Issue 3 Water Quality and Quantity,NA
PW_FAP_2020,PW,FAP,2020,FALSE,Republic of Palau,Forest Action Plan / Statewide Assessment,174,context,management_scale,within_state_region,TRUE,"Spatial data gaps existed for the States of Angaur, Peleliu, Kayangel, Sonsorol and Hatohobei and parts of Koror.",Introduction,NA
PW_FAP_2020,PW,FAP,2020,FALSE,Republic of Palau,Forest Action Plan / Statewide Assessment,174,context,management_scale,state,TRUE,"Work with the States and partners to develop Comprehensive State Forest Management Plans addressing climate change, wildfire, watershed protection, conservation, rehabilitation, and sustainable use of forests",Written by Ann Hillmann Kitalong (action list),NA
PW_FAP_2020,PW,FAP,2020,FALSE,Republic of Palau,Forest Action Plan / Statewide Assessment,174,context,management_scale,multistate,TRUE,"In 2006, the Babeldaob Watershed Alliance was formed to help states sharing the same watershed coordination efforts through Conservation Action Plans to better protect and manage their forests and water supplies.",FIGURE caption (watershed priority areas),NA
PW_FAP_2020,PW,FAP,2020,FALSE,Republic of Palau,Forest Action Plan / Statewide Assessment,174,context,management_scale,national,TRUE,This assessment analyzes Palau's current forest conditions and trends and delineates priority rural and urban forest landscapes from which the 2021 nation-wide strategy was developed.,Introduction,NA
PW_FAP_2020,PW,FAP,2020,FALSE,Republic of Palau,Forest Action Plan / Statewide Assessment,174,context,management_scale,ecosystem,TRUE,"Mangrove forests are found in the Rock Islands, along the coasts and the edge of marine lakes. Mangroves provide potential ecosystem services as follows: a buffer that reduces the impacts from storms and surge waves along coastal areas",Mangrove forests,NA
PW_FAP_2020,PW,FAP,2020,FALSE,Republic of Palau,Forest Action Plan / Statewide Assessment,174,context,management_scale,lake,TRUE,The Ngerdorch Watershed and Lake Ngardok and floodplains of the Ngermeskang Watershed and River are important habitats for the water birds,National Forest Monitoring Program,NA
PW_FAP_2020,PW,FAP,2020,FALSE,Republic of Palau,Forest Action Plan / Statewide Assessment,174,context,management_scale,river,TRUE,The main source of drinking water for Palau's population is the Ngerikiil Watershed.,TABLE (Issue 1 Climate Change summary),NA
PW_FAP_2020,PW,FAP,2020,FALSE,Republic of Palau,Forest Action Plan / Statewide Assessment,174,context,biological_unit_score,NA,2,"Species are considered threatened due to small population size, or small, restricted, or fragmented habitats or due to past, current, or even perceived future population or habitat decline.",Endangered Species,species/habitat
PW_FAP_2020,PW,FAP,2020,FALSE,Republic of Palau,Forest Action Plan / Statewide Assessment,174,context,biological_unit_score,NA,2,"The USDA Forest Service Forest Inventory and Analysis (FIA) program in Palau was set up to address long term changes and regular (every 10 years) monitoring of the permanent plots quantifies the impacts and the resilience of Palau's forests to disturbances caused by fires, land clearing, typhoons, and invasive species.",Forest Dynamics Monitoring at Ngardok Nature Reserve,ecosystem/habitat
PW_FAP_2020,PW,FAP,2020,FALSE,Republic of Palau,Forest Action Plan / Statewide Assessment,174,context,biological_unit_components,species,TRUE,"Identify threats across all critical life stage habitats and to eggs, hatchlings, sub-adults, and adults including from people and climate change",Endangered Species,NA
PW_FAP_2020,PW,FAP,2020,FALSE,Republic of Palau,Forest Action Plan / Statewide Assessment,174,context,biological_unit_components,habitat,TRUE,Managers are increasingly challenged to address these threats in an effective and efficient way that will ensure that available funds result in positive outcomes that mitigate impacts and that enable islands to adapt with a focus on their most vulnerable forests habitats.,Introduction,NA
PW_FAP_2020,PW,FAP,2020,FALSE,Republic of Palau,Forest Action Plan / Statewide Assessment,174,context,biological_unit_components,ecosystem,TRUE,Healthy Forest Ecosystems provide services that benefit society. Addressing threats (such as invasive species) to the health of forests consistently requires a collaborate on coordinated and activates that collaborative ensure forest ecosystem health,TABLE (Protect Forests from Harm),NA
PW_FAP_2020,PW,FAP,2020,FALSE,Republic of Palau,Forest Action Plan / Statewide Assessment,174,context,partnerships_and_funding,NA,2,USDA Forest Service State and Private Forestry (S& PF) financial assistance can support Palau's forestry program to shape and influence use of forest land to optimize benefits from trees and forests for both present and future generations.,TABLE (USDA Forest Service S&PF priorities),NA
PW_FAP_2020,PW,FAP,2020,FALSE,Republic of Palau,Forest Action Plan / Statewide Assessment,174,context,partnerships_and_funding,NA,2,"A national project implemented by MAFE entitled Integrating Biodiversity Safeguards and Conservation into Development funded through the Global Environment Facility is working with the States of Ngiwal, Ngeremlengui, Ngaraard, Ngardmau, Ngarchelong, and Melekeok",TABLE (USDA Forest Service S&PF priorities),NA
PW_FAP_2020,PW,FAP,2020,FALSE,Republic of Palau,Forest Action Plan / Statewide Assessment,174,context,partnerships_and_funding,NA,2,"In partnership with Palauan State, Government and Non-Government Organizations (NGOs), the Smithsonian Center for Tropical Forest Science (CTFS) established the first permanent forest dynamic plot",Forest Dynamics Monitoring at Ngardok Nature Reserve,NA
PW_FAP_2020,PW,FAP,2020,FALSE,Republic of Palau,Forest Action Plan / Statewide Assessment,174,context,climate_threat_habitat_degradation,NA,1,Seawater and freshwater inundation of coastal agroforests is impacting food production in lowland agroforests. The less drastic and gradual rise in sea level is predicted to be from 0.2 to 0.9m by 2100. The state of Kayangel will be completely underwater by 2100 if sea levels rise is close to 1m.,Sea Level Rise and Coastal Erosion,NA
PW_FAP_2020,PW,FAP,2020,FALSE,Republic of Palau,Forest Action Plan / Statewide Assessment,174,context,climate_threat_species_vital_rates,NA,1,"These climate changes affect the health of the trees, causing stressed conditions that make trees vulnerable to pathogens and insects.",FIGURE caption (climate change/drought section),NA
PW_FAP_2020,PW,FAP,2020,FALSE,Republic of Palau,Forest Action Plan / Statewide Assessment,174,context,climate_threat_biotic_stressors,NA,1,These extreme weather conditions are leading to the spread of invasive species into areas where forests are opened up or taro patches or agroforest are,TABLE (Issue 1 Climate Change summary),NA
PW_FAP_2020,PW,FAP,2020,FALSE,Republic of Palau,Forest Action Plan / Statewide Assessment,174,actions,priority_habitat_identification,NA,2,The 2021 FAP results from the overlay analysis are shown in Figure1.8. High priority areas for flooding were coastlines 0 to 1m above sea level. Koror has one of the highest priorities because it is the most densely populated State.,TABLE (coastal erosion analysis),NA
PW_FAP_2020,PW,FAP,2020,FALSE,Republic of Palau,Forest Action Plan / Statewide Assessment,174,actions,priority_habitat_identification,NA,2,"In 2020, Palau submitted a 'Forest Stewardship Program Priority Area' (Figure 6.19) to satisfy changing USDA Forest Service Forest Stewardship Program (FSP) requirements. This indicates that nearly all upland areas on Babeldaob are a 'priority' for FSP funding.",The 2015 Agricultural Survey/Census,NA
PW_FAP_2020,PW,FAP,2020,FALSE,Republic of Palau,Forest Action Plan / Statewide Assessment,174,actions,time_bound_and_monitoring,NA,1,"The forest monitoring plot at Ngardok will be re-measured every 4-5 years through the collaboration ofthe DFLW, MCN, and the USDA Forest Service.",Forest Dynamics Monitoring at Ngardok Nature Reserve,NA
PW_FAP_2020,PW,FAP,2020,FALSE,Republic of Palau,Forest Action Plan / Statewide Assessment,174,actions,evidence_of_efficacy,NA,2,A comparison of aerial photographs between 1968 and 2005 showed that mangroves forests within Airai Bay nearly doubled in size (from 4.2 to 7.9 km 2 ) in a 37-year period at a rate of 0.1 km 2 yr-1.,Savanna grasslands,NA
PW_FAP_2020,PW,FAP,2020,FALSE,Republic of Palau,Forest Action Plan / Statewide Assessment,174,actions,evidence_of_efficacy,NA,2,"Trees planted in Ngeremlengui and Ngiual had an average survival rate of 90%. A total of 39 sediment traps which constituted planting of 2,115 lemon grass with log fences was installed in the area to reduce soil erosion",Written by Ann Hillmann Kitalong (action outcomes section),NA
PW_FAP_2020,PW,FAP,2020,FALSE,Republic of Palau,Forest Action Plan / Statewide Assessment,174,actions,adaptation_planning_frameworks,NA,1,Increase climate change adaptation benefits from forests,TABLE (Enhance Public Benefits from Trees and Forests Objective 1),NA
RI_FAP_2020,RI,FAP,2020,FALSE,Rhode Island,State Forest Action Plan,148,concepts,climate_vulnerability,NA,2,"the combined onslaught of climate change, fragmentation and parcelization, interference with migration, loss of biodiversity, invasive plant and insect species, overuse and overgrazing, and more extreme weather events occurring more frequently -all contribute to forest lands with less biological resilience to change and less time to adapt to those changes.",Issue: Climate Change,adaptive capacity
RI_FAP_2020,RI,FAP,2020,FALSE,Rhode Island,State Forest Action Plan,148,concepts,climate_vulnerability,NA,2,"Increased temperatures and altered climate conditions are also expected to shift suitable growing conditions for individual species of trees, shrubs, and plants. This means that many species growing at their more southerly extent in Rhode Island may be unable to withstand the changes in growing conditions and become locally less common or disappear entirely.",SPECIES COMPOSITION,exposure
RI_FAP_2020,RI,FAP,2020,FALSE,Rhode Island,State Forest Action Plan,148,concepts,climate_vulnerability,NA,2,"the Lowland Conifer and Mixed type relies on a relatively narrow range of soil and moisture conditions, making it vulnerable to impacts from droughts and extreme weather events.",SPECIES COMPOSITION,exposure
RI_FAP_2020,RI,FAP,2020,FALSE,Rhode Island,State Forest Action Plan,148,concepts,adaptive_capacity_specificity,NA,1,These increasing threats and rapid rate of change have the potential to exceed an ecosystem's resilience or capacity to adapt.,Issue: Climate Change,NA
RI_FAP_2020,RI,FAP,2020,FALSE,Rhode Island,State Forest Action Plan,148,concepts,adaptive_capacity_specificity,NA,1,"Although many of the common forest types across Rhode Island are generally expected to have some capacity to adapt to changing conditions, the likely effects of climate change also need to be considered at the property-and stand-levels where local site conditions and potential hazards can be evaluated.",SPECIES COMPOSITION,NA
RI_FAP_2020,RI,FAP,2020,FALSE,Rhode Island,State Forest Action Plan,148,concepts,adaptive_capacity_components,distribution,TRUE,"Increased temperatures and altered climate conditions are also expected to shift suitable growing conditions for individual species of trees, shrubs, and plants. This means that many species growing at their more southerly extent in Rhode Island may be unable to withstand the changes in growing conditions and become locally less common or disappear entirely. Meanwhile, species growing at their more northerly extent may find growing conditions conducive to expanding their range northward.",SPECIES COMPOSITION,NA
RI_FAP_2020,RI,FAP,2020,FALSE,Rhode Island,State Forest Action Plan,148,concepts,adaptive_capacity_components,movement,TRUE,"The natural shift in growing range and dispersal is a slow process but, in the 21 st century, it is complicated by grey infrastructure, permanent land conversion, and other impacts of fragmentation and forest loss which impede species migration.",SPECIES COMPOSITION,NA
RI_FAP_2020,RI,FAP,2020,FALSE,Rhode Island,State Forest Action Plan,148,concepts,adaptive_capacity_components,ecological_dependencies,TRUE,"longer growing seasons can mean desynchronized pollinators and food sources, bird nesting, and migration, etc., which may have unforeseen impacts.",Issue: Climate Change,NA
RI_FAP_2020,RI,FAP,2020,FALSE,Rhode Island,State Forest Action Plan,148,concepts,adaptive_capacity_components,abiotic_niche,TRUE,"the Lowland Conifer and Mixed type relies on a relatively narrow range of soil and moisture conditions, making it vulnerable to impacts from droughts and extreme weather events.",SPECIES COMPOSITION,NA
RI_FAP_2020,RI,FAP,2020,FALSE,Rhode Island,State Forest Action Plan,148,concepts,connectivity,NA,2,"Even with increasing fragmentation, retaining green corridors connecting these core sites can play a crucial role for the sustainability of wildlife populations.",WILDLIFE HABITAT,NA
RI_FAP_2020,RI,FAP,2020,FALSE,Rhode Island,State Forest Action Plan,148,concepts,connectivity,NA,2,"The natural shift in growing range and dispersal is a slow process but, in the 21 st century, it is complicated by grey infrastructure, permanent land conversion, and other impacts of fragmentation and forest loss which impede species migration.",SPECIES COMPOSITION,NA
RI_FAP_2020,RI,FAP,2020,FALSE,Rhode Island,State Forest Action Plan,148,concepts,connectivity,NA,2,"One method is to encourage the planting of a variety of forest tree species that will be suited to the changing climate patterns. This can assist the migration of such species, avoiding interruptions caused by fragmentation and development, and speeding up the very slow movement of trees beyond their existing ranges.",RESPONDING TO CHANGE,NA
RI_FAP_2020,RI,FAP,2020,FALSE,Rhode Island,State Forest Action Plan,148,tools,vulnerability_models,NA,2,"The New England and Northern New York Forest Ecosystem Vulnerability Assessment and Synthesis presents an assessment of vulnerability for forest ecosystems for the end of the 21 st century, shown in the table below.",SPECIES COMPOSITION,NA
RI_FAP_2020,RI,FAP,2020,FALSE,Rhode Island,State Forest Action Plan,148,tools,vulnerability_models,NA,2,CLIMATIC IMPACTS | FOREST IMPACTS ... Changes in suitable habitat | Changes in tree establishment | Changes in tree growth | Changes in forest composition,SPECIES COMPOSITION (table),NA
RI_FAP_2020,RI,FAP,2020,FALSE,Rhode Island,State Forest Action Plan,148,tools,niche_models,NA,1,"Predictive models for anticipated climate change look at the effects of various emission rate scenarios. An example on the left, from the 2006 Northeast Climate Impacts Assessment, shows the effects of two emission scenarios on the heat indices for Rhode Island over the next 80 years and the impact on summer temperatures.",SPECIES COMPOSITION,NA
RI_FAP_2020,RI,FAP,2020,FALSE,Rhode Island,State Forest Action Plan,148,tools,climate_models,NA,1,"Temperatures are projected to continue increasing, leading to longer growing seasons and more extreme hot days. Climate models predict additional changes in the future.",Issue: Climate Change,NA
RI_FAP_2020,RI,FAP,2020,FALSE,Rhode Island,State Forest Action Plan,148,tools,climate_models,NA,1,"Predictive models for anticipated climate change look at the effects of various emission rate scenarios. An example on the left, from the 2006 Northeast Climate Impacts Assessment, shows the effects of two emission scenarios on the heat indices for Rhode Island over the next 80 years",SPECIES COMPOSITION,NA
RI_FAP_2020,RI,FAP,2020,FALSE,Rhode Island,State Forest Action Plan,148,tools,connectivity_models,NA,1,"This map, derived from the i-Tree Landscape Tool, shows the Wildland-Urban Interface (WUI) in red and Wildland-Urban intermix in yellow.",PRIORITY LANDSCAPE AREAS IN RHODE ISLAND,NA
RI_FAP_2020,RI,FAP,2020,FALSE,Rhode Island,State Forest Action Plan,148,context,management_scale,local,TRUE,the likely effects of climate change also need to be considered at the property-and stand-levels where local site conditions and potential hazards can be evaluated.,SPECIES COMPOSITION,NA
RI_FAP_2020,RI,FAP,2020,FALSE,Rhode Island,State Forest Action Plan,148,context,management_scale,site,TRUE,"Goals include: improve forest habitat for fish, wildlife, and invertebrate species of concern; support the recovery of endangered or threatened species and improve biodiversity; protect water quality and quantity; foster forest resiliency and stand diversity",PRIORITY LANDSCAPE AREAS IN RHODE ISLAND,NA
RI_FAP_2020,RI,FAP,2020,FALSE,Rhode Island,State Forest Action Plan,148,context,management_scale,watershed,TRUE,"The Forest Legacy Program prioritizes significant forest tracts, watersheds for public drinking water, public open-space tracts and recreational areas, location of rare, threatened and endangered species and/or their habitats",PRIORITY LANDSCAPE AREAS IN RHODE ISLAND,NA
RI_FAP_2020,RI,FAP,2020,FALSE,Rhode Island,State Forest Action Plan,148,context,management_scale,within_state_region,TRUE,"The Forest Legacy Program identified its two distinct priority areas in its 2020 document: 1. Mainland -comprised of the forested and intermix areas on the west side of the state, and 2. East Bay -where some of the last forested tracts remain in eastern Rhode Island.",PRIORITY LANDSCAPE AREAS IN RHODE ISLAND,NA
RI_FAP_2020,RI,FAP,2020,FALSE,Rhode Island,State Forest Action Plan,148,context,management_scale,state,TRUE,"The Rhode Island 2020 Forest Action Plan discusses facts, trends, benefits and issues of concern, as well as priorities, goals, and strategies for the management of forest land.",Executive Summary,NA
RI_FAP_2020,RI,FAP,2020,FALSE,Rhode Island,State Forest Action Plan,148,context,management_scale,multistate,TRUE,This program is a multi-state Landscape Scale Restoration grant awarded by the USFS to the Forest Stewards Guild in 2019. The RI Woodland Partnership (RIWP) was instrumental in developing the project and connecting with partners in neighboring states (MA and CT).,INCREASING RESILIENCY IN SOUTHERN NEW ENGLAND OAK FORESTS,NA
RI_FAP_2020,RI,FAP,2020,FALSE,Rhode Island,State Forest Action Plan,148,context,management_scale,national,TRUE,"These statewide forest assessments, or forest action plans (SFAP), are required for maintaining eligibility to receive funds under the authorities of the Act, through the USDA Forest Service State and Private Forestry (S&PF)",INTRODUCTION,NA
RI_FAP_2020,RI,FAP,2020,FALSE,Rhode Island,State Forest Action Plan,148,context,management_scale,ecosystem,TRUE,The New England and Northern New York Forest Ecosystem Vulnerability Assessment and Synthesis presents an assessment of vulnerability for forest ecosystems for the end of the 21 st century,SPECIES COMPOSITION,NA
RI_FAP_2020,RI,FAP,2020,FALSE,Rhode Island,State Forest Action Plan,148,context,biological_unit_score,NA,2,"Increased temperatures and altered climate conditions are also expected to shift suitable growing conditions for individual species of trees, shrubs, and plants.",SPECIES COMPOSITION,species
RI_FAP_2020,RI,FAP,2020,FALSE,Rhode Island,State Forest Action Plan,148,context,biological_unit_score,NA,2,"The impact of climate change will not only impact individual species but also the composition of entire plant communities. Such communities, as expressed as forest types or systems for example, may be more vulnerable to climate changes",SPECIES COMPOSITION,community/ecosystem
RI_FAP_2020,RI,FAP,2020,FALSE,Rhode Island,State Forest Action Plan,148,context,biological_unit_components,species,TRUE,"As the climate changes, forest composition will change, becoming less favorable to species that are adapted to cold climates, promoting typically southern species at the northern edge of their range",Issue: Climate Change,NA
RI_FAP_2020,RI,FAP,2020,FALSE,Rhode Island,State Forest Action Plan,148,context,biological_unit_components,habitat,TRUE,"the Lowland Conifer and Mixed type relies on a relatively narrow range of soil and moisture conditions, making it vulnerable to impacts from droughts and extreme weather events.",SPECIES COMPOSITION,NA
RI_FAP_2020,RI,FAP,2020,FALSE,Rhode Island,State Forest Action Plan,148,context,biological_unit_components,ecosystem,TRUE,"The impact of climate change will not only impact individual species but also the composition of entire plant communities. Such communities, as expressed as forest types or systems for example, may be more vulnerable to climate changes",SPECIES COMPOSITION,NA
RI_FAP_2020,RI,FAP,2020,FALSE,Rhode Island,State Forest Action Plan,148,context,biological_unit_components,community,TRUE,"The impact of climate change will not only impact individual species but also the composition of entire plant communities. Such communities, as expressed as forest types or systems for example, may be more vulnerable to climate changes",SPECIES COMPOSITION,NA
RI_FAP_2020,RI,FAP,2020,FALSE,Rhode Island,State Forest Action Plan,148,context,partnerships_and_funding,NA,1,"DFE will also need to explore funding and partnerships to initiate efforts that will benefit Rhode Island, based on good science, such as planting and protection of seedlings, assisted migration, demonstration sites, and financial assistance.",RESPONDING TO CHANGE,NA
RI_FAP_2020,RI,FAP,2020,FALSE,Rhode Island,State Forest Action Plan,148,context,partnerships_and_funding,NA,1,"RIDEM's Division of Forest Environment (DFE) currently receives approximately 23% of its funding through the Cooperative Forestry Assistance Act (CFAA) through the State and Private Forestry programs (S&PF), leveraging the federal resources and partnerships in collaboration with private and public stakeholders.",Executive Summary,NA
RI_FAP_2020,RI,FAP,2020,FALSE,Rhode Island,State Forest Action Plan,148,context,climate_threat_habitat_degradation,NA,1,"A longer growing season, warmer temperatures, and more variable summer rain are likely to increase summer moisture stress on plants and could lead to harmful droughts",Issue: Climate Change,NA
RI_FAP_2020,RI,FAP,2020,FALSE,Rhode Island,State Forest Action Plan,148,context,climate_threat_habitat_degradation,NA,1,"More recently, changes in seasonal weather patterns and precipitation have decreased moisture availability in the summer months, increasing tree mortality.",COMPOUNDING FACTORS,NA
RI_FAP_2020,RI,FAP,2020,FALSE,Rhode Island,State Forest Action Plan,148,context,climate_threat_species_vital_rates,NA,1,"In Rhode Island, obligate cold-water stream species (like the native brook trout) are threatened by warming waters.",WATERWAYS,NA
RI_FAP_2020,RI,FAP,2020,FALSE,Rhode Island,State Forest Action Plan,148,context,climate_threat_species_vital_rates,NA,1,"After 3 years of intensive defoliation by gypsy moth, and droughty summers, many oak trees failed to recover, resulting in an estimated 45-50,000 acres of forest loss. Mortality in 2019 was attributed to the lingering effects of the chronic stress and other factors, such as continued drought during the growing season",COMPOUNDING FACTORS,NA
RI_FAP_2020,RI,FAP,2020,FALSE,Rhode Island,State Forest Action Plan,148,context,climate_threat_biotic_stressors,NA,1,Increasing winter temperatures also increase the threat from many invasive plants and insect pests (native and exotic) because these species may no longer have to withstand or recover from extremely cold winter conditions. A warmer climate may facilitate the establishment or increase the competitiveness of these threats,Issue: Climate Change,NA
RI_FAP_2020,RI,FAP,2020,FALSE,Rhode Island,State Forest Action Plan,148,context,climate_threat_biotic_stressors,NA,1,"Changes in the timing of leaf-out, flowering, and fruiting in plants can be very disruptive to plant pollinators, seed dispersers, and migratory wildlife.",Issue: Climate Change,NA
RI_FAP_2020,RI,FAP,2020,FALSE,Rhode Island,State Forest Action Plan,148,actions,priority_habitat_identification,NA,2,"The Forest Legacy Program identified its two distinct priority areas in its 2020 document: 1. Mainland -comprised of the forested and intermix areas on the west side of the state, and 2. East Bay -where some of the last forested tracts remain in eastern Rhode Island.",PRIORITY LANDSCAPE AREAS IN RHODE ISLAND,spatial representation
RI_FAP_2020,RI,FAP,2020,FALSE,Rhode Island,State Forest Action Plan,148,actions,priority_habitat_identification,NA,2,"Even with increasing fragmentation, retaining green corridors connecting these core sites can play a crucial role for the sustainability of wildlife populations.",WILDLIFE HABITAT,priority habitat
RI_FAP_2020,RI,FAP,2020,FALSE,Rhode Island,State Forest Action Plan,148,actions,priority_habitat_identification,NA,2,"Provide technical assistance to the DEM Land Acquisition Committee, supporting protection of critical forest habitat, particularly larger intact blocks of high value forests for multiple benefits including connectivity and protection of wildlife habitat, and reduction in forest fragmentation.",PRIMARY PRIORITY: Keeping forests as forests,priority habitat
RI_FAP_2020,RI,FAP,2020,FALSE,Rhode Island,State Forest Action Plan,148,actions,targeted_range_shift_actions,NA,1,"DFE will also need to explore funding and partnerships to initiate efforts that will benefit Rhode Island, based on good science, such as planting and protection of seedlings, assisted migration, demonstration sites, and financial assistance.",RESPONDING TO CHANGE,NA
RI_FAP_2020,RI,FAP,2020,FALSE,Rhode Island,State Forest Action Plan,148,actions,targeted_range_shift_actions,NA,1,"One method is to encourage the planting of a variety of forest tree species that will be suited to the changing climate patterns. This can assist the migration of such species, avoiding interruptions caused by fragmentation and development, and speeding up the very slow movement of trees beyond their existing ranges.",RESPONDING TO CHANGE,NA
RI_FAP_2020,RI,FAP,2020,FALSE,Rhode Island,State Forest Action Plan,148,actions,time_bound_and_monitoring,NA,1,"Funded through the USDA NRCS Regional Conservation Partnership Program, the program has funding for five years for work within Rhode Island",PRIORITY LANDSCAPE AREAS IN RHODE ISLAND,deadlines
RI_FAP_2020,RI,FAP,2020,FALSE,Rhode Island,State Forest Action Plan,148,actions,evidence_of_efficacy,NA,1,It is necessary for DFE to advocate and support adaptive forest management practices that maintain a resilient forest able to withstand the effects of stress related to changing climate zones and pests and diseases (whether native or exotic).,RESPONDING TO CHANGE,NA
RI_FAP_2020,RI,FAP,2020,FALSE,Rhode Island,State Forest Action Plan,148,actions,adaptation_planning_frameworks,NA,1,It is necessary for DFE to advocate and support adaptive forest management practices that maintain a resilient forest able to withstand the effects of stress related to changing climate zones and pests and diseases,RESPONDING TO CHANGE,NA
RI_FAP_2020,RI,FAP,2020,FALSE,Rhode Island,State Forest Action Plan,148,actions,adaptation_planning_frameworks,NA,1,Forest management practices are increasingly being designed in response to these pressures to help ecosystems adapt,CLIMATE CHANGE MITIGATION (carbon table),NA
RMI_FAP_2020,RMI,FAP,2020,FALSE,Republic of the Marshall Islands,Forest Action Plan / Agriculture Sector Plan,163,concepts,climate_vulnerability,NA,2,"Global projections of sea level rise over the long term are potentially devastating to the low-elevation atolls of the Marshalls. Regional information about climate change effects over a planning horizon measured in decades is critical to planning for adaptation strategies, but is still not precise.",A. CLIMATE CHANGE,exposure
RMI_FAP_2020,RMI,FAP,2020,FALSE,Republic of the Marshall Islands,Forest Action Plan / Agriculture Sector Plan,163,concepts,climate_vulnerability,NA,2,"Storms and extraordinarily high tides occur with natural variability and are also amplified by climate change and sea level rise. Atolls, with their characteristic beach berms and depressed interiors, are sensitive to the frequency of surges overtopping those shoreline barriers.",A. CLIMATE CHANGE,exposure
RMI_FAP_2020,RMI,FAP,2020,FALSE,Republic of the Marshall Islands,Forest Action Plan / Agriculture Sector Plan,163,concepts,climate_vulnerability,NA,2,"Resilience: Climate resilience can be generally defined as the capacity for a socio-ecological system to (1) absorb stresses and maintain function in the face of external stresses imposed upon it by climate change and (2) adapt, reorganize, and evolve into more desirable configurations that improve the sustainability of the system, leaving it better prepared for future climate change impacts.",GLOSSARY,adaptive capacity
RMI_FAP_2020,RMI,FAP,2020,FALSE,Republic of the Marshall Islands,Forest Action Plan / Agriculture Sector Plan,163,concepts,adaptive_capacity_specificity,NA,1,Efforts will be made to improve the resilience of food production systems to impacts of climate change by improving above-ground biodiversity and below-ground biodiversity.,FIGURE (Agriculture Sector Plan challenges),NA
RMI_FAP_2020,RMI,FAP,2020,FALSE,Republic of the Marshall Islands,Forest Action Plan / Agriculture Sector Plan,163,concepts,adaptive_capacity_components,evolutionary_potential,TRUE,"Narrow genetic base -Some of the varieties of species like pandanus, taro, breadfruit, coconuts, dwarf banana, traditional fruits and sources of traditional medicines are now endangered. The major challenge is protecting the genetic diversity of the crops from introduced pests and diseases and the effects of extreme weather events like droughts and severe cyclones.",CHALLENGES TO AGRICULTURE,NA
RMI_FAP_2020,RMI,FAP,2020,FALSE,Republic of the Marshall Islands,Forest Action Plan / Agriculture Sector Plan,163,concepts,adaptive_capacity_components,abiotic_niche,TRUE,"Selecting varieties that are more adaptable to harsh atoll conditions and potential climate change impacts of increased temperature, drought, and seawater intrusion will ensure the development of more sustainable production systems that are more environmentally friendly.",Output 3. Sustainable crop production systems developed and promoted,NA
RMI_FAP_2020,RMI,FAP,2020,FALSE,Republic of the Marshall Islands,Forest Action Plan / Agriculture Sector Plan,163,tools,climate_models,NA,1,"Rainfall, drought and sea level are strongly affected by ENSO (El Nino Southern Oscillation) processes, but climate models do not agree on how ENSO patterns will change with continued global warming (Fletcher et al, 2010).",A. CLIMATE CHANGE,NA
RMI_FAP_2020,RMI,FAP,2020,FALSE,Republic of the Marshall Islands,Forest Action Plan / Agriculture Sector Plan,163,context,management_scale,local,TRUE,The priority area for this issue has been identified as a 100-foot strip around the coasts of each island in the Marshalls.,Table (Coastal Reinforcement priority areas),NA
RMI_FAP_2020,RMI,FAP,2020,FALSE,Republic of the Marshall Islands,Forest Action Plan / Agriculture Sector Plan,163,context,management_scale,site,TRUE,"Additional priority biodiversity areas identified in 2020: Ailinglaplap, Namdrik, Jaluit, Mejit, Kwajalein and Arno (Mangroves)",A. CONSERVATION OF BIODIVERSITY - PRIORITY AREAS,NA
RMI_FAP_2020,RMI,FAP,2020,FALSE,Republic of the Marshall Islands,Forest Action Plan / Agriculture Sector Plan,163,context,management_scale,within_state_region,TRUE,"Most summaries include estimates for all of RMI, and northern and southern atolls. Because of the latitudinal rainfall gradient, there is interest in comparing regions",Agroforest,NA
RMI_FAP_2020,RMI,FAP,2020,FALSE,Republic of the Marshall Islands,Forest Action Plan / Agriculture Sector Plan,163,context,management_scale,state,TRUE,"The RMI FAP includes two components of the assessment and planning required by the S&PF Redesign approach to identify priority forest landscape areas and highlight work needed to address national, regional, and state forest management priorities",Introduction (opening paragraphs),NA
RMI_FAP_2020,RMI,FAP,2020,FALSE,Republic of the Marshall Islands,Forest Action Plan / Agriculture Sector Plan,163,context,management_scale,national,TRUE,"Micronesia Challenge (MC) is a shared commitment made by the FSM, Guam, Palau, CNMI, and the RMI originally launched in 2006 to effectively conserve 30% of marine resources and 20% of terrestrial resources by 2020.","The Micronesia Challenge, RMI Protected Area Network, and Reimaanlok",NA
RMI_FAP_2020,RMI,FAP,2020,FALSE,Republic of the Marshall Islands,Forest Action Plan / Agriculture Sector Plan,163,context,management_scale,transnational,TRUE,"Micronesia Challenge (MC) is a shared commitment made by the FSM, Guam, Palau, CNMI, and the RMI originally launched in 2006 to effectively conserve 30% of marine resources and 20% of terrestrial resources by 2020.","The Micronesia Challenge, RMI Protected Area Network, and Reimaanlok",NA
RMI_FAP_2020,RMI,FAP,2020,FALSE,Republic of the Marshall Islands,Forest Action Plan / Agriculture Sector Plan,163,context,management_scale,ecosystem,TRUE,"The Marshall Islands are naturally tropical forested ecosystems, mostly converted to agroforest over the millennia since settlement by the Marshallese people.",FOREST SPECIES AND ECOSYSTEMS,NA
RMI_FAP_2020,RMI,FAP,2020,FALSE,Republic of the Marshall Islands,Forest Action Plan / Agriculture Sector Plan,163,context,biological_unit_score,NA,2,Terrestrial biodiversity values in the Marshall Islands include pan-Pacific species that are uniquely manifest as atoll ecosystems. Forest-associated wildlife includes a subspecies of the Imperial Micronesian Pigeon endemic to the Ratak chain of the Marshall Islands,A. CONSERVATION OF BIODIVERSITY - Values and targets,species
RMI_FAP_2020,RMI,FAP,2020,FALSE,Republic of the Marshall Islands,Forest Action Plan / Agriculture Sector Plan,163,context,biological_unit_score,NA,2,"The Marshall Islands are naturally tropical forested ecosystems, mostly converted to agroforest over the millennia since settlement by the Marshallese people.",FOREST SPECIES AND ECOSYSTEMS,ecosystem
RMI_FAP_2020,RMI,FAP,2020,FALSE,Republic of the Marshall Islands,Forest Action Plan / Agriculture Sector Plan,163,context,biological_unit_components,species,TRUE,"Forest-associated wildlife includes a subspecies of the Imperial Micronesian Pigeon endemic to the Ratak chain of the Marshall Islands, a species of shrimp, the Arno skink, and about 25 insects often endemic not only to the Marshall Islands but to a specific island or wetland.",A. CONSERVATION OF BIODIVERSITY - Values and targets,NA
RMI_FAP_2020,RMI,FAP,2020,FALSE,Republic of the Marshall Islands,Forest Action Plan / Agriculture Sector Plan,163,context,biological_unit_components,habitat,TRUE,"Strand vegetation is common along coastlines across much of the tropical Pacific, especially in Micronesia...strand forests play an important role in coastal stabilization.",Strand Forest,NA
RMI_FAP_2020,RMI,FAP,2020,FALSE,Republic of the Marshall Islands,Forest Action Plan / Agriculture Sector Plan,163,context,biological_unit_components,ecosystem,TRUE,"The Marshall Islands are naturally tropical forested ecosystems, mostly converted to agroforest over the millennia since settlement by the Marshallese people. Marshallese agroforest is a mix of trees, woody shrubs and herbaceous species, managed for food and other forest products",FOREST SPECIES AND ECOSYSTEMS,NA
RMI_FAP_2020,RMI,FAP,2020,FALSE,Republic of the Marshall Islands,Forest Action Plan / Agriculture Sector Plan,163,context,biological_unit_components,community,TRUE,"The category of forest community used by the FIA was useful for organizing these priority areas, since strand and mangrove forests are both critical for coastal stabilization, agroforest is important for food security, and lowland and montane rainforest both shelter many native and endemic plant species.",FOREST INVENTORY AND ANALYSIS,NA
RMI_FAP_2020,RMI,FAP,2020,FALSE,Republic of the Marshall Islands,Forest Action Plan / Agriculture Sector Plan,163,context,partnerships_and_funding,NA,1,"The USFS provided funding, technical support, review of draft documents and overall guidance. Stakeholder groups consulted are described in the following sections.",Table 8 (Urbanization Strategies header),NA
RMI_FAP_2020,RMI,FAP,2020,FALSE,Republic of the Marshall Islands,Forest Action Plan / Agriculture Sector Plan,163,context,partnerships_and_funding,NA,1,"SPC LRD and USP on 'climate-ready crops' and improved crop diversity, multiplication, distribution and evaluation, and building capacity of countries on taro breeding for tolerance to drought.",Regional and International Partners,NA
RMI_FAP_2020,RMI,FAP,2020,FALSE,Republic of the Marshall Islands,Forest Action Plan / Agriculture Sector Plan,163,context,climate_threat_habitat_degradation,NA,1,"Storms and extraordinarily high tides occur with natural variability and are also amplified by climate change and sea level rise...Increased frequency of overtopping events, exceeding required recovery times, will alter terrestrial ecosystems and agroforests, and will leave islands uninhabitable well before sea level rise permanently inundates the island.",A. CLIMATE CHANGE,NA
RMI_FAP_2020,RMI,FAP,2020,FALSE,Republic of the Marshall Islands,Forest Action Plan / Agriculture Sector Plan,163,context,climate_threat_species_vital_rates,NA,1,"Climate change (drought) and sea-level rise (salt water intrusion) resulting in disappearance of certain crops, trees, and medicinal herbs",Table (Food Security SWOT - THREATS),NA
RMI_FAP_2020,RMI,FAP,2020,FALSE,Republic of the Marshall Islands,Forest Action Plan / Agriculture Sector Plan,163,context,climate_threat_biotic_stressors,NA,1,"Temperature increases are likely to change the duration of crop growing seasons; increase the amount of water to produce a unit yield, and conducive to the spread of pests and diseases.",RISK ANALYSIS AND PARTNERSHIP OPPORTUNITIES,NA
RMI_FAP_2020,RMI,FAP,2020,FALSE,Republic of the Marshall Islands,Forest Action Plan / Agriculture Sector Plan,163,actions,priority_habitat_identification,NA,1,The priority area for this issue has been identified as a 100-foot strip around the coasts of each island in the Marshalls.,Table (Coastal Reinforcement priority areas),NA
RMI_FAP_2020,RMI,FAP,2020,FALSE,Republic of the Marshall Islands,Forest Action Plan / Agriculture Sector Plan,163,actions,priority_habitat_identification,NA,1,"Additional priority biodiversity areas identified in 2020: Ailinglaplap, Namdrik, Jaluit, Mejit, Kwajalein and Arno (Mangroves); All other areas that have not gone through the Reimaanlok Process",A. CONSERVATION OF BIODIVERSITY - PRIORITY AREAS,NA
RMI_FAP_2020,RMI,FAP,2020,FALSE,Republic of the Marshall Islands,Forest Action Plan / Agriculture Sector Plan,163,actions,time_bound_and_monitoring,NA,1,"Micronesia Challenge 2030 goals to effectively manage 50% of marine resources, including the exclusive economic zone (EEZ), and 30% of terrestrial resources by 2030.","The Micronesia Challenge, RMI Protected Area Network, and Reimaanlok",deadline
RMI_FAP_2020,RMI,FAP,2020,FALSE,Republic of the Marshall Islands,Forest Action Plan / Agriculture Sector Plan,163,actions,time_bound_and_monitoring,NA,1,The plan will be reviewed every six months.,EXECUTIVE SUMMARY,monitoring
RMI_FAP_2020,RMI,FAP,2020,FALSE,Republic of the Marshall Islands,Forest Action Plan / Agriculture Sector Plan,163,actions,evidence_of_efficacy,NA,1,"There is strong evidence on Palmyra atoll (central Pacific Ocean) that invasive rats play a large role in preventing new recruitment of Pisona grandis, other native species, and coconut trees (Wolf et al, 2018). So, in areas where native species are lacking or not returning in RMI, rats could be an important factor, and eradicating invasive rats is a recommended management action on any island.",Lowland Tropical Rainforest,NA
RMI_FAP_2020,RMI,FAP,2020,FALSE,Republic of the Marshall Islands,Forest Action Plan / Agriculture Sector Plan,163,actions,adaptation_planning_frameworks,NA,1,Monitoring and evaluation (M&E) is a critical part of the Marshall Islands Agriculture Sector Plan's management and implementation cycle. If addressed rigorously it should allow for adaptive management and improvement through the life of the sector plan,MONITORING AND EVALUATION,NA
SC_FAP_2020,SC,FAP,2020,FALSE,South Carolina,Forest Action Plan,159,concepts,climate_vulnerability,NA,2,scientific data indicates that negative effects of climate change to various Southeastern ecosystems will include the following: timing and intensity of rainfall and snowfall events; longer wet periods; longer dry periods (resulting in droughts); hotter summers and warmer winters with more frost-free days; increased storm events that are more intense,Current Status (Climate Change section),exposure
SC_FAP_2020,SC,FAP,2020,FALSE,South Carolina,Forest Action Plan,159,concepts,climate_vulnerability,NA,2,Fish and wildlife species that are not able to adapt to climate changes will be forced to either relocate or face extinction (Solomon 2009a).,Trends (Climate Change section),adaptive capacity
SC_FAP_2020,SC,FAP,2020,FALSE,South Carolina,Forest Action Plan,159,concepts,adaptive_capacity_specificity,NA,1,Fish and wildlife species that are not able to adapt to climate changes will be forced to either relocate or face extinction (Solomon 2009a).,Trends (Climate Change section),NA
SC_FAP_2020,SC,FAP,2020,FALSE,South Carolina,Forest Action Plan,159,concepts,adaptive_capacity_components,distribution,TRUE,"If the current warming trend continues, the natural ranges of both plant and animal species may change. The range of some tree species may move northward and to higher elevations.",Trends (Climate Change section),NA
SC_FAP_2020,SC,FAP,2020,FALSE,South Carolina,Forest Action Plan,159,concepts,adaptive_capacity_components,movement,TRUE,Fish and wildlife species that are not able to adapt to climate changes will be forced to either relocate or face extinction (Solomon 2009a).,Trends (Climate Change section),NA
SC_FAP_2020,SC,FAP,2020,FALSE,South Carolina,Forest Action Plan,159,concepts,adaptive_capacity_components,ecological_dependencies,TRUE,"Bird populations and ranges may fluctuate dramatically in response to the uncoupling of migration and food and shelter resources (e.g., insect emergence and bud break).",Trends (Climate Change section),NA
SC_FAP_2020,SC,FAP,2020,FALSE,South Carolina,Forest Action Plan,159,concepts,adaptive_capacity_components,abiotic_niche,TRUE,Species that are less salt-tolerant will suffer reduced growth and higher levels of mortality.,Trends (Climate Change section),NA
SC_FAP_2020,SC,FAP,2020,FALSE,South Carolina,Forest Action Plan,159,concepts,connectivity,NA,1,"The increasingly fragmented natural landscape would reduce habitat availability, suppress natural disturbance processes (such as wildfires), hinder management actions that come into conflict with urban areas, and likely eliminate existing corridors"" (Terando et.al. 2014).",Population Growth / Effects on Forest Resources,NA
SC_FAP_2020,SC,FAP,2020,FALSE,South Carolina,Forest Action Plan,159,concepts,connectivity,NA,1,Provide a connective corridor between existing conservation projects.,Goals and Objectives for Foothills Forest Legacy Area,NA
SC_FAP_2020,SC,FAP,2020,FALSE,South Carolina,Forest Action Plan,159,tools,climate_models,NA,1,"The Development Level layer was originally created for use in the SFLA and was derived from the Integrated Climate and Land-Use (ICLUS) version 2 model. ICLUS version 2 is designed to be consistent with a more recent Intergovernmental Panel on Climate Change (IPCC) scenarios framework, drawing from two Shared Socioeconomic Pathways (SSPs) and two Representative Concentration Pathways (RCPs).",Development Level (Appendix 1 data layers section),NA
SC_FAP_2020,SC,FAP,2020,FALSE,South Carolina,Forest Action Plan,159,tools,connectivity_models,NA,1,"The program has also provided support for mapping tree canopy and plantable areas, calculating ecosystem services, integrating better tree management into city and county government agencies, and modeling connectivity of large forest cores and corridors.",Urban and Community Forests in South Carolina,NA
SC_FAP_2020,SC,FAP,2020,FALSE,South Carolina,Forest Action Plan,159,context,management_scale,local,TRUE,These intact Habitat Cores were created using methodology outlined by the Green Infrastructure Center (GIC) and include minimally disturbed natural areas 100 acres or greater in size and at least 200 meters wide.,Habitat Cores (Appendix 1 data layers),NA
SC_FAP_2020,SC,FAP,2020,FALSE,South Carolina,Forest Action Plan,159,context,management_scale,site,TRUE,Parcel is accessible for management activities.,South Carolina Forest Legacy Parcel Evaluation Criteria / Manageability,NA
SC_FAP_2020,SC,FAP,2020,FALSE,South Carolina,Forest Action Plan,159,context,management_scale,watershed,TRUE,The Priority Watersheds layer was originally created for use in the SFLA to prioritize areas that impact long term watershed function.,Priority Watersheds (Appendix 1 data layers section),NA
SC_FAP_2020,SC,FAP,2020,FALSE,South Carolina,Forest Action Plan,159,context,management_scale,county,TRUE,"Currently, cogongrass has been found and are being treated in Aiken, Allendale, Beaufort, Charleston, Colleton, Florence, Hampton, Jasper, and Williamsburg counties.",Cogongrass section (PROTECTING SOUTH CAROLINA'S FORESTS FROM HARM),NA
SC_FAP_2020,SC,FAP,2020,FALSE,South Carolina,Forest Action Plan,159,context,management_scale,within_state_region,TRUE,"In South Carolina, priority areas have been divided into five Forest Legacy Areas (Map 1). These include the Foothills, Central Piedmont, Western Piedmont, Northern Coastal, and Southern Coastal Forest Legacy Areas.",Forest Legacy / Assessment of Need,NA
SC_FAP_2020,SC,FAP,2020,FALSE,South Carolina,Forest Action Plan,159,context,management_scale,state,TRUE,"The 2020 South Carolina Forest Action Plan is a major update of the 2010 Statewide Forest Resource Assessment and Strategy, which was used to identify and quantify the issues affecting our state's forests.",A MESSAGE FROM THE STATE FORESTER,NA
SC_FAP_2020,SC,FAP,2020,FALSE,South Carolina,Forest Action Plan,159,context,management_scale,multistate,TRUE,"function, and connectivity of Southeastern Ecosystems by 2060. This is part of a larger partnership called the Southeast Conservation Adaptation Strategy (SECAS).",Critical Habitats / Literature Cited section,NA
SC_FAP_2020,SC,FAP,2020,FALSE,South Carolina,Forest Action Plan,159,context,management_scale,ecosystem,TRUE,Longleaf pine forests have been ranked as the third most endangered ecosystem in the United States (Noss et al 1995).,Prescribed Fire section,NA
SC_FAP_2020,SC,FAP,2020,FALSE,South Carolina,Forest Action Plan,159,context,management_scale,ecoregion,TRUE,"There are three distinct physiographic and tectonic provinces in South Carolina: the Blue Ridge Mountains, Piedmont, and Coastal Plain.",Geology figure caption / Forest Legacy AON,NA
SC_FAP_2020,SC,FAP,2020,FALSE,South Carolina,Forest Action Plan,159,context,management_scale,river,TRUE,Strategically protect lands to provide significant greenways along the river systems.,Goals and Objectives for Northern Coastal Forest Legacy Area,NA
SC_FAP_2020,SC,FAP,2020,FALSE,South Carolina,Forest Action Plan,159,context,biological_unit_score,NA,2,"If the current warming trend continues, the natural ranges of both plant and animal species may change. The range of some tree species may move northward and to higher elevations.",Trends (Climate Change section),species
SC_FAP_2020,SC,FAP,2020,FALSE,South Carolina,Forest Action Plan,159,context,biological_unit_score,NA,2,shifts in species assemblages,Current Status (Climate Change section),community
SC_FAP_2020,SC,FAP,2020,FALSE,South Carolina,Forest Action Plan,159,context,biological_unit_components,species,TRUE,"If the current warming trend continues, the natural ranges of both plant and animal species may change. The range of some tree species may move northward and to higher elevations.",Trends (Climate Change section),NA
SC_FAP_2020,SC,FAP,2020,FALSE,South Carolina,Forest Action Plan,159,context,biological_unit_components,habitat,TRUE,sea level rise and habitat inundation; altered fire regimes; increased wildfire risk; and shifts in species assemblages.,Current Status (Climate Change section),NA
SC_FAP_2020,SC,FAP,2020,FALSE,South Carolina,Forest Action Plan,159,context,biological_unit_components,ecosystem,TRUE,scientific data indicates that negative effects of climate change to various Southeastern ecosystems will include the following:,Current Status (Climate Change section),NA
SC_FAP_2020,SC,FAP,2020,FALSE,South Carolina,Forest Action Plan,159,context,biological_unit_components,community,TRUE,shifts in species assemblages,Current Status (Climate Change section),NA
SC_FAP_2020,SC,FAP,2020,FALSE,South Carolina,Forest Action Plan,159,context,partnerships_and_funding,NA,1,"For assistance in facilitating the collaborative work involving multiple group sessions, as well as the revision these documents, the SC Forestry Commission contracted with the University of South Carolina's Division of Human Resources.",INTRODUCTION / 2020 Forest Action Plan Development,NA
SC_FAP_2020,SC,FAP,2020,FALSE,South Carolina,Forest Action Plan,159,context,partnerships_and_funding,NA,1,"In 2018, the Southeast Association of Fish and Wildlife Agencies (SEAFWA) adopted a goal of a 10% or greater increase in the health,",Prescribed Fire section (connecting to Critical Habitats),NA
SC_FAP_2020,SC,FAP,2020,FALSE,South Carolina,Forest Action Plan,159,context,climate_threat_habitat_degradation,NA,1,sea level rise and habitat inundation; altered fire regimes; increased wildfire risk; and shifts in species assemblages.,Current Status (Climate Change section),NA
SC_FAP_2020,SC,FAP,2020,FALSE,South Carolina,Forest Action Plan,159,context,climate_threat_habitat_degradation,NA,1,Saltwater infusion into formally brackish or freshwater ecosystems will have a major effect on the plants and animals that inhabit these areas.,Trends (Climate Change section),NA
SC_FAP_2020,SC,FAP,2020,FALSE,South Carolina,Forest Action Plan,159,context,climate_threat_species_vital_rates,NA,1,"Prolonged droughts can make trees more susceptible to insect and disease attacks and result in increased mortality. In addition to the stress that droughts place on trees and other plants, climate change can increase the reproductive capacity of bark beetles (Dix 2009).",Trends (Climate Change section),NA
SC_FAP_2020,SC,FAP,2020,FALSE,South Carolina,Forest Action Plan,159,context,climate_threat_biotic_stressors,NA,1,"In addition, invasive species could become more of a problem in some areas. The spread of these non-native species may be facilitated by longer growing seasons (USFS 2020).",Trends (Climate Change section),NA
SC_FAP_2020,SC,FAP,2020,FALSE,South Carolina,Forest Action Plan,159,context,climate_threat_biotic_stressors,NA,1,The widespread nature of this invasive in warmer regions just south of South Carolina suggest that cogongrass could grow as a threat as the climate warms.,Cogongrass section (PROTECTING SOUTH CAROLINA'S FORESTS FROM HARM),NA
SC_FAP_2020,SC,FAP,2020,FALSE,South Carolina,Forest Action Plan,159,actions,priority_habitat_identification,NA,2,"Priority areas were developed using a series of spatial analyses using ESRI Geospatial Information Systems (GIS) software. Spatial analysis can be performed in many ways. To create priority areas for South Carolina's Statewide Forest Resource Assessment, weighted overlay analyses were primarily used.",APPENDIX 1 DEVELOPMENT OF PRIORITY AREAS,NA
SC_FAP_2020,SC,FAP,2020,FALSE,South Carolina,Forest Action Plan,159,actions,priority_habitat_identification,NA,2,Results of the spatial analysis for the Conserving Working Forests Working Group yielded a single set of priority areas displayed in 30 meter pixel format,Conserving Working Forests Working Group (Appendix 1),NA
SC_FAP_2020,SC,FAP,2020,FALSE,South Carolina,Forest Action Plan,159,actions,time_bound_and_monitoring,NA,1,"The strategies addressing the priority issues are outlined in the same order as in the assessment... Most of this information is presented in a matrix format, with the national priority that each action item supports listed.",STRATEGIES Introduction,NA
SC_FAP_2020,SC,FAP,2020,FALSE,South Carolina,Forest Action Plan,159,actions,time_bound_and_monitoring,NA,1,Action 3.1.3: Conduct monitoring to measure effectiveness of agency programs.,Strategy Matrix (Conserve Working Forests section),NA
SC_FAP_2020,SC,FAP,2020,FALSE,South Carolina,Forest Action Plan,159,actions,evidence_of_efficacy,NA,2,"Prescribed fire promotes greater forest ecosystem resilience to stressors like wildfire, insects and diseases, and climate change (Kalies and Yocom Kent, 2016).",Prescribed Fire section,NA
SC_FAP_2020,SC,FAP,2020,FALSE,South Carolina,Forest Action Plan,159,actions,evidence_of_efficacy,NA,2,"The combination of USDA Forest Service Stewardship Contracting and Agreement Authorities, the Wyden Amendment, and USDA Farm Bill programs were instrumental in this excellent example of multi-partner collaboration. The project began with only 16,000 acres in conservation, but by 2018 had expanded to over 40,000 acres and has seen a positive response in quail numbers (162% increase in fall covey counts and 75% increase in whistling cock surveys since 2005).",Critical Habitats / Literature Cited section (Indian Creek Wildlife Habitat Restoration Initiative discussion),NA
SC_FAP_2020,SC,FAP,2020,FALSE,South Carolina,Forest Action Plan,159,actions,adaptation_planning_frameworks,NA,1,Goal: Mitigate the potentially negative effects of population growth and climate change and encourage the public to adopt a more favorable attitude about forestry.,STRATEGIES Introduction / Overarching Issues,NA
SC_FAP_2020,SC,FAP,2020,FALSE,South Carolina,Forest Action Plan,159,actions,adaptation_planning_frameworks,NA,1,Action 4.5.2: Monitor and disseminate information related to climate change mitigation.,Strategy Matrix (Overarching Issues / Climate Change strategies),NA
SD_FAP_2020,SD,FAP,2020,FALSE,South Dakota,Forest Action Plan,294,concepts,climate_vulnerability,NA,1,"the largest threats to South Dakota's coniferous forests are insect infestation, disease, and fires. Other threats, direct and indirect, include fragmentation, extreme weather events (drought, hail, wind, ice, etc.), forest stagnation, weeds and invasive species, climate change","Section I: Coniferous Forest, Threats",NA
SD_FAP_2020,SD,FAP,2020,FALSE,South Dakota,Forest Action Plan,294,concepts,connectivity,NA,1,"As housing density increases and lands become fragmented, negative impacts may result, including reduction in wildlife habitat and browse, increases in human/wildlife conflicts, reduction in habitat connectivity, poorer water quality, and reduced outdoor recreational opportunities (Stein et al, 2007).","Section I: Upland Hardwood Forest, Fragmentation",NA
SD_FAP_2020,SD,FAP,2020,FALSE,South Dakota,Forest Action Plan,294,context,management_scale,watershed,TRUE,"Project areas within the larger priority areas will be identified through a strategic, focused approach to accomplish work on the watershed scale.","Section IV: Resource Strategy, Priority Landscapes",NA
SD_FAP_2020,SD,FAP,2020,FALSE,South Dakota,Forest Action Plan,294,context,management_scale,within_state_region,TRUE,"High and moderate priority areas are primarily located within the Black Hills and along the Missouri River, Big Sioux River, and James River valleys.","Section IV: Resource Strategy, Priority Landscapes",NA
SD_FAP_2020,SD,FAP,2020,FALSE,South Dakota,Forest Action Plan,294,context,management_scale,state,TRUE,The South Dakota Statewide Forest Resource Strategy (Resource Strategy) is intended to address the threats faced by South Dakota's forest and move priority landscapes toward preferred conditions.,"Section IV: Resource Strategy, Priority Landscapes",NA
SD_FAP_2020,SD,FAP,2020,FALSE,South Dakota,Forest Action Plan,294,context,management_scale,multistate,TRUE,"Recent mountain pine beetle epidemics have proven that multi-state efforts are effective and necessary in this ecosystem. Insects and other natural disturbances do not recognize state or ownership boundaries; therefore, collaboration is crucial in mitigating the impacts from those disturbances.","Section II: Priority Area Determination, Wyoming",NA
SD_FAP_2020,SD,FAP,2020,FALSE,South Dakota,Forest Action Plan,294,context,management_scale,ecosystem,TRUE,Goal one of the SDFAP is to Identify and conserve high priority forest ecosystems and landscapes.,"Section IV: Resource Strategy, Goal 1",NA
SD_FAP_2020,SD,FAP,2020,FALSE,South Dakota,Forest Action Plan,294,context,biological_unit_score,NA,1,"Coniferous forests make up approximately 77%, or 1.49 million acres, of South Dakota's 1.95 million acres of forest land.","Section I: Coniferous Forest, Extent and Condition",NA
SD_FAP_2020,SD,FAP,2020,FALSE,South Dakota,Forest Action Plan,294,context,biological_unit_components,habitat,TRUE,"Both species are expanding their range, especially in the uplands along the Missouri River in south-central South Dakota (Piva et al. 2009).","Section I: Coniferous Forest, Extent and Condition",NA
SD_FAP_2020,SD,FAP,2020,FALSE,South Dakota,Forest Action Plan,294,context,partnerships_and_funding,NA,1,"Partnerships will be important to successfully implementing this FAP. RCF is a small agency which does not own forest land. Consequently, all the work we do is accomplished through partnerships with other federal, state, tribal, and local government agencies, non-governmental organizations, private businesses, and private landowners.",Section 0: Cover/Introduction,NA
SD_FAP_2020,SD,FAP,2020,FALSE,South Dakota,Forest Action Plan,294,context,climate_threat_habitat_degradation,NA,1,"Potential sources of the changes could include climate change, agricultural irrigation needs, or dam construction. Riparian forests, especially cottonwood and willow, need periodic flooding to replenish rich soils and create new habitat for seedlings.","Section I: Bottomland Forest, Water Flow Alterations",NA
SD_FAP_2020,SD,FAP,2020,FALSE,South Dakota,Forest Action Plan,294,actions,priority_habitat_identification,NA,2,"Figure 4.0.1. Final map displaying high, medium, and low priority areas in South Dakota.",Section II: Priority Area Determination,spatial representation
SD_FAP_2020,SD,FAP,2020,FALSE,South Dakota,Forest Action Plan,294,actions,priority_habitat_identification,NA,2,"Approximately 78% of forested land is classified as high priority, and approximately 13% of forested land is classified as medium priority (Figure 1). ... High and moderate priority areas are primarily located within the Black Hills and along the Missouri River, Big Sioux River, and James River valleys.","Section IV: Resource Strategy, Priority Landscapes",priority habitat identification
SD_FAP_2020,SD,FAP,2020,FALSE,South Dakota,Forest Action Plan,294,actions,time_bound_and_monitoring,NA,1,Strategy 1.7.1 Create and maintain geospatial forest datasets using specialized software by 2023.,"Section IV: Resource Strategy, Goal 1",deadlines
SD_FAP_2020,SD,FAP,2020,FALSE,South Dakota,Forest Action Plan,294,actions,evidence_of_efficacy,NA,1,Objective 5.15 Provide guidance to help forest landowners implement forest climate adaptation and mitigation management practices based on the best available science and proven best practices,"Section IV: Resource Strategy, Goal 5",NA
TN_FAP_2020,TN,FAP,2020,FALSE,Tennessee,Forest Action Plan,140,concepts,climate_vulnerability,NA,2,"Land managers and conservation planners are under increasing pressure to improve adaptive capacity for a changing climate. The Nature Conservancy (TNC) developed the Resilient and Connected Prioritized Network to delineate secured and unsecured areas critical to forests and wildlife. An area is assumed to have higher resilience (i.e., to be more adaptive to climate change) if it contains micro-climates and micro-sites (e.g., a range of topographical features and elevation).",USFS Carbon Stock Estimates,adaptive capacity
TN_FAP_2020,TN,FAP,2020,FALSE,Tennessee,Forest Action Plan,140,concepts,climate_vulnerability,NA,2,"Forest resiliency is also being threatened by climate change. Climate change is projected to contribute to significant changes in the composition of associated plant species in both forest and grassland systems across Tennessee due to direct changes in suitable climate conditions (e.g., increasing temperatures and changes in precipitation patterns) and indirect changes (e.g., altered disturbance regimes such as wildfire and insect outbreaks).",Forest Resiliency,exposure
TN_FAP_2020,TN,FAP,2020,FALSE,Tennessee,Forest Action Plan,140,concepts,climate_vulnerability,NA,2,"For more information on the impacts of the changing climactic conditions on our forests see the 2015 Climate Change Vulnerability Assessment for Tennessee Wildlife and Habitats (Glick, et. al, 2015).",Forest Resiliency,exposure
TN_FAP_2020,TN,FAP,2020,FALSE,Tennessee,Forest Action Plan,140,concepts,adaptive_capacity_specificity,NA,2,"Land managers and conservation planners are under increasing pressure to improve adaptive capacity for a changing climate. The Nature Conservancy (TNC) developed the Resilient and Connected Prioritized Network to delineate secured and unsecured areas critical to forests and wildlife. An area is assumed to have higher resilience (i.e., to be more adaptive to climate change) if it contains micro-climates and micro-sites (e.g., a range of topographical features and elevation).",USFS Carbon Stock Estimates,NA
TN_FAP_2020,TN,FAP,2020,FALSE,Tennessee,Forest Action Plan,140,concepts,adaptive_capacity_specificity,NA,2,Managing for resilient lands also requires considering key connected climate corridors and flow zones where the movement of plant and animal species is likely to become concentrated.,Forest Resiliency,NA
TN_FAP_2020,TN,FAP,2020,FALSE,Tennessee,Forest Action Plan,140,concepts,adaptive_capacity_components,distribution,TRUE,Pollen and fire records have informed the Resilient and Connected Network Climate Corridors work that maps movement of species populations over time in response to climate and vulnerable ecosystems.,Forest Resiliency,NA
TN_FAP_2020,TN,FAP,2020,FALSE,Tennessee,Forest Action Plan,140,concepts,adaptive_capacity_components,movement,TRUE,Managing for resilient lands also requires considering key connected climate corridors and flow zones where the movement of plant and animal species is likely to become concentrated.,Forest Resiliency,NA
TN_FAP_2020,TN,FAP,2020,FALSE,Tennessee,Forest Action Plan,140,concepts,adaptive_capacity_components,abiotic_niche,TRUE,"An area is assumed to have higher resilience (i.e., to be more adaptive to climate change) if it contains micro-climates and micro-sites (e.g., a range of topographical features and elevation).",USFS Carbon Stock Estimates,NA
TN_FAP_2020,TN,FAP,2020,FALSE,Tennessee,Forest Action Plan,140,concepts,connectivity,NA,2,Managing for resilient lands also requires considering key connected climate corridors and flow zones where the movement of plant and animal species is likely to become concentrated.,Forest Resiliency,NA
TN_FAP_2020,TN,FAP,2020,FALSE,Tennessee,Forest Action Plan,140,concepts,connectivity,NA,2,"One of the largest TNC land deals in the Eastern U.S., Cumberland Forest employed private impact investment capital and sought to demonstrate how sustainable forestry and forest carbon storage practices may yield a financial return on investments while conserving part of the country's most critical climate change adaptation corridors.",Maintaining and Improving Connected Landscapes (Cumberland Forest Project),NA
TN_FAP_2020,TN,FAP,2020,FALSE,Tennessee,Forest Action Plan,140,concepts,connectivity,NA,2,"Landscape connectivity and resilience to climate change is used as a key factor of FLA eligibility in addition to forest products potential and threat of land use conversion (i.e., development).",Description/Identification of Tennessee's Forest Legacy Areas (figure caption),NA
TN_FAP_2020,TN,FAP,2020,FALSE,Tennessee,Forest Action Plan,140,tools,vulnerability_models,NA,1,"For more information on the impacts of the changing climactic conditions on our forests see the 2015 Climate Change Vulnerability Assessment for Tennessee Wildlife and Habitats (Glick, et. al, 2015).",Forest Resiliency,NA
TN_FAP_2020,TN,FAP,2020,FALSE,Tennessee,Forest Action Plan,140,tools,climate_models,NA,1,"Climate models and recent data demonstrate that Tennessee will continue to experience increased rain events (frequency and intensity), causing floods and thus a greater impact on people residing in flood plains.",Enhancing Forest Health and Resiliency (SUCCESS STORY section),NA
TN_FAP_2020,TN,FAP,2020,FALSE,Tennessee,Forest Action Plan,140,tools,connectivity_models,NA,2,"To assist with identifying and mapping resilient and connected corridors, this FAP incorporates robust national datasets and maps produced by TNC, using The study involved 12 years of work by over 150 TNC scientists in collaboration with external partners and provides a blueprint for conservation that represents all habitats while allowing nature to adapt and change (Anderson et. al, 2016).",Forest Resiliency,NA
TN_FAP_2020,TN,FAP,2020,FALSE,Tennessee,Forest Action Plan,140,tools,connectivity_models,NA,2,The Tennessee FAP utilizes the Resilient and Connected Prioritized Network to prioritize programmatic priorities. The percent of total forested area contained in the Prioritized Network is highest in eastern Tennessee and declines as agriculture becomes more prevalent in western Tennessee.,USFS Carbon Stock Estimates,NA
TN_FAP_2020,TN,FAP,2020,FALSE,Tennessee,Forest Action Plan,140,tools,connectivity_models,NA,2,"Collaborate with conservation organizations and agencies to encourage alignment and synchronization of strategic plans and use of science-based forest connectivity models (e.g., TNC's Resilient Land Mapping Tool).",Goals and Strategies (Maintaining and Improving Connected Landscapes),NA
TN_FAP_2020,TN,FAP,2020,FALSE,Tennessee,Forest Action Plan,140,context,management_scale,site,TRUE,"land acquisition of a critical connecting forest corridor; or managing forests to be more diverse in age, species composition, and spatial arrangement.",Introduction,NA
TN_FAP_2020,TN,FAP,2020,FALSE,Tennessee,Forest Action Plan,140,context,management_scale,watershed,TRUE,Action 8. Increase acreage of conserved and properly managed forestlands in source water watersheds.,Goals and Strategies (Enhancing Forest Health and Resiliency),NA
TN_FAP_2020,TN,FAP,2020,FALSE,Tennessee,Forest Action Plan,140,context,management_scale,county,TRUE,"The three case studies are located in Decatur, Macon, and Warren counties.",Wood Availability Case Studies,NA
TN_FAP_2020,TN,FAP,2020,FALSE,Tennessee,Forest Action Plan,140,context,management_scale,within_state_region,TRUE,"In the 2020 FAP, Tennessee's assessments, threats, and strategies are organized within TDF's district boundaries, which are heavily influenced by the characteristics of the ecological regions but are simplified to improve programmatic implementation.",Statewide Forest Resource Assessment District Boundaries,NA
TN_FAP_2020,TN,FAP,2020,FALSE,Tennessee,Forest Action Plan,140,context,management_scale,state,TRUE,The Tennessee FAP utilizes the Resilient and Connected Prioritized Network to prioritize programmatic priorities.,USFS Carbon Stock Estimates,NA
TN_FAP_2020,TN,FAP,2020,FALSE,Tennessee,Forest Action Plan,140,context,management_scale,multistate,TRUE,Action 4. Engage in broader partnerships within and across Tennessee state borders to achieve larger floodplain and riparian restoration goals.,Goals and Strategies (Enhancing Forest Health and Resiliency),NA
TN_FAP_2020,TN,FAP,2020,FALSE,Tennessee,Forest Action Plan,140,context,management_scale,ecosystem,TRUE,Forest resiliency is also being threatened by climate change. Climate change is projected to contribute to significant changes in the composition of associated plant species in both forest and grassland systems across Tennessee,Forest Resiliency,NA
TN_FAP_2020,TN,FAP,2020,FALSE,Tennessee,Forest Action Plan,140,context,management_scale,ecoregion,TRUE,The East Tennessee District (ETD) encompasses the Ridge and Valley and Southern Blue Ridge Ecoregions.,East Tennessee District,NA
TN_FAP_2020,TN,FAP,2020,FALSE,Tennessee,Forest Action Plan,140,context,management_scale,district,TRUE,"In the 2020 FAP, Tennessee's assessments, threats, and strategies are organized within TDF's district boundaries",Statewide Forest Resource Assessment District Boundaries,NA
TN_FAP_2020,TN,FAP,2020,FALSE,Tennessee,Forest Action Plan,140,context,biological_unit_score,NA,2,Pollen and fire records have informed the Resilient and Connected Network Climate Corridors work that maps movement of species populations over time in response to climate and vulnerable ecosystems.,Forest Resiliency,NA
TN_FAP_2020,TN,FAP,2020,FALSE,Tennessee,Forest Action Plan,140,context,biological_unit_score,NA,2,Climate change is projected to contribute to significant changes in the composition of associated plant species in both forest and grassland systems across Tennessee due to direct changes in suitable climate conditions,Forest Resiliency,NA
TN_FAP_2020,TN,FAP,2020,FALSE,Tennessee,Forest Action Plan,140,context,biological_unit_components,species,TRUE,Persistence of the hemlock woolly adelgid is projected to lead to a complete loss of eastern hemlock from the Cumberland Plateau and Mountains region by the end of the century,Enhancing Forest Health and Resiliency,NA
TN_FAP_2020,TN,FAP,2020,FALSE,Tennessee,Forest Action Plan,140,context,biological_unit_components,population,TRUE,Pollen and fire records have informed the Resilient and Connected Network Climate Corridors work that maps movement of species populations over time in response to climate and vulnerable ecosystems.,Forest Resiliency,NA
TN_FAP_2020,TN,FAP,2020,FALSE,Tennessee,Forest Action Plan,140,context,biological_unit_components,habitat,TRUE,"Climate change is projected to contribute to significant changes in the composition of associated plant species in both forest and grassland systems across Tennessee due to direct changes in suitable climate conditions (e.g., increasing temperatures and changes in precipitation patterns) and indirect changes (e.g., altered disturbance regimes such as wildfire and insect outbreaks).",Forest Resiliency,NA
TN_FAP_2020,TN,FAP,2020,FALSE,Tennessee,Forest Action Plan,140,context,biological_unit_components,ecosystem,TRUE,Forest resiliency is also being threatened by climate change. Climate change is projected to contribute to significant changes in the composition of associated plant species in both forest and grassland systems across Tennessee,Forest Resiliency,NA
TN_FAP_2020,TN,FAP,2020,FALSE,Tennessee,Forest Action Plan,140,context,partnerships_and_funding,NA,2,"Development of this plan, though the partnership between the Tennessee Department of Agriculture -Division of Forestry and the Tennessee Chapter of The Nature Conservancy, is a prime example of the collaborative spirit brought to the table to protect, conserve, and enhance the forests we all love.",Introduction,NA
TN_FAP_2020,TN,FAP,2020,FALSE,Tennessee,Forest Action Plan,140,context,partnerships_and_funding,NA,2,"In 2019, the Tennessee Chapter of The Nature Conservancy worked with the organization's Kentucky, Virginia, and NatureVest business units to purchase 253,000 acres of Central Appalachian hardwood forestlands known as the Cumberland Forest Project...One of the largest TNC land deals in the Eastern U.S., Cumberland Forest employed private impact investment capital",Maintaining and Improving Connected Landscapes (Cumberland Forest Project),NA
TN_FAP_2020,TN,FAP,2020,FALSE,Tennessee,Forest Action Plan,140,context,partnerships_and_funding,NA,2,"Alignment between the FAP and SWAP priorities was assessed. The 2020 FAP focused on three conservation priorities: carbon storage, surface drinking water, and resilient and connected landscapes. FAP priorities capture 10.6 million acres of COAs, and 2.4 million acres are potentially eligible for Forest Legacy Program funding",Complementary Planning Initiatives,NA
TN_FAP_2020,TN,FAP,2020,FALSE,Tennessee,Forest Action Plan,140,context,climate_threat_habitat_degradation,NA,1,"The impacts of climate change on Tennessee are expected to manifest as prolonged, intense rain events followed by severe drying periods, with increases in the range of extreme conditions over the next ten years. These dynamic wet and dry weather events will continue to cause a shift in invasive plant species within Tennessee's forests and may also lead to unpredictable disturbances, such as increased wildfire occurrence and intensity.",Forest Resiliency,NA
TN_FAP_2020,TN,FAP,2020,FALSE,Tennessee,Forest Action Plan,140,context,climate_threat_habitat_degradation,NA,1,"Higher temperatures due to climate change are expected to contribute to an increase in the frequency and intensity of wildfires across the Southeast, including an increase in the total area burned and longer fire seasons.",Forest Resiliency,NA
TN_FAP_2020,TN,FAP,2020,FALSE,Tennessee,Forest Action Plan,140,context,climate_threat_species_vital_rates,NA,1,"Higher average temperatures are expected to enhance winter survival and exacerbate outbreaks of both southern pine beetle and hemlock woolly adelgid, as well as contribute to their expansion northward (Gan 2004, Paradis et al. 2008). Indeed, studies suggest that climate change could increase the risk of southern pine beetle infestations across the Southeast by 2.5-5 times and could result in 4-7.5 times the current annual mortality of pines (Gan 2004).",Enhancing Forest Health and Resiliency,NA
TN_FAP_2020,TN,FAP,2020,FALSE,Tennessee,Forest Action Plan,140,context,climate_threat_species_vital_rates,NA,1,"Persistence of the hemlock woolly adelgid is projected to lead to a complete loss of eastern hemlock from the Cumberland Plateau and Mountains region by the end of the century (Paradis et al. 2008, Evans and Gregoire 2007, Dale et al. 2009), in the absence of coordinated mitigative action.",Enhancing Forest Health and Resiliency,NA
TN_FAP_2020,TN,FAP,2020,FALSE,Tennessee,Forest Action Plan,140,context,climate_threat_biotic_stressors,NA,1,"These dynamic wet and dry weather events will continue to cause a shift in invasive plant species within Tennessee's forests and may also lead to unpredictable disturbances, such as increased wildfire occurrence and intensity.",Forest Resiliency,NA
TN_FAP_2020,TN,FAP,2020,FALSE,Tennessee,Forest Action Plan,140,context,climate_threat_biotic_stressors,NA,1,"Lastly, shifts in climate will lead to altered ecological processes within the region because of an increase in non-native insect and disease activity and the movement of both migratory and non-migratory species.",Forest Resiliency,NA
TN_FAP_2020,TN,FAP,2020,FALSE,Tennessee,Forest Action Plan,140,actions,priority_habitat_identification,NA,2,"Three forest data layers build the foundation for these priority areas: USFS Forests to Faucets, the USFS FIA Program's Forest Carbon Stock Estimates, and TNC's Connected and Resilient Landscapes. Each layer is described individually below and then overlaid to form a composite map (Figure 46) to further focus strategy implementation.",Priority Areas,NA
TN_FAP_2020,TN,FAP,2020,FALSE,Tennessee,Forest Action Plan,140,actions,priority_habitat_identification,NA,2,"Landscape connectivity and resilience to climate change is used as a key factor of FLA eligibility in addition to forest products potential and threat of land use conversion (i.e., development). The Nature Conservancy developed the Resilient and Connected Prioritized Network to delineate areas critical to forests and wildlife that are more adaptive to climate change due to the presence of micro-climates, micro-sites, and biological diversity.",Description/Identification of Tennessee's Forest Legacy Areas (figure caption),NA
TN_FAP_2020,TN,FAP,2020,FALSE,Tennessee,Forest Action Plan,140,actions,priority_habitat_identification,NA,2,"TNC's land and water conservation vision is to conserve a network of resilient sites and connecting corridors that will sustain North America's natural diversity by allowing species to adapt to land use change, lack of appropriate levels of disturbance and climate impacts, and thrive.",Forest Resiliency (TNC resilient land mapping tool table),NA
TN_FAP_2020,TN,FAP,2020,FALSE,Tennessee,Forest Action Plan,140,actions,targeted_range_shift_actions,NA,1,Managing for resilient lands also requires considering key connected climate corridors and flow zones where the movement of plant and animal species is likely to become concentrated.,Forest Resiliency,NA
TN_FAP_2020,TN,FAP,2020,FALSE,Tennessee,Forest Action Plan,140,actions,targeted_range_shift_actions,NA,1,"One of the largest TNC land deals in the Eastern U.S., Cumberland Forest employed private impact investment capital and sought to demonstrate how sustainable forestry and forest carbon storage practices may yield a financial return on investments while conserving part of the country's most critical climate change adaptation corridors.",Maintaining and Improving Connected Landscapes (Cumberland Forest Project),NA
TN_FAP_2020,TN,FAP,2020,FALSE,Tennessee,Forest Action Plan,140,actions,time_bound_and_monitoring,NA,1,"The focus over the next 10 years will be to prioritize strategies around the four main objectives listed below and, by doing so effectively, most if not all threats to Tennessee's forest will be mitigated.",Introduction,NA
TN_FAP_2020,TN,FAP,2020,FALSE,Tennessee,Forest Action Plan,140,actions,time_bound_and_monitoring,NA,1,"Action 1. Develop a synchronized Monitoring and Evaluation (M&E) program to measure effective wood removal practices by using both quantitative and qualitative data, which incorporates collaboration between existing databases.",Goals and Strategies (Expanding Market Diversification),NA
TN_FAP_2020,TN,FAP,2020,FALSE,Tennessee,Forest Action Plan,140,actions,evidence_of_efficacy,NA,2,"To date, the HWA Strike Team has chemically treated over 53,800 hemlocks over 4,500 acres across state owned forests and forests that are protected by conservation easements; facilitated the release of tens of thousands of predator beetles reared at the Lindsay Young Beneficial Insects Laboratory at the University of Tennessee",Enhancing Forest Health and Resiliency,NA
TN_FAP_2020,TN,FAP,2020,FALSE,Tennessee,Forest Action Plan,140,actions,evidence_of_efficacy,NA,2,"Higher average temperatures are expected to enhance winter survival and exacerbate outbreaks of both southern pine beetle and hemlock woolly adelgid, as well as contribute to their expansion northward (Gan 2004, Paradis et al. 2008). Indeed, studies suggest that climate change could increase the risk of southern pine beetle infestations across the Southeast by 2.5-5 times",Enhancing Forest Health and Resiliency,NA
TN_FAP_2020,TN,FAP,2020,FALSE,Tennessee,Forest Action Plan,140,actions,adaptation_planning_frameworks,NA,1,Land managers and conservation planners are under increasing pressure to improve adaptive capacity for a changing climate. The Nature Conservancy (TNC) developed the Resilient and Connected Prioritized Network to delineate secured and unsecured areas critical to forests and wildlife.,USFS Carbon Stock Estimates,NA
TX_FAP_2020,TX,FAP,2020,FALSE,Texas (Texas A&M Forest Service),Forest Action Plan,292,concepts,climate_vulnerability,NA,1,"Species range shifts, migration, or changes in population and density, can be expected with changing climate and weather patterns. As moisture and temperature regimes shift, plant species historically found on a particular site may no longer be the best or even appropriate species for that site.",Trees and Forests as Climate Solutions,NA
TX_FAP_2020,TX,FAP,2020,FALSE,Texas (Texas A&M Forest Service),Forest Action Plan,292,concepts,adaptive_capacity_specificity,NA,1,"Climate continually changes-this is true now as it has been in the past. However, in the past, change occurred over long periods, allowing plants and animals to adapt over time. Today, however, this change is faster than the adaptive ability of plants",Trees and Forests as Climate Solutions,NA
TX_FAP_2020,TX,FAP,2020,FALSE,Texas (Texas A&M Forest Service),Forest Action Plan,292,concepts,adaptive_capacity_components,distribution,TRUE,"Species range shifts, migration, or changes in population and density, can be expected with changing climate and weather patterns.",Trees and Forests as Climate Solutions,NA
TX_FAP_2020,TX,FAP,2020,FALSE,Texas (Texas A&M Forest Service),Forest Action Plan,292,concepts,adaptive_capacity_components,abiotic_niche,TRUE,"As moisture and temperature regimes shift, plant species historically found on a particular site may no longer be the best or even appropriate species for that site.",Trees and Forests as Climate Solutions,NA
TX_FAP_2020,TX,FAP,2020,FALSE,Texas (Texas A&M Forest Service),Forest Action Plan,292,concepts,connectivity,NA,1,"TAMFS should teach people about buffers, corridors, and core reserves, on large and small scales, so that forests of all sizes will be healthier, less fragmented, and less degraded.",Sierra Club comments (Question 6 responses),NA
TX_FAP_2020,TX,FAP,2020,FALSE,Texas (Texas A&M Forest Service),Forest Action Plan,292,tools,climate_models,NA,1,"The layer developed for the updated SFLA and used here was derived from a more recent version of the ICLUS model. ICLUS version 2 is designed to be consistent with a more recent Intergovernmental Panel on Climate Change (IPCC) scenarios framework, drawing from two Share Socioeconomic Pathways (SSPs) and two Representative Concentration Pathways (RCPs).",Appendix / Development Threat layer description,NA
TX_FAP_2020,TX,FAP,2020,FALSE,Texas (Texas A&M Forest Service),Forest Action Plan,292,context,management_scale,local,TRUE,"These programs have gained importance over the last 25 years with the recognition that they are essential for the agency to address the significant causal factors that lead to development of large, damaging wildfires that destroy homes and threaten the citizens of the state.",Mitigation and Prevention Program Description,NA
TX_FAP_2020,TX,FAP,2020,FALSE,Texas (Texas A&M Forest Service),Forest Action Plan,292,context,management_scale,site,TRUE,"Developed and providing climate-ready seed stock of select Texas species; these drought-hardy lines of 'Texas Tested, Texas Tough' tree species are selected for their ability to thrive in harsh environments.",What TAMFS is Doing,NA
TX_FAP_2020,TX,FAP,2020,FALSE,Texas (Texas A&M Forest Service),Forest Action Plan,292,context,management_scale,watershed,TRUE,"To prioritize Texas watersheds by forest importance to surface drinking water for source water protection, four main factors were considered: (1) watershed importance for surface drinking water, (2) forest importance to surface drinking water, (3) threats to forests, and (4) potential for partnership.",Water Resources Program Priority Areas,NA
TX_FAP_2020,TX,FAP,2020,FALSE,Texas (Texas A&M Forest Service),Forest Action Plan,292,context,management_scale,city,TRUE,"Focusing program delivery in these areas can help solve landscape-scale problems that affect millions of people, including urbanization, air quality, water quality, climate change, energy consumption, natural disasters, and public health issues.","Issue 4 Urban Forest Sustainability, Conclusion",NA
TX_FAP_2020,TX,FAP,2020,FALSE,Texas (Texas A&M Forest Service),Forest Action Plan,292,context,management_scale,county,TRUE,"Since USFS guidance encourages priority areas to be specific geographic areas, expert judgement was used to divide counties into two classes: priority and non-priority counties (Map 2). Priority counties were selected considering the geospatial analysis performed (Map 1) and experience of program leaders from the Forest Resource Protection Division.","Issue 1 Wildfire and Public Safety, Spatial Analysis Results",NA
TX_FAP_2020,TX,FAP,2020,FALSE,Texas (Texas A&M Forest Service),Forest Action Plan,292,context,management_scale,within_state_region,TRUE,"The geospatial analysis identified three primary areas in which future efforts should be concentrated-East Texas, the Interstate-35 corridor region of Central Texas, and the Trans-Pecos.","Issue 5 Water Resource Protection, Conclusion",NA
TX_FAP_2020,TX,FAP,2020,FALSE,Texas (Texas A&M Forest Service),Forest Action Plan,292,context,management_scale,state,TRUE,Texas used many of the updated Southern Forest Land Assessment layers for conducting its geospatial analysis.,Update of Important Forest Resource Areas for Texas,NA
TX_FAP_2020,TX,FAP,2020,FALSE,Texas (Texas A&M Forest Service),Forest Action Plan,292,context,management_scale,multistate,TRUE,TAMFS is already involved in or plans to develop several multi-state projects or programs that are of regional priority.,"Multi-State Projects, Programs & Initiatives",NA
TX_FAP_2020,TX,FAP,2020,FALSE,Texas (Texas A&M Forest Service),Forest Action Plan,292,context,management_scale,national,TRUE,The America's Longleaf Restoration Initiative's purpose is to increase longleaf pine acreage from 3.4 to 8.0 million acres in the next 15 years. A Range-wide Conservation Plan and for Longleaf Pine serves to guide actions and strategies of the Initiative.,Longleaf Implementation Team (Multi-State Projects),NA
TX_FAP_2020,TX,FAP,2020,FALSE,Texas (Texas A&M Forest Service),Forest Action Plan,292,context,management_scale,ecosystem,TRUE,The Texas Longleaf Conservation Plan is intended to help guide the Texas Longleaf Implementation Team (TLIT) through 2025 to re-establish the abundantly biodiverse and wildlife-sustaining habitat of the longleaf pine ecosystem in East Texas.,Texas Longleaf Implementation Team,NA
TX_FAP_2020,TX,FAP,2020,FALSE,Texas (Texas A&M Forest Service),Forest Action Plan,292,context,management_scale,ecoregion,TRUE,Texas is a vast and diverse state with areas that are like both Georgia to the east and Arizona to the west. There are nine primary ecoregions as defined by Level III Ecoregions of the Environmental Protection Agency (EPA),Conditions and Trends Texas Ecoregions,NA
TX_FAP_2020,TX,FAP,2020,FALSE,Texas (Texas A&M Forest Service),Forest Action Plan,292,context,management_scale,river,TRUE,"The Columbia Bottomlands contain mixed hardwood forests stretching across the floodplains of three rivers-Colorado, San Bernard, and Brazos-and their associated floodplains.",Columbia Bottomlands,NA
TX_FAP_2020,TX,FAP,2020,FALSE,Texas (Texas A&M Forest Service),Forest Action Plan,292,context,biological_unit_score,NA,2,"Species range shifts, migration, or changes in population and density, can be expected with changing climate and weather patterns.",Trees and Forests as Climate Solutions,species/population
TX_FAP_2020,TX,FAP,2020,FALSE,Texas (Texas A&M Forest Service),Forest Action Plan,292,context,biological_unit_score,NA,2,"As moisture and temperature regimes shift, plant species historically found on a particular site may no longer be the best or even appropriate species for that site.",Trees and Forests as Climate Solutions,habitat/ecosystem
TX_FAP_2020,TX,FAP,2020,FALSE,Texas (Texas A&M Forest Service),Forest Action Plan,292,context,biological_unit_components,species,TRUE,"Species range shifts, migration, or changes in population and density, can be expected with changing climate and weather patterns.",Trees and Forests as Climate Solutions,NA
TX_FAP_2020,TX,FAP,2020,FALSE,Texas (Texas A&M Forest Service),Forest Action Plan,292,context,biological_unit_components,population,TRUE,"Species range shifts, migration, or changes in population and density, can be expected with changing climate and weather patterns.",Trees and Forests as Climate Solutions,NA
TX_FAP_2020,TX,FAP,2020,FALSE,Texas (Texas A&M Forest Service),Forest Action Plan,292,context,biological_unit_components,habitat,TRUE,"As moisture and temperature regimes shift, plant species historically found on a particular site may no longer be the best or even appropriate species for that site.",Trees and Forests as Climate Solutions,NA
TX_FAP_2020,TX,FAP,2020,FALSE,Texas (Texas A&M Forest Service),Forest Action Plan,292,context,biological_unit_components,ecosystem,TRUE,The Texas Longleaf Conservation Plan is intended to help guide the Texas Longleaf Implementation Team (TLIT) through 2025 to re-establish the abundantly biodiverse and wildlife-sustaining habitat of the longleaf pine ecosystem in East Texas.,Texas Longleaf Implementation Team,NA
TX_FAP_2020,TX,FAP,2020,FALSE,Texas (Texas A&M Forest Service),Forest Action Plan,292,context,partnerships_and_funding,NA,1,"TAMFS, USFS National Forests and Grasslands in Texas, and thirteen other public, private, and nonprofit conservation organizations have joined together to promote the restoration and enhancement of the Longleaf pine ecosystem in Texas as part of a range-wide initiative across the Southern United States.",Longleaf Implementation Team (Multi-State Projects),NA
TX_FAP_2020,TX,FAP,2020,FALSE,Texas (Texas A&M Forest Service),Forest Action Plan,292,context,climate_threat_habitat_degradation,NA,1,"With changing climate and weather patterns comes an increase in the intensity and frequency of droughts, floods, hurricanes, ice storms, tornados and wildfires; all which make tree and forest management more critical than ever.",Trees and Forests as Climate Solutions,NA
TX_FAP_2020,TX,FAP,2020,FALSE,Texas (Texas A&M Forest Service),Forest Action Plan,292,context,climate_threat_species_vital_rates,NA,1,"By far, from 2006 to 2015, weather has been the leading cause of mortality among hardwoods. This is especially true after the historic 2011 drought.",Mortality,NA
TX_FAP_2020,TX,FAP,2020,FALSE,Texas (Texas A&M Forest Service),Forest Action Plan,292,context,climate_threat_biotic_stressors,NA,1,"Changing weather patterns also alter insect pest patterns and populations, plant emergence, and invasive species establishment.",Trees and Forests as Climate Solutions,NA
TX_FAP_2020,TX,FAP,2020,FALSE,Texas (Texas A&M Forest Service),Forest Action Plan,292,actions,priority_habitat_identification,NA,2,"Since USFS guidance encourages priority areas to be specific geographic areas, expert judgement was used to divide counties into two classes: priority and non-priority counties (Map 2). Priority counties were selected considering the geospatial analysis performed (Map 1) and experience of program leaders from the Forest Resource Protection Division. A total of 122 counties are considered Priority for the Wildfire and Public Safety issue","Issue 1 Wildfire and Public Safety, Spatial Analysis Results",NA
TX_FAP_2020,TX,FAP,2020,FALSE,Texas (Texas A&M Forest Service),Forest Action Plan,292,actions,priority_habitat_identification,NA,2,"As of 2020, there are five funded Forest Legacy projects in Texas: Burleson Wetlands (2,907 acres in Smith County), Turkey Creek Phases I and II (10,729 acres in Tyler and Hardin Counties), Longleaf Ridge Phases I and II (10,223 acres in Jasper and Newton Counties), Bobcat Ridge (6,912 acres in Anderson County), and Fox Hunters Hill (2,387 acres in Sabine County).","Forest Legacy Program Description, FLP Priority Areas",NA
TX_FAP_2020,TX,FAP,2020,FALSE,Texas (Texas A&M Forest Service),Forest Action Plan,292,actions,time_bound_and_monitoring,NA,1,The Texas Longleaf Conservation Plan is intended to help guide the Texas Longleaf Implementation Team (TLIT) through 2025 to re-establish the abundantly biodiverse and wildlife-sustaining habitat of the longleaf pine ecosystem in East Texas.,Texas Longleaf Implementation Team,deadline
TX_FAP_2020,TX,FAP,2020,FALSE,Texas (Texas A&M Forest Service),Forest Action Plan,292,actions,evidence_of_efficacy,NA,1,"In 2003, the Water Resources Program began an intensive, highly technological stream monitoring project designed to test the effectiveness of BMPs in protecting water quality. After four years of data collection, the results prove that Texas BMPs, when applied properly, are effective in protecting water quality.",Water Resources Program Description,NA
TX_FAP_2020,TX,FAP,2020,FALSE,Texas (Texas A&M Forest Service),Forest Action Plan,292,actions,adaptation_planning_frameworks,NA,1,"Integrate climate, weather, and wildland forest fuel conditions into products that will enhance the ability of managers to make sound decisions.",Issue 1: Wildfire and Public Safety Strategy Goal 1,NA
USVI_FAP_2010,USVI,FAP,2010,FALSE,U.S. Virgin Islands,Statewide Forest Resource Assessment and Strategy,107,concepts,climate_vulnerability,NA,1,The effects of climate change have the potential to be devastating in the USVI and throughout the world. A recent study of forests in the USVI and Puerto Rico found that climate is the overarching influence on forest species composition when recovering from deforestation,Climate Change,NA
USVI_FAP_2010,USVI,FAP,2010,FALSE,U.S. Virgin Islands,Statewide Forest Resource Assessment and Strategy,107,concepts,connectivity,NA,1,the plan is to purchase one parcel of land that will connect those already owned to create a corridor of protection for wildlife and plants as well as protect soil and water resources.,Goal 3: Coastal Forest Ecosystems Protection,NA
USVI_FAP_2010,USVI,FAP,2010,FALSE,U.S. Virgin Islands,Statewide Forest Resource Assessment and Strategy,107,tools,niche_models,NA,1,"Invasive species mapping and monitoring has been done effectively on a global and regional scale. Maps are frequently created using models with environmental inputs, such as temperature or altitude, rather than physically mapping the presence of the organism on concern.",Biological Threats,NA
USVI_FAP_2010,USVI,FAP,2010,FALSE,U.S. Virgin Islands,Statewide Forest Resource Assessment and Strategy,107,tools,climate_models,NA,1,"Existing expected numbers of sea level rise (IPCC, 2007) were used to categorize the sea level rise into four distinct categories. Minimum and maximum sea level rise for 2030 and maximum and minimum sea level rise for 2095, all weighted at 1.25 each respectively, were identified.",Issue 6: Degradation of Coastal Forest Ecosystems (priority analysis section),NA
USVI_FAP_2010,USVI,FAP,2010,FALSE,U.S. Virgin Islands,Statewide Forest Resource Assessment and Strategy,107,context,management_scale,local,TRUE,"As the US Forest Service Forest Health Protection staff includes specialists in forest entomology, forest pathology, invasive species, pesticide use, survey and monitoring, suppression and control",Forest Health Protection,NA
USVI_FAP_2010,USVI,FAP,2010,FALSE,U.S. Virgin Islands,Statewide Forest Resource Assessment and Strategy,107,context,management_scale,site,TRUE,"Funding has been provided by the Forest Service for two tracts of land in northwestern St. Croix to date. The owners of one tract removed the property from consideration for sale; instead, the owners plan to provide a 100% donation of a conservation easement on 30 acres of that property.",Goal 3: Coastal Forest Ecosystems Protection,NA
USVI_FAP_2010,USVI,FAP,2010,FALSE,U.S. Virgin Islands,Statewide Forest Resource Assessment and Strategy,107,context,management_scale,watershed,TRUE,Prior analysis has been conducted of the Forest Legacy Program in the form of the Assessment of Need that identified priority areas as watersheds.,Priority Issues Issue 1: Contiguous Forest Loss (water management section),NA
USVI_FAP_2010,USVI,FAP,2010,FALSE,U.S. Virgin Islands,Statewide Forest Resource Assessment and Strategy,107,context,management_scale,within_state_region,TRUE,"the areas of highest priority for protection and delivery of forestry programs were identified as: the northwestern corner and eastern end of St. Croix, west end and north shore of St. Thomas, and the east end and south shore of St. John.",Table 1 (Introduction/Executive Summary area),NA
USVI_FAP_2010,USVI,FAP,2010,FALSE,U.S. Virgin Islands,Statewide Forest Resource Assessment and Strategy,107,context,management_scale,state,TRUE,"The amendment requires each State and Territory to provide a Statewide Assessment of Forest Resources and a Statewide Forest Resources Strategy to the Secretary of Agriculture, USDA, by June 2010.",EXECUTIVE SUMMARY,NA
USVI_FAP_2010,USVI,FAP,2010,FALSE,U.S. Virgin Islands,Statewide Forest Resource Assessment and Strategy,107,context,management_scale,national,TRUE,"Redesign focuses on three national themes: conserve working forests, protect forests, and enhance benefits from trees and forests.",Table 1 (Introduction/Executive Summary area),NA
USVI_FAP_2010,USVI,FAP,2010,FALSE,U.S. Virgin Islands,Statewide Forest Resource Assessment and Strategy,107,context,management_scale,transnational,TRUE,"As a result of their island status, the US Virgin Islands do not have geographically adjacent jurisdictions. However, the issues that are being addressed in these strategies are often the same as those found on other islands, whether in the Caribbean or the South Pacific.",STRATEGIES,NA
USVI_FAP_2010,USVI,FAP,2010,FALSE,U.S. Virgin Islands,Statewide Forest Resource Assessment and Strategy,107,context,management_scale,ecosystem,TRUE,Coastal forests including wetlands and mangrove forests are the connective region between the terrestrial and marine environments.,Issue 6: Degradation of Coastal Forest Ecosystems,NA
USVI_FAP_2010,USVI,FAP,2010,FALSE,U.S. Virgin Islands,Statewide Forest Resource Assessment and Strategy,107,context,biological_unit_score,NA,2,"Forest types and structures in the U.S. Virgin Islands are dynamic systems affected by human and climatic influence (Kennaway et al., 2008).",Distribution and Abundance of Forest Resources,ecosystem
USVI_FAP_2010,USVI,FAP,2010,FALSE,U.S. Virgin Islands,Statewide Forest Resource Assessment and Strategy,107,context,biological_unit_score,NA,2,"The most comprehensive, forest inventory of the US Virgin Islands indicated that the single most common tree in the territory is the exotic tan-tan (Leucaena leucocephala) which is found at all elevations and in almost all forest types (Brandeis and Oswalt, 2007).",Biological Threats,species
USVI_FAP_2010,USVI,FAP,2010,FALSE,U.S. Virgin Islands,Statewide Forest Resource Assessment and Strategy,107,context,biological_unit_components,species,TRUE,A recent study of forests in the USVI and Puerto Rico found that climate is the overarching influence on forest species composition when recovering from deforestation; all other factors are secondary to the influence of climate (Brandeis et al 2009).,Climate Change,NA
USVI_FAP_2010,USVI,FAP,2010,FALSE,U.S. Virgin Islands,Statewide Forest Resource Assessment and Strategy,107,context,biological_unit_components,habitat,TRUE,Loss of mangrove forests and coral reefs due to sea level rise.,Climate Change,NA
USVI_FAP_2010,USVI,FAP,2010,FALSE,U.S. Virgin Islands,Statewide Forest Resource Assessment and Strategy,107,context,biological_unit_components,ecosystem,TRUE,"Forest types and structures in the U.S. Virgin Islands are dynamic systems affected by human and climatic influence (Kennaway et al., 2008).",Distribution and Abundance of Forest Resources,NA
USVI_FAP_2010,USVI,FAP,2010,FALSE,U.S. Virgin Islands,Statewide Forest Resource Assessment and Strategy,107,context,partnerships_and_funding,NA,1,"Federal funding is the key to the Forest Legacy Program in the US Virgin Islands. The VI government has no funds available for this program, and without federal funding, the VI Department of Agriculture would have no forestry programs at all.",Goal 3: Coastal Forest Ecosystems Protection,NA
USVI_FAP_2010,USVI,FAP,2010,FALSE,U.S. Virgin Islands,Statewide Forest Resource Assessment and Strategy,107,context,partnerships_and_funding,NA,1,Funding has been provided by the Forest Service for two tracts of land in northwestern St. Croix to date.,Goal 3: Coastal Forest Ecosystems Protection,NA
USVI_FAP_2010,USVI,FAP,2010,FALSE,U.S. Virgin Islands,Statewide Forest Resource Assessment and Strategy,107,context,climate_threat_habitat_degradation,NA,1,The expected sea level rise (Figure 28) is another issue that will significantly affect the forests of the USVI. A rise in sea level of just one foot could have a detrimental effect on coastal forest areas.,Climate Change,NA
USVI_FAP_2010,USVI,FAP,2010,FALSE,U.S. Virgin Islands,Statewide Forest Resource Assessment and Strategy,107,context,climate_threat_habitat_degradation,NA,1,Loss of mangrove forests and coral reefs due to sea level rise.,Climate Change,NA
USVI_FAP_2010,USVI,FAP,2010,FALSE,U.S. Virgin Islands,Statewide Forest Resource Assessment and Strategy,107,context,climate_threat_species_vital_rates,NA,1,"The expected increase in extreme weather such as hurricanes will result in more storms like Hurricane Hugo that devastated the Virgin Islands in 1989, removing most of the foliage and causing tree mortality (Lugo, 2001).",Climate Change,NA
USVI_FAP_2010,USVI,FAP,2010,FALSE,U.S. Virgin Islands,Statewide Forest Resource Assessment and Strategy,107,context,climate_threat_biotic_stressors,NA,1,"Increased invasion by non-native species as a result of higher temperatures is also expected, particularly on middle and high-latitude islands.",Climate Change,NA
USVI_FAP_2010,USVI,FAP,2010,FALSE,U.S. Virgin Islands,Statewide Forest Resource Assessment and Strategy,107,context,climate_threat_biotic_stressors,NA,1,Climate change is likely to enhance many of the existing threats to forest ecosystems. Climatic warming and drying and the increase in invasive species will make forests more vulnerable to wildfires.,Climate Change,NA
USVI_FAP_2010,USVI,FAP,2010,FALSE,U.S. Virgin Islands,Statewide Forest Resource Assessment and Strategy,107,actions,priority_habitat_identification,NA,2,"Identified priority areas (Figure 29) for St. Croix lie on the eastern end and the northwest section, representing the subtropical moist forests and following the higher elevation ridge east across the island to the dry forest regions.",Priority Issues Issue 1: Contiguous Forest Loss,NA
USVI_FAP_2010,USVI,FAP,2010,FALSE,U.S. Virgin Islands,Statewide Forest Resource Assessment and Strategy,107,actions,priority_habitat_identification,NA,2,A geospatial analysis was conducted to delineate areas in the USVI landscape where future efforts might best be focused. These priority areas were determined using weighted overlay analyses based on currently available data.,Table 1 (Introduction/Executive Summary area),NA
USVI_FAP_2010,USVI,FAP,2010,FALSE,U.S. Virgin Islands,Statewide Forest Resource Assessment and Strategy,107,actions,priority_habitat_identification,NA,2,"A second large threat is climate change. Existing expected numbers of sea level rise (IPCC, 2007) were used to categorize the sea level rise into four distinct categories. Minimum and maximum sea level rise for 2030 and maximum and minimum sea level rise for 2095, all weighted at 1.25 each respectively, were identified.",Issue 6: Degradation of Coastal Forest Ecosystems (priority analysis section),NA
USVI_FAP_2010,USVI,FAP,2010,FALSE,U.S. Virgin Islands,Statewide Forest Resource Assessment and Strategy,107,actions,time_bound_and_monitoring,NA,1,"The National Park Service project at Buck Island National Monument could be used as a model project for the rest of the territory because it 1) identified target species through a plant and animal inventory and analysis, 2) set measurable and achievable goals for each species (complete eradication or control), and 3) utilizes regular monitoring in order to measure the success of the management activity.",Issue 7: Invasive Species,NA
USVI_FAP_2010,USVI,FAP,2010,FALSE,U.S. Virgin Islands,Statewide Forest Resource Assessment and Strategy,107,actions,evidence_of_efficacy,NA,2,"An example of a successful planned invasive species control in the US Virgin Islands was done by the National Park Service on Buck Island off of St. Croix... Complete eradication was not the goal, but the current measure of 85% control of these species has been deemed successful (Lundgren, 2010).",Issue 7: Invasive Species,NA
USVI_FAP_2010,USVI,FAP,2010,FALSE,U.S. Virgin Islands,Statewide Forest Resource Assessment and Strategy,107,actions,evidence_of_efficacy,NA,2,A recent study of forests in the USVI and Puerto Rico found that climate is the overarching influence on forest species composition when recovering from deforestation; all other factors are secondary to the influence of climate (Brandeis et al 2009).,Climate Change,NA
USVI_FAP_2010,USVI,FAP,2010,FALSE,U.S. Virgin Islands,Statewide Forest Resource Assessment and Strategy,107,actions,adaptation_planning_frameworks,NA,1,The Forest Service strategy for dealing with climate change is based on years of targeted research and a century of science and management experience on public and private forest land.,Introduction (Conservation Education section),NA
UT_FAP_2020,UT,FAP,2020,FALSE,Utah,State Forest Action Plan,231,concepts,climate_vulnerability,NA,2,"Climate change is increasing the vulnerability of many forests to ecosystem changes and tree mortality through fire, insect infestations, drought, and disease outbreaks.",Climate Change,exposure
UT_FAP_2020,UT,FAP,2020,FALSE,Utah,State Forest Action Plan,231,concepts,climate_vulnerability,NA,2,"Private forests are currently at risk of fragmentation, development, catastrophic wildfire, and the ecological impacts of climate change (most notably, insect and disease).",Process for identification of Stewardship Priority Areas,exposure
UT_FAP_2020,UT,FAP,2020,FALSE,Utah,State Forest Action Plan,231,concepts,adaptive_capacity_specificity,NA,1,"Management strategies focused on resilience include promoting species and age class diversity, actively managing for optimal forest health and creating or retaining suitable pathways for species migration.",Climate Change,NA
UT_FAP_2020,UT,FAP,2020,FALSE,Utah,State Forest Action Plan,231,concepts,adaptive_capacity_components,movement,TRUE,"Management strategies focused on resilience include promoting species and age class diversity, actively managing for optimal forest health and creating or retaining suitable pathways for species migration.",Climate Change,NA
UT_FAP_2020,UT,FAP,2020,FALSE,Utah,State Forest Action Plan,231,concepts,connectivity,NA,1,Protect wildlife habitat and maintain habitat connectivity and related values needed to ensure biodiversity,Program Goals,NA
UT_FAP_2020,UT,FAP,2020,FALSE,Utah,State Forest Action Plan,231,concepts,connectivity,NA,1,private forest lands play an important role in maintaining habitat connectivity and migratory corridors between these areas.,Wildlife and Fish Habitat,NA
UT_FAP_2020,UT,FAP,2020,FALSE,Utah,State Forest Action Plan,231,tools,climate_models,NA,1,"The 2019 Utah Hazard Mitigation Plan presents some of the significant impacts that climate change has had on wildfires and forest area burned in Utah and the southwestern U.S. in recent years, as well as projections into the future.",Climate Change,NA
UT_FAP_2020,UT,FAP,2020,FALSE,Utah,State Forest Action Plan,231,tools,climate_models,NA,1,The trends in acres burned by wildfire in the western United States are projected to continue through the twenty-first century as temperatures warm and incidence of drought increases.,[FIGURE: Utah. Extensive changes to both the length and severity of the fire season...],NA
UT_FAP_2020,UT,FAP,2020,FALSE,Utah,State Forest Action Plan,231,context,management_scale,local,TRUE,"CatFire projects generally take a community perspective and focus on the landscape around communities, or the wildland-urban interface (WUI).",Catastrophic Wildfire Reduction Strategy (CatFire),NA
UT_FAP_2020,UT,FAP,2020,FALSE,Utah,State Forest Action Plan,231,context,management_scale,watershed,TRUE,The process for identifying priority landscapes for the FAP utilized a combination of datasets... United States Geological Survey (USGS) hydrological units.,Utah FAP 2020 Priority Areas,NA
UT_FAP_2020,UT,FAP,2020,FALSE,Utah,State Forest Action Plan,231,context,management_scale,county,TRUE,"In 2016, Summit County led Utah's timber harvest with 29 percent (7.3 MMBF) of total volume, followed by Kane and Sanpete Counties with 13 and 7.5 percent, respectively.",Utah's Timber Harvest and Forest Products Industry,NA
UT_FAP_2020,UT,FAP,2020,FALSE,Utah,State Forest Action Plan,231,context,management_scale,within_state_region,TRUE,"The FAP 2020 Priority Areas map is intended as a tool to help FFSL, the Forest Service and other partners identify and implement high-priority forest restoration projects on all forest lands across the State.",Utah FAP 2020 Priority Areas,NA
UT_FAP_2020,UT,FAP,2020,FALSE,Utah,State Forest Action Plan,231,context,management_scale,state,TRUE,"The Utah FAP 2020 has developed a map of forest health priority areas across the State to help FFSL, the Forest Service and other partners identify the most urgent forest health challenges and develop collaborative forest restoration projects",Identifying FAP Priority Areas,NA
UT_FAP_2020,UT,FAP,2020,FALSE,Utah,State Forest Action Plan,231,context,management_scale,multistate,TRUE,"Managing wildfires in the West is becoming increasingly complex, as the number of acres burned has increased substantially since the late 1980's.",Wildfires,NA
UT_FAP_2020,UT,FAP,2020,FALSE,Utah,State Forest Action Plan,231,context,management_scale,national,TRUE,"The 2014 National Climate Assessment recognizes how little we know about how much our climate will change, what the effects will be on natural and social systems, and how we might best respond.",Climate Change,NA
UT_FAP_2020,UT,FAP,2020,FALSE,Utah,State Forest Action Plan,231,context,management_scale,ecosystem,TRUE,The 2010 Resources Planning Act Assessment indicates that climate change will alter natural ecosystems and affect their ability to provide goods and services.,Climate Change,NA
UT_FAP_2020,UT,FAP,2020,FALSE,Utah,State Forest Action Plan,231,context,management_scale,ecoregion,TRUE,"An ecoregion is a large landscape area that has relatively consistent patterns of physical and biological components that interact to form environments of similar productive capabilities, response to disturbances, and potentials for resource management. Utah is covered by parts of six different ecoregion provinces",Forest Land Definitions,NA
UT_FAP_2020,UT,FAP,2020,FALSE,Utah,State Forest Action Plan,231,context,management_scale,province,TRUE,"The pinyon/juniper group is the largest of the 10 forest-type groups in Utah, covering 10.7 million acres. It accounts for 59 percent of the forest land in the State, most of which is in Ecoregion Province 341 (Intermountain Semi-Desert and Desert).",[TABLE] The pinyon/juniper group...,NA
UT_FAP_2020,UT,FAP,2020,FALSE,Utah,State Forest Action Plan,231,context,management_scale,river,TRUE,"The Weber River Forest Legacy Area covers a total watershed area of approximately 1.5 million acres spread throughout Weber, Davis, Morgan and Summit counties.",[TABLE] The Weber River Forest Legacy Area...,NA
UT_FAP_2020,UT,FAP,2020,FALSE,Utah,State Forest Action Plan,231,context,biological_unit_score,NA,2,The Utah WAP identifies 141 species of greatest conservation need and 13 key habitat types.,Priorities and Strategies,species
UT_FAP_2020,UT,FAP,2020,FALSE,Utah,State Forest Action Plan,231,context,biological_unit_score,NA,2,"The distribution and dominance of various tree species mirrors the wide range of elevations in Utah, from high, densely-forested mountains to low-elevation woodlands and deserts.",Forest Area,habitat
UT_FAP_2020,UT,FAP,2020,FALSE,Utah,State Forest Action Plan,231,context,biological_unit_components,species,TRUE,The Utah WAP identifies 141 species of greatest conservation need and 13 key habitat types.,Priorities and Strategies,NA
UT_FAP_2020,UT,FAP,2020,FALSE,Utah,State Forest Action Plan,231,context,biological_unit_components,habitat,TRUE,"Of the WAP's 13 key habitat types, Aspen-Conifer and Gambel Oak represent significant terrestrial habitats, and Aquatic-Forested represents a significant aquatic habitat",Priorities and Strategies,NA
UT_FAP_2020,UT,FAP,2020,FALSE,Utah,State Forest Action Plan,231,context,biological_unit_components,ecosystem,TRUE,The 2010 Resources Planning Act Assessment indicates that climate change will alter natural ecosystems and affect their ability to provide goods and services.,Climate Change,NA
UT_FAP_2020,UT,FAP,2020,FALSE,Utah,State Forest Action Plan,231,context,partnerships_and_funding,NA,2,"The goals and strategies developed by the Utah FAP 2020 align with Utah's Shared Stewardship Agreement, a 2019 partnership initiative between the USDA Forest Service Intermountain Region and the State of Utah.",Executive Summary,NA
UT_FAP_2020,UT,FAP,2020,FALSE,Utah,State Forest Action Plan,231,context,partnerships_and_funding,NA,2,"On May 22, 2019, Utah Governor Gary R. Herbert and USDA Secretary Sonny Perdue signed the Agreement for Shared Stewardship between the State of Utah and the USDA Forest Service Intermountain Region.",[TABLE] Following the signing...,NA
UT_FAP_2020,UT,FAP,2020,FALSE,Utah,State Forest Action Plan,231,context,partnerships_and_funding,NA,2,"Greater than 80 percent of Shared Stewardship projects are financially supported with partner funding (i.e., an entity other than State of Utah or USFS) • Partner funds cover an average of 50 percent of implementation or planning costs",[TABLE] Defining Success For Shared Stewardship,NA
UT_FAP_2020,UT,FAP,2020,FALSE,Utah,State Forest Action Plan,231,context,climate_threat_habitat_degradation,NA,1,"They have been exacerbated by climate change, growing in size and intensity with increased temperatures and decreased precipitation.",Increasing Wildfires,NA
UT_FAP_2020,UT,FAP,2020,FALSE,Utah,State Forest Action Plan,231,context,climate_threat_habitat_degradation,NA,1,"disturbances… attributed to climate-related factors, such as drought, warmer temperatures, and longer summers… have significant consequences for watersheds, landscapes, and human communities",Current Condition [Urban Forestry section],NA
UT_FAP_2020,UT,FAP,2020,FALSE,Utah,State Forest Action Plan,231,context,climate_threat_species_vital_rates,NA,1,"Wildfires also impact the state's timberlands and woodlands which affect many animal species leading to habitat loss, displacement, and death.",[TABLE] Growth and development cause shifting land-use patterns...,NA
UT_FAP_2020,UT,FAP,2020,FALSE,Utah,State Forest Action Plan,231,context,climate_threat_species_vital_rates,NA,1,"Insect-caused mortality to common or two-needle pinyon in Utah can be attributed to epidemic pinyon ips beetle populations. Another native beetle, this insect has been particularly active in response to drought conditions early in the 2000s.",Insects and Disease,NA
UT_FAP_2020,UT,FAP,2020,FALSE,Utah,State Forest Action Plan,231,context,climate_threat_biotic_stressors,NA,1,Changing weather patterns can also introduce new pathogens and invasive species.,Climate Change,NA
UT_FAP_2020,UT,FAP,2020,FALSE,Utah,State Forest Action Plan,231,context,climate_threat_biotic_stressors,NA,1,"the cascading effects of more than a century of fire exclusion and fuel buildups, changes in land use, extended drought, warming temperatures, and the spread of invasive species have led to widespread changes in vegetation conditions and fire frequency across the Nation.",Wildfires,NA
UT_FAP_2020,UT,FAP,2020,FALSE,Utah,State Forest Action Plan,231,actions,priority_habitat_identification,NA,2,"The Utah FAP 2020 has developed a map of forest health priority areas across the State to help FFSL, the Forest Service and other partners identify the most urgent forest health challenges and develop collaborative forest restoration projects",Identifying FAP Priority Areas,NA
UT_FAP_2020,UT,FAP,2020,FALSE,Utah,State Forest Action Plan,231,actions,priority_habitat_identification,NA,2,"Figure 29: FAP 2020 Priority Areas for all forest lands in Utah. This mapping tool is intended to help FFSL, the Forest Service and other partners identify and implement high-priority forest restoration projects across the State",[FIGURE: Figure 29],NA
UT_FAP_2020,UT,FAP,2020,FALSE,Utah,State Forest Action Plan,231,actions,priority_habitat_identification,NA,2,The process for identifying priority landscapes for the FAP utilized a combination of datasets: Utah Wildfire Risk Assessment Portal (UWRAP) Risk layer... National Insect and Disease Risk Maps (NIDRM) from the US Forest Service. Forest cover data from the USGS 2016 National Land Cover Database (NLCD).,Utah FAP 2020 Priority Areas,NA
UT_FAP_2020,UT,FAP,2020,FALSE,Utah,State Forest Action Plan,231,actions,time_bound_and_monitoring,NA,1,Establish baseline of number of treated in 2020. Yr 1-2: Establish a method to calculate acres effectively treated or mitigated. Yr 2-3: 30-50% of the acres treated by Utah's National Forests are in shared stewardship priority areas.,[FIGURE: Increase the number of acres directly and effectively treated...],NA
UT_FAP_2020,UT,FAP,2020,FALSE,Utah,State Forest Action Plan,231,actions,time_bound_and_monitoring,NA,1,"Annually review and adjust shared stewardship priority maps to include best available information and, where possible, in response to changing conditions (e.g., fire regime condition class, wildfires, and treatments)",[FIGURE: Key Performance Indicators for Shared Stewardship in Utah],NA
UT_FAP_2020,UT,FAP,2020,FALSE,Utah,State Forest Action Plan,231,actions,evidence_of_efficacy,NA,1,"Recent studies have shown that larger scale burns (e.g., 5,000 acres) that burn more intensely have been the most successful in terms of aspen regeneration.",Aspen-Conifer Key Terrestrial Habitat,NA
UT_FAP_2020,UT,FAP,2020,FALSE,Utah,State Forest Action Plan,231,actions,adaptation_planning_frameworks,NA,1,Shared Stewardship derives from the National Cohesive Strategy and is consistent with its management philosophy and strategies toward collaborative landscape-scale restoration.,[TABLE] Utah's Shared Stewardship Agreement,NA
VA_FAP_2020,VA,FAP,2020,FALSE,Virginia (VDOF),State Forest Action Plan,191,concepts,climate_vulnerability,NA,1,"Climate Change will likely affect Virginia's forests during the next 10 years and could intensify many of the other threats and trends occurring in Virginia. Coastal Virginia is already dealing with sea level rise, continuing land abatement, saltwater intrusion, and its' effects on coastal forests.","Section III: Virginia Forest Trends, Conditions, and Threats — Climate Change",NA
VA_FAP_2020,VA,FAP,2020,FALSE,Virginia (VDOF),State Forest Action Plan,191,concepts,adaptive_capacity_specificity,NA,1,Actively managed forests are healthier and more adaptable to changing climates. Conserving manageable blocks of forestland is necessary to retaining this important climate mitigation tool.,Issue C1: Keep Forests as Forest — Issue Description,NA
VA_FAP_2020,VA,FAP,2020,FALSE,Virginia (VDOF),State Forest Action Plan,191,concepts,adaptive_capacity_components,distribution,TRUE,"Species migration, particularly at high altitudes and for species at the southern edge of their range, is a real possibility. Inventory methods (notably the Forest Inventory Analysis) enable us to watch for overall changes in species dispersion and possibly conduct more detailed surveys if a potential problem is identified.","Section III: Virginia Forest Trends, Conditions, and Threats — Climate Change",distribution
VA_FAP_2020,VA,FAP,2020,FALSE,Virginia (VDOF),State Forest Action Plan,191,concepts,adaptive_capacity_components,movement,TRUE,"Species migration, particularly at high altitudes and for species at the southern edge of their range (e.g., red spruce), is a real possibility.",Issue C3: Ensure the Sustainable Use of Forest Resources — Issue Description,movement
VA_FAP_2020,VA,FAP,2020,FALSE,Virginia (VDOF),State Forest Action Plan,191,concepts,adaptive_capacity_components,abiotic_niche,TRUE,VDOF will continue its efforts to restore shortleaf and longleaf pine to the landscape. Both of these species are drier-condition species that will fare better if some of the potential impacts of climate change are realized.,"Section III: Virginia Forest Trends, Conditions, and Threats — Climate Change",abiotic_niche
VA_FAP_2020,VA,FAP,2020,FALSE,Virginia (VDOF),State Forest Action Plan,191,concepts,connectivity,NA,1,"Connecting forests though wide, vegetated corridors facilitates the movement of animals, pollinators and plants over time to ensure species can repopulate areas.","Issue C2: Promote a Larger, Connected Forest Landscape — Issue Description",NA
VA_FAP_2020,VA,FAP,2020,FALSE,Virginia (VDOF),State Forest Action Plan,191,context,management_scale,local,TRUE,Community level plans concentrate planning efforts at the ground level to maximize the program's efficiency in mitigating wildfire hazard in individual communities.,Section II: Community Wildfire Protection Plans,NA
VA_FAP_2020,VA,FAP,2020,FALSE,Virginia (VDOF),State Forest Action Plan,191,context,management_scale,site,TRUE,The first steps taken in the program have included adding riparian buffers to erodible shorelines on Virginia's Eastern Shore and studying the efficacy of conserving blocks of forestland to reduce coastal flooding around the City of Virginia Beach.,"Section III: Virginia Forest Trends, Conditions, and Threats — Climate Change",NA
VA_FAP_2020,VA,FAP,2020,FALSE,Virginia (VDOF),State Forest Action Plan,191,context,management_scale,watershed,TRUE,"The area includes watersheds of important streams and rivers of emphasis including the Middle James, New, Roanoke and Chowan Rivers.",VA_FAP-S_2020.pdf — Priority Areas (Forest Stewardship),NA
VA_FAP_2020,VA,FAP,2020,FALSE,Virginia (VDOF),State Forest Action Plan,191,context,management_scale,county,TRUE,"County level plans help to better focus wildland fire prevention and mitigation efforts at the county level, which in turn helps to better facilitate local stakeholder involvement along more typical governmental service boundaries.",Section II: Community Wildfire Protection Plans,NA
VA_FAP_2020,VA,FAP,2020,FALSE,Virginia (VDOF),State Forest Action Plan,191,context,management_scale,within_state_region,TRUE,"The priority area for sustainability, particularly pine sustainability, is focused in southcentral and southeastern Virginia.",Issue C3: Forest Sustainability Priority Areas,NA
VA_FAP_2020,VA,FAP,2020,FALSE,Virginia (VDOF),State Forest Action Plan,191,context,management_scale,state,TRUE,This 2020 plan builds on the original plan and brings it up to date to reflect the current issues across the Commonwealth of Virginia.,Section I: Overview,NA
VA_FAP_2020,VA,FAP,2020,FALSE,Virginia (VDOF),State Forest Action Plan,191,context,management_scale,multistate,TRUE,"Virginia has been engaged with the Shortleaf Pine Initiative, a range-wide restoration program, and has participated in forest management efforts with nearby southern states",Section V: Multi-State Issues and Priority Areas — Shortleaf Pine,NA
VA_FAP_2020,VA,FAP,2020,FALSE,Virginia (VDOF),State Forest Action Plan,191,context,management_scale,national,TRUE,"The 2014 and 2018 Farm Bills continued and reinforced these changes, which have now become operational within the USFS and the states through the Cooperative Forestry Program.",Section I: Overview,NA
VA_FAP_2020,VA,FAP,2020,FALSE,Virginia (VDOF),State Forest Action Plan,191,context,management_scale,ecosystem,TRUE,"Open-structured longleaf pine forests maintained by frequent, low-intensity fires are some of our most biologically diverse ecosystems.",Issue A3: Conserve and Restore Diminished Forest Types — Issue Description,NA
VA_FAP_2020,VA,FAP,2020,FALSE,Virginia (VDOF),State Forest Action Plan,191,context,management_scale,river,TRUE,The Rappahannock River Basin has been used as a proxy for the Chesapeake Bay Watershed through all three phases of the HWF project.,Section III: Healthy Watersheds Forest Project,NA
VA_FAP_2020,VA,FAP,2020,FALSE,Virginia (VDOF),State Forest Action Plan,191,context,biological_unit_score,NA,2,"Species migration, particularly at high altitudes and for species at the southern edge of their range, is a real possibility.","Section III: Virginia Forest Trends, Conditions, and Threats — Climate Change",species
VA_FAP_2020,VA,FAP,2020,FALSE,Virginia (VDOF),State Forest Action Plan,191,context,biological_unit_score,NA,2,"A changing climate will affect forest health, distribution of certain species and the footprint of coastal forests.",Issue C3: Ensure the Sustainable Use of Forest Resources — Issue Description,habitat/ecosystem
VA_FAP_2020,VA,FAP,2020,FALSE,Virginia (VDOF),State Forest Action Plan,191,context,biological_unit_components,species,TRUE,"Species migration, particularly at high altitudes and for species at the southern edge of their range (e.g., red spruce), is a real possibility.",Issue C3: Ensure the Sustainable Use of Forest Resources — Issue Description,NA
VA_FAP_2020,VA,FAP,2020,FALSE,Virginia (VDOF),State Forest Action Plan,191,context,biological_unit_components,habitat,TRUE,"A changing climate will affect forest health, distribution of certain species and the footprint of coastal forests.",Issue C3: Ensure the Sustainable Use of Forest Resources — Issue Description,NA
VA_FAP_2020,VA,FAP,2020,FALSE,Virginia (VDOF),State Forest Action Plan,191,context,biological_unit_components,ecosystem,TRUE,Longleaf pine forests are some of our most biologically diverse ecosystems; many species associated with longleaf ecosystems are threatened or endangered.,Issue A3: Conserve and Restore Diminished Forest Types — Issue Description,NA
VA_FAP_2020,VA,FAP,2020,FALSE,Virginia (VDOF),State Forest Action Plan,191,context,partnerships_and_funding,NA,1,"Since 2015 VDOF has partnered with other Chesapeake Bay jurisdictions and internally within Virginia with the Rappahannock River Basin Commission and other partners in leading a landscape-scale, Chesapeake Bay wide initiative called the Healthy Watershed Forest (HWF) project. The project has been funded throughout by the US Environmental Protection Agency (EPA) and the U.S Endowment for Forestry and Communities.",Section III: Healthy Watersheds Forest Project,NA
VA_FAP_2020,VA,FAP,2020,FALSE,Virginia (VDOF),State Forest Action Plan,191,context,climate_threat_habitat_degradation,NA,1,"A combination of sea level rise, geologic forces, land subsidence, weather and development have caused the gradual retreat of coastal forests in Virginia. Fringes of 'ghost forests' can be seen along marsh edges, as saltwater influence makes its progression inland.",Issue B1: Retaining and Creating Forests to Combat the Impacts of Sea Level Rise,NA
VA_FAP_2020,VA,FAP,2020,FALSE,Virginia (VDOF),State Forest Action Plan,191,context,climate_threat_biotic_stressors,NA,1,The spread of invasive species will likely change as climates become more or less suitable across the Commonwealth requiring vigilance and tracking by VDOF foresters to manage for new invasions of nonnative species.,"Section III: Virginia Forest Trends, Conditions, and Threats — Climate Change",NA
VA_FAP_2020,VA,FAP,2020,FALSE,Virginia (VDOF),State Forest Action Plan,191,actions,priority_habitat_identification,NA,2,"The Forest Resource Priority map (Figure 19.) provides a ranking of private forestland that is a high, medium, and low priority when viewed as a combination of all of Virginia's critical issues including protecting, enhancing, and conserving forestland across the Commonwealth",Section IV: Southern Forest Land Assessment,NA
VA_FAP_2020,VA,FAP,2020,FALSE,Virginia (VDOF),State Forest Action Plan,191,actions,priority_habitat_identification,NA,2,"To better focus forestland conservation efforts, VDOF's forestland conservation program has developed an updated Forestland Conservation Value (FCV) model (revised 2018 and 2020) that identifies the highest priority forestlands that are not under permanent protection for conservation in Virginia",Issue C1 and C2: Priority Areas,NA
VA_FAP_2020,VA,FAP,2020,FALSE,Virginia (VDOF),State Forest Action Plan,191,actions,targeted_range_shift_actions,NA,1,VDOF will continue its efforts to restore shortleaf and longleaf pine to the landscape. Both of these species are drier-condition species that will fare better if some of the potential impacts of climate change are realized.,"Section III: Virginia Forest Trends, Conditions, and Threats — Climate Change",NA
VA_FAP_2020,VA,FAP,2020,FALSE,Virginia (VDOF),State Forest Action Plan,191,actions,time_bound_and_monitoring,NA,1,"Although the effects of climate change on the forest resource are somewhat unpredictable, Virginia and VDOF will need to monitor for, and develop appropriate responses to any identified impacts to the forest.","Section III: Virginia Forest Trends, Conditions, and Threats — Climate Change",NA
VA_FAP_2020,VA,FAP,2020,FALSE,Virginia (VDOF),State Forest Action Plan,191,actions,evidence_of_efficacy,NA,1,"Reestablishing shortleaf promotes forest diversity, forest health (particularly on poor soils where shortleaf pine thrives), allows for beneficial fire on the landscape and could be an important species during times of climate change and drought.",Issue A3: Conserve and Restore Diminished Forest Types — Issue Description,NA
VA_FAP_2020,VA,FAP,2020,FALSE,Virginia (VDOF),State Forest Action Plan,191,actions,adaptation_planning_frameworks,NA,1,VDOF initiated a Coastal Resilience program in 2019 to study the recent trends in Coastal Forestry and provide recommendations for management of urban and rural forests in the face of a changing climate.,"Section III: Virginia Forest Trends, Conditions, and Threats — Climate Change",NA
WA_FAP_2025,WA,FAP,2025,FALSE,Washington State (DNR),Forest Action Plan / State Forest Action Plan,156,concepts,climate_vulnerability,NA,2,"Increased disturbance from wildfire, drought, and insect outbreaks can degrade or eliminate critical habitat for forest-dependent species. Changing conditions may outpace existing habitat conservation and species recovery strategies. Climate change will exacerbate risks for species already listed under the Endangered Species Act",IMPACTS TO AT-RISK SPECIES AND HABITATS,exposure
WA_FAP_2025,WA,FAP,2025,FALSE,Washington State (DNR),Forest Action Plan / State Forest Action Plan,156,concepts,climate_vulnerability,NA,2,"Species shifts at higher elevations, with cold-adapted species like whitebark pine declining in range due to warming temperatures even as growing seasons lengthen.",CLIMATE CHANGE AND FUTURE DROUGHT IN WASHINGTON,exposure
WA_FAP_2025,WA,FAP,2025,FALSE,Washington State (DNR),Forest Action Plan / State Forest Action Plan,156,concepts,climate_vulnerability,NA,2,Partner with WDFW and others to complete Climate Change Vulnerability Index evaluations for rare species and ecosystems to determine risks to key species and habitats.,Wildlife and Salmon Recovery Goal 2,exposure
WA_FAP_2025,WA,FAP,2025,FALSE,Washington State (DNR),Forest Action Plan / State Forest Action Plan,156,concepts,adaptive_capacity_specificity,NA,1,"long-term climate shifts may render some previously forested areas unsuitable for forests in the future, many forests can be restored and maintained with active reforestation assistance",REFORESTATION AND SEED SUPPLY CHALLENGES,NA
WA_FAP_2025,WA,FAP,2025,FALSE,Washington State (DNR),Forest Action Plan / State Forest Action Plan,156,concepts,adaptive_capacity_components,distribution,TRUE,"Climate change is anticipated to lead to shifts in species distributions and abundances, increased presence of invasive species, and the emergence of novel ecological communities.",STR ATEGIES / Wildlife and Salmon Recovery section,NA
WA_FAP_2025,WA,FAP,2025,FALSE,Washington State (DNR),Forest Action Plan / State Forest Action Plan,156,concepts,adaptive_capacity_components,movement,TRUE,"Fragmentation limits the movement of wildlife, increases vulnerability to invasive species, alters hydrology, and erodes the resilience of forests to wildfire, drought, and climate change.",CONVERSION OF FORESTLANDS,NA
WA_FAP_2025,WA,FAP,2025,FALSE,Washington State (DNR),Forest Action Plan / State Forest Action Plan,156,concepts,adaptive_capacity_components,evolutionary_potential,TRUE,the production of genetically diverse and climate-resilient seedlings for reforestation of burned lands and other deforested areas.,FIGURE caption / Reforestation section,NA
WA_FAP_2025,WA,FAP,2025,FALSE,Washington State (DNR),Forest Action Plan / State Forest Action Plan,156,concepts,adaptive_capacity_components,ecological_dependencies,TRUE,Mismatches in timing between species life cycles and habitat conditions.,IMPACTS TO AT-RISK SPECIES AND HABITATS,NA
WA_FAP_2025,WA,FAP,2025,FALSE,Washington State (DNR),Forest Action Plan / State Forest Action Plan,156,concepts,adaptive_capacity_components,abiotic_niche,TRUE,"Species shifts at higher elevations, with cold-adapted species like whitebark pine declining in range due to warming temperatures even as growing seasons lengthen.",CLIMATE CHANGE AND FUTURE DROUGHT IN WASHINGTON,NA
WA_FAP_2025,WA,FAP,2025,FALSE,Washington State (DNR),Forest Action Plan / State Forest Action Plan,156,concepts,connectivity,NA,2,"WAHCAP identified or developed indicators for ten key connectivity values in Washington including: Ecosystem connectivity, Network importance, Landscape permeability, Hot spots of species of greatest conservation need, Focal species functional connectivity, Climate connectivity",Washington Habitat Connectivity Action Plan,NA
WA_FAP_2025,WA,FAP,2025,FALSE,Washington State (DNR),Forest Action Plan / State Forest Action Plan,156,concepts,connectivity,NA,2,"Seek to maintain, restore, and conserve habitat connectivity in Washington state and bordering areas to support priorities identified in the SWAP and other conservation strategies. Addressing fragmentation and habitat linkages based on the landscape-scale patterns identified in the Washington Habitat Connectivity Action Plan analyses",STR ATEGIES / Wildlife and Salmon Recovery Goal 1,NA
WA_FAP_2025,WA,FAP,2025,FALSE,Washington State (DNR),Forest Action Plan / State Forest Action Plan,156,concepts,connectivity,NA,2,Identify and prioritize opportunities for reforestation to ensure forests are sustained for the long-term in high priority sites to facilitate habitat connectivity and climate adaptation,PRIORITY ACTIONS FOR REFORESTATION / Reforestation Goal 3,NA
WA_FAP_2025,WA,FAP,2025,FALSE,Washington State (DNR),Forest Action Plan / State Forest Action Plan,156,tools,vulnerability_models,NA,1,Partner with WDFW and others to complete Climate Change Vulnerability Index evaluations for rare species and ecosystems to determine risks to key species and habitats.,Wildlife and Salmon Recovery Goal 2,NA
WA_FAP_2025,WA,FAP,2025,FALSE,Washington State (DNR),Forest Action Plan / State Forest Action Plan,156,tools,niche_models,NA,1,Develop species distribution models for forest-dependent species.,Wildlife and Salmon Recovery Goal 3,NA
WA_FAP_2025,WA,FAP,2025,FALSE,Washington State (DNR),Forest Action Plan / State Forest Action Plan,156,tools,climate_models,NA,2,"Deficit was calculated at 90m pixel resolution for the 1981-2010 and 2041-2070 time periods (ensemble of global circulation models under the R8.5 ""business as usual"" emissions scenario).",RISK OF FOREST CONVERSION / APPENDIX B,NA
WA_FAP_2025,WA,FAP,2025,FALSE,Washington State (DNR),Forest Action Plan / State Forest Action Plan,156,tools,climate_models,NA,2,"Climate data and climate projections from Climate North America were used (Mahony et al. 2022, Wang et al. 2016, 2025).",RISK OF FOREST CONVERSION / APPENDIX B,NA
WA_FAP_2025,WA,FAP,2025,FALSE,Washington State (DNR),Forest Action Plan / State Forest Action Plan,156,tools,connectivity_models,NA,2,"a customized wildlife habitat connectivity map to capture immerging forest health and resilience concerns for western Washington. The resulting data-driven prioritization map, along with input from partners about their geographic priorities, informed conversations between DNR and external partners to revise priority landscape designations.",Western Washington Forest Health Watershed Prioritization and Priority Landscapes,NA
WA_FAP_2025,WA,FAP,2025,FALSE,Washington State (DNR),Forest Action Plan / State Forest Action Plan,156,tools,connectivity_models,NA,2,WDFW synthesized these metrics into a layer mapping and quantifying connectivity values across the state. This synthesized layer was used to identify 13 terrestrial Connected Landscapes of Statewide Significance (CLOSS),Washington Habitat Connectivity Action Plan,NA
WA_FAP_2025,WA,FAP,2025,FALSE,Washington State (DNR),Forest Action Plan / State Forest Action Plan,156,context,management_scale,site,TRUE,Identifying and protecting drought refugia -microclimates that retain soil moisture and provide important habitat under drying conditions.,BUILDING CLIMATE RESILIENCE IN FORESTS,NA
WA_FAP_2025,WA,FAP,2025,FALSE,Washington State (DNR),Forest Action Plan / State Forest Action Plan,156,context,management_scale,watershed,TRUE,"Goal 1: Conduct 1.25 million acres of scientifically sound, landscape-scale, cross-boundary management and restoration treatments in priority watersheds to increase forest and watershed resilience by 2037.",PLAN GOALS / 20-Year Forest Health Strategic Plan,NA
WA_FAP_2025,WA,FAP,2025,FALSE,Washington State (DNR),Forest Action Plan / State Forest Action Plan,156,context,management_scale,county,TRUE,"In western Washington, forests near the I-5 corridor (particularly in Clark, King, Pierce, Snohomish, and Thurston counties) are under the greatest pressure.",CONVERSION OF FORESTLANDS,NA
WA_FAP_2025,WA,FAP,2025,FALSE,Washington State (DNR),Forest Action Plan / State Forest Action Plan,156,context,management_scale,within_state_region,TRUE,"At the same time, wildfires are increasing in size and severity, particularly in eastern Washington.",THE PRIORITIES AND ACTIONS IDENTIFIED IN THE PLAN...,NA
WA_FAP_2025,WA,FAP,2025,FALSE,Washington State (DNR),Forest Action Plan / State Forest Action Plan,156,context,management_scale,state,TRUE,"This Forest Action Plan emphasizes the importance of identifying high-priority landscapes, investing in active management, and expanding partnerships to achieve shared goals.",Integrated Strategic Plans,NA
WA_FAP_2025,WA,FAP,2025,FALSE,Washington State (DNR),Forest Action Plan / State Forest Action Plan,156,context,management_scale,multistate,TRUE,Strengthening coordination of relevant forest health and wildfire activities with Idaho and Oregon creates an important opportunity to accelerate implementation across boundaries.,MULTI-STATE PRIORITY LANDSCAPES,NA
WA_FAP_2025,WA,FAP,2025,FALSE,Washington State (DNR),Forest Action Plan / State Forest Action Plan,156,context,management_scale,ecosystem,TRUE,Washington's forests span a wide range of ecosystems from lowland urban forests in the Puget Sound and temperate rainforests on the Olympic Peninsula to dry ponderosa pine forests in the east Cascades.,THE PRIORITIES AND ACTIONS IDENTIFIED IN THE PLAN...,NA
WA_FAP_2025,WA,FAP,2025,FALSE,Washington State (DNR),Forest Action Plan / State Forest Action Plan,156,context,biological_unit_score,NA,2,"Climate change is anticipated to lead to shifts in species distributions and abundances, increased presence of invasive species, and the emergence of novel ecological communities.",STR ATEGIES / Wildlife and Salmon Recovery section,species / community
WA_FAP_2025,WA,FAP,2025,FALSE,Washington State (DNR),Forest Action Plan / State Forest Action Plan,156,context,biological_unit_score,NA,2,Declining canopy cover or shade and warming water temperatures that will threaten cold-water fish species. Shifts in vegetation communities and associated disturbance regimes critical for threatened birds and mammals.,IMPACTS TO AT-RISK SPECIES AND HABITATS,species / habitat
WA_FAP_2025,WA,FAP,2025,FALSE,Washington State (DNR),Forest Action Plan / State Forest Action Plan,156,context,biological_unit_components,species,TRUE,"Species shifts at higher elevations, with cold-adapted species like whitebark pine declining in range due to warming temperatures even as growing seasons lengthen.",CLIMATE CHANGE AND FUTURE DROUGHT IN WASHINGTON,NA
WA_FAP_2025,WA,FAP,2025,FALSE,Washington State (DNR),Forest Action Plan / State Forest Action Plan,156,context,biological_unit_components,habitat,TRUE,"Increased disturbance from wildfire, drought, and insect outbreaks can degrade or eliminate critical habitat for forest-dependent species.",IMPACTS TO AT-RISK SPECIES AND HABITATS,NA
WA_FAP_2025,WA,FAP,2025,FALSE,Washington State (DNR),Forest Action Plan / State Forest Action Plan,156,context,biological_unit_components,ecosystem,TRUE,"Climate change is anticipated to lead to shifts in species distributions and abundances, increased presence of invasive species, and the emergence of novel ecological communities.",STR ATEGIES / Wildlife and Salmon Recovery section,NA
WA_FAP_2025,WA,FAP,2025,FALSE,Washington State (DNR),Forest Action Plan / State Forest Action Plan,156,context,biological_unit_components,community,TRUE,Shifts in vegetation communities and associated disturbance regimes critical for threatened birds and mammals.,IMPACTS TO AT-RISK SPECIES AND HABITATS,NA
WA_FAP_2025,WA,FAP,2025,FALSE,Washington State (DNR),Forest Action Plan / State Forest Action Plan,156,context,partnerships_and_funding,NA,2,"Washington State has secured seven Landscape Scale Restoration grants since 2020 totaling $2,068,154 in federal funding to make meaningful progress on our Forest Action Plan goals across six priority landscapes.",Landscape Scale Restoration Competitive Grant Program,NA
WA_FAP_2025,WA,FAP,2025,FALSE,Washington State (DNR),Forest Action Plan / State Forest Action Plan,156,context,partnerships_and_funding,NA,2,"In 2024, DNR administered a groundbreaking $8 million Community Forestry Assistance Grant cycle, combining federal and state funding. This supported more than 40 urban forestry projects across the state from rural communities to city centers.",Urban and Community Forestry Program Impact Summary,NA
WA_FAP_2025,WA,FAP,2025,FALSE,Washington State (DNR),Forest Action Plan / State Forest Action Plan,156,context,partnerships_and_funding,NA,2,"Community carbon projects received $27,021,650 in state funding between 2019 and 2027, which led to permanent protection of 12,736 acres of forestland.",FOREST LEGACY PROGRAM / Community Forest table,NA
WA_FAP_2025,WA,FAP,2025,FALSE,Washington State (DNR),Forest Action Plan / State Forest Action Plan,156,context,climate_threat_habitat_degradation,NA,1,"Climate-driven stressors like drought, extreme heat, and altered snowpack are affecting forest productivity, regeneration, and resilience.",THE PRIORITIES AND ACTIONS IDENTIFIED IN THE PLAN...,NA
WA_FAP_2025,WA,FAP,2025,FALSE,Washington State (DNR),Forest Action Plan / State Forest Action Plan,156,context,climate_threat_habitat_degradation,NA,1,"As the climate warms and dry seasons lengthen, the frequency, size, and severity of wildfires are projected to increase on both the east and west sides of the state. Warmer temperatures, lower soil and fuel moisture, and earlier snowmelt contribute to longer fire seasons and more extreme fire behavior.",INCREASED WILDFIRE POTENTIAL ACROSS THE STATE,NA
WA_FAP_2025,WA,FAP,2025,FALSE,Washington State (DNR),Forest Action Plan / State Forest Action Plan,156,context,climate_threat_species_vital_rates,NA,1,"Prolonged low flows and warming stream temperatures caused widespread fish mortality, including in species critical to Tribal, commercial, and recreational fisheries.",ECOLOGICAL CONDITIONS AND THREATS FACING FORESTS,NA
WA_FAP_2025,WA,FAP,2025,FALSE,Washington State (DNR),Forest Action Plan / State Forest Action Plan,156,context,climate_threat_species_vital_rates,NA,1,"Washington experienced a ""heat dome"" in June 2021 when extremely high temperatures occurred over a period of three days. This weather event caused direct damage to trees, scorching (red dead foliage) some of the most exposed southwest portions of mature tree foliage and mortality of young seedlings.",Insect and Disease,NA
WA_FAP_2025,WA,FAP,2025,FALSE,Washington State (DNR),Forest Action Plan / State Forest Action Plan,156,context,climate_threat_biotic_stressors,NA,1,"California fivespined Ips, a bark beetle species not known to kill pines in Washington prior to 2010, has become a frequent cause of pine mortality in areas west of the Cascades previously not known to be affected by said beetle. This expanded range is likely tied to drought and extreme heat stress.",Insect and Disease,NA
WA_FAP_2025,WA,FAP,2025,FALSE,Washington State (DNR),Forest Action Plan / State Forest Action Plan,156,context,climate_threat_biotic_stressors,NA,1,Native insect and disease outbreaks may expand in frequency and range. Non-native pests and pathogens may establish or spread more rapidly.,Insect and Disease,NA
WA_FAP_2025,WA,FAP,2025,FALSE,Washington State (DNR),Forest Action Plan / State Forest Action Plan,156,actions,priority_habitat_identification,NA,2,"Focusing agency investments and collaboration in these priority landscapes will lead to increased forest health and landscape resilience in western Washington... This priority map is a composite of 15 different data layers, such as fish and wildlife, climate change, and drinking water.",Western Washington Forest Health Watershed Prioritization and Priority Landscapes,NA
WA_FAP_2025,WA,FAP,2025,FALSE,Washington State (DNR),Forest Action Plan / State Forest Action Plan,156,actions,priority_habitat_identification,NA,2,WDFW synthesized these metrics into a layer mapping and quantifying connectivity values across the state. This synthesized layer was used to identify 13 terrestrial Connected Landscapes of Statewide Significance (CLOSS),Washington Habitat Connectivity Action Plan,NA
WA_FAP_2025,WA,FAP,2025,FALSE,Washington State (DNR),Forest Action Plan / State Forest Action Plan,156,actions,priority_habitat_identification,NA,2,Identifying and protecting drought refugia -microclimates that retain soil moisture and provide important habitat under drying conditions.,BUILDING CLIMATE RESILIENCE IN FORESTS,NA
WA_FAP_2025,WA,FAP,2025,FALSE,Washington State (DNR),Forest Action Plan / State Forest Action Plan,156,actions,targeted_range_shift_actions,NA,1,"Some species may no longer be suitable for particular locations, necessitating shifts in species selection or seed sources (i.e. assisted migration).",REFORESTATION AND SEED SUPPLY CHALLENGES,NA
WA_FAP_2025,WA,FAP,2025,FALSE,Washington State (DNR),Forest Action Plan / State Forest Action Plan,156,actions,targeted_range_shift_actions,NA,1,Favoring site-appropriate or drought-tolerant species and seed zones during planting and regeneration.,BUILDING CLIMATE RESILIENCE IN FORESTS,NA
WA_FAP_2025,WA,FAP,2025,FALSE,Washington State (DNR),Forest Action Plan / State Forest Action Plan,156,actions,time_bound_and_monitoring,NA,2,"Goal 1: Conduct 1.25 million acres of scientifically sound, landscape-scale, cross-boundary management and restoration treatments in priority watersheds to increase forest and watershed resilience by 2037.",PLAN GOALS / 20-Year Forest Health Strategic Plan,time-bound
WA_FAP_2025,WA,FAP,2025,FALSE,Washington State (DNR),Forest Action Plan / State Forest Action Plan,156,actions,time_bound_and_monitoring,NA,2,"In odd-numbered years, DNR will publish a Forest Action Plan Progress Report. This report will summarize implementation progress against plan goals and priority actions, highlight success stories, and identify emerging challenges and opportunities.",BIENNIAL REPORTING SCHEDULE,monitoring
WA_FAP_2025,WA,FAP,2025,FALSE,Washington State (DNR),Forest Action Plan / State Forest Action Plan,156,actions,time_bound_and_monitoring,NA,2,"Develop and implement a forest health resilience monitoring program that establishes criteria, tools, and processes to monitor forest and watershed conditions, assess progress, and reassess strategies over time.",PLAN GOALS / 20-Year Forest Health Strategic Plan,monitoring
WA_FAP_2025,WA,FAP,2025,FALSE,Washington State (DNR),Forest Action Plan / State Forest Action Plan,156,actions,evidence_of_efficacy,NA,2,"In western Washington, treatments such as prescribed fire can carry important socio-ecological or cultural benefits, however little is known about the efficacy of fuels management at a landscape-scale.",FOREST RESOURCE ASSESSMENT / Western Washington Fire,NA
WA_FAP_2025,WA,FAP,2025,FALSE,Washington State (DNR),Forest Action Plan / State Forest Action Plan,156,actions,evidence_of_efficacy,NA,2,"This plan includes present-day actions, based on best available evidence, with the goal of reducing risk and being more prepared and resilient when wildfires occur. The plan also recommends investments in scientific research, monitoring, and planning to ensure our strategies adapt to changing climatic conditions over time.",WESTERN WASHINGTON WILDFIRE,NA
WA_FAP_2025,WA,FAP,2025,FALSE,Washington State (DNR),Forest Action Plan / State Forest Action Plan,156,actions,adaptation_planning_frameworks,NA,2,"Management strategies have been proposed for current and changing climate scenarios to enhance resistance and resilience to insect and disease outbreaks. That said, a changing climate will likely create novel conditions for which previous experience is unavailable. Therefore, in addition to increasing landscape resiliency and drought mitigation, an emphasis is also needed on forest health strategies that consider ecosystem adaptability",Insect and Disease,NA
WA_FAP_2025,WA,FAP,2025,FALSE,Washington State (DNR),Forest Action Plan / State Forest Action Plan,156,actions,adaptation_planning_frameworks,NA,2,"Science and adaptive management: using the best available science, monitoring outcomes, and adjusting strategies as conditions change.",20-Year Forest Health Strategic Plan: Eastern Washington,NA
WA_FAP_2025,WA,FAP,2025,FALSE,Washington State (DNR),Forest Action Plan / State Forest Action Plan,156,actions,adaptation_planning_frameworks,NA,2,"Respondents recommended using climate adaptation tools to guide species selection, reforestation, and genetic research. Respondents restoration. Suggestions included reassessing forest practices rules, improving management of riparian areas, and aligning with the USDA Forest Service, Tribes, local governments, and other partners to ensure consistent, landscape-scale",APPENDIX A / open-ended survey responses,NA
WI_FAP_2020,WI,FAP,2020,FALSE,Wisconsin,Statewide Forest Action Plan,186,concepts,climate_vulnerability,NA,2,Conifer lowlands are vulnerable due to sensitivity to changes in water tables and snow cover. Urban forests can respond well if cities replant with species suited to warmer temperatures.,Climate Change section (CLIMATE CHANGE & WISCONSIN'S FORESTS table),sensitivity/exposure
WI_FAP_2020,WI,FAP,2020,FALSE,Wisconsin,Statewide Forest Action Plan,186,concepts,climate_vulnerability,NA,2,"Due to these changes, some forest types could have their ranges expand or contract. Central Hardwoods may expand their range, although it is uncertain how this forest type will be affected by much wetter or much drier conditions. Boreal species are at risk due to warmer winter temperatures and possible late summer droughts.",Climate Change section (CLIMATE CHANGE & WISCONSIN'S FORESTS table),exposure
WI_FAP_2020,WI,FAP,2020,FALSE,Wisconsin,Statewide Forest Action Plan,186,concepts,climate_vulnerability,NA,2,"In cases where forest simplification has occurred, these forests may be less resilient to the effects of climate change.",Climate Change: CONDITIONS & TRENDS,adaptive capacity
WI_FAP_2020,WI,FAP,2020,FALSE,Wisconsin,Statewide Forest Action Plan,186,concepts,adaptive_capacity_specificity,NA,1,Habitat suitability will be altered for many species.,Climate Change section (CLIMATE CHANGE & WISCONSIN'S FORESTS table),NA
WI_FAP_2020,WI,FAP,2020,FALSE,Wisconsin,Statewide Forest Action Plan,186,concepts,adaptive_capacity_components,distribution,TRUE,"Due to these changes, some forest types could have their ranges expand or contract. Central Hardwoods may expand their range, although it is uncertain how this forest type will be affected by much wetter or much drier conditions. Boreal species are at risk due to warmer winter temperatures and possible late summer droughts.",Climate Change section (CLIMATE CHANGE & WISCONSIN'S FORESTS table),NA
WI_FAP_2020,WI,FAP,2020,FALSE,Wisconsin,Statewide Forest Action Plan,186,concepts,adaptive_capacity_components,movement,TRUE,"The potential impact of climate change on species movement, intensity and frequency of natural hazards, and opportunities for mitigation are all important issues and should be prioritized but are difficult to map.",Priority Issues of Forest Threats / Climate change,NA
WI_FAP_2020,WI,FAP,2020,FALSE,Wisconsin,Statewide Forest Action Plan,186,concepts,adaptive_capacity_components,evolutionary_potential,TRUE,"Identify, conserve, and manage diverse forest genetic resources that are adaptable for future climatic conditions and maintain forest productivity and health.",Summary of Goals & Strategies (Climate Change goal J strategies),NA
WI_FAP_2020,WI,FAP,2020,FALSE,Wisconsin,Statewide Forest Action Plan,186,concepts,adaptive_capacity_components,abiotic_niche,TRUE,Conifer lowlands are vulnerable due to sensitivity to changes in water tables and snow cover.,Climate Change section (CLIMATE CHANGE & WISCONSIN'S FORESTS table),NA
WI_FAP_2020,WI,FAP,2020,FALSE,Wisconsin,Statewide Forest Action Plan,186,concepts,connectivity,NA,2,"Promote landscape connectivity for more resilient and adapted ecosystems, by reducing fragmentation and creating corridors through reforestation, afforestation, or restoration.",Summary of Goals & Strategies (Climate Change goal J strategies),NA
WI_FAP_2020,WI,FAP,2020,FALSE,Wisconsin,Statewide Forest Action Plan,186,concepts,connectivity,NA,2,GOAL B: FORESTED LANDSCAPES PROVIDE CONNECTIVITY BETWEEN PATCHES OF FORESTS OF ALL SERAL STAGES AND TYPES FOR FOREST-DEPENDENT SPECIES AND RELATED NATURAL COMMUNITIES.,GOAL B (Goals and Strategies section),NA
WI_FAP_2020,WI,FAP,2020,FALSE,Wisconsin,Statewide Forest Action Plan,186,tools,vulnerability_models,NA,2,"Forest Ecosystem Vulnerability Assessment and Synthesis for Northern Wisconsin and Western Upper Michigan (Janowiak et al., 2014).",Climate Change section (CLIMATE CHANGE & WISCONSIN'S FORESTS table),NA
WI_FAP_2020,WI,FAP,2020,FALSE,Wisconsin,Statewide Forest Action Plan,186,tools,climate_models,NA,1,Temperatures are projected to increase 3 to 9° F over the next century.,Climate Change section (CLIMATE CHANGE & WISCONSIN'S FORESTS table),NA
WI_FAP_2020,WI,FAP,2020,FALSE,Wisconsin,Statewide Forest Action Plan,186,context,management_scale,county,TRUE,"Encourage collaborative, large-scale planning at the town, county, state, tribal, and federal levels.",GOAL B strategies,NA
WI_FAP_2020,WI,FAP,2020,FALSE,Wisconsin,Statewide Forest Action Plan,186,context,management_scale,within_state_region,TRUE,"Due to these changes, some forest types could have their ranges expand or contract. Central Hardwoods may expand their range...Boreal species are at risk due to warmer winter temperatures and possible late summer droughts.",Climate Change section (CLIMATE CHANGE & WISCONSIN'S FORESTS table),NA
WI_FAP_2020,WI,FAP,2020,FALSE,Wisconsin,Statewide Forest Action Plan,186,context,management_scale,state,TRUE,"Promote landscape connectivity for more resilient and adapted ecosystems, by reducing fragmentation and creating corridors through reforestation, afforestation, or restoration.",Summary of Goals & Strategies (Climate Change goal J strategies),NA
WI_FAP_2020,WI,FAP,2020,FALSE,Wisconsin,Statewide Forest Action Plan,186,context,management_scale,multistate,TRUE,Wisconsin worked with neighboring states and the USDA Forest Service to develop the list of multi-state priority landscapes and issues.,MULTI-STATE PRIORITIES,NA
WI_FAP_2020,WI,FAP,2020,FALSE,Wisconsin,Statewide Forest Action Plan,186,context,management_scale,ecosystem,TRUE,"Climate change is exacerbating the impacts of catastrophic events on forests. Resilience is key to limiting impacts. Therefore, the highest priority landscapes for abiotic issues are forested areas where resilience can be improved or in protecting and mitigating damage in non-resilient rare forests.",Priority Issues of Forest Threats / Climate change,NA
WI_FAP_2020,WI,FAP,2020,FALSE,Wisconsin,Statewide Forest Action Plan,186,context,management_scale,ecoregion,TRUE,"The ecological landscapes encompass 16 eco-regions of Wisconsin, each defined by similar ecological attributes and management opportunities.",ECOLOGICAL LANDSCAPES OF WISCONSIN,NA
WI_FAP_2020,WI,FAP,2020,FALSE,Wisconsin,Statewide Forest Action Plan,186,context,biological_unit_score,NA,2,"Due to these changes, some forest types could have their ranges expand or contract. Central Hardwoods may expand their range...Boreal species are at risk due to warmer winter temperatures and possible late summer droughts.",Climate Change section (CLIMATE CHANGE & WISCONSIN'S FORESTS table),species/habitat
WI_FAP_2020,WI,FAP,2020,FALSE,Wisconsin,Statewide Forest Action Plan,186,context,biological_unit_score,NA,2,Habitat suitability will be altered for many species.,Climate Change section (CLIMATE CHANGE & WISCONSIN'S FORESTS table),ecosystem
WI_FAP_2020,WI,FAP,2020,FALSE,Wisconsin,Statewide Forest Action Plan,186,context,biological_unit_components,species,TRUE,Boreal species are at risk due to warmer winter temperatures and possible late summer droughts. Jack pine could be resilient because it's adapted to extremely dry sandy sites and not so dependent on climate.,Climate Change section (CLIMATE CHANGE & WISCONSIN'S FORESTS table),NA
WI_FAP_2020,WI,FAP,2020,FALSE,Wisconsin,Statewide Forest Action Plan,186,context,biological_unit_components,habitat,TRUE,"Due to these changes, some forest types could have their ranges expand or contract. Central Hardwoods may expand their range, although it is uncertain how this forest type will be affected by much wetter or much drier conditions.",Climate Change section (CLIMATE CHANGE & WISCONSIN'S FORESTS table),NA
WI_FAP_2020,WI,FAP,2020,FALSE,Wisconsin,Statewide Forest Action Plan,186,context,biological_unit_components,ecosystem,TRUE,"Climate change is exacerbating the impacts of catastrophic events on forests. Resilience is key to limiting impacts. Therefore, the highest priority landscapes for abiotic issues are forested areas where resilience can be improved or in protecting and mitigating damage in non-resilient rare forests.",Priority Issues of Forest Threats / Climate change,NA
WI_FAP_2020,WI,FAP,2020,FALSE,Wisconsin,Statewide Forest Action Plan,186,context,biological_unit_components,community,TRUE,Facilitate community adjustments through species transitions. Realign ecosystems after disturbance.,Climate Change section (MITIGATION & ADAPTATION table),NA
WI_FAP_2020,WI,FAP,2020,FALSE,Wisconsin,Statewide Forest Action Plan,186,context,partnerships_and_funding,NA,1,"Many funding sources exist at the local, state and federal level. Landscape Scale Restoration (LSR) grants and Great Lakes Restoration Initiative (GLRI) grants have been resources for Forest Action Plan projects in the past.",Summary of Goals & Strategies (resources for strategies table),NA
WI_FAP_2020,WI,FAP,2020,FALSE,Wisconsin,Statewide Forest Action Plan,186,context,partnerships_and_funding,NA,1,"Increase management capacity by encouraging partnerships at different levels, from federal to local stakeholders.",Summary of Goals & Strategies (Climate Change goal J strategies),NA
WI_FAP_2020,WI,FAP,2020,FALSE,Wisconsin,Statewide Forest Action Plan,186,context,climate_threat_habitat_degradation,NA,1,"As Wisconsin experiences effects from climate change such as increased annual rainfall, these windows may shift or close, making it difficult to conduct prescribed burns under the right weather prescription to achieve objectives.",PRESCRIBED FIRE,NA
WI_FAP_2020,WI,FAP,2020,FALSE,Wisconsin,Statewide Forest Action Plan,186,context,climate_threat_habitat_degradation,NA,1,"Increased frequency and severity of catastrophic events may result in increased damage to forests, altered forest soils, loss of forest productivity and changes in forest composition.",Climate Change: CONDITIONS & TRENDS,NA
WI_FAP_2020,WI,FAP,2020,FALSE,Wisconsin,Statewide Forest Action Plan,186,context,climate_threat_species_vital_rates,NA,1,"Young forests may be vulnerable due to stress and mortality from changing temperature and precipitation patterns, which may result in lower natural regeneration.",Climate Change section (CLIMATE CHANGE & WISCONSIN'S FORESTS table),NA
WI_FAP_2020,WI,FAP,2020,FALSE,Wisconsin,Statewide Forest Action Plan,186,context,climate_threat_biotic_stressors,NA,1,Invasive species will disproportionally benefit from warmer and wetter conditions because of their naturally more aggressive ability to colonize and exploit changed or disturbed areas.,Climate Change: CONDITIONS & TRENDS,NA
WI_FAP_2020,WI,FAP,2020,FALSE,Wisconsin,Statewide Forest Action Plan,186,context,climate_threat_biotic_stressors,NA,1,Forest pests and diseases may be more damaging in stressed forests. Current natural pests could expand their range and new pests and/or pathogens may enter Wisconsin in the future.,Climate Change: CONDITIONS & TRENDS,NA
WI_FAP_2020,WI,FAP,2020,FALSE,Wisconsin,Statewide Forest Action Plan,186,actions,priority_habitat_identification,NA,2,"The Nature Conservancy created a report and a map for Resilient Sites for Terrestrial Conservation in Eastern North America, where they defined resilient sites as 'an area of land with sufficient variability and microclimate options to enable species and ecosystems to persist in the face of climate change and which will maintain this ability over time' (Anderson et al., 2018).",Priority Landscapes and Issues / Priority Geospatial Attributes of Resilient Forests in Wisconsin,NA
WI_FAP_2020,WI,FAP,2020,FALSE,Wisconsin,Statewide Forest Action Plan,186,actions,priority_habitat_identification,NA,2,"Areas with an above average resilient score should be maintain and prioritized as areas with the greatest potential to both mitigate and adapt for climate change. Ecological landscapes with more areas with an 'above average' resilient score, are scored higher.",Priority Landscapes and Issues / Priority Geospatial Attributes of Resilient Forests in Wisconsin,NA
WI_FAP_2020,WI,FAP,2020,FALSE,Wisconsin,Statewide Forest Action Plan,186,actions,targeted_range_shift_actions,NA,1,"Promote landscape connectivity for more resilient and adapted ecosystems, by reducing fragmentation and creating corridors through reforestation, afforestation, or restoration.",Summary of Goals & Strategies (Climate Change goal J strategies),NA
WI_FAP_2020,WI,FAP,2020,FALSE,Wisconsin,Statewide Forest Action Plan,186,actions,time_bound_and_monitoring,NA,1,The Statewide Forest Action Plan is a 10 year strategic plan for the forestry community that spans 2020-2030.,Introduction,NA
WI_FAP_2020,WI,FAP,2020,FALSE,Wisconsin,Statewide Forest Action Plan,186,actions,evidence_of_efficacy,NA,2,"10 basic strategies have been described by NIACS (Swanston et al., 2016) and include: Sustain fundamental ecological functions. Maintain or improve the ability of forests to resist pests and pathogens.",Climate Change / MITIGATION & ADAPTATION,NA
WI_FAP_2020,WI,FAP,2020,FALSE,Wisconsin,Statewide Forest Action Plan,186,actions,evidence_of_efficacy,NA,2,"Resources currently available to aid forest managers in adaptation best practices include: Forest Adaptation Resources: Climate Change Tools and Approaches for Land Managers, 2nd edition (Swanston et al., 2016).",Climate Change section (resources list table),NA
WI_FAP_2020,WI,FAP,2020,FALSE,Wisconsin,Statewide Forest Action Plan,186,actions,adaptation_planning_frameworks,NA,2,"Resources currently available to aid forest managers in adaptation best practices include: Forest Adaptation Resources: Climate Change Tools and Approaches for Land Managers, 2nd edition (Swanston et al., 2016). USDA Forest Service Climate Change Resource Center. Climate Change Response Framework.",Climate Change section (resources list table),NA
WI_FAP_2020,WI,FAP,2020,FALSE,Wisconsin,Statewide Forest Action Plan,186,actions,adaptation_planning_frameworks,NA,2,"The Wisconsin Initiative on Climate Change Impacts (WICCI), an expert panel of forest researchers and managers, compiled information on climate change in their 'Wisconsin's Changing Climate: Impacts and Adaptation' report (WICCI, 2011).",Climate Change section (CLIMATE CHANGE & WISCONSIN'S FORESTS table),NA
WV_FAP_2020,WV,FAP,2020,FALSE,West Virginia Division of Forestry (WVDOF),State Forest Action Plan,331,concepts,climate_vulnerability,NA,1,"West Virginia's climate is changing. Most of the state has warmed 0.5°F to 1°F in the last century, and heavy rainstorms are becoming more frequent, contributing to an increase in annual precipitation by up to 10% in many parts of the state.",Sub-Issue 6.2: Mitigate Climate Change and Enhance Ecosystem Services,NA
WV_FAP_2020,WV,FAP,2020,FALSE,West Virginia Division of Forestry (WVDOF),State Forest Action Plan,331,concepts,connectivity,NA,1,"Layer 32 -TNC Priority network (Climate corridors, Resilient areas with confirmed diversity, climate flow zones and Climate flow zones with confirmed diversity) = 1.",List of Data Layers and Requirements,NA
WV_FAP_2020,WV,FAP,2020,FALSE,West Virginia Division of Forestry (WVDOF),State Forest Action Plan,331,tools,climate_models,NA,1,"A population assessment was completed with the ICLUS v2.1 model. Projected populations for 2020-2040 under the SSP2 (medium population), RCP4.5 (medium emissions) scenarios and the hadgem2-ES climate model for higher sensitivity to CO2 increases were used to determine the percentage of population change for this 20-year time period.",Sub-Issue 6.3: Promote Urban Tree Canopy Cover Management within the Chesapeake Bay Watershed,NA
WV_FAP_2020,WV,FAP,2020,FALSE,West Virginia Division of Forestry (WVDOF),State Forest Action Plan,331,tools,connectivity_models,NA,1,"Layer 32 -TNC Priority network (Climate corridors, Resilient areas with confirmed diversity, climate flow zones and Climate flow zones with confirmed diversity) = 1.",List of Data Layers and Requirements,NA
WV_FAP_2020,WV,FAP,2020,FALSE,West Virginia Division of Forestry (WVDOF),State Forest Action Plan,331,context,management_scale,watershed,TRUE,"In the spring of 2023, a revision in priority areas was completed using a revised ranking scheme based on HUC-12 watershed boundaries with summarized data mostly from Forests to Faucets 2.","Sub-Issue 3.1: Growth, Yield, and Management",NA
WV_FAP_2020,WV,FAP,2020,FALSE,West Virginia Division of Forestry (WVDOF),State Forest Action Plan,331,context,management_scale,state,TRUE,"This West Virginia Statewide Forest Action Plan (SFAP), formerly known as the 2010 State Forest Assessment and Strategy (FRAS), provides an update of forestry, forests, and related natural resources in the state since the 2010 FRAS.",I. Introduction / Executive Summary,NA
WV_FAP_2020,WV,FAP,2020,FALSE,West Virginia Division of Forestry (WVDOF),State Forest Action Plan,331,context,management_scale,multistate,TRUE,"Several natural resource and conservation efforts have been taking place for the past decade or more to clean up the Chesapeake Bay and restore it to its former condition. This has been recognized as a high national priority. Federal agencies, including the EPA, USDA, and USDI, are involved in this effort. The states noted above are involved in various efforts to reforest Chesapeake Bay tributaries",IV. Existing and Potential Multi-State Projects,NA
WV_FAP_2020,WV,FAP,2020,FALSE,West Virginia Division of Forestry (WVDOF),State Forest Action Plan,331,context,biological_unit_score,NA,1,"High-priority conservation forest ecosystems that the WVDNR has listed in their SWAP, and which were also provided by The Nature Conservancy (TNC), include: red spruce forests; hemlock forests; calcareous forests and woodlands",Sub-Issue 3.5: Habitat Diversity and Conservation,NA
WV_FAP_2020,WV,FAP,2020,FALSE,West Virginia Division of Forestry (WVDOF),State Forest Action Plan,331,context,biological_unit_components,habitat,TRUE,"High-priority conservation forest ecosystems that the WVDNR has listed in their SWAP, and which were also provided by The Nature Conservancy (TNC), include: red spruce forests; hemlock forests; calcareous forests and woodlands (Ridge and Valley physiographic province, i.e. Chesapeake Bay watershed); flood plain forests; and swamps.",Sub-Issue 3.5: Habitat Diversity and Conservation,NA
WV_FAP_2020,WV,FAP,2020,FALSE,West Virginia Division of Forestry (WVDOF),State Forest Action Plan,331,context,partnerships_and_funding,NA,1,"The WVDOF works with partner agencies such as; the USDA Forest Service, US Fish & Wildlife Service, The Nature Conservancy, USDA Natural Resources Conservation Service, WVDNR, the WV Highlands Conservancy and others to collaborate on the restoration and conservation of the red spruce-northern hardwood ecosystem",Central Appalachian Spruce Restoration Initiative,NA
WV_FAP_2020,WV,FAP,2020,FALSE,West Virginia Division of Forestry (WVDOF),State Forest Action Plan,331,context,climate_threat_habitat_degradation,NA,1,"By 2100, temperatures in West Virginia could increase by 3°F in winter, spring, and summer and 4°F in the fall. Precipitation is also estimated to increase by 20% in all seasons, slightly more in summer. In the coming decades, this is likely to increase flooding, harm ecosystems, increase some health problems",Sub-Issue 6.2: Mitigate Climate Change and Enhance Ecosystem Services,NA
WV_FAP_2020,WV,FAP,2020,FALSE,West Virginia Division of Forestry (WVDOF),State Forest Action Plan,331,actions,priority_habitat_identification,NA,1,"Layer 32 -TNC Priority network (Climate corridors, Resilient areas with confirmed diversity, climate flow zones and Climate flow zones with confirmed diversity) = 1.",List of Data Layers and Requirements,NA
WV_FAP_2020,WV,FAP,2020,FALSE,West Virginia Division of Forestry (WVDOF),State Forest Action Plan,331,actions,time_bound_and_monitoring,NA,1,"Approximately three Forest Legacy projects are to be completed prior to June 30th, 2030.",Timeline (State Issue 1: Competing Land Uses),NA
WV_FAP_2020,WV,FAP,2020,FALSE,West Virginia Division of Forestry (WVDOF),State Forest Action Plan,331,actions,evidence_of_efficacy,NA,1,Kumbrabow State Forest is one example of an ongoing red spruce restoration project that has been completed and proven to be successful.,Central Appalachian Spruce Restoration Initiative,NA
WV_FAP_2020,WV,FAP,2020,FALSE,West Virginia Division of Forestry (WVDOF),State Forest Action Plan,331,actions,adaptation_planning_frameworks,NA,1,Manage trees and forests to mitigate and adapt to global climate change,"Issues, Threats, Opportunities and Priority Areas (FIGURE - National Priorities and Objectives)",NA
WY_FAP_2020,WY,FAP,2020,FALSE,Wyoming,Forest Action Plan,233,concepts,climate_vulnerability,NA,2,Wyoming is considered highly sensitive to climate change due to several factors including a naturally dry climate and dependence on mountain snow for surface water. There may be impacts on the amount and timing of water runoff and the length and severity of fire seasons.,Threats to Priority Forest Landscapes,sensitivity/exposure
WY_FAP_2020,WY,FAP,2020,FALSE,Wyoming,Forest Action Plan,233,concepts,climate_vulnerability,NA,2,"Wyoming's climate is dynamic and over the last century, the state has seen an increase in temperatures and droughts which have resulted in tree mortality, increased wildfire risk, as well as insect outbreaks (United States Environmental Protection Agency, 2016). Wyoming is considered highly sensitive to climate change due to several factors, including a naturally dry climate and dependence on mountain snow for surface water.",Agroforestry / Climate change context (table section),sensitivity/exposure
WY_FAP_2020,WY,FAP,2020,FALSE,Wyoming,Forest Action Plan,233,concepts,climate_vulnerability,NA,2,Distribution of tree species could be altered as species better able to tolerate warmer and drier conditions expand their distribution. The timing and duration of wildfire seasons could change. Warmer climates are predicted to favor faster adapting insects over slower adapting tree species.,Additional Wildfire Risk Analysis,exposure
WY_FAP_2020,WY,FAP,2020,FALSE,Wyoming,Forest Action Plan,233,concepts,adaptive_capacity_specificity,NA,1,Focus on management for current healthy diverse forests that are naturally resilient to many threats including climate change.,Strategy (Threat 15),NA
WY_FAP_2020,WY,FAP,2020,FALSE,Wyoming,Forest Action Plan,233,concepts,adaptive_capacity_components,distribution,TRUE,Distribution of tree species could be altered as species better able to tolerate warmer and drier conditions expand their distribution.,Additional Wildfire Risk Analysis,NA
WY_FAP_2020,WY,FAP,2020,FALSE,Wyoming,Forest Action Plan,233,concepts,adaptive_capacity_components,abiotic_niche,TRUE,"On current drier sites, manage for species with the greatest tolerance for dry conditions.",Strategy (Threat 15),NA
WY_FAP_2020,WY,FAP,2020,FALSE,Wyoming,Forest Action Plan,233,concepts,connectivity,NA,1,avoiding forest fragmentation and maintaining habitat connectivity and continuity are mandatory conditions for sustaining the future of Wyoming's wildlife resource.,"Wildlife, Fisheries, and Watershed Resources",NA
WY_FAP_2020,WY,FAP,2020,FALSE,Wyoming,Forest Action Plan,233,concepts,connectivity,NA,1,Reducing forest fragmentation and maintaining forest community 'patch size' and connectivity are among the primary benefits of the FLP.,Forest Health (Forest Legacy section),NA
WY_FAP_2020,WY,FAP,2020,FALSE,Wyoming,Forest Action Plan,233,context,management_scale,local,TRUE,"Community Wildfire Protection Plans (CWPP) have been developed at the county level. There are 24 up to date CWPPs throughout the state, providing direction on wildfire and hazardous fuels management.",Fuels Mitigation,NA
WY_FAP_2020,WY,FAP,2020,FALSE,Wyoming,Forest Action Plan,233,context,management_scale,site,TRUE,"Specific management recommendations, targets, and timelines belong in management plans developed by local resource managers. The Resource Strategy provides strategic guidance, not site-specific management recommendations.",National Themes / Assessment Data Layers,NA
WY_FAP_2020,WY,FAP,2020,FALSE,Wyoming,Forest Action Plan,233,context,management_scale,watershed,TRUE,Implement forest management activities on a landscape-scale and other meaningful scales to increase the likelihood that those activities would have a positive impact on water quality.,Strategy (Threat 10),NA
WY_FAP_2020,WY,FAP,2020,FALSE,Wyoming,Forest Action Plan,233,context,management_scale,county,TRUE,Community Wildfire Protection Plans (CWPP) have been developed at the county level. There are 24 up to date CWPPs throughout the state,Fuels Mitigation,NA
WY_FAP_2020,WY,FAP,2020,FALSE,Wyoming,Forest Action Plan,233,context,management_scale,within_state_region,TRUE,"The forested areas of Wyoming are in the western and central portions of the state, part of the ecoregion province referred to as the Southern Rocky Mountain",Wyoming Forest Resources Geology and Topography,NA
WY_FAP_2020,WY,FAP,2020,FALSE,Wyoming,Forest Action Plan,233,context,management_scale,state,TRUE,"The Forest Action Plan is a guiding document intended for WSFD, conservation partners, and those with an interest in forestry in the state. The document examines the most current forest resources in the state to show trends, threats, priorities, opportunities, and strategies.",Introduction,NA
WY_FAP_2020,WY,FAP,2020,FALSE,Wyoming,Forest Action Plan,233,context,management_scale,multistate,TRUE,Wyoming will work collaboratively with its six neighboring states to address common issues on priority landscapes as identified by each state's Statewide Assessment of Forest Resources.,Inter-State Collaboration (table section),NA
WY_FAP_2020,WY,FAP,2020,FALSE,Wyoming,Forest Action Plan,233,context,management_scale,ecosystem,TRUE,Wyoming has the largest virtually intact ecosystem remaining in the lower 48 States; the greater Yellowstone Ecosystem in the north and western third of the State.,Forest Health (Forest Legacy section / Biodiversity),NA
WY_FAP_2020,WY,FAP,2020,FALSE,Wyoming,Forest Action Plan,233,context,management_scale,ecoregion,TRUE,"The forested areas of Wyoming are in the western and central portions of the state, part of the ecoregion province referred to as the Southern Rocky Mountain (Bailey, 1995).",Wyoming Forest Resources Geology and Topography,NA
WY_FAP_2020,WY,FAP,2020,FALSE,Wyoming,Forest Action Plan,233,context,management_scale,province,TRUE,"An isolated area of forest land exists in the northeast portion of the state where ponderosa pine forests have found an ecological niche in the Black Hills. This province is referred to as the Black Hills Coniferous Forest Province (Bailey, 1995).",Wyoming Forest Resources Geology and Topography,NA
WY_FAP_2020,WY,FAP,2020,FALSE,Wyoming,Forest Action Plan,233,context,management_scale,river,TRUE,A network of riparian forests occurs along the major river systems and tributaries providing a valuable habitat component and interconnection between other forested areas.,Wyoming Forest Resources Geology and Topography,NA
WY_FAP_2020,WY,FAP,2020,FALSE,Wyoming,Forest Action Plan,233,context,biological_unit_score,NA,2,Distribution of tree species could be altered as species better able to tolerate warmer and drier conditions expand their distribution.,Additional Wildfire Risk Analysis,species
WY_FAP_2020,WY,FAP,2020,FALSE,Wyoming,Forest Action Plan,233,context,biological_unit_score,NA,2,"Less than one percent of the Intermountain West is classified as riparian forest, yet an estimated 80% of wildlife depends on this limited area for food, water, shelter, and migration routes during a portion of their life cycle.",Riparian Forests,habitat
WY_FAP_2020,WY,FAP,2020,FALSE,Wyoming,Forest Action Plan,233,context,biological_unit_components,species,TRUE,Distribution of tree species could be altered as species better able to tolerate warmer and drier conditions expand their distribution.,Additional Wildfire Risk Analysis,NA
WY_FAP_2020,WY,FAP,2020,FALSE,Wyoming,Forest Action Plan,233,context,biological_unit_components,habitat,TRUE,"The Fish and Wildlife Habitat-Terrestrial Habitat layer includes priority terrestrial habitat data from the WGFD, and sage grouse core habitat areas were used to emphasize important terrestrial wildlife habitat.",Fish and Wildlife Habitat-Terrestrial Habitat,NA
WY_FAP_2020,WY,FAP,2020,FALSE,Wyoming,Forest Action Plan,233,context,biological_unit_components,ecosystem,TRUE,Wyoming has the largest virtually intact ecosystem remaining in the lower 48 States; the greater Yellowstone Ecosystem in the north and western third of the State.,Forest Health (Biodiversity section),NA
WY_FAP_2020,WY,FAP,2020,FALSE,Wyoming,Forest Action Plan,233,context,biological_unit_components,community,TRUE,Warmer climates are predicted to favor faster adapting insects over slower adapting tree species. Models predict warmer temperatures will lead to higher insect populations during outbreaks and range expansion/higher amounts of damage observed in areas than seen historically.,Additional Wildfire Risk Analysis,NA
WY_FAP_2020,WY,FAP,2020,FALSE,Wyoming,Forest Action Plan,233,context,partnerships_and_funding,NA,1,"The Forest Legacy Program together with project partners: State of Wyoming -Office of State Lands and Investments, Moskee Land Corporation, Rocky Mountain Elk Foundation and National Wild Turkey Federation contributed $11,525,000.00 for the acquisition.",Forest Legacy Program (figure caption),NA
WY_FAP_2020,WY,FAP,2020,FALSE,Wyoming,Forest Action Plan,233,context,partnerships_and_funding,NA,1,Much of the assistance forestry program is delivered through the partnership and financial support of the USDA Forest Service and their State & Private Programs.,Figure caption / WSFD summary,NA
WY_FAP_2020,WY,FAP,2020,FALSE,Wyoming,Forest Action Plan,233,context,climate_threat_habitat_degradation,NA,1,"Climate change could impact water quality and supply. Should climate change produce a longterm reduced precipitation scenario, water quality would be reduced. The amount and timing of runoff and peak flows could be altered. Increased wildfire activity during a warmer/drier period could negatively impact water quality as larger, hotter fires affect vegetative cover and soils.",Priority Areas-Water Quality and Supply,NA
WY_FAP_2020,WY,FAP,2020,FALSE,Wyoming,Forest Action Plan,233,context,climate_threat_habitat_degradation,NA,1,"Under a longterm reduced precipitation scenario, forest health impacts could be significant. Distribution of tree species could be altered as species better able to tolerate warmer and drier conditions expand their distribution. The timing and duration of wildfire seasons could change.",Additional Wildfire Risk Analysis,NA
WY_FAP_2020,WY,FAP,2020,FALSE,Wyoming,Forest Action Plan,233,context,climate_threat_species_vital_rates,NA,1,"If climate conditions warm, aspen forests may experience higher mortality.",Riparian Forests,NA
WY_FAP_2020,WY,FAP,2020,FALSE,Wyoming,Forest Action Plan,233,context,climate_threat_species_vital_rates,NA,1,Warmer climates are predicted to favor faster adapting insects over slower adapting tree species. Models predict warmer temperatures will lead to higher insect populations during outbreaks and range expansion/higher amounts of damage observed in areas than seen historically.,Additional Wildfire Risk Analysis,NA
WY_FAP_2020,WY,FAP,2020,FALSE,Wyoming,Forest Action Plan,233,context,climate_threat_biotic_stressors,NA,1,Warmer climates are predicted to favor faster adapting insects over slower adapting tree species. Models predict warmer temperatures will lead to higher insect populations during outbreaks and range expansion/higher amounts of damage observed in areas than seen historically.,Additional Wildfire Risk Analysis,NA
WY_FAP_2020,WY,FAP,2020,FALSE,Wyoming,Forest Action Plan,233,actions,priority_habitat_identification,NA,2,The Wyoming Statewide Assessment of Forest Resources-Critical Landscapes map shows the priority landscapes with the highest priorities designated as dark brown. The darker brown hue indicates that more of the analysis layers were counted in those areas.,Priority Forest Landscapes,NA
WY_FAP_2020,WY,FAP,2020,FALSE,Wyoming,Forest Action Plan,233,actions,priority_habitat_identification,NA,2,"The Fish and Wildlife Habitat-Terrestrial Habitat layer includes priority terrestrial habitat data from the WGFD, and sage grouse core habitat areas were used to emphasize important terrestrial wildlife habitat.",Fish and Wildlife Habitat-Terrestrial Habitat,NA
WY_FAP_2020,WY,FAP,2020,FALSE,Wyoming,Forest Action Plan,233,actions,time_bound_and_monitoring,NA,1,"The strategies also usually avoid assigning time or accomplishment targets because different landowners/managers operate under different timelines, priorities, and rules. Specific management recommendations, targets, and timelines belong in management plans developed by local resource managers.",National Themes / Assessment Data Layers,deadlines
WY_FAP_2020,WY,FAP,2020,FALSE,Wyoming,Forest Action Plan,233,actions,time_bound_and_monitoring,NA,1,"Internally, WSFD will continually evaluate programs for effectiveness as the Division strives to implement an adaptive approach to addressing threats and priorities on Wyoming's priority forest landscapes. Efforts that are working will receive increased emphasis, while less effective efforts will be de-emphasized",Monitoring and Revision,monitoring
WY_FAP_2020,WY,FAP,2020,FALSE,Wyoming,Forest Action Plan,233,actions,evidence_of_efficacy,NA,1,The large-scale insect epidemic that occurred in southern Wyoming contributed to increased water yield within the area.,Priority Areas-Water Quality and Supply,NA
WY_FAP_2020,WY,FAP,2020,FALSE,Wyoming,Forest Action Plan,233,actions,adaptation_planning_frameworks,NA,1,"Use adaptive management strategies to account for species adaptation, changes in length and severity of fire seasons, increase/decrease in insect and disease outbreaks, etc.",Strategy (Threat 15),NA
