doc_id,juris,doc_type,year,draft,jurisdiction,document_type,page_count,theme,element,evaluable,score,absence_note,n_evidence
AK_FAP_2020,AK,FAP,2020,FALSE,"Alaska (State of Alaska, Department of Natural Resources, Division of Forestry)",Forest Action Plan,115,concepts,climate_vulnerability,TRUE,2,"The document discusses climate exposure to forests and wildlife extensively, referencing threat/stress framing throughout. However, it does not frame adaptive capacity in a structured or operational way — it briefly mentions that some species/habitats may benefit (yellow-cedar migration, lodgepole pine expansion) but does not operationalize adaptive capacity as a concept. Score is 2 (exposure addressed, adaptive capacity not systematically addressed).",3
AK_FAP_2020,AK,FAP,2020,FALSE,"Alaska (State of Alaska, Department of Natural Resources, Division of Forestry)",Forest Action Plan,115,concepts,adaptive_capacity_specificity,TRUE,1,Referenced non-specifically. The document does not systematically operationalize adaptive capacity components for any focal species or habitat type in a climate-vulnerability sense.,1
AK_FAP_2020,AK,FAP,2020,FALSE,"Alaska (State of Alaska, Department of Natural Resources, Division of Forestry)",Forest Action Plan,115,concepts,connectivity,TRUE,1,"The document references connectivity for wildlife generically, but does not frame connectivity explicitly in relation to climate change, range shifts, or climate gradients. Score 1 (generic). No climate corridor or climate-gradient connectivity framing found.",2
AK_FAP_2020,AK,FAP,2020,FALSE,"Alaska (State of Alaska, Department of Natural Resources, Division of Forestry)",Forest Action Plan,115,tools,vulnerability_models,TRUE,0,"No vulnerability models (CCVI, PVA, or similar) are referenced. The document describes qualitative vulnerability narratives but does not reference any structured vulnerability assessment tool.",0
AK_FAP_2020,AK,FAP,2020,FALSE,"Alaska (State of Alaska, Department of Natural Resources, Division of Forestry)",Forest Action Plan,115,tools,niche_models,TRUE,0,"No species distribution models or niche models (MaxEnt, SDMs, etc.) are referenced in the document, despite discussing potential range shifts and changes in habitat suitability.",0
AK_FAP_2020,AK,FAP,2020,FALSE,"Alaska (State of Alaska, Department of Natural Resources, Division of Forestry)",Forest Action Plan,115,tools,climate_models,TRUE,1,"The document references 'projected climate scenarios' and end-of-century projections but names no specific GCMs, CMIP products, or emission scenarios (no RCP or SSP designations). Score 1: referenced generally.",2
AK_FAP_2020,AK,FAP,2020,FALSE,"Alaska (State of Alaska, Department of Natural Resources, Division of Forestry)",Forest Action Plan,115,tools,connectivity_models,TRUE,0,"No connectivity modeling tools (CircuitScape, Linkage Mapper, etc.) are referenced or applied. Connectivity is referenced conceptually but without any model.",0
AK_FAP_2020,AK,FAP,2020,FALSE,"Alaska (State of Alaska, Department of Natural Resources, Division of Forestry)",Forest Action Plan,115,context,biological_unit_score,TRUE,2,NA,2
AK_FAP_2020,AK,FAP,2020,FALSE,"Alaska (State of Alaska, Department of Natural Resources, Division of Forestry)",Forest Action Plan,115,context,partnerships_and_funding,TRUE,1,"Partnerships are broadly described (federal, state, tribal, NGO), and some funding figures are mentioned (e.g., $1M+ annually through cooperative programs, $5M for Tongass Young Growth project). However, funding and partnerships specifically for range-shift work or climate adaptation actions for wildlife/habitat are not identified. The document lacks strategic investment specifically for range-shift actions. Score 1: some funding and partnerships described, but limited and not targeted at range-shift science.",2
AK_FAP_2020,AK,FAP,2020,FALSE,"Alaska (State of Alaska, Department of Natural Resources, Division of Forestry)",Forest Action Plan,115,context,climate_threat_habitat_degradation,TRUE,1,NA,1
AK_FAP_2020,AK,FAP,2020,FALSE,"Alaska (State of Alaska, Department of Natural Resources, Division of Forestry)",Forest Action Plan,115,context,climate_threat_species_vital_rates,TRUE,1,NA,1
AK_FAP_2020,AK,FAP,2020,FALSE,"Alaska (State of Alaska, Department of Natural Resources, Division of Forestry)",Forest Action Plan,115,context,climate_threat_biotic_stressors,TRUE,1,NA,1
AK_FAP_2020,AK,FAP,2020,FALSE,"Alaska (State of Alaska, Department of Natural Resources, Division of Forestry)",Forest Action Plan,115,actions,priority_habitat_identification,TRUE,2,"The Priority Landscape Area is spatially explicit (GIS layers, maps), addressing habitat protection. However, it is not framed primarily in terms of climate-driven range shifts—it is driven by wildfire management, forest products, and stewardship. Score 2 is warranted because spatial representation of priority habitat for forest management is present and includes climate change as one of the threat inputs, even if not the primary framing.",2
AK_FAP_2020,AK,FAP,2020,FALSE,"Alaska (State of Alaska, Department of Natural Resources, Division of Forestry)",Forest Action Plan,115,actions,targeted_range_shift_actions,TRUE,1,"Assisted migration is mentioned once in the context of climate change opportunities, framed as a possibility rather than a specific planned action. This is sufficient for a score of 1 under the codebook's binary scale — the framing explicitly invokes climate change and range shifts as the motivation, even though the discussion is brief.",1
AK_FAP_2020,AK,FAP,2020,FALSE,"Alaska (State of Alaska, Department of Natural Resources, Division of Forestry)",Forest Action Plan,115,actions,time_bound_and_monitoring,TRUE,1,"The document endorses adaptive management as a principle and references NASF performance measures, but does not attach specific time-bound deadlines to individual actions. The 10-year plan revision cycle is plan-level, not action-level. Score 1: some deadline awareness (Farm Bill 10-year cycle, some strategy timelines referenced) but no action-level pairing of deadlines with effectiveness monitoring.",1
AK_FAP_2020,AK,FAP,2020,FALSE,"Alaska (State of Alaska, Department of Natural Resources, Division of Forestry)",Forest Action Plan,115,actions,evidence_of_efficacy,TRUE,2,"The document provides limited evidence from applied studies to support specific management actions (e.g., spruce beetle control trials), which are relevant to climate-related forest health actions. Evidence is specific but from a different system (Rocky Mountains) with limited Alaska applicability, warranting score 2 (limited evidence). No strong, directly applicable case studies for range-shift-specific actions were found.",2
AK_FAP_2020,AK,FAP,2020,FALSE,"Alaska (State of Alaska, Department of Natural Resources, Division of Forestry)",Forest Action Plan,115,actions,adaptation_planning_frameworks,TRUE,1,"The document references adaptive management as a guiding principle, including in the context of forest management under changing climate conditions. However, no specific named climate adaptation planning frameworks (RAD, RRT, CCVA, SDM as structured decision making, SBDA, etc.) are used or cited. Score 1: climate adaptation planning frameworks referenced non-specifically (adaptive management in a climate-change management context).",1
AL_FAP_2020,AL,FAP,2020,FALSE,Alabama,Forest Action Plan,104,concepts,climate_vulnerability,TRUE,1,"The document discusses climate variability as a threat to forests and notes that drought, weather events, and temperature affect forest health. However, it never uses 'climate vulnerability,' 'climate exposure,' or 'adaptive capacity' in the IPCC sense. There is no decomposition of vulnerability into exposure and adaptive capacity. The document treats climate as a background stressor among many; no explicit climate-vulnerability framing meeting the codebook's score-2 threshold is present. Score 1 is appropriate because climate-related threat to forests is generically referenced, but without exposure or adaptive capacity decomposition.",1
AL_FAP_2020,AL,FAP,2020,FALSE,Alabama,Forest Action Plan,104,concepts,adaptive_capacity_specificity,TRUE,0,"The document uses 'resilience' in a generic forest health sense (e.g., 'resilient forest') but never discusses adaptive capacity of species or ecosystems to climate change with any specificity. No components of adaptive capacity (dispersal, evolutionary potential, etc.) are connected to climate change framing.",0
AL_FAP_2020,AL,FAP,2020,FALSE,Alabama,Forest Action Plan,104,concepts,connectivity,TRUE,1,"The document discusses habitat connectivity and fragmentation extensively but entirely in the context of land use change and forest management — never in the context of climate-driven range shifts or as a mechanism supporting species distributional tracking of climate. The concept of wildlife corridors or connectivity is mentioned only in the fragmentation-reduction framing (protecting large contiguous tracts, conservation easements) with no climate-corridor or range-shift framing. Score 1 (generic connectivity) is appropriate; score 2 requires explicit climate-relevant framing which is absent.",1
AL_FAP_2020,AL,FAP,2020,FALSE,Alabama,Forest Action Plan,104,tools,vulnerability_models,TRUE,0,"No vulnerability models (CCVI, PVA, etc.) are referenced anywhere in the document.",0
AL_FAP_2020,AL,FAP,2020,FALSE,Alabama,Forest Action Plan,104,tools,niche_models,TRUE,0,"No species distribution models or niche models (MaxEnt, SDMs, etc.) are referenced anywhere in the document.",0
AL_FAP_2020,AL,FAP,2020,FALSE,Alabama,Forest Action Plan,104,tools,climate_models,TRUE,0,"No climate models, GCMs, downscaled projections, RCPs, SSPs, or climate scenarios are referenced. The document discusses weather events and drought as threats but uses only historical NOAA data and observational records, not climate model projections.",0
AL_FAP_2020,AL,FAP,2020,FALSE,Alabama,Forest Action Plan,104,tools,connectivity_models,TRUE,0,"No connectivity models (CircuitScape, Linkage Mapper, least-cost path, etc.) are referenced. The Southern Forest Land Assessment is used in the priority area matrix but is not a connectivity model. The Southern Wildfire Risk Assessment Portal (SouthWRAP) is mentioned but is a wildfire risk tool, not a connectivity model.",0
AL_FAP_2020,AL,FAP,2020,FALSE,Alabama,Forest Action Plan,104,context,biological_unit_score,TRUE,2,"The document discusses management at the species and habitat/ecosystem level in the context of forest threats and conservation. However, neither species nor habitat are discussed in relation to climate-driven range shifts. Score 2 is given because two biological units (species and habitat/ecosystem) are discussed in the same conservation context, though not specifically in a range-shift science context.",2
AL_FAP_2020,AL,FAP,2020,FALSE,Alabama,Forest Action Plan,104,context,partnerships_and_funding,TRUE,1,"The document describes numerous partnerships (NRCS, USFS, Alabama SWAP, SFI, Nature Conservancy, SERPPAS, etc.) and funding mechanisms (GOMESA, federal grants, Forest Stewardship Program), but these are all oriented toward general forest management and wildfire response, not range-shift science or climate adaptation actions. Score 1 reflects aspirational funding language and broad partnerships described, but none specifically targeting range shifts or climate-driven distributional responses.",1
AL_FAP_2020,AL,FAP,2020,FALSE,Alabama,Forest Action Plan,104,context,climate_threat_habitat_degradation,TRUE,1,"The document discusses drought and wildfires extensively as threats to forest habitat, and references that increased drought frequency could alter forest composition. This meets the threshold for score 1 (climate-induced habitat degradation discussed). However, the framing treats these as 'adverse weather events' and 'natural variation' rather than attributing them explicitly to anthropogenic climate change. The codebook instructs to lean in-scope for well-known climate-driven processes when climate change is engaged elsewhere; the document does reference climate variability throughout, making this a borderline in-scope case.",1
AL_FAP_2020,AL,FAP,2020,FALSE,Alabama,Forest Action Plan,104,context,climate_threat_species_vital_rates,TRUE,1,"The document describes how the 2016 drought directly caused tree mortality through bark beetle outbreaks, and how mild winters increased overwintering survival of insects leading to widespread pine mortality. This represents a climate event (drought/warm winter) directly causing species vital rate impacts (tree mortality, bark beetle survival). While not attributed to anthropogenic climate change explicitly, climate variability as a direct driver of vital rate impacts is described in specific mechanistic terms.",1
AL_FAP_2020,AL,FAP,2020,FALSE,Alabama,Forest Action Plan,104,context,climate_threat_biotic_stressors,TRUE,0,"The document discusses invasive species (cogongrass, Chinese tallowtree, emerald ash borer, feral hogs) but does not frame any of their spread as climate-driven or climate-favored. The one mention of climate in relation to tallowtree invasion ('Alabama's landscape characteristics and climate, especially at elevations below 50m') refers to general suitability conditions, not climate change as a driver of range expansion. No phenological mismatch, trophic asynchrony, or community composition change attributed to climate is discussed.",0
AL_FAP_2020,AL,FAP,2020,FALSE,Alabama,Forest Action Plan,104,actions,priority_habitat_identification,TRUE,2,"The document identifies priority areas at the county level with spatial representation (GIS-based county matrix, maps in appendices). However, priority areas are not specifically tied to range-shift science or climate adaptation—they are based on threats like fragmentation, invasive species, and wildfire. Score 2 is given because priority habitat identification is spatially explicit (county-level maps and GIS analysis) even though not range-shift motivated.",2
AL_FAP_2020,AL,FAP,2020,FALSE,Alabama,Forest Action Plan,104,actions,targeted_range_shift_actions,TRUE,0,"No actions targeting climate-driven range shifts are discussed. The document does not mention assisted migration, climate corridors, climate-motivated translocations, or any structural facilitation for range shifts. Conservation easements and fragmentation reduction are discussed, but not in a climate-shift framing.",0
AL_FAP_2020,AL,FAP,2020,FALSE,Alabama,Forest Action Plan,104,actions,time_bound_and_monitoring,TRUE,1,"The document is a 10-year plan with some references to tracking results and effectiveness, but action-level deadlines are absent. The Community Wildfire Protection Plans include feasible timetables, but these are not tied to range-shift or climate adaptation actions. Score 1 reflects that the plan has some temporal structure (10-year horizon, annual monitoring of wildfire, FIA data updates) but lacks action-level deadlines with paired effectiveness monitoring meeting the codebook's score-2 threshold.",1
AL_FAP_2020,AL,FAP,2020,FALSE,Alabama,Forest Action Plan,104,actions,evidence_of_efficacy,TRUE,1,"The document cites research and references general ecological principles to justify its strategies (e.g., BMPs for water quality, prescribed fire for habitat), but does not present specific efficacy data or case studies for climate adaptation actions. The Schelhas et al. citation provides limited evidence for landowner outreach approaches, and general ecological principles underlie most other strategies. Score 1 reflects rationale provided without strong efficacy evidence for the specific actions proposed.",1
AL_FAP_2020,AL,FAP,2020,FALSE,Alabama,Forest Action Plan,104,actions,adaptation_planning_frameworks,TRUE,0,"The phrase 'Contribution to Climate Change Mitigation and Adaptation' appears in a list of Alabama Forestry Commission Forest Stewardship program issues, but this is a single bullet point label without any substantive discussion of climate adaptation planning frameworks (RAD, RRT, CCVA, adaptive management in a climate context, SBDA, etc.). No specific climate adaptation planning process or tool as defined in the codebook is engaged. The document's planning approach (10-year plan, county matrix, threat prioritization) is not framed in the context of climate change decision-making.",0
AR_FAP_2020,AR,FAP,2020,FALSE,Arkansas,State Forest Action Plan,71,concepts,climate_vulnerability,TRUE,1,"The document references climate change as a threat to forests in a non-specific way — discussing volatility and extremes — but does not articulate climate exposure as a formal concept, does not use the term 'adaptive capacity' in an ecological sense, and does not decompose vulnerability into exposure and adaptive capacity. The term 'resiliency' appears but not in a climate vulnerability assessment framing. Score 1 (generic vulnerability reference, no exposure or adaptive capacity axes).",1
AR_FAP_2020,AR,FAP,2020,FALSE,Arkansas,State Forest Action Plan,71,concepts,adaptive_capacity_specificity,TRUE,0,"The document uses 'resiliency' and 'resilience' in the context of forest health and disturbance (insects, wildfire, storm), not as ecological adaptive capacity to climate change. No specific components of adaptive capacity (dispersal, evolutionary potential, demography, abiotic niche) are discussed in a climate-adaptation context. The one mention of seedlings 'adapted to native ecosystems' is about local provenance nursery stock, not climate adaptive capacity.",0
AR_FAP_2020,AR,FAP,2020,FALSE,Arkansas,State Forest Action Plan,71,concepts,connectivity,TRUE,1,"The document mentions 'riparian forests and corridors' in the context of water quality, not in a climate-relevant connectivity or range-shift framing. There is no discussion of wildlife corridors, climate corridors, landscape permeability, or connectivity for species movement in response to climate change. Score 1 (generic connectivity mention without climate framing).",1
AR_FAP_2020,AR,FAP,2020,FALSE,Arkansas,State Forest Action Plan,71,tools,vulnerability_models,TRUE,0,"No vulnerability models (CCVI, PVA, or any climate vulnerability framework) are referenced anywhere in the document.",0
AR_FAP_2020,AR,FAP,2020,FALSE,Arkansas,State Forest Action Plan,71,tools,niche_models,TRUE,0,"No species distribution models or niche models are referenced. The GIS priority area analysis uses weighted overlay of forest resource layers, not species distribution modeling.",0
AR_FAP_2020,AR,FAP,2020,FALSE,Arkansas,State Forest Action Plan,71,tools,climate_models,TRUE,0,"The document discusses climate change qualitatively (more extreme conditions, drought, wildfire) but references no GCMs, RCPs, SSPs, downscaled projections, or any named climate model or scenario. The Southern Forest Futures Project (Wear and Greis 2012) is cited in connection with climate change but no climate model use is described.",0
AR_FAP_2020,AR,FAP,2020,FALSE,Arkansas,State Forest Action Plan,71,tools,connectivity_models,TRUE,0,"No connectivity models are referenced. The GIS analysis by The Nature Conservancy is a weighted overlay of resource priority layers (SFLA), not a connectivity model such as CircuitScape or least-cost path analysis.",0
AR_FAP_2020,AR,FAP,2020,FALSE,Arkansas,State Forest Action Plan,71,context,biological_unit_score,TRUE,2,"The document discusses species (SGCN) and habitats (forest habitats, riparian habitats) in its context. However, neither species nor habitats are discussed in a range-shift context. The score reflects that two biological units (species and habitat) are mentioned, but not in relation to range shifts specifically. Given the document has essentially no range-shift content, this score is generous — the units are named in the management context generally.",2
AR_FAP_2020,AR,FAP,2020,FALSE,Arkansas,State Forest Action Plan,71,context,partnerships_and_funding,TRUE,1,"Partnerships are described (MOU for Shared Stewardship, Southeastern Partnership for Forests and Water, Shortleaf Pine Initiative, White Oak Initiative, Keeping Forests, etc.) but these are general forest management partnerships, not specifically for range-shift work. No dedicated funding is described for range-shift actions. Score 1 (some partnerships described but limited/aspirational and not specifically for range-shift management).",2
AR_FAP_2020,AR,FAP,2020,FALSE,Arkansas,State Forest Action Plan,71,context,climate_threat_habitat_degradation,TRUE,1,NA,1
AR_FAP_2020,AR,FAP,2020,FALSE,Arkansas,State Forest Action Plan,71,context,climate_threat_species_vital_rates,TRUE,0,"The document discusses wildfire, insect outbreaks, and disease in the context of forest health, and mentions drought as a predisposing factor for pest outbreaks. However, the framing is consistently 'climate → habitat/forest condition → eventual pest/fire threat' rather than a direct 'climate event → species vital rate' linkage. The chain is indirect (climate degrades forest health, which then allows pests). No direct mortality events attributed to climate are described. Score 0.",0
AR_FAP_2020,AR,FAP,2020,FALSE,Arkansas,State Forest Action Plan,71,context,climate_threat_biotic_stressors,TRUE,0,"Invasive species are discussed extensively (emerald ash borer, gypsy moth, kudzu, etc.) but without climate framing — they are treated as ongoing biological threats, not climate-favored expansions. The document mentions 'the interaction of population growth, climate change, timber markets, and invasive species' (Wear and Greis 2012) as a cluster of threats, but does not specifically frame any invasive species expansion as climate-driven. No phenological mismatch or trophic asynchrony is discussed. Score 0.",0
AR_FAP_2020,AR,FAP,2020,FALSE,Arkansas,State Forest Action Plan,71,actions,priority_habitat_identification,TRUE,2,"Priority habitat is identified with spatial representation (GIS-based maps, HUC 10 watershed prioritization, Forest Legacy Areas map). However, this is forest resource prioritization for general forest management, not specifically for climate-driven range shift management. The score reflects that spatial prioritization is present, but it is not climate-range-shift specific. Score 2 for spatial priority habitat identification, acknowledging it is not range-shift-specific.",3
AR_FAP_2020,AR,FAP,2020,FALSE,Arkansas,State Forest Action Plan,71,actions,targeted_range_shift_actions,TRUE,0,"No targeted actions to manage climate-driven species range shifts are described. There is no mention of assisted migration, climate corridors, species translocation for climate adaptation, or any action explicitly framed as facilitating or responding to range shifts. Reforestation and seedling programs are discussed but framed as forest management, not range-shift adaptation.",0
AR_FAP_2020,AR,FAP,2020,FALSE,Arkansas,State Forest Action Plan,71,actions,time_bound_and_monitoring,TRUE,2,"The document includes both action-level milestones (e.g., CWPP updates every 3 years, first partnership meeting in 2021, annual prescribed burn targets) and effectiveness monitoring (BMP implementation surveys, fire implementation tracking, SPB monitoring). Score 2 is awarded, though these are for general forest management rather than range-shift-specific actions.",3
AR_FAP_2020,AR,FAP,2020,FALSE,Arkansas,State Forest Action Plan,71,actions,evidence_of_efficacy,TRUE,1,"The document cites a handful of external reports (Wear and Greis 2012, Liu et al. 2020, Rosson 2020, Fowler 2015) to contextualize threats and conditions, but these are not used to provide evidence for the efficacy of specific conservation actions. Actions are presented with desired outcomes but without data-backed justification. Score 1 (rationale outlined, citing reports as first-principles justification, but no evidence specifically supporting the efficacy of proposed actions).",1
AR_FAP_2020,AR,FAP,2020,FALSE,Arkansas,State Forest Action Plan,71,actions,adaptation_planning_frameworks,TRUE,0,"The document does not reference any named climate adaptation planning frameworks (RAD, RRT, CCVA, SBDA, SDM in the structured decision-making sense, adaptation menus, etc.). The plan has a general adaptive management orientation (periodic reviews, monitoring, lessons learned) but this is not framed in a climate adaptation context. Carbon programs and climate are mentioned briefly but no formal climate adaptation planning framework is referenced.",0
ASM_FAP_2020,ASM,FAP,2020,FALSE,American Samoa (US Territory),Forest Action Plan / Assessment of Need,143,concepts,climate_vulnerability,TRUE,1,Climate change is mentioned as a threat in a non-specific way. The document references sea-level rise impacts on mangroves and general climate change effects but does not operationalize vulnerability in terms of exposure or adaptive capacity components. Score 1 (referenced generically) rather than 2 or 3.,2
ASM_FAP_2020,ASM,FAP,2020,FALSE,American Samoa (US Territory),Forest Action Plan / Assessment of Need,143,concepts,adaptive_capacity_specificity,TRUE,0,The document does not reference adaptive capacity of species or ecosystems to climate change in any form. The concept is entirely absent from both the FAP and the AON sections.,0
ASM_FAP_2020,ASM,FAP,2020,FALSE,American Samoa (US Territory),Forest Action Plan / Assessment of Need,143,concepts,connectivity,TRUE,0,"The document discusses habitat fragmentation and forest patches in a purely non-climate context (development pressure, invasive species). No connectivity corridors, climate corridors, or climate-gradient connectivity are mentioned. The concept of connectivity is not referenced in relation to climate-driven movement or range shifts.",0
ASM_FAP_2020,ASM,FAP,2020,FALSE,American Samoa (US Territory),Forest Action Plan / Assessment of Need,143,tools,vulnerability_models,TRUE,0,"A reference 'American Samoa Mangroves: Climate Change Vulnerability Assessment Summary' by S.S. Mann (2016) appears in the bibliography, but it is not discussed in the narrative body of the document. Per the codebook rule, a citation appearing only in a bibliography with no in-text discussion does not count. No vulnerability models are applied or meaningfully referenced in the text.",0
ASM_FAP_2020,ASM,FAP,2020,FALSE,American Samoa (US Territory),Forest Action Plan / Assessment of Need,143,tools,niche_models,TRUE,0,"No species distribution models, ecological niche models, or any named niche modeling tools are referenced in the document.",0
ASM_FAP_2020,ASM,FAP,2020,FALSE,American Samoa (US Territory),Forest Action Plan / Assessment of Need,143,tools,climate_models,TRUE,0,"The document discusses climate change qualitatively (sea level rise, storms) but does not reference any GCMs, RCPs, SSPs, downscaled projections, climate scenarios, CMIP products, or any named climate modeling tool or framework.",0
ASM_FAP_2020,ASM,FAP,2020,FALSE,American Samoa (US Territory),Forest Action Plan / Assessment of Need,143,tools,connectivity_models,TRUE,0,"No connectivity models (CircuitScape, least-cost path, Linkage Mapper, etc.) are referenced anywhere in the document.",0
ASM_FAP_2020,ASM,FAP,2020,FALSE,American Samoa (US Territory),Forest Action Plan / Assessment of Need,143,context,biological_unit_score,TRUE,2,"Species and habitat/community biological units are discussed in management contexts. No range-shift-specific framing applies; these are general conservation contexts. Score 2 because two biological unit types (species/populations and habitat/community) are discussed, even if not in range-shift framing specifically.",2
ASM_FAP_2020,ASM,FAP,2020,FALSE,American Samoa (US Territory),Forest Action Plan / Assessment of Need,143,context,partnerships_and_funding,TRUE,2,"The document describes active, multi-partner strategic implementation with named funding streams (Forest Legacy Program, State and Private Forestry, Forest Stewardship Program, Urban and Community Forestry). However, these partnerships are for general forest conservation, not specifically for range-shift actions. Scored 2 because strategic investment with active partnerships is described for implementing conservation actions (the plan's primary purpose), even though not range-shift-specific.",3
ASM_FAP_2020,ASM,FAP,2020,FALSE,American Samoa (US Territory),Forest Action Plan / Assessment of Need,143,context,climate_threat_habitat_degradation,TRUE,1,NA,2
ASM_FAP_2020,ASM,FAP,2020,FALSE,American Samoa (US Territory),Forest Action Plan / Assessment of Need,143,context,climate_threat_species_vital_rates,TRUE,0,"The document discusses species threats from invasive species, hurricanes, and habitat loss, but does not frame climate-driven events (wildfire, emerging pathogens, heat mortality) as direct causes of mortality or vital rate changes. Cyclones are discussed as natural disturbances without explicit climate-change attribution to mortality. No direct climate-to-vital-rate chain is articulated.",0
ASM_FAP_2020,ASM,FAP,2020,FALSE,American Samoa (US Territory),Forest Action Plan / Assessment of Need,143,context,climate_threat_biotic_stressors,TRUE,1,"The document links increased cyclone/storm frequency (implicitly climate-related in context) to increased invasive species spread, which qualifies as climate-driven biotic stressor. The broader invasive species discussion does not have strong explicit climate framing, but the Manu'a passage makes the connection. This is a borderline call; scored 1 because at least one passage explicitly connects climate/storm events to increased invasive species risk.",1
ASM_FAP_2020,ASM,FAP,2020,FALSE,American Samoa (US Territory),Forest Action Plan / Assessment of Need,143,actions,priority_habitat_identification,TRUE,2,"Priority landscapes are spatially delineated and mapped for all five critical issues, and the Forest Legacy Area is explicitly mapped (Figure 3, Figure 4). Score 2 is appropriate. Note that the prioritization is primarily driven by development threat and biodiversity, not climate-driven range shift considerations.",3
ASM_FAP_2020,ASM,FAP,2020,FALSE,American Samoa (US Territory),Forest Action Plan / Assessment of Need,143,actions,targeted_range_shift_actions,TRUE,0,"The document proposes mangrove reintroduction and restoration, and native species planting, but these are framed as general restoration/conservation actions, not as responses to climate-driven range shifts. No assisted migration, climate corridors, or other actions explicitly motivated by climate-driven distributional change are proposed. The mangrove restoration is motivated by past habitat loss from development and filling, not range shifts.",0
ASM_FAP_2020,ASM,FAP,2020,FALSE,American Samoa (US Territory),Forest Action Plan / Assessment of Need,143,actions,time_bound_and_monitoring,TRUE,1,"The document describes a five-year planning horizon and annual review cycle, but does not attach specific deadlines or milestones to individual conservation actions. Monitoring is described in general terms under each issue (e.g., monitoring adoption of best management practices) but is not operationalized with specific metrics tied to individual actions. Score 1 (deadlines at the plan level, no action-level effectiveness monitoring). Score 2 would require both action-level deadlines and effectiveness monitoring.",2
ASM_FAP_2020,ASM,FAP,2020,FALSE,American Samoa (US Territory),Forest Action Plan / Assessment of Need,143,actions,evidence_of_efficacy,TRUE,1,"The document references 'proven effective methods' for reforestation and 'best management practices' for agroforestry and sediment control, but does not cite specific studies or case studies to support these as evidence of efficacy. General ecological principles are invoked (e.g., native trees reduce erosion, mangroves protect shorelines) as first principles rather than as tested evidence. Score 1 (rationale outlined, vague ecological assumptions as first principles, no cited evidence for specific actions).",1
ASM_FAP_2020,ASM,FAP,2020,FALSE,American Samoa (US Territory),Forest Action Plan / Assessment of Need,143,actions,adaptation_planning_frameworks,TRUE,0,"The document does not reference any named climate adaptation planning framework (RAD, RRT, CCVA, Structured Decision Making, Scenario-Based Decision Analysis, adaptation menus, etc.). 'Climate change mitigation' appears once in a list of training topics, and adaptive management is implicitly invoked through the annual review cycle, but neither is framed in the context of decision-making under climate change. The monitoring and calibration sections describe general adaptive management principles but without climate-change framing.",0
AZ_FAP_2020,AZ,FAP,2020,FALSE,Arizona,Forest Action Plan,243,concepts,climate_vulnerability,TRUE,2,"The document discusses both exposure (warming, drought, shifting ranges) and adaptive capacity (limited dispersal, mobility constraints, inability to adapt), but does not use a formal vulnerability framework (IPCC axes, CCVI) that explicitly names and integrates both. The discussion of adaptive capacity is embedded within the wildlife and ecological change sections and is substantive enough to merit score 2 (both exposure and adaptive capacity referenced), but it lacks the structured integration of both axes under a 'vulnerability' framing that would clearly justify 3.",3
AZ_FAP_2020,AZ,FAP,2020,FALSE,Arizona,Forest Action Plan,243,concepts,adaptive_capacity_specificity,TRUE,2,NA,2
AZ_FAP_2020,AZ,FAP,2020,FALSE,Arizona,Forest Action Plan,243,concepts,connectivity,TRUE,2,NA,2
AZ_FAP_2020,AZ,FAP,2020,FALSE,Arizona,Forest Action Plan,243,tools,vulnerability_models,TRUE,1,"The document references a TNC vulnerability assessment used to set climate focus areas, and references SGCN vulnerability scores, but does not name a formal vulnerability model (e.g., CCVI, NatureServe) or apply one directly to the plan's focal species/habitats. The TNC categorization approach is used but its method is not specified. This scores 1 (referenced, not formally applied with a named framework to the focal subjects).",1
AZ_FAP_2020,AZ,FAP,2020,FALSE,Arizona,Forest Action Plan,243,tools,niche_models,TRUE,0,"No species distribution models, SDMs, MaxEnt, or similar niche models are referenced anywhere in the document.",0
AZ_FAP_2020,AZ,FAP,2020,FALSE,Arizona,Forest Action Plan,243,tools,climate_models,TRUE,1,"The document references 'global climate models' generically and cites projections (e.g., droughts by 'second half of this century', doubling of fire area by 'late twenty-first century'), but no specific GCMs, CMIP products, RCPs, SSPs, or downscaling approaches are named. Scores 1 (referenced generally, not applied with named models to the plan's focal subjects).",1
AZ_FAP_2020,AZ,FAP,2020,FALSE,Arizona,Forest Action Plan,243,tools,connectivity_models,TRUE,1,"The document references a statewide landscape integrity/connectivity dataset developed by AZGFD and mentions 'advanced modeling tools' for cross-boundary fire risk, but no specific connectivity modeling tools (CircuitScape, Linkage Mapper, least-cost path, etc.) are named. The connectivity dataset is used in priority area mapping, but it is framed as naturalness/landscape integrity rather than a climate-gradient connectivity model. Scores 1.",1
AZ_FAP_2020,AZ,FAP,2020,FALSE,Arizona,Forest Action Plan,243,context,biological_unit_score,TRUE,2,NA,2
AZ_FAP_2020,AZ,FAP,2020,FALSE,Arizona,Forest Action Plan,243,context,partnerships_and_funding,TRUE,2,"The document describes active, funded partnerships through the CFAA, ACP (12 agencies), tribal collaborations, and multi-entity projects like 4FRI. This reflects strategic investment with active partnerships rather than merely aspirational engagement.",2
AZ_FAP_2020,AZ,FAP,2020,FALSE,Arizona,Forest Action Plan,243,context,climate_threat_habitat_degradation,TRUE,1,NA,2
AZ_FAP_2020,AZ,FAP,2020,FALSE,Arizona,Forest Action Plan,243,context,climate_threat_species_vital_rates,TRUE,1,"The document discusses climate-driven heat reducing plant reproductive yields (a direct vital rate effect), and also discusses mass mortality of pinyon pine from insects and drought, and wildfire mortality. The Hatfield citation directly links warming temperatures to 80-90% reduction in reproductive yield, meeting the 'direct vital rate' criterion.",1
AZ_FAP_2020,AZ,FAP,2020,FALSE,Arizona,Forest Action Plan,243,context,climate_threat_biotic_stressors,TRUE,1,"The document discusses invasive grasses in desert contexts without always explicitly attributing their expansion to climate change, but the wildlife section explicitly names altered invasive species occurrence as a climate change outcome. The document also notes that climate-driven community composition changes and formation of 'new' biological communities qualify as biotic stressors.",2
AZ_FAP_2020,AZ,FAP,2020,FALSE,Arizona,Forest Action Plan,243,actions,priority_habitat_identification,TRUE,2,"The document includes multiple spatially explicit priority area maps: unfragmented areas, climate change focus areas (TNC vulnerability categorization mapped), fire focus areas, forest stewardship priority areas, and SGCN richness maps. These satisfy the spatial representation criterion for score 2.",2
AZ_FAP_2020,AZ,FAP,2020,FALSE,Arizona,Forest Action Plan,243,actions,targeted_range_shift_actions,TRUE,1,NA,2
AZ_FAP_2020,AZ,FAP,2020,FALSE,Arizona,Forest Action Plan,243,actions,time_bound_and_monitoring,TRUE,1,"The document endorses monitoring and adaptive management as principles, and the 5-year revision cycle is mandated. However, individual range-shift-related actions do not have specific deadlines attached to them in the action tables. The Forest Legacy Program development process does include time-bound steps (e.g., Step 1: January 15th), but these are process steps for a land protection program, not deadlines for range-shift-specific conservation actions. The monitoring framing is plan-level, not action-level. Scores 1 for deadlines at the plan level without action-level effectiveness monitoring tied to specific range shift actions.",2
AZ_FAP_2020,AZ,FAP,2020,FALSE,Arizona,Forest Action Plan,243,actions,evidence_of_efficacy,TRUE,2,"The document cites several studies supporting the efficacy of thinning and burning for reducing fire risk and carbon emissions (Finkral & Evans; Hurteau et al.), and provides a case study (Mayer Fuel Break) with direct outcome evidence. However, specific evidence for the efficacy of range-shift facilitation actions (assisted migration, connectivity) is largely absent — these are presented with rationale and general ecological reasoning but without directly applicable studies. The score of 2 reflects limited but real evidence (studies in the system for related actions, some case studies for fire management) rather than strong, directly applicable evidence for the specific range-shift actions discussed.",2
AZ_FAP_2020,AZ,FAP,2020,FALSE,Arizona,Forest Action Plan,243,actions,adaptation_planning_frameworks,TRUE,1,"The document references adaptive management in the context of climate change, but does not use a specific named framework (RAD, RRT, CCVA, SBDA, etc.). The reference to AFWA's adaptive approach is general and non-specific. The document also mentions 'scenario investment planning' in the Collaboration section, but this is in an economic investment context, not a formal climate adaptation scenario planning framework (CCSP). Scores 1 for non-specific reference to adaptive management for climate impacts.",1
CA_FAP_2020,CA,FAP,2020,FALSE,California,Forest and Range Assessment / Strategy Report,481,concepts,climate_vulnerability,TRUE,3,NA,3
CA_FAP_2020,CA,FAP,2020,FALSE,California,Forest and Range Assessment / Strategy Report,481,concepts,adaptive_capacity_specificity,TRUE,2,NA,2
CA_FAP_2020,CA,FAP,2020,FALSE,California,Forest and Range Assessment / Strategy Report,481,concepts,connectivity,TRUE,2,"The document consistently frames connectivity in an adaptation-to-climate-change context, discussing the need to connect habitats along elevation and latitude gradients. Score is 2 because connectivity is explicitly linked to climate adaptation needs.",3
CA_FAP_2020,CA,FAP,2020,FALSE,California,Forest and Range Assessment / Strategy Report,481,tools,vulnerability_models,TRUE,2,"The document references a CDFW vulnerability ranking assessment applied to California rangeland vegetation macrogroups (focal subjects), qualifying as applied. The NatureServe CCVI is mentioned in the broader SGCN context. Score is 2 as vulnerability ranking is directly applied to California habitats.",1
CA_FAP_2020,CA,FAP,2020,FALSE,California,Forest and Range Assessment / Strategy Report,481,tools,niche_models,TRUE,2,NA,3
CA_FAP_2020,CA,FAP,2020,FALSE,California,Forest and Range Assessment / Strategy Report,481,tools,climate_models,TRUE,2,NA,2
CA_FAP_2020,CA,FAP,2020,FALSE,California,Forest and Range Assessment / Strategy Report,481,tools,connectivity_models,TRUE,1,"The document references connectivity planning and maps but does not name or apply specific connectivity modeling software (e.g., CircuitScape, Linkage Mapper) to focal subjects. Score is 1 — referenced generally.",1
CA_FAP_2020,CA,FAP,2020,FALSE,California,Forest and Range Assessment / Strategy Report,481,context,biological_unit_score,TRUE,2,NA,2
CA_FAP_2020,CA,FAP,2020,FALSE,California,Forest and Range Assessment / Strategy Report,481,context,partnerships_and_funding,TRUE,2,NA,3
CA_FAP_2020,CA,FAP,2020,FALSE,California,Forest and Range Assessment / Strategy Report,481,context,climate_threat_habitat_degradation,TRUE,1,NA,2
CA_FAP_2020,CA,FAP,2020,FALSE,California,Forest and Range Assessment / Strategy Report,481,context,climate_threat_species_vital_rates,TRUE,1,NA,2
CA_FAP_2020,CA,FAP,2020,FALSE,California,Forest and Range Assessment / Strategy Report,481,context,climate_threat_biotic_stressors,TRUE,1,NA,2
CA_FAP_2020,CA,FAP,2020,FALSE,California,Forest and Range Assessment / Strategy Report,481,actions,priority_habitat_identification,TRUE,2,"The document includes spatially-specific maps (Figures 10.2, 10.3, 10.4, 10.5, Figure 7.5) showing projected habitat loss by county, vegetation type and ecoregion under climate change scenarios — this constitutes spatial representation of priority habitats for conservation. Score 2 is warranted.",3
CA_FAP_2020,CA,FAP,2020,FALSE,California,Forest and Range Assessment / Strategy Report,481,actions,targeted_range_shift_actions,TRUE,1,NA,2
CA_FAP_2020,CA,FAP,2020,FALSE,California,Forest and Range Assessment / Strategy Report,481,actions,time_bound_and_monitoring,TRUE,2,NA,3
CA_FAP_2020,CA,FAP,2020,FALSE,California,Forest and Range Assessment / Strategy Report,481,actions,evidence_of_efficacy,TRUE,2,"Evidence of efficacy is present but tends to be from tangentially related studies (fuel treatment fire behavior modeling, general forestry studies) rather than directly from climate-adaptive range shift actions. Score is 2 (limited evidence) rather than 3.",2
CA_FAP_2020,CA,FAP,2020,FALSE,California,Forest and Range Assessment / Strategy Report,481,actions,adaptation_planning_frameworks,TRUE,2,"The document explicitly references climate change vulnerability assessment as a planning framework (Strategy 7.2 header and Action A-1), and builds strategies around the California Forest Carbon Plan, Safeguarding California Plan, and the Natural and Working Lands Climate Change Implementation Plan. These are specific, named climate adaptation planning frameworks. Score is 2.",3
CNMI_FAP_2020,CNMI,FAP,2020,FALSE,Commonwealth of the Northern Mariana Islands (CNMI),Forest Action Plan (State Forest Action Plan),44,concepts,climate_vulnerability,TRUE,1,"The document references vulnerability of forests/species to climate change (pests, diseases, sea level) but does not articulate the IPCC framework of exposure vs. adaptive capacity. The word 'vulnerability' is used once in a climate context but without any decomposition into exposure or adaptive capacity components. Score 1.",1
CNMI_FAP_2020,CNMI,FAP,2020,FALSE,Commonwealth of the Northern Mariana Islands (CNMI),Forest Action Plan (State Forest Action Plan),44,concepts,adaptive_capacity_specificity,TRUE,0,"No discussion of adaptive capacity of species or ecosystems to climate change. The document does not discuss how species might cope with, respond to, or adapt to climate-driven change.",0
CNMI_FAP_2020,CNMI,FAP,2020,FALSE,Commonwealth of the Northern Mariana Islands (CNMI),Forest Action Plan (State Forest Action Plan),44,concepts,connectivity,TRUE,0,"Connectivity as an ecological concept is not discussed in the document. There is no mention of wildlife corridors, habitat corridors, landscape permeability, or related concepts. Conservation areas are described spatially but without connectivity framing.",0
CNMI_FAP_2020,CNMI,FAP,2020,FALSE,Commonwealth of the Northern Mariana Islands (CNMI),Forest Action Plan (State Forest Action Plan),44,tools,vulnerability_models,TRUE,0,"No vulnerability models (CCVI, PVA, etc.) are mentioned or applied in the document.",0
CNMI_FAP_2020,CNMI,FAP,2020,FALSE,Commonwealth of the Northern Mariana Islands (CNMI),Forest Action Plan (State Forest Action Plan),44,tools,niche_models,TRUE,0,No species distribution models or niche models are mentioned or applied.,0
CNMI_FAP_2020,CNMI,FAP,2020,FALSE,Commonwealth of the Northern Mariana Islands (CNMI),Forest Action Plan (State Forest Action Plan),44,tools,climate_models,TRUE,1,"The document references a regional climate assessment (PIRCA/Grecni et al. 2021) and summarizes climate projections, but does not name specific GCMs, emission scenarios, or time horizons. Counts as referenced generally (1) rather than applied (2) because no climate model outputs are used directly for management analysis of the CNMI's focal forest subjects.",1
CNMI_FAP_2020,CNMI,FAP,2020,FALSE,Commonwealth of the Northern Mariana Islands (CNMI),Forest Action Plan (State Forest Action Plan),44,tools,connectivity_models,TRUE,0,No connectivity models are referenced.,0
CNMI_FAP_2020,CNMI,FAP,2020,FALSE,Commonwealth of the Northern Mariana Islands (CNMI),Forest Action Plan (State Forest Action Plan),44,context,biological_unit_score,TRUE,2,"Species and habitat are both discussed in climate-threat contexts, earning a score of 2.",2
CNMI_FAP_2020,CNMI,FAP,2020,FALSE,Commonwealth of the Northern Mariana Islands (CNMI),Forest Action Plan (State Forest Action Plan),44,context,partnerships_and_funding,TRUE,1,"Partnerships are described (USFS, Micronesia Challenge, local agencies, landowners, stakeholder committees) and there is federal funding via CFAA, but engagement with range-shift or climate-adaptation-specific actions is aspirational at best. Score 1 (some funding and partnerships described but limited/aspirational in climate-shift context).",2
CNMI_FAP_2020,CNMI,FAP,2020,FALSE,Commonwealth of the Northern Mariana Islands (CNMI),Forest Action Plan (State Forest Action Plan),44,context,climate_threat_habitat_degradation,TRUE,1,NA,2
CNMI_FAP_2020,CNMI,FAP,2020,FALSE,Commonwealth of the Northern Mariana Islands (CNMI),Forest Action Plan (State Forest Action Plan),44,context,climate_threat_species_vital_rates,TRUE,1,"Climate-driven pests and diseases affecting species survival/health are discussed. The chain 'climate change → increased pest/disease pressure → species vulnerability' is articulated, which is a direct vital rate impact pathway. Score 1.",1
CNMI_FAP_2020,CNMI,FAP,2020,FALSE,Commonwealth of the Northern Mariana Islands (CNMI),Forest Action Plan (State Forest Action Plan),44,context,climate_threat_biotic_stressors,TRUE,1,"The document links climate change to increased invasive species pressure (climate exacerbating invasive species vulnerability of native limestone forest). While not elaborated in depth, the framing does connect climate to biotic stress. Score 1.",1
CNMI_FAP_2020,CNMI,FAP,2020,FALSE,Commonwealth of the Northern Mariana Islands (CNMI),Forest Action Plan (State Forest Action Plan),44,actions,priority_habitat_identification,TRUE,2,"Priority forest areas and landscapes are identified and spatially represented via maps (Figures 2-7, 16-17, 18-19 covering conservation areas, stewardship areas, priority watersheds, and landcover). However, the spatial prioritization is primarily driven by existing forest resource management considerations rather than explicitly by climate-induced range shifts. Scored 2 because spatial representation is clearly present even though the climate-adaptation framing is weak.",2
CNMI_FAP_2020,CNMI,FAP,2020,FALSE,Commonwealth of the Northern Mariana Islands (CNMI),Forest Action Plan (State Forest Action Plan),44,actions,targeted_range_shift_actions,TRUE,0,"No targeted actions to manage climate-driven species range shifts are discussed. The document does not address assisted migration, climate corridors, or any other range-shift facilitation or prevention actions.",0
CNMI_FAP_2020,CNMI,FAP,2020,FALSE,Commonwealth of the Northern Mariana Islands (CNMI),Forest Action Plan (State Forest Action Plan),44,actions,time_bound_and_monitoring,TRUE,1,"The document references a 10-year plan cycle and Micronesia Challenge 2030 goals (time-bound at a high level), but does not attach specific deadlines to individual forest conservation actions or pair actions with effectiveness monitoring protocols. Score 1.",1
CNMI_FAP_2020,CNMI,FAP,2020,FALSE,Commonwealth of the Northern Mariana Islands (CNMI),Forest Action Plan (State Forest Action Plan),44,actions,evidence_of_efficacy,TRUE,1,"The document provides rationale for forest management and conservation actions based on general ecological principles and past disturbance history, but does not cite specific studies, case studies, or prior project evaluations that demonstrate efficacy of proposed actions. General references to 'best land management practices' without evidentiary support. Score 1.",1
CNMI_FAP_2020,CNMI,FAP,2020,FALSE,Commonwealth of the Northern Mariana Islands (CNMI),Forest Action Plan (State Forest Action Plan),44,actions,adaptation_planning_frameworks,TRUE,0,"No climate adaptation planning frameworks (RAD, RRT, CCVA, SDM, scenario planning, etc.) are referenced. The document follows a standard forest action plan structure but does not invoke any formal climate adaptation planning framework.",0
CO_FAP_2020,CO,FAP,2020,FALSE,Colorado (state),Forest Action Plan,88,concepts,climate_vulnerability,TRUE,2,"The document discusses climate exposure extensively (warming, drought, wildfire intensification) and notes that species habitat is shifting and that species of greatest conservation need face pressure from climate. However, the document does not operationalize 'adaptive capacity' as an axis of vulnerability in a structured IPCC sense—there is no explicit paired discussion of 'species X faces high exposure and has high/low adaptive capacity.' One passage (in the figures) refers generically to 'species with low adaptive capacity,' but this appears to be language paraphrased from an unverifiable source rather than a document-native passage. Score is 2 (exposure articulated, adaptive capacity referenced only in passing or implicitly via connectivity/dispersal discussions, not as a paired vulnerability axis).",2
CO_FAP_2020,CO,FAP,2020,FALSE,Colorado (state),Forest Action Plan,88,concepts,adaptive_capacity_specificity,TRUE,1,"Adaptive capacity is referenced generically via habitat and movement language, but no formal components are named as 'adaptive capacity.' Score is 1.",1
CO_FAP_2020,CO,FAP,2020,FALSE,Colorado (state),Forest Action Plan,88,concepts,connectivity,TRUE,2,"Connectivity is discussed in explicit climate-relevant framing: corridors for movement to new suitable habitats under future conditions, climate refugia, and leading-edge population conservation all appear in the forest wildlife goals section. This meets the criterion for score 2 (connectivity explicitly framed as supporting climate-driven shifts).",2
CO_FAP_2020,CO,FAP,2020,FALSE,Colorado (state),Forest Action Plan,88,tools,vulnerability_models,TRUE,1,"A climate vulnerability assessment (RMRS-GTR-376) for the Rocky Mountain Region is cited in the references and Figure E caption. However, the document does not appear to apply vulnerability assessment results to its specific SGCN list or management decisions in a substantive integrated way—the citation appears in the reference list and associated with the temperature projection figure. CPW's 2015 SWAP data are integrated into the forest wildlife priority map but are not a vulnerability model per se. Score is 1 (referenced generally, not applied).",1
CO_FAP_2020,CO,FAP,2020,FALSE,Colorado (state),Forest Action Plan,88,tools,niche_models,TRUE,0,No species distribution models or niche models are referenced or applied in this document.,0
CO_FAP_2020,CO,FAP,2020,FALSE,Colorado (state),Forest Action Plan,88,tools,climate_models,TRUE,1,"Global climate models and two emissions scenarios (higher and lower GHG) are referenced in relation to Figure E showing projected temperature change for Colorado through 2100. However, the projections are reproduced from an external report (RMRS-GTR-376) and are used illustratively for the climate context section—they are not applied to species-specific or habitat-specific management decisions in the plan. Score is 1 (referenced generally, projections presented but not operationally applied to management decisions for focal subjects).",1
CO_FAP_2020,CO,FAP,2020,FALSE,Colorado (state),Forest Action Plan,88,tools,connectivity_models,TRUE,2,"Ecological connectivity data (reference [54], attributed to Conservation Science Partners) were incorporated as a weighted layer in the forest wildlife priority map used to direct management decisions. This constitutes application of connectivity modeling output to inform management decisions about focal subjects (forest wildlife, including SGCN). Score is 2.",1
CO_FAP_2020,CO,FAP,2020,FALSE,Colorado (state),Forest Action Plan,88,context,biological_unit_score,TRUE,2,NA,2
CO_FAP_2020,CO,FAP,2020,FALSE,Colorado (state),Forest Action Plan,88,context,partnerships_and_funding,TRUE,2,"The document describes active, formalized partnerships (MOU with USDA, Good Neighbor Authority cooperative agreements, 2-3-2 partnership with secured funding, Rocky Mountain Restoration Initiative) with named partners and documented outcomes. This reflects strategic investment with active implementation partnerships, meeting score 2. Note that most partnership and funding discussion is in the context of general forest management/wildfire risk rather than range-shift-specific actions, but range-shift facilitation is embedded within the forest wildlife management program these partnerships serve.",2
CO_FAP_2020,CO,FAP,2020,FALSE,Colorado (state),Forest Action Plan,88,context,climate_threat_habitat_degradation,TRUE,1,NA,1
CO_FAP_2020,CO,FAP,2020,FALSE,Colorado (state),Forest Action Plan,88,context,climate_threat_species_vital_rates,TRUE,1,"The document discusses bark beetle mortality amplified by drought/warm temperatures (a climate event → tree mortality pathway). Lack of seedling regeneration after disturbance under warmer, drier conditions is a direct vital rate impact. Score is 1.",1
CO_FAP_2020,CO,FAP,2020,FALSE,Colorado (state),Forest Action Plan,88,context,climate_threat_biotic_stressors,TRUE,1,NA,1
CO_FAP_2020,CO,FAP,2020,FALSE,Colorado (state),Forest Action Plan,88,actions,priority_habitat_identification,TRUE,2,NA,2
CO_FAP_2020,CO,FAP,2020,FALSE,Colorado (state),Forest Action Plan,88,actions,targeted_range_shift_actions,TRUE,1,NA,2
CO_FAP_2020,CO,FAP,2020,FALSE,Colorado (state),Forest Action Plan,88,actions,time_bound_and_monitoring,TRUE,1,"The plan specifies a five-year review cycle for the plan itself. Individual action strategies (including those related to range shifts) do not include specific deadlines or action-level effectiveness monitoring protocols tied to range-shift outcomes. The CSFS mentions developing monitoring protocols and adaptive management programs as a future resource need, but these are aspirational. The CSFS does note monitoring of the Alpine Plateau timber sale for treatment effectiveness, but this is not range-shift monitoring. Score is 1 (time-bound at plan level, not action level; no explicit effectiveness monitoring for range-shift actions).",1
CO_FAP_2020,CO,FAP,2020,FALSE,Colorado (state),Forest Action Plan,88,actions,evidence_of_efficacy,TRUE,2,"The document references published frameworks and literature (NIACS, ASCC) to justify its adaptation strategies. These are general frameworks applicable to forest management broadly—not site-specific or focal-species-specific efficacy evaluations. This constitutes 'limited evidence' (score 2): references to studies/frameworks with moderate but not direct applicability to the specific management actions being proposed for Colorado's focal subjects.",2
CO_FAP_2020,CO,FAP,2020,FALSE,Colorado (state),Forest Action Plan,88,actions,adaptation_planning_frameworks,TRUE,2,"The ASCC framework (Resistance-Resilience-Transition) is explicitly named and described, and is clearly framed as a climate adaptation planning tool. This satisfies score 2 (specific climate adaptation planning framework named and applied). Adaptive management more broadly is also referenced in a climate context. RAD/RRT-type language ('resistance,' 'resilience,' 'transition') is explicitly used.",2
CT_FAP_2020,CT,FAP,2020,FALSE,Connecticut (DEEP),State Forest Action Plan,249,concepts,climate_vulnerability,TRUE,2,"The document discusses climate exposure (warming temperatures, altered precipitation, disturbance regimes) and references adaptive capacity in passing (resilience, ability to adapt), but it does not apply a formal vulnerability framework (e.g., CCVI) to species. It scores 2 because both exposure and adaptive capacity dimensions are referenced, but neither is developed with the depth or formality that would characterize a rigorous vulnerability assessment.",3
CT_FAP_2020,CT,FAP,2020,FALSE,Connecticut (DEEP),State Forest Action Plan,249,concepts,adaptive_capacity_specificity,TRUE,1,"Adaptive capacity is referenced non-specifically. Movement and distribution are implicitly referenced (corridors enabling species migration), but these are not elaborated as specific adaptive capacity components in the IPCC/codebook sense.",1
CT_FAP_2020,CT,FAP,2020,FALSE,Connecticut (DEEP),State Forest Action Plan,249,concepts,connectivity,TRUE,2,NA,3
CT_FAP_2020,CT,FAP,2020,FALSE,Connecticut (DEEP),State Forest Action Plan,249,tools,vulnerability_models,TRUE,0,"No vulnerability models (CCVI, PVA, or similar) are referenced in the document. The document discusses vulnerability in a general, qualitative sense.",0
CT_FAP_2020,CT,FAP,2020,FALSE,Connecticut (DEEP),State Forest Action Plan,249,tools,niche_models,TRUE,2,NA,2
CT_FAP_2020,CT,FAP,2020,FALSE,Connecticut (DEEP),State Forest Action Plan,249,tools,climate_models,TRUE,1,"The document discusses climate change projections and references modeling by NIACS, but no specific GCMs, RCPs, SSPs, or downscaled climate products are named or applied to the document's focal subjects. Many cited studies (e.g., Hayhoe et al. 2007, Rustad et al. 2012) use climate models, but the document does not itself apply climate projections. Score 1 (referenced generally via citation of modeling-based literature) rather than 2.",1
CT_FAP_2020,CT,FAP,2020,FALSE,Connecticut (DEEP),State Forest Action Plan,249,tools,connectivity_models,TRUE,1,"The document references TNC's Resilient and Connected Network, which is the output of connectivity modeling, but does not name the underlying modeling tools (e.g., CircuitScape) or apply connectivity modeling directly to Connecticut's focal subjects. Score 1 (referenced generally) rather than 2.",1
CT_FAP_2020,CT,FAP,2020,FALSE,Connecticut (DEEP),State Forest Action Plan,249,context,biological_unit_score,TRUE,2,NA,2
CT_FAP_2020,CT,FAP,2020,FALSE,Connecticut (DEEP),State Forest Action Plan,249,context,partnerships_and_funding,TRUE,1,"The document describes funding sources for the Forestry Division and names many partnerships (DEEP, NRCS, UConn, CFPA, TNC, etc.), but these are for general forest management, not specifically for range-shift actions. No dedicated funding allocation specifically for climate-driven range shift management is identified. Score 1 (limited/aspirational context for range-shift-relevant work).",2
CT_FAP_2020,CT,FAP,2020,FALSE,Connecticut (DEEP),State Forest Action Plan,249,context,climate_threat_habitat_degradation,TRUE,1,NA,2
CT_FAP_2020,CT,FAP,2020,FALSE,Connecticut (DEEP),State Forest Action Plan,249,context,climate_threat_species_vital_rates,TRUE,1,"The drought-spongy moth mortality event is climate-attributed (drought linked to climate change indirectly via increased drought frequency) and directly causes mortality. The document also describes mass tree mortality from heat and drought-stressed conditions, qualifying as climate-driven vital rate impacts.",1
CT_FAP_2020,CT,FAP,2020,FALSE,Connecticut (DEEP),State Forest Action Plan,249,context,climate_threat_biotic_stressors,TRUE,1,NA,2
CT_FAP_2020,CT,FAP,2020,FALSE,Connecticut (DEEP),State Forest Action Plan,249,actions,priority_habitat_identification,TRUE,2,NA,3
CT_FAP_2020,CT,FAP,2020,FALSE,Connecticut (DEEP),State Forest Action Plan,249,actions,targeted_range_shift_actions,TRUE,1,"The document proposes structural facilitation actions (protecting and expanding core forests and corridors to enable climate-driven species movement) explicitly framed in the context of climate change and species migration. No direct manipulation actions (assisted migration, translocation) are proposed. Score 1 based on structural facilitation.",1
CT_FAP_2020,CT,FAP,2020,FALSE,Connecticut (DEEP),State Forest Action Plan,249,actions,time_bound_and_monitoring,TRUE,1,"The document endorses adaptive management as a principle and sets desired future conditions, but individual climate-related range-shift actions do not have explicit deadlines attached. The plan revision cycle is 10 years (required by Farm Bill) but action-level deadlines and effectiveness monitoring tied to range-shift actions are absent. Score 1 for adaptive management principle stated, not operationalized at the action level.",1
CT_FAP_2020,CT,FAP,2020,FALSE,Connecticut (DEEP),State Forest Action Plan,249,actions,evidence_of_efficacy,TRUE,1,"Actions in the plan are generally supported by broad ecological principles (resilience, connectivity, adaptive management) and literature citations on carbon forestry, but no case studies or evaluations of previously implemented range-shift management actions are presented. Score 1 for rationale-based support without direct action efficacy evidence.",1
CT_FAP_2020,CT,FAP,2020,FALSE,Connecticut (DEEP),State Forest Action Plan,249,actions,adaptation_planning_frameworks,TRUE,1,"The document references adaptive management and climate adaptation planning in a generic, non-specific way. No specific named frameworks (RAD, RRT, CCVA, SBDA, SDM, adaptation menu) are used. Score 1 for non-specific reference to climate-adaptive planning processes.",2
DE_FAP_2020,DE,FAP,2020,FALSE,Delaware,Forest Action Plan / State Forest Resource Assessment,244,concepts,climate_vulnerability,TRUE,1,"Climate vulnerability is referenced only generically — species are described as 'under high threat from a changing climate' or 'threatened by changes in climate' without articulating exposure or adaptive capacity. The document also notes a need to 'establish baseline risk assessment for species and habitats' and lists climate change among potential threats, but does not operationalize exposure or adaptive capacity for any focal species. Score is 1 (referenced non-specifically).",1
DE_FAP_2020,DE,FAP,2020,FALSE,Delaware,Forest Action Plan / State Forest Resource Assessment,244,concepts,adaptive_capacity_specificity,TRUE,0,"The document does not reference adaptive capacity of species or ecosystems in connection with climate change in any specific or general sense. The TNC Resilient Lands layer (used in GIS analysis) touches on landscape-level resilience, but this is not framed as species adaptive capacity. No terms like 'adaptive capacity,' 'dispersal ability,' 'plasticity,' or 'evolutionary potential' are used in a climate-adaptation context.",0
DE_FAP_2020,DE,FAP,2020,FALSE,Delaware,Forest Action Plan / State Forest Resource Assessment,244,concepts,connectivity,TRUE,1,"Connectivity is referenced throughout — corridors, the Blackbird-Millington Corridor, the Delaware Ecological Network — but almost always in a general wildlife/habitat/water quality framing rather than in an explicit climate-driven range-shift context. The one passage that references 'migration corridors along the coast' in the context of fragmentation (I-95 section) could be annual migration. The TNC Resilient Lands layer used in the GIS analysis mentions enabling species persistence 'in the face of climate change,' which is borderline, but the connectivity framing itself is not explicitly climate-gradient or climate-shift framing. Score 1 (generic connectivity referenced).",1
DE_FAP_2020,DE,FAP,2020,FALSE,Delaware,Forest Action Plan / State Forest Resource Assessment,244,tools,vulnerability_models,TRUE,0,"The document mentions a need to 'establish baseline risk assessment for species and habitats' but no vulnerability model (CCVI, PVA, etc.) is referenced or applied. The Resilient Lands layer from TNC estimates resilience scores but this is not a species vulnerability model.",0
DE_FAP_2020,DE,FAP,2020,FALSE,Delaware,Forest Action Plan / State Forest Resource Assessment,244,tools,niche_models,TRUE,0,No species distribution models or niche models are referenced anywhere in either document.,0
DE_FAP_2020,DE,FAP,2020,FALSE,Delaware,Forest Action Plan / State Forest Resource Assessment,244,tools,climate_models,TRUE,0,"Climate change is discussed qualitatively (sea level rise, warming, drought) but no climate model, GCM, downscaling product, RCP/SSP scenario, or climate projection tool is referenced. Sea level rise estimates are mentioned as '100-year estimates available' but were excluded from the GIS model as exceeding the 10-year plan scope; this is not application of a climate model.",0
DE_FAP_2020,DE,FAP,2020,FALSE,Delaware,Forest Action Plan / State Forest Resource Assessment,244,tools,connectivity_models,TRUE,0,"The GIS overlay analysis used 21 data layers including TNC Resilient Lands and Delaware Ecological Network (DEN) corridors, but no connectivity modeling software (CircuitScape, Linkage Mapper, etc.) is named or applied. The GIS analysis is a weighted overlay of presence/absence layers, not a connectivity model. The document references corridor concepts and GIS spatial analysis generally but not connectivity modeling for range shifts.",0
DE_FAP_2020,DE,FAP,2020,FALSE,Delaware,Forest Action Plan / State Forest Resource Assessment,244,context,biological_unit_score,TRUE,2,NA,2
DE_FAP_2020,DE,FAP,2020,FALSE,Delaware,Forest Action Plan / State Forest Resource Assessment,244,context,partnerships_and_funding,TRUE,1,"The document describes numerous partnerships (with USFS, DNREC, TNC, Delaware Wild Lands, NGOs, etc.) and some dedicated funding (Forest Legacy Program, Forestland Preservation Program, Open Space Program), but these are primarily for general forest conservation and management, not specifically for addressing species range shifts. The one climate/range-shift-specific action (developing strategies for climate change/sea-level rise impacts to coastal forests by 2023) is listed as a performance goal with no dedicated funding specified. Score 1: partnerships and some funding described but aspirational/limited for range-shift work specifically.",1
DE_FAP_2020,DE,FAP,2020,FALSE,Delaware,Forest Action Plan / State Forest Resource Assessment,244,context,climate_threat_habitat_degradation,TRUE,1,NA,1
DE_FAP_2020,DE,FAP,2020,FALSE,Delaware,Forest Action Plan / State Forest Resource Assessment,244,context,climate_threat_species_vital_rates,TRUE,0,"The document discusses threats to bats from climate change generically ('Threats to bats include habitat loss, pollution, climate change...') but does not specifically frame any climate-driven event as directly causing mortality or recruitment failure. White nose syndrome is discussed as a major mortality cause but is not framed as climate-driven. No heat mortality events, climate-induced recruitment failure, or direct vital rate impacts from climate events are specifically discussed.",0
DE_FAP_2020,DE,FAP,2020,FALSE,Delaware,Forest Action Plan / State Forest Resource Assessment,244,context,climate_threat_biotic_stressors,TRUE,1,NA,1
DE_FAP_2020,DE,FAP,2020,FALSE,Delaware,Forest Action Plan / State Forest Resource Assessment,244,actions,priority_habitat_identification,TRUE,2,"Priority habitat is identified with spatial representation via GIS-produced maps (Figures 45-49, watershed-level maps). The 21-layer overlay analysis identifies both rural and urban priority landscape areas. The TNC Resilient Lands layer is included as one of 21 inputs, with some climate-resilience framing, though the spatial prioritization is primarily for general forest conservation rather than climate-shift-specific habitat. Score 2 is appropriate because spatially explicit maps and zonation are produced.",2
DE_FAP_2020,DE,FAP,2020,FALSE,Delaware,Forest Action Plan / State Forest Resource Assessment,244,actions,targeted_range_shift_actions,TRUE,1,"The proposal to move riparian forest buffers inland as sea level rises is a structural facilitation action (habitat management to accommodate climate-driven range shift of maritime/riparian forest). The Delmarva fox squirrel translocation mentioned in the document is framed as general population recovery (connectivity between existing populations) without explicit climate framing, so that does not count. The 'move buffers inland' action, though brief and non-committal, explicitly invokes sea level rise (climate) as motivation. Score 1.",1
DE_FAP_2020,DE,FAP,2020,FALSE,Delaware,Forest Action Plan / State Forest Resource Assessment,244,actions,time_bound_and_monitoring,TRUE,2,"The strategy matrix includes specific time-bound performance goals (e.g., 'by 2023,' 'by 2025,' 'by 2028,' 'by 2030') and a five-year review/reporting cycle. This satisfies both the deadline and effectiveness monitoring criteria at the action level. Score 2.",2
DE_FAP_2020,DE,FAP,2020,FALSE,Delaware,Forest Action Plan / State Forest Resource Assessment,244,actions,evidence_of_efficacy,TRUE,1,"The document presents no evidence of efficacy (studies, case studies, or references) for the range-shift-relevant actions proposed (moving buffers inland, developing climate change strategies). General rationale is provided (sea level rise creates need to move buffers) but no studies or prior projects are cited to support the action's effectiveness. Score 1: rationale outlined but no supporting evidence.",1
DE_FAP_2020,DE,FAP,2020,FALSE,Delaware,Forest Action Plan / State Forest Resource Assessment,244,actions,adaptation_planning_frameworks,TRUE,1,"Climate adaptation planning is referenced generically — the document calls for developing climate change/sea level rise strategies and includes 'Manage trees and forests to mitigate and adapt to global climate change' as a national S&PF objective. Delaware's Climate Action Plan is listed as a reference. However, no specific named climate adaptation planning frameworks (RAD, RRT, CCVA, SBDA, SDM, adaptation menu, etc.) are referenced. Score 1: referenced non-specifically.",1
FL_FAP_2020,FL,FAP,2020,FALSE,Florida,State Forest Action Plan,172,concepts,climate_vulnerability,TRUE,2,"The document references both climate exposure (projected temperature/precipitation changes, increased drought/fire/storms affecting species distributions and forest health) and adaptive capacity (species with limited movement ability, specialized habitat requirements), but does not use IPCC-framework vocabulary explicitly linking both axes in a single passage. The evidence for adaptive capacity is present but fragmented. Score 2 (exposure OR adaptive capacity) rather than 3 because no passage explicitly synthesizes both exposure and adaptive capacity together as a vulnerability framework. Close call for 3.",3
FL_FAP_2020,FL,FAP,2020,FALSE,Florida,State Forest Action Plan,172,concepts,adaptive_capacity_specificity,TRUE,1,"The document references adaptive capacity informally (e.g., limited ability to move, restricted ranges, seed source adaptation), but does not use the technical term 'adaptive capacity' or systematically enumerate specific components. Score 1 (non-specific reference). Movement/dispersal and abiotic niche (thermal tolerance) are implicitly referenced, but not operationally decomposed as AC components in a structured way.",1
FL_FAP_2020,FL,FAP,2020,FALSE,Florida,State Forest Action Plan,172,concepts,connectivity,TRUE,1,"Connectivity is discussed extensively in the context of forest fragmentation, wildlife habitat, and longleaf pine ecosystem management. However, the document does not explicitly frame connectivity as supporting climate-driven range shifts. The closest passages discuss corridors for wildlife habitat and avoiding fragmentation, but not specifically for climate tracking. Score 1 (generic connectivity without climate-framing). Some passages about facilitating species 'migration' as climate changes exist but remain vague about spatial connectivity as a mechanism.",2
FL_FAP_2020,FL,FAP,2020,FALSE,Florida,State Forest Action Plan,172,tools,vulnerability_models,TRUE,0,"No vulnerability models (CCVI, PVA, or similar frameworks) are referenced in the document. The document discusses climate vulnerability in qualitative terms only.",0
FL_FAP_2020,FL,FAP,2020,FALSE,Florida,State Forest Action Plan,172,tools,niche_models,TRUE,1,"A climatic-envelope model is cited (Box et al. 1999) as a historical reference to estimate longleaf pine extent, but it is not applied as current management analysis for the document's focal species. Strategy 1.2.1 also calls for developing 'scenarios and models that can predict areas and vegetation communities most susceptible to loss or spatial displacement,' but this is a future recommendation rather than an application. Score 1 (referenced, not applied to the document's subject).",1
FL_FAP_2020,FL,FAP,2020,FALSE,Florida,State Forest Action Plan,172,tools,climate_models,TRUE,1,"The IPCC AR4 is cited as a source of climate projections, and there are references to temperature increases (e.g., 4°F by mid-21st century) cited from McKenzie et al. 2004. Strategy 1.1.1 calls for developing or compiling climate change models for Florida, suggesting none are currently applied. Score 1 (referenced generally, not applied to the document's focal subjects in a modeling sense). No specific GCM, RCP, SSP, or downscaling product is named.",1
FL_FAP_2020,FL,FAP,2020,FALSE,Florida,State Forest Action Plan,172,tools,connectivity_models,TRUE,0,"No connectivity modeling tools (CircuitScape, least-cost path, etc.) are referenced. Priority area figures reference data from the Southern Forest Land Assessment and Critical Lands and Waters Identification Project, but these are not connectivity models in the codebook sense.",0
FL_FAP_2020,FL,FAP,2020,FALSE,Florida,State Forest Action Plan,172,context,biological_unit_score,TRUE,2,NA,2
FL_FAP_2020,FL,FAP,2020,FALSE,Florida,State Forest Action Plan,172,context,partnerships_and_funding,TRUE,1,"The document describes partnerships extensively (multi-agency coordination, university partnerships, NGO involvement, federal-state programs like Forest Legacy, NRCS, FWC). However, these partnerships are described at a general or aspirational level for forest management broadly and are not specifically dedicated to range-shift management. Funding is discussed mostly as aspirational ('adequate funding is available to implement...') or as ongoing programs (Forest Legacy, NRCS cost-share). Score 1 (some funding and partnerships described, but limited and aspirational for range-shift work specifically).",1
FL_FAP_2020,FL,FAP,2020,FALSE,Florida,State Forest Action Plan,172,context,climate_threat_habitat_degradation,TRUE,1,NA,1
FL_FAP_2020,FL,FAP,2020,FALSE,Florida,State Forest Action Plan,172,context,climate_threat_species_vital_rates,TRUE,1,"The document references direct climate-driven effects on species vital rates, particularly bark beetle reproductive cycles accelerated by warming (affecting tree mortality indirectly) and climate-growth relationships for longleaf pine under drought. The passage about bark beetles speeding reproductive cycles qualifies as a direct vital-rate effect (reproduction). Also the longleaf pine climate-growth studies reference drought negatively impacting growth. Score 1.",1
FL_FAP_2020,FL,FAP,2020,FALSE,Florida,State Forest Action Plan,172,context,climate_threat_biotic_stressors,TRUE,1,NA,1
FL_FAP_2020,FL,FAP,2020,FALSE,Florida,State Forest Action Plan,172,actions,priority_habitat_identification,TRUE,2,"Priority habitat identification with spatial representation (maps, figures showing priority areas, priority forest blocks overlaid with development threat layers) is present throughout the document, particularly in Issue 2, Issue 4, and Issue 7. The document explicitly uses spatial prioritization maps (Figures 1-5 in Issue 2, Figure 5 for longleaf pine priority areas) linked to climate change threats. Score 2.",3
FL_FAP_2020,FL,FAP,2020,FALSE,Florida,State Forest Action Plan,172,actions,targeted_range_shift_actions,TRUE,1,"The document proposes actions to facilitate species migration in response to climate change: deploying seedling provenances adapted to more stressful environments (a form of assisted gene flow/seed transfer), and active seed zone transfer strategies. Strategy 1.2.2 also calls to 'Provide resources to actively manage these areas to facilitate forest conservation and migration.' These qualify as structural facilitation and direct manipulation to manage climate-driven distribution changes. Score 1.",1
FL_FAP_2020,FL,FAP,2020,FALSE,Florida,State Forest Action Plan,172,actions,time_bound_and_monitoring,TRUE,2,"The document includes time-bound action tables with short-term (2-3 years), near-term (5 years), and long-term timeframes attached to specific objectives (e.g., 'within the next 10 years,' 'by 2030,' 'within the next 5 years'). Performance measures are specified per goal. Monitoring is also discussed for several objectives (annual prescribed burn data collection, surveys, geodatabase updates). Score 2.",3
FL_FAP_2020,FL,FAP,2020,FALSE,Florida,State Forest Action Plan,172,actions,evidence_of_efficacy,TRUE,2,"The document cites several studies relevant to action efficacy (drought tolerance of longleaf pine, restoration effectiveness), but these are studies of basic ecological properties rather than direct evaluations of management action outcomes under climate change. The evidence is 'limited' per codebook definitions: references to studies that test basic principles but do not directly test outcomes of the specific management actions proposed. Score 2.",2
FL_FAP_2020,FL,FAP,2020,FALSE,Florida,State Forest Action Plan,172,actions,adaptation_planning_frameworks,TRUE,2,"The document references 'resilience and resistance' framing (akin to Resist-Accept-Direct) in Goal 7 for longleaf pine climate adaptation, and discusses adaptive silvicultural management in a climate context. Strategy 1.2.1 also refers to identifying scenarios and models for susceptible areas, suggesting scenario-based planning. The resilience/resistance framing is a named conceptual framework. Score 2 (specific framework referenced). However, no formal framework names (RAD, RRT, SDM, CCVA) are used explicitly — the resilience-and-resistance language is the strongest specific indicator.",2
FSM_FAP_2020,FSM,FAP,2020,FALSE,Federated States of Micronesia (FSM),Forest Action Plan / State Wildlife Action Plan equivalent,355,concepts,climate_vulnerability,TRUE,2,"The document references climate exposure extensively (sea level rise, drought, storm surges) and mentions ecosystem resilience as a form of adaptive capacity, but does not use an explicit vulnerability framework (IPCC exposure + adaptive capacity) or terms like 'CCVI', 'climate sensitivity', or 'adaptive capacity' in their technical sense. Score 2 because both exposure and a generic form of adaptive capacity (ecosystem resilience) are referenced in climate contexts, but without integration into a formal vulnerability assessment.",3
FSM_FAP_2020,FSM,FAP,2020,FALSE,Federated States of Micronesia (FSM),Forest Action Plan / State Wildlife Action Plan equivalent,355,concepts,adaptive_capacity_specificity,TRUE,1,"Adaptive capacity is referenced generically through 'resilience' of intact forests to climate change, and some mention of crop diversity as a hedge against climate change. No specific adaptive capacity components (dispersal, evolutionary potential, demographic resilience) are articulated in a climate framing. Score 1 — referenced non-specifically.",1
FSM_FAP_2020,FSM,FAP,2020,FALSE,Federated States of Micronesia (FSM),Forest Action Plan / State Wildlife Action Plan equivalent,355,concepts,connectivity,TRUE,1,"Connectivity is mentioned generically in the Forest Legacy program criteria as a value to maintain. There is no discussion of climate corridors, climate-gradient connectivity, or connectivity explicitly framed as supporting or limiting climate-driven range shifts. Score 1 — generic reference.",1
FSM_FAP_2020,FSM,FAP,2020,FALSE,Federated States of Micronesia (FSM),Forest Action Plan / State Wildlife Action Plan equivalent,355,tools,vulnerability_models,TRUE,0,"No vulnerability models (CCVI, PVA, or similar) are referenced or applied in this document.",0
FSM_FAP_2020,FSM,FAP,2020,FALSE,Federated States of Micronesia (FSM),Forest Action Plan / State Wildlife Action Plan equivalent,355,tools,niche_models,TRUE,1,"The WARMER model (Wetland Accretion Rate Model of Ecosystem Resilience) is referenced as a future strategy for Kosrae mangrove assessment, but it is not yet applied — it is a recommendation to implement, which scores 1 (referenced generally). A USFWS/USFS/USGS/MCT collaboration 'modelling the resilience of mangroves to sea level rise over the next 100 years' is mentioned for Pohnpei but results are not incorporated into this plan's decisions.",1
FSM_FAP_2020,FSM,FAP,2020,FALSE,Federated States of Micronesia (FSM),Forest Action Plan / State Wildlife Action Plan equivalent,355,tools,climate_models,TRUE,2,"A sea-level rise projection model (FSM OEEM/SPC/COM-FSM, 2013) is applied to identify inundation hazard zones by 2055 across Chuuk, Pohnpei, and Yap main islands. These outputs directly inform priority area selection for coastal stabilization. Score 2 — applied to the document's focal subjects.",3
FSM_FAP_2020,FSM,FAP,2020,FALSE,Federated States of Micronesia (FSM),Forest Action Plan / State Wildlife Action Plan equivalent,355,tools,connectivity_models,TRUE,0,"No connectivity models (CircuitScape, Linkage Mapper, least-cost path, etc.) are referenced or applied.",0
FSM_FAP_2020,FSM,FAP,2020,FALSE,Federated States of Micronesia (FSM),Forest Action Plan / State Wildlife Action Plan equivalent,355,context,biological_unit_score,TRUE,2,NA,2
FSM_FAP_2020,FSM,FAP,2020,FALSE,Federated States of Micronesia (FSM),Forest Action Plan / State Wildlife Action Plan equivalent,355,context,partnerships_and_funding,TRUE,2,"The document describes an extensive network of active partnerships (USFS, MCT, TNC, GEF, GCF, SPREP, UNDP, Micronesia Challenge) with specific funding sources and active implementation. Score 2 — strategic investment with active partnerships.",3
FSM_FAP_2020,FSM,FAP,2020,FALSE,Federated States of Micronesia (FSM),Forest Action Plan / State Wildlife Action Plan equivalent,355,context,climate_threat_habitat_degradation,TRUE,1,NA,2
FSM_FAP_2020,FSM,FAP,2020,FALSE,Federated States of Micronesia (FSM),Forest Action Plan / State Wildlife Action Plan equivalent,355,context,climate_threat_species_vital_rates,TRUE,1,The document primarily discusses climate-driven habitat degradation rather than direct vital rate effects. The wildfire quote describing killing of tree seedlings is the clearest example of a climate-induced event (drought-driven wildfire) directly affecting species recruitment/vital rates. Score 1.,1
FSM_FAP_2020,FSM,FAP,2020,FALSE,Federated States of Micronesia (FSM),Forest Action Plan / State Wildlife Action Plan equivalent,355,context,climate_threat_biotic_stressors,TRUE,1,"Climate change is linked to 'increase in invasive alien species' as an exacerbated threat, framing IAS expansion as climate-mediated. This is a borderline case — the document does not describe specific mechanisms of climate-favored invasion or successional change. Score 1 given the explicit link between climate and invasive species expansion.",1
FSM_FAP_2020,FSM,FAP,2020,FALSE,Federated States of Micronesia (FSM),Forest Action Plan / State Wildlife Action Plan equivalent,355,actions,priority_habitat_identification,TRUE,2,"Priority habitat areas are identified with spatial representation (GIS overlay maps) for each state across multiple issues including those explicitly tied to climate threats (sea-level rise hazard zones, coastal stabilization). Score 2.",3
FSM_FAP_2020,FSM,FAP,2020,FALSE,Federated States of Micronesia (FSM),Forest Action Plan / State Wildlife Action Plan equivalent,355,actions,targeted_range_shift_actions,TRUE,0,"No actions are proposed specifically to facilitate, prevent, or respond to species range shifts driven by climate. The document addresses climate adaptation through habitat protection, ecosystem-based approaches, and food security interventions, but none are framed in terms of managing species range shifts. Crop resilience assessments and agroforestry adaptations are focused on human food security, not species range-shift management.",0
FSM_FAP_2020,FSM,FAP,2020,FALSE,Federated States of Micronesia (FSM),Forest Action Plan / State Wildlife Action Plan equivalent,355,actions,time_bound_and_monitoring,TRUE,1,"Strategy tables list many actions with cooperators and USFS programs, but most lack specific deadlines. The document endorses monitoring (FIA re-measurement, MC terrestrial web-viewer, long-term mangrove monitoring plots) but does not consistently pair action-level deadlines with effectiveness monitoring requirements. Score 1 — some time-framing exists in referenced SAPs and monitoring programs, but no systematic action-level deadline + monitoring pairing is present throughout the FAP itself.",1
FSM_FAP_2020,FSM,FAP,2020,FALSE,Federated States of Micronesia (FSM),Forest Action Plan / State Wildlife Action Plan equivalent,355,actions,evidence_of_efficacy,TRUE,2,"The document references prior projects and their outcomes (mangrove revival sites, FIA data-to-management loop, GEF-5 successes) as evidence for proposed actions, and cites ecological studies supporting mangrove carbon storage and coastal protection functions. This is limited evidence — project results are described qualitatively and the studies cited (Donato et al. 2011, Krauss et al. 2010) are from related contexts rather than direct efficacy evaluations of specific FSM actions. Score 2.",2
FSM_FAP_2020,FSM,FAP,2020,FALSE,Federated States of Micronesia (FSM),Forest Action Plan / State Wildlife Action Plan equivalent,355,actions,adaptation_planning_frameworks,TRUE,2,"The document references the LEAP toolkit for climate change adaptation planning (a specific climate adaptation planning tool) and frames strategies through a 'climate lens.' The Pohnpei Strategic Environmental Assessment (SEA) and the Joint State Action Plans for Disaster Risk Management and Climate Change (JSAPs) are also referenced as frameworks informing planning. Score 2 — specific frameworks (LEAP, JSAP, SEA) are named in a climate-adaptation planning context.",2
GA_FAP_2020,GA,FAP,2020,FALSE,Georgia,Forest Action Plan (State Assessment and Resource Strategy),234,concepts,climate_vulnerability,TRUE,2,"The document references climate exposure (warming, drought, drying) as threats to forest ecosystems and notes that sites and species could become vulnerable. However, it does not discuss adaptive capacity of species or habitats in any structured way — there is no discussion of movement capacity, genetic variation, physiological tolerances, or other adaptive capacity components in a climate-vulnerability framing. Score is 2 (exposure referenced without adaptive capacity discussion).",2
GA_FAP_2020,GA,FAP,2020,FALSE,Georgia,Forest Action Plan (State Assessment and Resource Strategy),234,concepts,adaptive_capacity_specificity,TRUE,0,"The document does not discuss adaptive capacity of species or ecosystems in a climate context. The single reference to species range shifts under climate change is a generic projected impact statement, not a discussion of adaptive capacity.",0
GA_FAP_2020,GA,FAP,2020,FALSE,Georgia,Forest Action Plan (State Assessment and Resource Strategy),234,concepts,connectivity,TRUE,1,Connectivity is discussed in terms of wildlife corridors disrupted by fragmentation and parcelization. There is one mention of a longleaf pine corridor between military installations in three states. Neither is explicitly framed in climate-gradient or range-shift terms. Score is 1 (generic connectivity referenced without climate-specific framing).,1
GA_FAP_2020,GA,FAP,2020,FALSE,Georgia,Forest Action Plan (State Assessment and Resource Strategy),234,tools,vulnerability_models,TRUE,0,"No vulnerability models (CCVI, PVA, or similar) are referenced or applied anywhere in this document.",0
GA_FAP_2020,GA,FAP,2020,FALSE,Georgia,Forest Action Plan (State Assessment and Resource Strategy),234,tools,niche_models,TRUE,0,No species distribution models or niche models are referenced in this document.,0
GA_FAP_2020,GA,FAP,2020,FALSE,Georgia,Forest Action Plan (State Assessment and Resource Strategy),234,tools,climate_models,TRUE,1,"The document references 'current models' in a very general way (noting models differ on precipitation response) without naming any specific climate model, GCM, CMIP product, RCP, SSP, or downscaling product. This is a generic reference to the existence of climate models, not an application to the plan's focal subjects. Score is 1.",1
GA_FAP_2020,GA,FAP,2020,FALSE,Georgia,Forest Action Plan (State Assessment and Resource Strategy),234,tools,connectivity_models,TRUE,0,"No connectivity models (CircuitScape, Linkage Mapper, least-cost path, etc.) are referenced. The GIS-based forest fragmentation analysis uses Landsat land-cover data to assess patch sizes, but this is not a connectivity model in the codebook sense.",0
GA_FAP_2020,GA,FAP,2020,FALSE,Georgia,Forest Action Plan (State Assessment and Resource Strategy),234,context,biological_unit_score,TRUE,2,"In the climate-relevant sections, both species (timber species, pines) and community/ecosystem (forest communities, species composition) are referenced. Score is 2.",2
GA_FAP_2020,GA,FAP,2020,FALSE,Georgia,Forest Action Plan (State Assessment and Resource Strategy),234,context,partnerships_and_funding,TRUE,1,"The document describes extensive partnerships and funding for wildfire, water quality, and forest health programs, but these are not framed around range shifts or climate-driven distributional change. The only climate-adjacent partnership/funding discussion concerns carbon sequestration markets. Score is 1 (some funding/partnerships mentioned but not for range-shift work specifically; aspirational in the climate context).",1
GA_FAP_2020,GA,FAP,2020,FALSE,Georgia,Forest Action Plan (State Assessment and Resource Strategy),234,context,climate_threat_habitat_degradation,TRUE,1,NA,1
GA_FAP_2020,GA,FAP,2020,FALSE,Georgia,Forest Action Plan (State Assessment and Resource Strategy),234,context,climate_threat_species_vital_rates,TRUE,1,"The document states that warming leads to higher tree mortality (drying conditions + pest outbreaks). This is a chain from climate event to species vital rate (tree mortality), satisfying the element criterion. The framing 'both of these factors will result in higher mortality of trees' is direct enough to count.",1
GA_FAP_2020,GA,FAP,2020,FALSE,Georgia,Forest Action Plan (State Assessment and Resource Strategy),234,context,climate_threat_biotic_stressors,TRUE,1,NA,1
GA_FAP_2020,GA,FAP,2020,FALSE,Georgia,Forest Action Plan (State Assessment and Resource Strategy),234,actions,priority_habitat_identification,TRUE,1,"The document identifies priority forest landscapes using spatial analysis (Landsat land-cover fragmentation mapping, HUC watersheds), and these are mapped (Figure 41). However, this spatial prioritization is driven by fragmentation/core forest analysis and water quality, not by climate-driven range shifts or climate refugia. The codebook requires discussion in the context of climate-induced threats to habitat for a higher score. The maps exist (Figure 41) but are not framed in a range-shift or climate-adaptation context. Score is 1 because some spatial representation exists but without climate-shift framing.",1
GA_FAP_2020,GA,FAP,2020,FALSE,Georgia,Forest Action Plan (State Assessment and Resource Strategy),234,actions,targeted_range_shift_actions,TRUE,0,"The document does not propose any targeted actions to manage, facilitate, prevent, or respond to climate-driven species range shifts. The longleaf pine corridor is framed as habitat restoration for threatened/endangered species recovery, not as a climate-motivated range-shift facilitation action. No assisted migration, climate-motivated translocation, or climate-corridor construction is proposed.",0
GA_FAP_2020,GA,FAP,2020,FALSE,Georgia,Forest Action Plan (State Assessment and Resource Strategy),234,actions,time_bound_and_monitoring,TRUE,1,"The Strategy section includes objectives with time-bound targets (e.g., 'increase canopy cover from 37 to 40 percent by 2020') and performance measures, but these are for general forestry/urbanization programs, not for climate range-shift actions. There is no effectiveness monitoring tied to climate adaptation actions specifically. Score is 1 (some deadlines exist at the program level).",1
GA_FAP_2020,GA,FAP,2020,FALSE,Georgia,Forest Action Plan (State Assessment and Resource Strategy),234,actions,evidence_of_efficacy,TRUE,1,"The document cites paleontological/historical evidence and academic references (Iverson and Prasad 2001; Karl et al. 2009; Shugart, Sedjo and Sohngen 2003) as general rationale for the climate change impact discussion, but these are background framing citations rather than evidence of efficacy for specific management actions. No prior projects or case studies supporting the efficacy of climate-related actions are described. Score is 1 (rationale outlined but no direct evidence for actions).",1
GA_FAP_2020,GA,FAP,2020,FALSE,Georgia,Forest Action Plan (State Assessment and Resource Strategy),234,actions,adaptation_planning_frameworks,TRUE,0,"The document does not reference any formal climate adaptation planning frameworks (RAD, RRT, SBDA, CCVA, adaptation menus, structured decision making for climate change, etc.). The plan includes adaptive management language for general forestry programs but this is not framed in a climate-change context. The farm bill requirement to 'manage and restore trees and forests to mitigate and adapt to global climate change' appears once in a figure caption but no framework is described.",0
GU_FAP_2020,GU,FAP,2020,FALSE,Guam (US Territory),Forest Action Plan,146,concepts,climate_vulnerability,TRUE,0,"The document does not frame any species or habitat in terms of climate vulnerability, climate exposure, or adaptive capacity. The one mention of climate change (sea surface temperatures and coral bleaching) is a parenthetical observation, not a vulnerability assessment. Typhoons, droughts, and fire are discussed as abiotic stressors without climate-change attribution or vulnerability framing.",0
GU_FAP_2020,GU,FAP,2020,FALSE,Guam (US Territory),Forest Action Plan,146,concepts,adaptive_capacity_specificity,TRUE,0,No adaptive capacity components are discussed in a climate-adaptation context.,0
GU_FAP_2020,GU,FAP,2020,FALSE,Guam (US Territory),Forest Action Plan,146,concepts,connectivity,TRUE,0,"The document discusses forest fragmentation and the value of increasing forest contiguity, but these are framed in terms of fire risk reduction, invasive species resistance, and storm resilience — not climate-driven range shifts. No climate connectivity, climate corridors, or connectivity as a mechanism for climate-driven species movement is referenced.",0
GU_FAP_2020,GU,FAP,2020,FALSE,Guam (US Territory),Forest Action Plan,146,tools,vulnerability_models,TRUE,0,"No climate vulnerability models (CCVI, PVA, etc.) are referenced anywhere in the document.",0
GU_FAP_2020,GU,FAP,2020,FALSE,Guam (US Territory),Forest Action Plan,146,tools,niche_models,TRUE,0,"No species distribution models or niche models are referenced. Vegetation mapping uses satellite imagery-based classification, not SDMs.",0
GU_FAP_2020,GU,FAP,2020,FALSE,Guam (US Territory),Forest Action Plan,146,tools,climate_models,TRUE,0,"The document discusses climate descriptively (typhoon frequency, drought, sea surface temperature) but cites no climate models, GCMs, downscaled projections, RCPs, SSPs, or emission scenarios. The fire risk assessment referenced a 'given climate scenario' but this is a fire behavior modeling context, not a climate projection model.",0
GU_FAP_2020,GU,FAP,2020,FALSE,Guam (US Territory),Forest Action Plan,146,tools,connectivity_models,TRUE,0,"No connectivity models (CircuitScape, least-cost path, etc.) are referenced. Spatial analyses use N-SPECT for sediment, LiDAR for topography, and vegetation maps — none of which are connectivity models for range-shift purposes.",0
GU_FAP_2020,GU,FAP,2020,FALSE,Guam (US Territory),Forest Action Plan,146,context,biological_unit_score,TRUE,1,"The document discusses species (SGCN, named tree species, invasive species) and habitat types as conservation targets, but not in range-shift contexts. Only one biological unit level (species/habitat) is referenced in any way connected to management; range shift science is absent. Score of 1 is borderline — only species and habitat appear as biological units and neither is discussed in a range-shift context. Scored 1 because at least one biological unit is referenced in connection with management (species), which is the weakest threshold.",1
GU_FAP_2020,GU,FAP,2020,FALSE,Guam (US Territory),Forest Action Plan,146,context,partnerships_and_funding,TRUE,1,"The document identifies numerous potential funding sources and describes some existing partnerships (DoD-Guam Forestry, UOG, APHIS, GISAC), but these are general forestry management partnerships, not specifically for range-shift work. The plan is largely aspirational in terms of funding — it acknowledges Guam Forestry is severely understaffed and underfunded. Score 1 for some described partnerships and funding mentions, but mostly aspirational and not specific to range shifts.",2
GU_FAP_2020,GU,FAP,2020,FALSE,Guam (US Territory),Forest Action Plan,146,context,climate_threat_habitat_degradation,TRUE,0,"The document discusses wildfire, drought, typhoons, and erosion as habitat threats extensively, but does not frame them as climate-induced. The one explicit climate change mention (sea surface temperatures and coral bleaching) is a brief parenthetical. Fire is described as 'anthropogenic' (arson-driven), and drought is discussed as seasonal and El Niño-related without climate change attribution. The codebook requires explicit climate framing; this document does not provide it.",0
GU_FAP_2020,GU,FAP,2020,FALSE,Guam (US Territory),Forest Action Plan,146,context,climate_threat_species_vital_rates,TRUE,0,"While the document discusses mortality events (cycad die-off from scale insects, tree dieback from Casuarina decline, storm-related defoliation), none of these are framed as climate-induced vital rate effects. Drought effects on tree susceptibility are noted but without climate-change attribution. The codebook requires climate framing for this element.",0
GU_FAP_2020,GU,FAP,2020,FALSE,Guam (US Territory),Forest Action Plan,146,context,climate_threat_biotic_stressors,TRUE,0,"Invasive species are discussed extensively as a major threat, and succession/community composition change is implied, but none of these are framed as climate-driven. The document attributes invasive species spread to cargo transport, military buildup, tourism, and disturbance (typhoons, fire) — not climate change. No phenological mismatch or climate-favored invasion framing is present.",0
GU_FAP_2020,GU,FAP,2020,FALSE,Guam (US Territory),Forest Action Plan,146,actions,priority_habitat_identification,TRUE,2,"Priority habitat areas are spatially mapped (multiple figures: Figures 19, 20, 22, 23, 24, 25, 26, 29, 30) and quantified by watershed (Tables 14, 22, 23). However, these are identified for fire risk reduction, erosion control, and forest restoration — not specifically climate adaptation or range shifts. Scored 2 because spatial representation is clearly present. The absence of climate framing does not lower the score for this element, which simply asks about spatial priority habitat identification.",3
GU_FAP_2020,GU,FAP,2020,FALSE,Guam (US Territory),Forest Action Plan,146,actions,targeted_range_shift_actions,TRUE,0,"No actions are proposed that are framed as facilitating, preventing, or responding to climate-driven range shifts. Reforestation, translocation, and assisted planting activities are discussed only in terms of fire risk, sediment control, invasive species management, and general forest restoration — not climate-driven range shifts.",0
GU_FAP_2020,GU,FAP,2020,FALSE,Guam (US Territory),Forest Action Plan,146,actions,time_bound_and_monitoring,TRUE,1,"The document provides a 10-year strategic plan with performance measures listed for each program (e.g., number of acres planted, number of surveys completed). However, individual actions do not have specific deadlines attached, and effectiveness monitoring is framed as aspirational performance tracking rather than tied to specific action outcomes. Score 1 for clear time-bound framing (10-year plan, 5-year inventory cycle) without action-level effectiveness monitoring that would qualify for score 2.",2
GU_FAP_2020,GU,FAP,2020,FALSE,Guam (US Territory),Forest Action Plan,146,actions,evidence_of_efficacy,TRUE,1,"The document presents actions with general ecological rationale (e.g., planting trees shades out invasive grasses that fuel fires) but rarely cites studies supporting specific action efficacy. Some biocontrol efforts reference adaptations from Hawaii and show mixed results. Score 1 because general ecological first principles are used to justify actions but no directly applicable efficacy studies are presented. The LFA biocontrol discussion mentions some evidence of effectiveness but without study citations or outcome data.",1
GU_FAP_2020,GU,FAP,2020,FALSE,Guam (US Territory),Forest Action Plan,146,actions,adaptation_planning_frameworks,TRUE,0,"The document employs a step-down planning approach and adaptive management language (performance measures, iterative planning), but these are not framed in a climate adaptation context. No RAD, RRT, CCVA, SBDA, SDM (Structured Decision Making), or other climate adaptation planning frameworks are referenced. The planning frameworks present are general natural resource management frameworks, not climate adaptation frameworks.",0
HI_FAP_2016,HI,FAP,2016,FALSE,Hawaii,Forest Action Plan,316,concepts,climate_vulnerability,TRUE,3,NA,3
HI_FAP_2016,HI,FAP,2016,FALSE,Hawaii,Forest Action Plan,316,concepts,adaptive_capacity_specificity,TRUE,2,NA,2
HI_FAP_2016,HI,FAP,2016,FALSE,Hawaii,Forest Action Plan,316,concepts,connectivity,TRUE,1,"The document discusses habitat isolation and movement constraints for species facing climate change, implying connectivity concerns, but does not explicitly frame connectivity using canonical terms like 'climate corridors,' 'habitat corridors,' 'landscape permeability,' or 'climate connectivity' in a climate-relevant range-shift context. The discussion of isolation is implicit connectivity framing (generic), scoring a 1.",1
HI_FAP_2016,HI,FAP,2016,FALSE,Hawaii,Forest Action Plan,316,tools,vulnerability_models,TRUE,2,"The document references an external landscape-based climate change vulnerability assessment for native Hawaiian plants and forest birds (Fortini et al. 2013, Fortini et al. 2015) whose results are incorporated into the plan's discussion of species at risk. This qualifies as applied (results substantively incorporated). No CCVI or NatureServe CCVI is named by that designation, but the vulnerability assessment for Hawaiian plants and birds constitutes an applied vulnerability model.",2
HI_FAP_2016,HI,FAP,2016,FALSE,Hawaii,Forest Action Plan,316,tools,niche_models,TRUE,2,"The document incorporates results from species/habitat distribution modeling applied to Hawaiian focal species (birds and plants under projected climate scenarios). Though specific tool names like MaxEnt are not cited in the text, the modeling results from Fortini et al. 2013 and 2015 constitute applied niche modeling incorporated into management decisions.",2
HI_FAP_2016,HI,FAP,2016,FALSE,Hawaii,Forest Action Plan,316,tools,climate_models,TRUE,2,NA,2
HI_FAP_2016,HI,FAP,2016,FALSE,Hawaii,Forest Action Plan,316,tools,connectivity_models,TRUE,0,"The document does not reference any connectivity modeling tools (e.g., CircuitScape, least-cost path, Linkage Mapper) or their outputs. Connectivity as a concept is barely engaged and not modeled.",0
HI_FAP_2016,HI,FAP,2016,FALSE,Hawaii,Forest Action Plan,316,context,biological_unit_score,TRUE,2,NA,2
HI_FAP_2016,HI,FAP,2016,FALSE,Hawaii,Forest Action Plan,316,context,partnerships_and_funding,TRUE,1,"Partnerships for climate change adaptation are described (HCA, PICCC, ICAC, watershed partnerships) and some funding commitments ($7.5M/yr for watershed protection) are noted, but most are aspirational or broad-based rather than specifically targeted for climate-driven range shift management. The partnerships and funding are largely oriented toward watershed protection and biodiversity conservation generally, with climate framing present but not dominant in the funding discussion.",2
HI_FAP_2016,HI,FAP,2016,FALSE,Hawaii,Forest Action Plan,316,context,climate_threat_habitat_degradation,TRUE,1,NA,2
HI_FAP_2016,HI,FAP,2016,FALSE,Hawaii,Forest Action Plan,316,context,climate_threat_species_vital_rates,TRUE,1,"The document discusses warming-driven expansion of avian disease vectors (mosquitoes) into high-elevation bird habitat, directly threatening bird survival/vital rates. The avian malaria/disease framing is climate-attributed and directly impacts bird populations — this constitutes a direct climate-to-vital-rate linkage.",1
HI_FAP_2016,HI,FAP,2016,FALSE,Hawaii,Forest Action Plan,316,context,climate_threat_biotic_stressors,TRUE,1,NA,1
HI_FAP_2016,HI,FAP,2016,FALSE,Hawaii,Forest Action Plan,316,actions,priority_habitat_identification,TRUE,2,NA,2
HI_FAP_2016,HI,FAP,2016,FALSE,Hawaii,Forest Action Plan,316,actions,targeted_range_shift_actions,TRUE,0,"The document discusses climate impacts on species distributions and the need for facilitated adaptation but does not propose specific targeted actions to manage species range shifts (e.g., assisted migration, climate-motivated translocations, or climate corridors). Habitat restoration and watershed protection actions are proposed but are not explicitly framed as managing climate-driven range shifts. The mention of 'natural migration (without human intervention), in many cases, is unlikely' acknowledges the problem but does not translate to a specific targeted range-shift action.",0
HI_FAP_2016,HI,FAP,2016,FALSE,Hawaii,Forest Action Plan,316,actions,time_bound_and_monitoring,TRUE,2,"The 30-by-30 target provides a clear time-bound commitment (by 2030) tied to specific acreage goals. The document also calls for sustained monitoring of climate and ecosystem variables. However, the monitoring and time-bound frameworks are primarily directed at watershed protection and general climate adaptation rather than specifically at range-shift management. The 5-year Fire Protection Plan and explicit monitoring calls nonetheless meet the threshold for score 2.",2
HI_FAP_2016,HI,FAP,2016,FALSE,Hawaii,Forest Action Plan,316,actions,evidence_of_efficacy,TRUE,2,"Evidence of efficacy presented is largely for actions related to invasive species management, watershed protection, and biological control — which are framed as climate adaptation measures. The evidence includes prior project case studies with documented results, constituting 'limited evidence' (score 2) since the applicability of these specific studies to range-shift management per se is indirect.",2
HI_FAP_2016,HI,FAP,2016,FALSE,Hawaii,Forest Action Plan,316,actions,adaptation_planning_frameworks,TRUE,2,"The document references 'A Framework for Climate Change Adaptation in Hawaii' by the Ocean Resources Management Plan Working Group (2009) and the Effective Conservation Program by HCA, and describes iterative/adaptive planning for climate change. These constitute specific named climate adaptation planning tools referenced in a management context, supporting score 2.",2
IA_FAP_2020,IA,FAP,2020,FALSE,Iowa,State Forest Action Plan,99,concepts,climate_vulnerability,TRUE,2,"The document discusses climate exposure (projected temperature increase of 10°F, precipitation changes, plant hardiness zone shifts) and notes that species will struggle to adapt, implying limited adaptive capacity. However, adaptive capacity is not explicitly developed as a distinct concept; the document does not operationally discuss adaptive capacity components for the focal species/habitats. Score is 2 (exposure only) rather than 3.",2
IA_FAP_2020,IA,FAP,2020,FALSE,Iowa,State Forest Action Plan,99,concepts,adaptive_capacity_specificity,TRUE,1,"The document references inability to adapt in passing and implies abiotic niche limitations, but does not operationalize adaptive capacity with named components. Score 1.",1
IA_FAP_2020,IA,FAP,2020,FALSE,Iowa,State Forest Action Plan,99,concepts,connectivity,TRUE,2,NA,2
IA_FAP_2020,IA,FAP,2020,FALSE,Iowa,State Forest Action Plan,99,tools,vulnerability_models,TRUE,0,"No vulnerability models (CCVI, PVA, etc.) are referenced in the document.",0
IA_FAP_2020,IA,FAP,2020,FALSE,Iowa,State Forest Action Plan,99,tools,niche_models,TRUE,0,"No species distribution models or niche models (MaxEnt, SDMs, etc.) are referenced.",0
IA_FAP_2020,IA,FAP,2020,FALSE,Iowa,State Forest Action Plan,99,tools,climate_models,TRUE,2,NA,3
IA_FAP_2020,IA,FAP,2020,FALSE,Iowa,State Forest Action Plan,99,tools,connectivity_models,TRUE,2,"TNC's Resilient and Connected Landscapes project applies connectivity and resilience modeling to Iowa's landscapes in support of conservation priority-setting, qualifying as applied. The underlying algorithm is not named but the output is explicitly incorporated into the plan's spatial priorities.",2
IA_FAP_2020,IA,FAP,2020,FALSE,Iowa,State Forest Action Plan,99,context,biological_unit_score,TRUE,2,NA,2
IA_FAP_2020,IA,FAP,2020,FALSE,Iowa,State Forest Action Plan,99,context,partnerships_and_funding,TRUE,1,"The document describes funding programs (REAP, NRCS cost share, Forest Legacy Program) and partnerships (TNC, USDA Forest Service, urban tree councils) but these are not specifically dedicated to range-shift work; they address general forest management and habitat conservation. For range-shift specific work, the connection is implicit at best. Score 1 for some aspirational/general investment rather than strategic investment in range-shift actions specifically.",2
IA_FAP_2020,IA,FAP,2020,FALSE,Iowa,State Forest Action Plan,99,context,climate_threat_habitat_degradation,TRUE,1,NA,2
IA_FAP_2020,IA,FAP,2020,FALSE,Iowa,State Forest Action Plan,99,context,climate_threat_species_vital_rates,TRUE,1,The framing 'resulting in higher tree mortality' under climate-driven drought is a direct vital rate effect (mortality). This qualifies as climate event → impact on vital rate.,1
IA_FAP_2020,IA,FAP,2020,FALSE,Iowa,State Forest Action Plan,99,context,climate_threat_biotic_stressors,TRUE,1,"The document discusses climate-driven shifts in community composition (toward drought/flood-tolerant species) as a climate-driven biotic stressor. Bur Oak Blight becoming more prevalent due to wetter conditions could also be read as a climate-favored pathogen, but the framing stops short of explicitly calling it climate-mediated in a range-shift context.",1
IA_FAP_2020,IA,FAP,2020,FALSE,Iowa,State Forest Action Plan,99,actions,priority_habitat_identification,TRUE,2,TNC's Resilient and Connected Landscapes dataset is explicitly used as a basis for spatial priority-setting for conservation in Iowa. The document also describes GIS-based priority lands mapping. Both qualify as spatial representation of priority areas in a climate context.,2
IA_FAP_2020,IA,FAP,2020,FALSE,Iowa,State Forest Action Plan,99,actions,targeted_range_shift_actions,TRUE,0,"The document discusses climate-driven species range shifts as a future phenomenon but does not propose specific targeted actions to facilitate, prevent, or respond to those shifts (e.g., assisted migration, climate corridor construction, translocation). General forest management actions (prescribed fire, timber stand improvement) are described without climate-shift framing. The mention of 'assisted migrations' under Non-timber Forest Products appears to refer to plant propagation/farming, not climate-motivated species translocation.",0
IA_FAP_2020,IA,FAP,2020,FALSE,Iowa,State Forest Action Plan,99,actions,time_bound_and_monitoring,TRUE,1,"The document includes a time-bound goal (3% canopy increase by 2050). However, the plan's action tables/strategies do not attach specific deadlines to individual conservation actions, and effectiveness monitoring tied to specific actions is not described. Score 1 for having a plan-level target with a deadline, but lacking action-level deadlines and effectiveness monitoring.",1
IA_FAP_2020,IA,FAP,2020,FALSE,Iowa,State Forest Action Plan,99,actions,evidence_of_efficacy,TRUE,1,"The document claims to use 'science-based techniques' without presenting evidence for the efficacy of specific actions in a range-shift context. General rationale for forest management (diversity, prescribed fire) is presented as first principles without citation to studies testing efficacy of actions for climate adaptation. Score 1.",1
IA_FAP_2020,IA,FAP,2020,FALSE,Iowa,State Forest Action Plan,99,actions,adaptation_planning_frameworks,TRUE,1,"The document references TNC's Resilient and Connected Landscapes framework as a tool to identify priority areas under climate change, which is an adaptation planning tool. However, no named adaptation planning frameworks (RAD, RRT, CCVA, SBDA, structured decision making, adaptation menu) are explicitly invoked. The use of TNC's framework counts as a non-specific reference to climate adaptation planning (score 1). Score 2 would require reference to a named, specific adaptation planning process or tool.",1
ID_FAP_2020,ID,FAP,2020,FALSE,Idaho (state),Forest Action Plan (Resource Assessment + Resource Strategy),167,concepts,climate_vulnerability,TRUE,1,"The document references climate change as a threat to forests and uses a proxy model for stress, but does not decompose vulnerability into exposure vs. adaptive capacity in IPCC terms. There is no specific discussion of adaptive capacity of species or forests to climate change; only generic 'stress' and 'resilience to climatic changes' language appears. Score 1 (referenced non-specifically) rather than 2 or 3.",1
ID_FAP_2020,ID,FAP,2020,FALSE,Idaho (state),Forest Action Plan (Resource Assessment + Resource Strategy),167,concepts,adaptive_capacity_specificity,TRUE,1,"The plan invokes resilience to climate change generically at the goal level but does not operationalize any specific component of adaptive capacity (e.g., dispersal, genetic diversity, physiological tolerance). Score 1 not 2.",1
ID_FAP_2020,ID,FAP,2020,FALSE,Idaho (state),Forest Action Plan (Resource Assessment + Resource Strategy),167,concepts,connectivity,TRUE,1,"Connectivity is referenced generically (wildlife connectivity, connectivity zones) but is never explicitly framed as a mechanism for climate-driven range shifts. No 'climate corridor,' 'climate connectivity,' or similar climate-gradient framing appears. Score 1 not 2.",2
ID_FAP_2020,ID,FAP,2020,FALSE,Idaho (state),Forest Action Plan (Resource Assessment + Resource Strategy),167,tools,vulnerability_models,TRUE,0,"No vulnerability models (CCVI, PVA, NatureServe CCVI, etc.) are referenced. The CHAT tool provides habitat prioritization but is not a climate vulnerability model. The document does note that the CWCS/SWAP species data were incorporated into CHAT, but this is not a vulnerability assessment framework.",0
ID_FAP_2020,ID,FAP,2020,FALSE,Idaho (state),Forest Action Plan (Resource Assessment + Resource Strategy),167,tools,niche_models,TRUE,1,"The document incorporates Rehfeldt et al. 2006 projected landcover rasters (2030, 2060, 2090) as a proxy for climate stress to forests. These represent vegetation/landcover distribution models under climate scenarios, which are analogous to niche/SDM outputs. However, no named niche model tool (MaxEnt, SDM, etc.) is cited, and the application is to a landscape landcover proxy rather than species-level distribution modeling. Score 1 (referenced generally, results applied indirectly) rather than 2, because the document uses the outputs of someone else's modeling as a proxy variable rather than applying niche modeling directly to focal species. Close call; could be argued as 2 if the Rehfeldt projections are treated as applied SDM outputs.",2
ID_FAP_2020,ID,FAP,2020,FALSE,Idaho (state),Forest Action Plan (Resource Assessment + Resource Strategy),167,tools,climate_models,TRUE,2,"The document applies climate-driven landcover projections (Rehfeldt et al. 2006) directly to the subject of the plan — Idaho's forests — to produce a climate change risk map used in final assessment scoring. This meets the 'applied' criterion. No specific GCM, RCP, or SSP is named; the projections are used as published outputs. Score 2.",3
ID_FAP_2020,ID,FAP,2020,FALSE,Idaho (state),Forest Action Plan (Resource Assessment + Resource Strategy),167,tools,connectivity_models,TRUE,1,"The CHAT tool incorporates connectivity zones as a data layer, and the document uses CHAT outputs in its assessment. However, CHAT is a habitat prioritization tool, not a connectivity model per se (no circuit theory, least-cost path, or resistance surface framing). The connectivity model output (NatureServe landscape condition model for connectivity zones) is referenced at one remove via CHAT. No explicit connectivity modeling (CircuitScape, Linkage Mapper, etc.) is named or applied. Score 1 (referenced generally through CHAT's embedded connectivity layer). Not scored as 2 because the connectivity modeling results are not applied to range-shift decisions for focal subjects.",2
ID_FAP_2020,ID,FAP,2020,FALSE,Idaho (state),Forest Action Plan (Resource Assessment + Resource Strategy),167,context,biological_unit_score,TRUE,2,Two biological units are discussed in range-shift contexts: species (ranges of forest species potentially modified by climate) and habitat/ecosystem (forest landcover changes used as a proxy for climate stress). Score 2.,2
ID_FAP_2020,ID,FAP,2020,FALSE,Idaho (state),Forest Action Plan (Resource Assessment + Resource Strategy),167,context,partnerships_and_funding,TRUE,2,"The plan demonstrates active, named partnerships (BLM, USFS, NRCS, Tribes, NGOs, counties) and a formal signed Shared Stewardship Agreement with dedicated financial resources. While these partnerships are not specifically for range-shift management, they are the operative framework for implementing the plan's forest management strategies, which include climate change response. Score 2 reflects strategic investment with active named partnerships, even though the direct link to range-shift actions is limited.",3
ID_FAP_2020,ID,FAP,2020,FALSE,Idaho (state),Forest Action Plan (Resource Assessment + Resource Strategy),167,context,climate_threat_habitat_degradation,TRUE,1,"Climate-driven habitat degradation (wildfire exacerbated by climate change, drought-driven stress) is discussed. Score 1.",2
ID_FAP_2020,ID,FAP,2020,FALSE,Idaho (state),Forest Action Plan (Resource Assessment + Resource Strategy),167,context,climate_threat_species_vital_rates,TRUE,0,"The document discusses tree mortality from bark beetles, balsam woolly adelgid, root disease, and wildfire, but does not frame these as direct climate-driven impacts on vital rates per the codebook's requirement. The linkage is 'climate → drought → stress → beetle outbreak → mortality' (indirect, habitat/condition-mediated), not the direct 'climate event → vital rate impact' framing required for 3.6. The BWA section notes drier climate conditions may increase mortality severity but frames this as a habitat/stand condition effect rather than a direct vital rate impact. Score 0.",0
ID_FAP_2020,ID,FAP,2020,FALSE,Idaho (state),Forest Action Plan (Resource Assessment + Resource Strategy),167,context,climate_threat_biotic_stressors,TRUE,1,"Climate-driven biotic stressors are present but only weakly climate-framed. Invasive species (cheatgrass, noxious weeds) are mentioned in the context of changing conditions, and juniper expansion altering sagebrush communities is discussed in the Sage-Steppe section, though not explicitly attributed to climate change per se. The Cohesive Strategy section mentions changing climate conditions alongside invasive species as stressors. This meets threshold for score 1 given climate is named alongside invasive species expansion.",2
ID_FAP_2020,ID,FAP,2020,FALSE,Idaho (state),Forest Action Plan (Resource Assessment + Resource Strategy),167,actions,priority_habitat_identification,TRUE,2,"Priority Landscape Areas are spatially mapped (maps referenced and described) and explicitly incorporate climate change as one threat factor, meeting the score 2 criterion for spatially represented priority habitat identification. The climate change risk layer is among the seven threats combined into the final map.",3
ID_FAP_2020,ID,FAP,2020,FALSE,Idaho (state),Forest Action Plan (Resource Assessment + Resource Strategy),167,actions,targeted_range_shift_actions,TRUE,0,"The document does not propose any targeted actions specifically to manage, facilitate, or respond to species range shifts. The mention that climate 'may modify current ranges of forest species' is descriptive risk framing, not an action. No assisted migration, climate corridor construction, species translocation, or structural facilitation specifically for range shifts is proposed. General forest management and restoration strategies are present but not framed around range shift management. Score 0.",0
ID_FAP_2020,ID,FAP,2020,FALSE,Idaho (state),Forest Action Plan (Resource Assessment + Resource Strategy),167,actions,time_bound_and_monitoring,TRUE,1,"The plan includes some time-bound language ('within the next five years,' 'ten-year intervals' for full updates) and references to periodic review. However, individual conservation actions in the strategy tables do not carry specific deadlines or effectiveness monitoring protocols. The plan-level revision cycle earns at most score 1 per the codebook. No action-level effectiveness monitoring for climate/range-shift actions is operationalized. Score 1.",2
ID_FAP_2020,ID,FAP,2020,FALSE,Idaho (state),Forest Action Plan (Resource Assessment + Resource Strategy),167,actions,evidence_of_efficacy,TRUE,1,"The document references peer-reviewed datasets and academic expert analysis to justify the climate change modeling approach, which reflects general scientific rationale. However, no evidence of management action efficacy (case studies, post-action evaluations, demonstrations of treatment outcomes) is presented for climate-related actions. The rationale for using published datasets is a first-principles justification, scoring a 1 rather than 0 (which would imply no rationale at all).",1
ID_FAP_2020,ID,FAP,2020,FALSE,Idaho (state),Forest Action Plan (Resource Assessment + Resource Strategy),167,actions,adaptation_planning_frameworks,TRUE,1,"The document references climate adaptation planning in a non-specific way — developing strategies to adapt to climate change, improving resilience — but does not reference any named climate adaptation planning framework (RAD, RRT, CCVA, Structured Decision Making, adaptation menu, scenario planning, etc.). Score 1 (referenced generically) not 2.",2
IL_FAP_2020,IL,FAP,2020,FALSE,Illinois,Forest Action Plan,311,concepts,climate_vulnerability,TRUE,2,"The document references climate vulnerability and exposure (species at range margins, projected warming effects) but does not substantively discuss adaptive capacity as a distinct axis of vulnerability in the IPCC sense. The abiotic/thermal niche of species is discussed only obliquely. Score is 2 (exposure but not a paired discussion of adaptive capacity as a component of vulnerability).",3
IL_FAP_2020,IL,FAP,2020,FALSE,Illinois,Forest Action Plan,311,concepts,adaptive_capacity_specificity,TRUE,1,"Adaptive capacity is referenced in a general way (diversity, resiliency, adaptability) in the context of climate change, but no specific named components (e.g., dispersal ability, genetic variation) are discussed as adaptive-capacity mechanisms in a technical climate-vulnerability framing. Score 1.",1
IL_FAP_2020,IL,FAP,2020,FALSE,Illinois,Forest Action Plan,311,concepts,connectivity,TRUE,1,"Connectivity is discussed extensively throughout as corridors, linkages, and connectivity of fragmented landscapes. However, the framing is generic wildlife/biodiversity connectivity rather than explicitly climate-gradient connectivity or connectivity to support climate-driven range shifts. The 'adjust to landscape and environmental changes' phrase is borderline but does not explicitly invoke climate-driven shifts. Score 1, not 2.",3
IL_FAP_2020,IL,FAP,2020,FALSE,Illinois,Forest Action Plan,311,tools,vulnerability_models,TRUE,1,"The document references the Central Hardwoods Ecosystem Vulnerability Assessment and Synthesis as a resource for climate change planning, and mentions 'Assess future vulnerability and adaptation strategies for oak-hickory forests' as a strategy action. However, no CCVI or similar tool is applied to focal species or habitats within the plan itself. Score 1 (referenced generally, not applied).",1
IL_FAP_2020,IL,FAP,2020,FALSE,Illinois,Forest Action Plan,311,tools,niche_models,TRUE,0,"No species distribution models, MaxEnt, SDMs, or similar niche modeling tools are referenced in this document.",0
IL_FAP_2020,IL,FAP,2020,FALSE,Illinois,Forest Action Plan,311,tools,climate_models,TRUE,0,"The document discusses climate change extensively in qualitative terms (warming, drought, altered conditions) but does not reference any GCMs, climate scenarios (RCPs/SSPs), downscaled projections, or named climate modeling tools. The document notes 'if warming proceeds as climate change models predict' but does not name or cite any specific model. Score 0.",0
IL_FAP_2020,IL,FAP,2020,FALSE,Illinois,Forest Action Plan,311,tools,connectivity_models,TRUE,0,"Connectivity is discussed conceptually and through spatial priority maps (Figure 22 shows priority stewardship areas including riparian corridors), but no connectivity modeling tools (CircuitScape, least-cost path, etc.) are named or applied. The priority map layers include 'Riparian Corridors' and 'Forest Patches' as weighted data layers but these are GIS data layers, not connectivity models. Score 0.",0
IL_FAP_2020,IL,FAP,2020,FALSE,Illinois,Forest Action Plan,311,context,biological_unit_score,TRUE,2,NA,2
IL_FAP_2020,IL,FAP,2020,FALSE,Illinois,Forest Action Plan,311,context,partnerships_and_funding,TRUE,1,"Partnerships and funding are discussed extensively throughout the plan, but climate-specific partnerships and funding for range-shift work are minimal and aspirational. The Shared Stewardship Agreement and multi-state climate collaboration are mentioned, but implementation is not documented. Score 1.",2
IL_FAP_2020,IL,FAP,2020,FALSE,Illinois,Forest Action Plan,311,context,climate_threat_habitat_degradation,TRUE,1,"Climate-induced drought and its effects on forests are mentioned. The document also discusses altered disturbance regimes, storm events, and flooding in the context of climate change and urban forests. Score 1.",1
IL_FAP_2020,IL,FAP,2020,FALSE,Illinois,Forest Action Plan,311,context,climate_threat_species_vital_rates,TRUE,1,The document discusses direct climate effects on vital rates of insects (over-wintering survivorship) and subsequent increased insect damage to trees (implying indirect effects on tree vital rates). This is borderline — the surviving insects affecting trees is a chain rather than direct vital rate impact — but the direct survivorship of insects driven by warming temperatures qualifies. Score 1.,1
IL_FAP_2020,IL,FAP,2020,FALSE,Illinois,Forest Action Plan,311,context,climate_threat_biotic_stressors,TRUE,1,"Shifts in competitive interactions among species attributed to climatic warming are discussed, as is earlier spring greening. These qualify as climate-driven biotic stressors (phenological change, community composition shifts). Score 1.",1
IL_FAP_2020,IL,FAP,2020,FALSE,Illinois,Forest Action Plan,311,actions,priority_habitat_identification,TRUE,2,"The document includes priority stewardship area maps (Figure 22) derived from 12 weighted data layers. However, the priority areas are primarily driven by general forest conservation values rather than specifically by climate-related range shifts. The score of 2 is given because spatial representation exists and some of the priority criteria relate to climate threats (e.g., forest health, developmental pressure, riparian corridors). This is a close call but the spatial representation criterion is met.",2
IL_FAP_2020,IL,FAP,2020,FALSE,Illinois,Forest Action Plan,311,actions,targeted_range_shift_actions,TRUE,0,"The document does not propose any specific targeted actions to manage climate-driven species range shifts — no assisted migration, managed relocation, climate corridor construction, or climate-motivated translocation actions are proposed. General connectivity and corridor language exists but is not framed as climate-driven range shift facilitation. The strategy to 'Assess future vulnerability and adaptation strategies for oak-hickory forests' is aspirational, not an action. Score 0.",0
IL_FAP_2020,IL,FAP,2020,FALSE,Illinois,Forest Action Plan,311,actions,time_bound_and_monitoring,TRUE,1,"The plan has some time-bound elements (the 2020-2030 plan period, a 5-year urban forestry agenda to be updated by 2025), and the Forest Legacy monitoring section includes a structured rotation schedule for easement monitoring. However, climate-specific range-shift actions do not have attached deadlines or effectiveness monitoring protocols. The plan endorses adaptive management as a principle but does not operationalize it at the action level for climate adaptation. Score 1.",1
IL_FAP_2020,IL,FAP,2020,FALSE,Illinois,Forest Action Plan,311,actions,evidence_of_efficacy,TRUE,1,"The document presents climate adaptation actions as general principles (ensure species diversity, review species for range adaptability, assess vulnerability) without citing evidence for the efficacy of those actions. References to the Central Hardwoods Vulnerability Assessment and other resources are listed as planning tools, not as evidence supporting specific actions. Score 1 — rationale is outlined (diversity supports resilience) but no evidence is provided.",1
IL_FAP_2020,IL,FAP,2020,FALSE,Illinois,Forest Action Plan,311,actions,adaptation_planning_frameworks,TRUE,1,"The document references climate adaptation planning in a general, non-specific way ('integrate adaptation strategies,' 'prepare for climate change') without naming specific frameworks like RAD, RRT, CCVA, structured decision making, or scenario-based decision analysis. Score 1 (referenced generally, not specifically). The Central Hardwoods Climate Change Response Framework is cited as a resource but not named as a formal planning framework being used.",1
IN_FAP_2020,IN,FAP,2020,FALSE,Indiana,Forest Action Plan,214,concepts,climate_vulnerability,TRUE,1,"The document mentions climate change affecting Indiana forests and references a Purdue report on forest responses to climate change, but does not frame this in terms of climate exposure or adaptive capacity for specific species or habitats. A passing reference to 'climate change and overall urban forest resilience' scores 1. There is no decomposition into exposure vs. adaptive capacity, no vulnerability framework applied.",1
IN_FAP_2020,IN,FAP,2020,FALSE,Indiana,Forest Action Plan,214,concepts,adaptive_capacity_specificity,TRUE,1,"While evolutionary potential and dispersal are referenced in climate-adjacent contexts, the treatment is not systematic enough to score 2 (which requires explicit operationalization of one or more named AC components). The distribution shift reference is from a cited external report, not applied by the document itself to specific species/habitats.",1
IN_FAP_2020,IN,FAP,2020,FALSE,Indiana,Forest Action Plan,214,concepts,connectivity,TRUE,1,"Connectivity and corridors are discussed generically (biodiversity, wildlife dispersal, contiguous forests) without explicit climate-shift framing. The document does not frame corridors as enabling climate-driven range shifts or use the term 'climate corridor' or 'climate connectivity.' Score is 1, not 2.",2
IN_FAP_2020,IN,FAP,2020,FALSE,Indiana,Forest Action Plan,214,tools,vulnerability_models,TRUE,0,"No vulnerability models (CCVI, PVA, or similar) are referenced in the document.",0
IN_FAP_2020,IN,FAP,2020,FALSE,Indiana,Forest Action Plan,214,tools,niche_models,TRUE,0,"No species distribution models or niche models are referenced. The Purdue report on future Indiana forests is mentioned but no underlying modeling tool (MaxEnt, SDM, etc.) is named or applied.",0
IN_FAP_2020,IN,FAP,2020,FALSE,Indiana,Forest Action Plan,214,tools,climate_models,TRUE,0,"The document references qualitative climate change impacts (wetter winters, longer droughts, more 90-degree days) and a Purdue Climate Change Impacts Assessment report, but no climate model, GCM, RCP scenario, downscaling product, or specific emission scenario is named or applied. This is a legitimate 0 per codebook decision rules.",0
IN_FAP_2020,IN,FAP,2020,FALSE,Indiana,Forest Action Plan,214,tools,connectivity_models,TRUE,0,"The document discusses connectivity and corridors conceptually and references GIS-based spatial analyses for the Forest Legacy AON (using GAP data), but no connectivity model (CircuitScape, least-cost path, Linkage Mapper, etc.) is referenced.",0
IN_FAP_2020,IN,FAP,2020,FALSE,Indiana,Forest Action Plan,214,context,biological_unit_score,TRUE,2,NA,2
IN_FAP_2020,IN,FAP,2020,FALSE,Indiana,Forest Action Plan,214,context,partnerships_and_funding,TRUE,1,"The document discusses partnerships (NRCS, USFS, land trusts, Forest Stewardship Advisory Council) and funding in general terms for forest conservation broadly. However, none of this is specifically tied to managing species range shifts. Score is 1 because partnerships and some funding are described, but they are not strategically targeted to range-shift actions.",2
IN_FAP_2020,IN,FAP,2020,FALSE,Indiana,Forest Action Plan,214,context,climate_threat_habitat_degradation,TRUE,1,NA,1
IN_FAP_2020,IN,FAP,2020,FALSE,Indiana,Forest Action Plan,214,context,climate_threat_species_vital_rates,TRUE,1,"The tulip tree scale epidemic is attributed to warmer winters (climate-driven), and the resulting tree population impact is noted, which qualifies as a direct effect on vital rates. This is a borderline case but meets the threshold: climate-favored insect expansion leading to tree mortality/severe impact.",1
IN_FAP_2020,IN,FAP,2020,FALSE,Indiana,Forest Action Plan,214,context,climate_threat_biotic_stressors,TRUE,1,NA,1
IN_FAP_2020,IN,FAP,2020,FALSE,Indiana,Forest Action Plan,214,actions,priority_habitat_identification,TRUE,2,"The document identifies Strategic Target Forest Patches through a geospatial analysis and presents associated maps (the 2019 Above Average Forest Patches by Natural Region map, the Forest Legacy Areas maps). However, this priority habitat identification is driven primarily by timber, biodiversity, and fragmentation concerns — not explicitly by climate-induced threats or range shifts. Score is 2 because spatial representation is clearly present (maps referenced), even if the climate-adaptation framing is weak.",2
IN_FAP_2020,IN,FAP,2020,FALSE,Indiana,Forest Action Plan,214,actions,targeted_range_shift_actions,TRUE,0,"The document does not propose targeted actions explicitly framed to manage climate-driven range shifts. Action 2.10 encourages planting species 'best adapted to changing climate' and action 3.18 mentions forest restoration to 'mitigate and adapt to global climate change,' but neither is framed as facilitating, preventing, or responding to range shifts. No assisted migration, climate corridor construction, or climate-motivated translocation is proposed.",0
IN_FAP_2020,IN,FAP,2020,FALSE,Indiana,Forest Action Plan,214,actions,time_bound_and_monitoring,TRUE,1,"The document includes some time-bound targets (e.g., expand forest cover by 20% by 2030, increase enrollment by 1,000,000 acres over 10 years), but these are plan-level goals rather than action-level deadlines. There is no systematic effectiveness monitoring protocol tied to specific actions. Score 1: some deadlines present but no action-level monitoring framework. Does not reach score 2.",1
IN_FAP_2020,IN,FAP,2020,FALSE,Indiana,Forest Action Plan,214,actions,evidence_of_efficacy,TRUE,1,"The document references research support and accomplishments from prior work (HEE, invasive species BMP pilots) but does not systematically link evidence to specific actions. Actions are generally presented as good practice without citations to efficacy studies. Score 1 reflects rationale provided without strong evidence directly supporting each action.",1
IN_FAP_2020,IN,FAP,2020,FALSE,Indiana,Forest Action Plan,214,actions,adaptation_planning_frameworks,TRUE,1,"The document references the concept of adapting forests to climate change in the National Priorities Crosswalk (mitigate and adapt to global climate change) and in action step 2.10 (plant species adapted to changing climate), but does not use or name any specific climate adaptation planning framework (RAD, RRT, CCVA, SBDA, SDM, adaptation menu, etc.). Score 1: referenced generically, not with any specific framework.",1
KS_FAP_2020,KS,FAP,2020,FALSE,Kansas,Forest Action Plan,164,concepts,climate_vulnerability,TRUE,1,"The document acknowledges climate change as a threat to Kansas forests and mentions climate-related mortality and forest health impacts, but does not engage the concepts of climate exposure or adaptive capacity with any specificity. Global Climate Change appears in a table of landowner concerns (Table 2.1) without elaboration. The document never uses 'climate vulnerability,' 'adaptive capacity,' or 'climate exposure' as framing concepts for its species or forest assessments. Score 1 (generic mention of climate as a threat, no decomposition into exposure or adaptive capacity).",2
KS_FAP_2020,KS,FAP,2020,FALSE,Kansas,Forest Action Plan,164,concepts,adaptive_capacity_specificity,TRUE,1,"The document does reference climate adaptability of specific species, but it does not name or discuss specific components of adaptive capacity (e.g., dispersal, thermal tolerance, evolutionary potential). Score 1: non-specific reference.",1
KS_FAP_2020,KS,FAP,2020,FALSE,Kansas,Forest Action Plan,164,concepts,connectivity,TRUE,1,"The document discusses wildlife corridors and habitat connectivity in the context of fragmentation from development, but these are not framed in relation to climate-driven range shifts. The connectivity discussion is generic (preventing fragmentation for wildlife habitat) without any climate-gradient or range-shift framing. Score 1: generic connectivity referenced, not climate-relevant.",2
KS_FAP_2020,KS,FAP,2020,FALSE,Kansas,Forest Action Plan,164,tools,vulnerability_models,TRUE,0,"No vulnerability models (CCVI, PVA, etc.) are referenced in the document. The plan does not conduct or cite any formal climate vulnerability assessment for its focal species or habitats.",0
KS_FAP_2020,KS,FAP,2020,FALSE,Kansas,Forest Action Plan,164,tools,niche_models,TRUE,2,The Tree Atlas is a species distribution model that is explicitly applied to the document's focal tree species in Kansas (Table 2.3 lists species with projected changes in relative abundance). Results are incorporated into planting recommendations. This qualifies as applied (score 2).,3
KS_FAP_2020,KS,FAP,2020,FALSE,Kansas,Forest Action Plan,164,tools,climate_models,TRUE,2,"GCMs (Hadley, Parallel, Geophysical Fluid Dynamics) are applied through the Tree Atlas to project species distribution changes for Kansas focal tree species to 2100. This constitutes application of climate model outputs to the document's focal subjects. No formal RCP/SSP scenario labels are used, but a 'high carbon/business as usual' vs 'low carbon' scenario distinction is made.",2
KS_FAP_2020,KS,FAP,2020,FALSE,Kansas,Forest Action Plan,164,tools,connectivity_models,TRUE,0,"The document does not reference any connectivity modeling tools (CircuitScape, Linkage Mapper, least-cost path models, etc.). Connectivity is discussed qualitatively as a concern but without underlying quantitative modeling.",0
KS_FAP_2020,KS,FAP,2020,FALSE,Kansas,Forest Action Plan,164,context,biological_unit_score,TRUE,2,NA,2
KS_FAP_2020,KS,FAP,2020,FALSE,Kansas,Forest Action Plan,164,context,partnerships_and_funding,TRUE,1,"The document describes multiple partnerships (NRCS, Kansas Department of Agriculture, Kansas Department of Wildlife and Parks, Heartland Tree Alliance, Great Plains Initiative, etc.) and some funding mechanisms (EQIP, Forest Legacy Program, state wildfire suppression fund). However, these are largely for general forest management, not specifically for range-shift science or climate adaptation. Funding gaps are explicitly noted. Score 1: some funding and partnerships described, but limited and with acknowledged gaps.",2
KS_FAP_2020,KS,FAP,2020,FALSE,Kansas,Forest Action Plan,164,context,climate_threat_habitat_degradation,TRUE,1,NA,2
KS_FAP_2020,KS,FAP,2020,FALSE,Kansas,Forest Action Plan,164,context,climate_threat_species_vital_rates,TRUE,1,"The document references 'climate-related mortality' linked to GHG/CO2 concentration increases, which is a direct vital rate effect framed as climate-driven. This meets the threshold for score 1.",2
KS_FAP_2020,KS,FAP,2020,FALSE,Kansas,Forest Action Plan,164,context,climate_threat_biotic_stressors,TRUE,1,"The document discusses climate-driven changes in species composition and community structure (changed species composition from fire exclusion combined with climate change; forest range and type projected to change). Eastern redcedar encroachment is discussed extensively but primarily framed as a fire/management issue rather than a climate-driven invasion. However, the Appendix A national guidance text explicitly frames changed species composition as a result of a changing climate, which qualifies for score 1.",2
KS_FAP_2020,KS,FAP,2020,FALSE,Kansas,Forest Action Plan,164,actions,priority_habitat_identification,TRUE,2,"Priority habitat is extensively spatially represented through GIS-based HUC-14 watershed prioritization maps, nine named landscape priority areas, and Forest Legacy Program area maps (Figures 3.13–3.17, 4.1–4.7). These are climate-adjacent (addressing threats including climate change effects on forests) but primarily driven by threats and benefits generally rather than climate-driven range shifts specifically. Score 2 is warranted because the spatial representation of priority habitats is explicit and map-based.",3
KS_FAP_2020,KS,FAP,2020,FALSE,Kansas,Forest Action Plan,164,actions,targeted_range_shift_actions,TRUE,0,"The document does not propose targeted actions to manage climate-driven species range shifts. Planting climate-resilient tree species is mentioned (Tree Atlas winners list), but this is framed as general forestry/carbon sequestration strategy, not as facilitating or responding to range shifts. There is no assisted migration, translocation for climate adaptation, or explicit climate corridor construction. The connectivity discussion is about preventing fragmentation from urban development, not facilitating climate-driven shifts. Score 0.",0
KS_FAP_2020,KS,FAP,2020,FALSE,Kansas,Forest Action Plan,164,actions,time_bound_and_monitoring,TRUE,1,"The document mentions a 5-year plan review (2025), annual reports to USDA FS, and performance measures for each strategy section. However, these are plan-level mechanisms, not action-level deadlines with specific milestones attached to individual conservation actions. The performance measures are outcome metrics (acres treated, number of inventories completed) without deadlines attached to specific actions. Score 1: clear plan-level deadlines exist, but action-level deadline + monitoring pairing does not reach score 2.",2
KS_FAP_2020,KS,FAP,2020,FALSE,Kansas,Forest Action Plan,164,actions,evidence_of_efficacy,TRUE,2,"The document provides limited-to-moderate evidence of efficacy. Prior project outcomes are documented (Rattlesnake Creek, windbreak renovation, riparian buffer establishment) and some research citations are provided (57 crop years windbreak yield data). However, the evidence for climate-specific adaptation actions is thin — the Tree Atlas species recommendation is based on modeled projections, not field-tested outcomes. Score 2: limited but real evidence from prior projects implemented in Kansas conditions.",3
KS_FAP_2020,KS,FAP,2020,FALSE,Kansas,Forest Action Plan,164,actions,adaptation_planning_frameworks,TRUE,1,"The document references climate adaptation as a planning goal (mitigate and adapt to global climate change) and uses the Tree Atlas to inform climate-adaptive tree species selection. However, no named adaptation planning frameworks (RAD, RRT, SBDA, structured decision making, adaptation menus, CCVA, etc.) are explicitly used or referenced. The planning approach is a standard forest assessment/strategy structure, not a named climate adaptation planning framework. Score 1: climate adaptation planning is referenced non-specifically as a goal, without named frameworks.",2
KY_FAP_2020,KY,FAP,2020,FALSE,Kentucky,Forest Action Plan (State Forest Resource Strategy),291,concepts,climate_vulnerability,TRUE,1,"The document mentions that climate change might cause range shifts and that some species may not be suited to future conditions, which is a non-specific vulnerability reference. There is no mention of climate exposure as a metric, no adaptive capacity discussion, and no formal vulnerability framework. Score is 1 (referenced non-specifically).",1
KY_FAP_2020,KY,FAP,2020,FALSE,Kentucky,Forest Action Plan (State Forest Resource Strategy),291,concepts,adaptive_capacity_specificity,TRUE,0,"The document does not reference adaptive capacity of species or ecosystems in any meaningful sense. The single climate-related passage only vaguely notes that 'certain species may not be as suited under future conditions.' No components of adaptive capacity (dispersal, genetic diversity, thermal tolerance, etc.) are mentioned in a climate context.",0
KY_FAP_2020,KY,FAP,2020,FALSE,Kentucky,Forest Action Plan (State Forest Resource Strategy),291,concepts,connectivity,TRUE,1,"The document discusses wildlife corridors and habitat connectivity extensively (e.g., Pine Mountain Wildlands Corridor, riparian corridors, fragmentation concerns, connectivity of forest blocks). However, connectivity is never framed explicitly in terms of facilitating climate-driven range shifts. The KNLT corridor mentions 'migration corridors' but in the context of wildlife habitat, not climate-driven distributional change. Score is 1 (generic connectivity referenced, not climate-framed).",1
KY_FAP_2020,KY,FAP,2020,FALSE,Kentucky,Forest Action Plan (State Forest Resource Strategy),291,tools,vulnerability_models,TRUE,0,"No vulnerability models (CCVI, PVA, or any climate vulnerability assessment framework) are referenced or applied anywhere in the document.",0
KY_FAP_2020,KY,FAP,2020,FALSE,Kentucky,Forest Action Plan (State Forest Resource Strategy),291,tools,niche_models,TRUE,0,"No species distribution models, niche models, or habitat suitability models are mentioned or applied in the document.",0
KY_FAP_2020,KY,FAP,2020,FALSE,Kentucky,Forest Action Plan (State Forest Resource Strategy),291,tools,climate_models,TRUE,0,"Despite engaging briefly with climate change, the document references no specific climate models, GCMs, CMIP products, RCPs, SSPs, or climate projection tools. The single climate passage discusses possible future changes qualitatively with no model-based framing.",0
KY_FAP_2020,KY,FAP,2020,FALSE,Kentucky,Forest Action Plan (State Forest Resource Strategy),291,tools,connectivity_models,TRUE,0,"The priority area methodology uses SFLA spatial data layers and AHP-weighted GIS analysis, but this is a habitat/forest resource prioritization approach, not a connectivity model (CircuitScape, Linkage Mapper, etc.) applied to facilitate range shifts. No connectivity modeling tools are named or applied.",0
KY_FAP_2020,KY,FAP,2020,FALSE,Kentucky,Forest Action Plan (State Forest Resource Strategy),291,context,biological_unit_score,TRUE,2,NA,2
KY_FAP_2020,KY,FAP,2020,FALSE,Kentucky,Forest Action Plan (State Forest Resource Strategy),291,context,partnerships_and_funding,TRUE,1,"Partnerships and funding are described extensively throughout the plan (federal/state cost-share programs, KDF partnerships with USFS, NRCS, TNC, KDFWR, land trusts, etc.), but none are specifically described as targeting species range shifts. The plan acknowledges funding gaps and funding reductions, and describes aspirational partnerships. Score of 1 reflects limited/aspirational engagement without dedicated range-shift-specific funding or partnerships.",1
KY_FAP_2020,KY,FAP,2020,FALSE,Kentucky,Forest Action Plan (State Forest Resource Strategy),291,context,climate_threat_habitat_degradation,TRUE,1,"The document mentions drought and wildfire as threats to forest resources in the context of changing conditions, and acknowledges that climate change could alter species ranges. The connection to climate is implicit (drought mentioned in context of climate-change discussion) but not thoroughly elaborated. Score 1 is appropriate — the document does specifically discuss drought and wildfire as habitat-affecting threats, even if the climate linkage is weak.",1
KY_FAP_2020,KY,FAP,2020,FALSE,Kentucky,Forest Action Plan (State Forest Resource Strategy),291,context,climate_threat_species_vital_rates,TRUE,0,"The document does not frame any climate-caused events (wildfire, drought, heat) as directly causing species mortality, recruitment failure, or other direct vital rate impacts. Drought and wildfire are mentioned in generic contexts. The single explicit climate sentence focuses on potential range changes, not direct vital rate impacts.",0
KY_FAP_2020,KY,FAP,2020,FALSE,Kentucky,Forest Action Plan (State Forest Resource Strategy),291,context,climate_threat_biotic_stressors,TRUE,0,"While invasive species are discussed extensively throughout the plan, none is framed as expanding its range due to climate warming. The document discusses invasives as a forest health threat, but without any climate-change framing. The one brief mention of climate change (Section 6) does not connect climate change to invasive expansion or successional change.",0
KY_FAP_2020,KY,FAP,2020,FALSE,Kentucky,Forest Action Plan (State Forest Resource Strategy),291,actions,priority_habitat_identification,TRUE,2,"Priority habitat areas are explicitly identified with spatial representation (maps, GIS priority area analysis). However, this prioritization is driven by forest health/stewardship criteria, not climate-driven range shifts. Score 2 reflects spatially explicit priority habitat work even though it is not framed around range-shift adaptation — the codebook scores spatial representation of priority habitat identification regardless of whether the motivation is climate-specific.",2
KY_FAP_2020,KY,FAP,2020,FALSE,Kentucky,Forest Action Plan (State Forest Resource Strategy),291,actions,targeted_range_shift_actions,TRUE,0,"The document does not propose any targeted actions specifically to manage, facilitate, or respond to climate-driven species range shifts. Reforestation, corridor protection, and forest management actions are described, but none are explicitly motivated by climate-driven distributional change. The American chestnut reintroduction is discussed but as species recovery, not climate adaptation. Connectivity and corridor work (Pine Mountain Wildlands Corridor, Forest Legacy Areas) is framed in terms of wildlife habitat and fragmentation, not climate range-shift facilitation.",0
KY_FAP_2020,KY,FAP,2020,FALSE,Kentucky,Forest Action Plan (State Forest Resource Strategy),291,actions,time_bound_and_monitoring,TRUE,1,"The plan includes performance measures for each goal/objective (e.g., '10% increase over five years', specific acreage targets, annual monitoring of forest health threats), which reflect some time-binding at the action level. However, the actions are not tightly paired with both explicit deadlines AND effectiveness monitoring protocols in a way that clearly satisfies both criteria for score 2. The plan structure includes 5-year performance measures but effectiveness monitoring tied to specific actions is not operationalized in a climate adaptation context. Score 1 reflects clear deadlines/milestones without full effectiveness monitoring integration.",1
KY_FAP_2020,KY,FAP,2020,FALSE,Kentucky,Forest Action Plan (State Forest Resource Strategy),291,actions,evidence_of_efficacy,TRUE,1,"The document describes some past programs and their outcomes (e.g., HWA treatment numbers, BMP implementation improvements from 47% to 74%), which provide some evidence that management actions can work. However, there are no citations to efficacy studies, no explicit 'lessons learned' frameworks, and no evidence presented specifically for climate-adaptation or range-shift-related actions. The evidence of efficacy present is for general forest health and BMP actions, not range-shift management. Score 1 reflects rationale outlined but limited evidence, no studies directly supporting range-shift actions.",1
KY_FAP_2020,KY,FAP,2020,FALSE,Kentucky,Forest Action Plan (State Forest Resource Strategy),291,actions,adaptation_planning_frameworks,TRUE,0,"The document does not reference any formal climate adaptation planning frameworks (RAD, RRT, CCVA, structured decision making in a climate context, climate scenario planning, etc.). The general forest planning approach (goals/objectives/performance measures) is a standard management planning framework, not a climate adaptation planning framework. The brief mention of TNC's 'climate change strategies' (one line) is too vague to constitute a specific climate adaptation planning framework reference.",0
LA_FAP_2020,LA,FAP,2020,FALSE,Louisiana (state),Forest Action Plan / Statewide Forest Resource Assessment and Strategy,74,concepts,climate_vulnerability,TRUE,0,"The document does not use the term 'climate vulnerability,' 'climate exposure,' 'adaptive capacity' (in the climate sense), or related IPCC-framework vocabulary. Threats such as drought, wildfire, and hurricanes are discussed but are not explicitly framed as climate-change-driven. The document never situates species or habitats in a climate vulnerability assessment context.",0
LA_FAP_2020,LA,FAP,2020,FALSE,Louisiana (state),Forest Action Plan / Statewide Forest Resource Assessment and Strategy,74,concepts,adaptive_capacity_specificity,TRUE,0,No reference to any component of adaptive capacity in a climate-adaptation context.,0
LA_FAP_2020,LA,FAP,2020,FALSE,Louisiana (state),Forest Action Plan / Statewide Forest Resource Assessment and Strategy,74,concepts,connectivity,TRUE,1,"Connectivity is referenced generically — in terms of wildlife dispersal, movement corridors, and habitat connectivity for species of conservation concern — but there is no explicit climate framing (no 'climate corridors,' 'climate-gradient connectivity,' or framing of corridors as supporting climate-driven range shifts). Score is 1, not 2.",2
LA_FAP_2020,LA,FAP,2020,FALSE,Louisiana (state),Forest Action Plan / Statewide Forest Resource Assessment and Strategy,74,tools,vulnerability_models,TRUE,0,"The SGSF Wildfire Risk Assessment is mentioned, but this is a wildfire risk tool for human infrastructure/community planning, not a climate vulnerability model for species or ecosystems (CCVI, PVA, etc.). No vulnerability models in the codebook sense are referenced.",0
LA_FAP_2020,LA,FAP,2020,FALSE,Louisiana (state),Forest Action Plan / Statewide Forest Resource Assessment and Strategy,74,tools,niche_models,TRUE,0,"No species distribution models, MaxEnt, SDMs, ENMs, or equivalent tools are referenced.",0
LA_FAP_2020,LA,FAP,2020,FALSE,Louisiana (state),Forest Action Plan / Statewide Forest Resource Assessment and Strategy,74,tools,climate_models,TRUE,0,"The document discusses drought (referencing the U.S. Drought Monitor for historical data) but uses no climate models, GCMs, downscaled projections, RCPs, or SSPs. The U.S. Drought Monitor is an observational/monitoring tool, not a climate projection model.",0
LA_FAP_2020,LA,FAP,2020,FALSE,Louisiana (state),Forest Action Plan / Statewide Forest Resource Assessment and Strategy,74,tools,connectivity_models,TRUE,0,"Connectivity is discussed qualitatively (corridors, fragmentation, habitat patches) but no connectivity modeling tools (CircuitScape, Linkage Mapper, least-cost path, etc.) are referenced or applied.",0
LA_FAP_2020,LA,FAP,2020,FALSE,Louisiana (state),Forest Action Plan / Statewide Forest Resource Assessment and Strategy,74,context,biological_unit_score,TRUE,2,Species (named species of conservation concern) and habitat types are both discussed. Score 2 for two or more biological units.,2
LA_FAP_2020,LA,FAP,2020,FALSE,Louisiana (state),Forest Action Plan / Statewide Forest Resource Assessment and Strategy,74,context,partnerships_and_funding,TRUE,1,"Partnerships and funding exist (LDAF with USDA Forest Service, LDWF, LSU AgCenter, FLP, VFA programs, South Central Compact), but none are specifically framed around range-shift science or climate-driven distributional change. Funding mechanisms described are for general forest management, fire management, and invasive species control. Score is 1 (some partnerships and funding described, but limited/aspirational in relation to any range-shift context).",2
LA_FAP_2020,LA,FAP,2020,FALSE,Louisiana (state),Forest Action Plan / Statewide Forest Resource Assessment and Strategy,74,context,climate_threat_habitat_degradation,TRUE,0,"While drought, flooding, and hurricanes are mentioned, they are not explicitly framed as climate-change-driven threats causing habitat degradation. The document treats these as historical/recurring natural disturbances rather than manifestations of anthropogenic climate change. Wetland loss is noted but attributed to 'habitat alteration and destruction as well as natural erosion processes,' not explicitly to climate change.",0
LA_FAP_2020,LA,FAP,2020,FALSE,Louisiana (state),Forest Action Plan / Statewide Forest Resource Assessment and Strategy,74,context,climate_threat_species_vital_rates,TRUE,0,"Wildfire mortality and insect/disease mortality are discussed, but not attributed to climate change. The document frames these as ecological disturbance processes (historic fire regimes, fire suppression legacy, pest outbreaks) without invoking climate change as a causal driver of increased mortality or recruitment failure.",0
LA_FAP_2020,LA,FAP,2020,FALSE,Louisiana (state),Forest Action Plan / Statewide Forest Resource Assessment and Strategy,74,context,climate_threat_biotic_stressors,TRUE,0,"Invasive species (cogongrass, Chinese tallow tree, Chinese privet, emerald ash borer, laurel wilt) are discussed extensively, but their spread is not framed as climate-driven. Cogongrass spread is attributed to human transport and fire adaptation. No phenological mismatch, trophic asynchrony, or climate-favored invasion framing is present.",0
LA_FAP_2020,LA,FAP,2020,FALSE,Louisiana (state),Forest Action Plan / Statewide Forest Resource Assessment and Strategy,74,actions,priority_habitat_identification,TRUE,2,"Priority habitat areas (Forest Legacy Areas — Florida Parishes FLA, Northwestern Louisiana FLA, CENLA FLA) are spatially delineated on maps (Figure 30) and described with parish-level specificity. Score 2 is warranted for spatially explicit prioritization, though the framing is general forest conservation rather than climate-driven range shift management.",3
LA_FAP_2020,LA,FAP,2020,FALSE,Louisiana (state),Forest Action Plan / Statewide Forest Resource Assessment and Strategy,74,actions,targeted_range_shift_actions,TRUE,0,"No actions are proposed for managing climate-driven range shifts. Habitat restoration, connectivity, and longleaf pine restoration are discussed but are framed as general species conservation and fire management, not as responses to climate-driven distributional change. No assisted migration, climate-motivated translocation, or climate corridor construction is mentioned.",0
LA_FAP_2020,LA,FAP,2020,FALSE,Louisiana (state),Forest Action Plan / Statewide Forest Resource Assessment and Strategy,74,actions,time_bound_and_monitoring,TRUE,1,"Monitoring activities (aerial detection, trapping, ground surveys) are described as ongoing commitments, and the plan covers a 10-year cycle. However, specific deadlines for individual conservation actions are not attached, and effectiveness monitoring at the action level is not specified. Score is 1 (clear monitoring described but no action-level deadlines paired with effectiveness monitoring).",1
LA_FAP_2020,LA,FAP,2020,FALSE,Louisiana (state),Forest Action Plan / Statewide Forest Resource Assessment and Strategy,74,actions,evidence_of_efficacy,TRUE,1,"The document presents rationale for actions (e.g., early detection improves invasive species control success, prescribed fire restores fire-adapted ecosystems) but does not cite empirical studies evaluating the efficacy of specific interventions. This constitutes general ecological reasoning rather than evidence from prior implemented projects. Score 1.",1
LA_FAP_2020,LA,FAP,2020,FALSE,Louisiana (state),Forest Action Plan / Statewide Forest Resource Assessment and Strategy,74,actions,adaptation_planning_frameworks,TRUE,1,"The document references 'adapt to changing conditions' in a generic planning context, and the overall structure of the plan (assessment → threats → strategies → monitoring) reflects adaptive management principles implicitly. However, no named climate adaptation planning frameworks (RAD, RRT, CCVA, SBDA, SDM, adaptation menus) are explicitly invoked. The 'adapt to changing conditions' phrase is not climate-specific. Score is 1 (referenced in a non-specific way) rather than 2, as no specific named framework is operationalized.",1
MA_FAP_2020,MA,FAP,2020,FALSE,Massachusetts,Forest Action Plan,327,concepts,climate_vulnerability,TRUE,2,"The document references both climate exposure (projected temperature increases, altered precipitation, drought, wildfire, insect outbreaks) and adaptive capacity elements (dispersal ability, species-specific range shift capacity). However, while both exposure and adaptive capacity components are mentioned, they are not systematically developed together in a vulnerability framework that explicitly names both axes. The document comes close to score 3 but does not deploy a formal exposure × adaptive capacity framework in a structured way. Scored 2 for referencing exposure clearly and adaptive capacity implicitly/partially.",2
MA_FAP_2020,MA,FAP,2020,FALSE,Massachusetts,Forest Action Plan,327,concepts,adaptive_capacity_specificity,TRUE,2,NA,2
MA_FAP_2020,MA,FAP,2020,FALSE,Massachusetts,Forest Action Plan,327,concepts,connectivity,TRUE,2,NA,3
MA_FAP_2020,MA,FAP,2020,FALSE,Massachusetts,Forest Action Plan,327,tools,vulnerability_models,TRUE,1,"The Massachusetts Wildlife Climate Action Tool is referenced as a tool for assessing climate vulnerability of species and habitats, but it is presented as an external resource without clear evidence that its outputs were incorporated into management decisions for this plan's focal subjects. Score 1.",1
MA_FAP_2020,MA,FAP,2020,FALSE,Massachusetts,Forest Action Plan,327,tools,niche_models,TRUE,2,The document incorporates USFS Climate Change Atlas habitat suitability projections for Massachusetts tree species under two climate scenarios — this constitutes application of niche-model results to the document's focal subjects (Massachusetts tree species / habitats). BioMap2 also integrates species distribution modeling concepts applied to Massachusetts. Score 2.,2
MA_FAP_2020,MA,FAP,2020,FALSE,Massachusetts,Forest Action Plan,327,tools,climate_models,TRUE,1,"The document references climate projections and scenarios (low/high change to end of century) sourced from the Commonwealth of Massachusetts 2018 climate plan, but does not name specific GCMs, CMIP products, RCPs, or SSPs. The projections inform the document's analysis but no specific climate model is named or applied. Score 1 (referenced generally).",1
MA_FAP_2020,MA,FAP,2020,FALSE,Massachusetts,Forest Action Plan,327,tools,connectivity_models,TRUE,2,The TNC Resilient and Connected Landscapes analysis (which quantitatively maps climate-relevant connectivity and resilience) is explicitly incorporated into this plan's priority area identification. BioMap2 and CAPS also provide quantitative connectivity assessments applied to Massachusetts. These outputs shape conservation priorities. Score 2.,2
MA_FAP_2020,MA,FAP,2020,FALSE,Massachusetts,Forest Action Plan,327,context,biological_unit_score,TRUE,2,NA,2
MA_FAP_2020,MA,FAP,2020,FALSE,Massachusetts,Forest Action Plan,327,context,partnerships_and_funding,TRUE,2,NA,3
MA_FAP_2020,MA,FAP,2020,FALSE,Massachusetts,Forest Action Plan,327,context,climate_threat_habitat_degradation,TRUE,1,NA,2
MA_FAP_2020,MA,FAP,2020,FALSE,Massachusetts,Forest Action Plan,327,context,climate_threat_species_vital_rates,TRUE,1,The document discusses climate-driven mortality of trees (through insect/pathogen outbreaks explicitly linked to warming) and climate-favored pathogens causing White Pine Needle Disease. These represent direct climate-driven impacts on tree vital rates (mortality). Score 1.,2
MA_FAP_2020,MA,FAP,2020,FALSE,Massachusetts,Forest Action Plan,327,context,climate_threat_biotic_stressors,TRUE,1,NA,3
MA_FAP_2020,MA,FAP,2020,FALSE,Massachusetts,Forest Action Plan,327,actions,priority_habitat_identification,TRUE,2,NA,3
MA_FAP_2020,MA,FAP,2020,FALSE,Massachusetts,Forest Action Plan,327,actions,targeted_range_shift_actions,TRUE,1,Strategy 2 explicitly names 'assisted migration' for forests as a feasibility research action under Goal 1. The document also proposes structural connectivity actions to enable wildlife movement. Score 1.,2
MA_FAP_2020,MA,FAP,2020,FALSE,Massachusetts,Forest Action Plan,327,actions,time_bound_and_monitoring,TRUE,1,"The plan specifies a 10-year planning horizon and references some monitoring activities (e.g., temperature monitoring for urban forestry programs), but individual conservation actions in the strategy matrix do not consistently have explicit deadlines or action-level effectiveness monitoring protocols tied to range-shift or climate adaptation actions. Score 1 for time-bounded planning horizon without action-level monitoring requirements.",2
MA_FAP_2020,MA,FAP,2020,FALSE,Massachusetts,Forest Action Plan,327,actions,evidence_of_efficacy,TRUE,2,"The document references prior programs and some supporting evidence for actions (e.g., biocontrol for HWA based on field trials, carbon sequestration monitoring at Harvard Forest). Evidence is often limited applicability (different taxa, general principles). Score 2 for limited evidence rather than strong directly applicable evidence.",2
MA_FAP_2020,MA,FAP,2020,FALSE,Massachusetts,Forest Action Plan,327,actions,adaptation_planning_frameworks,TRUE,2,NA,2
MD_FAP_2020,MD,FAP,2020,FALSE,Maryland,Forest Action Plan (State Forest Assessment + Strategy + Forest Legacy Assessment of Need),250,concepts,climate_vulnerability,TRUE,3,NA,3
MD_FAP_2020,MD,FAP,2020,FALSE,Maryland,Forest Action Plan (State Forest Assessment + Strategy + Forest Legacy Assessment of Need),250,concepts,adaptive_capacity_specificity,TRUE,2,"Adaptive capacity is referenced specifically with named components: thermal/abiotic niche breadth (tolerances for wide range of temperatures), distribution/migration ability (high-elevation species unable to migrate), and life history are invoked. Score 2 is warranted.",2
MD_FAP_2020,MD,FAP,2020,FALSE,Maryland,Forest Action Plan (State Forest Assessment + Strategy + Forest Legacy Assessment of Need),250,concepts,connectivity,TRUE,2,Connectivity is explicitly framed as a climate-relevant tool (maintaining connectivity to respond to climate change; conserving 'migration corridors' in the context of shifting climate conditions). Score 2 is appropriate.,2
MD_FAP_2020,MD,FAP,2020,FALSE,Maryland,Forest Action Plan (State Forest Assessment + Strategy + Forest Legacy Assessment of Need),250,tools,vulnerability_models,TRUE,2,The Mid-Atlantic Forest Ecosystem Vulnerability Assessment results are substantively incorporated into the management decisions and findings about Maryland's focal forest types — this meets the 'applied' threshold even though the analysis was conducted externally.,2
MD_FAP_2020,MD,FAP,2020,FALSE,Maryland,Forest Action Plan (State Forest Assessment + Strategy + Forest Legacy Assessment of Need),250,tools,niche_models,TRUE,0,No species distribution models or ecological niche models are referenced in the document.,0
MD_FAP_2020,MD,FAP,2020,FALSE,Maryland,Forest Action Plan (State Forest Assessment + Strategy + Forest Legacy Assessment of Need),250,tools,climate_models,TRUE,1,"The A2 scenario is cited for land use projections and a sea-level rise projection references emission pathways, but no named GCM or downscaled climate model is applied to the document's focal subjects. Scored 1 (referenced generally rather than applied).",2
MD_FAP_2020,MD,FAP,2020,FALSE,Maryland,Forest Action Plan (State Forest Assessment + Strategy + Forest Legacy Assessment of Need),250,tools,connectivity_models,TRUE,2,The Maryland Green Infrastructure Atlas (a connectivity mapping tool) is applied to identify Forest Legacy Areas and inform forest conservation priorities for the document's focal subjects. BioNet incorporates habitat shifts from climate change. Scored 2.,2
MD_FAP_2020,MD,FAP,2020,FALSE,Maryland,Forest Action Plan (State Forest Assessment + Strategy + Forest Legacy Assessment of Need),250,context,biological_unit_score,TRUE,2,NA,2
MD_FAP_2020,MD,FAP,2020,FALSE,Maryland,Forest Action Plan (State Forest Assessment + Strategy + Forest Legacy Assessment of Need),250,context,partnerships_and_funding,TRUE,2,The document shows strategic investment with active partnerships (federal-state-NGO) and specific funding allocations for implementing climate-relevant forest adaptation actions. Score 2 is warranted.,3
MD_FAP_2020,MD,FAP,2020,FALSE,Maryland,Forest Action Plan (State Forest Assessment + Strategy + Forest Legacy Assessment of Need),250,context,climate_threat_habitat_degradation,TRUE,1,NA,2
MD_FAP_2020,MD,FAP,2020,FALSE,Maryland,Forest Action Plan (State Forest Assessment + Strategy + Forest Legacy Assessment of Need),250,context,climate_threat_species_vital_rates,TRUE,1,"Tree mortality from saltwater intrusion (a climate-driven process via sea level rise) qualifies as a direct effect on vital rates (survival/mortality). The 'ghost forests' framing makes clear this is direct mortality, not just habitat degradation.",1
MD_FAP_2020,MD,FAP,2020,FALSE,Maryland,Forest Action Plan (State Forest Assessment + Strategy + Forest Legacy Assessment of Need),250,context,climate_threat_biotic_stressors,TRUE,1,NA,2
MD_FAP_2020,MD,FAP,2020,FALSE,Maryland,Forest Action Plan (State Forest Assessment + Strategy + Forest Legacy Assessment of Need),250,actions,priority_habitat_identification,TRUE,2,"Priority habitat maps are produced (Forest Legacy Areas, Green Infrastructure hubs/corridors, BioNet layers, wildfire priority maps, working forest priority maps). The BioNet criteria explicitly incorporate habitat shifts from climate change, and refuge sites are proposed spatially (higher elevations, northern aspects). Score 2.",3
MD_FAP_2020,MD,FAP,2020,FALSE,Maryland,Forest Action Plan (State Forest Assessment + Strategy + Forest Legacy Assessment of Need),250,actions,targeted_range_shift_actions,TRUE,1,NA,2
MD_FAP_2020,MD,FAP,2020,FALSE,Maryland,Forest Action Plan (State Forest Assessment + Strategy + Forest Legacy Assessment of Need),250,actions,time_bound_and_monitoring,TRUE,1,"The plan includes a 5-year assessment review cycle and references timelines for program implementation. Monitoring is mentioned (effectiveness monitoring of BMPs, progress tracking measures), but it is discussed as a plan-level principle rather than attached to specific climate-adaptation actions at the action level. Score 1 rather than 2 because the action-level deadlines and paired effectiveness monitoring for range-shift-specific actions are not operationalized in the action tables.",2
MD_FAP_2020,MD,FAP,2020,FALSE,Maryland,Forest Action Plan (State Forest Assessment + Strategy + Forest Legacy Assessment of Need),250,actions,evidence_of_efficacy,TRUE,1,"The document references the ongoing red spruce restoration effort but provides no efficacy data (survival rates, population outcomes). Actions are generally presented with ecological rationale (first principles) rather than citations to efficacy studies. Score 1 — rationale is outlined but no substantive evidence to support actions is presented.",1
MD_FAP_2020,MD,FAP,2020,FALSE,Maryland,Forest Action Plan (State Forest Assessment + Strategy + Forest Legacy Assessment of Need),250,actions,adaptation_planning_frameworks,TRUE,2,"The document explicitly invokes 'resistance, resilience, or transition' framing for forest systems under climate change — this maps to the Resistance-Resilience-Transition (RRT) framework. Adaptive management is specifically framed in the climate context ('Managing landscapes to be more resilient to these changes will require an adaptive management approach'). Resources like the Northern Institute of Applied Climate Science are referenced. Score 2 for specific climate adaptation planning frameworks.",3
ME_FAP_2020,ME,FAP,2020,FALSE,Maine,Forest Action Plan,171,concepts,climate_vulnerability,TRUE,2,"The document references both climate exposure (projected range changes, vulnerability at southern range limits) and adaptive capacity (forest resilience, planting adapted species). However, neither axis is operationalized with formal vulnerability metrics or a structured IPCC-style decomposition — the framing is general/qualitative. Score 2 is assigned because both exposure and adaptive capacity are discussed, even if not via a formal framework. Score 3 requires both axes to be explicitly referenced together in a structured way.",3
ME_FAP_2020,ME,FAP,2020,FALSE,Maine,Forest Action Plan,171,concepts,adaptive_capacity_specificity,TRUE,1,"Adaptive capacity is mentioned in Strategy 3.1 and implicitly in discussions of forest resilience and species composition change, but is not broken down into specific biological components such as dispersal ability, evolutionary potential, or thermal niche. Score 1 reflects generic reference without specific component identification.",1
ME_FAP_2020,ME,FAP,2020,FALSE,Maine,Forest Action Plan,171,concepts,connectivity,TRUE,1,"The document references maintaining large contiguous forest areas as a climate adaptation strategy, and mentions 'no barriers to migration' in passing when discussing species range shifts. However, there is no explicit framing of connectivity as a climate corridor or climate-gradient mechanism. 'Assuming no barriers to migration' is a parenthetical caveat, not an operational connectivity discussion. The mention of large contiguous forests supports score 1 (generic connectivity reference) but does not rise to score 2 (explicit climate connectivity framing). The stream crossing discussion references habitat continuity for aquatic organisms but not climate-driven range shifts.",1
ME_FAP_2020,ME,FAP,2020,FALSE,Maine,Forest Action Plan,171,tools,vulnerability_models,TRUE,1,"The document cites a climate vulnerability assessment of habitats and priority species for Maine (Whitman 2013), but does not apply its results to drive specific management decisions for the plan's focal species/habitats beyond general mentions of species vulnerability. The Janowiak et al. 2018 reference is also cited for projections on major forest species, but again not operationally applied. Score 1 for referenced generally.",1
ME_FAP_2020,ME,FAP,2020,FALSE,Maine,Forest Action Plan,171,tools,niche_models,TRUE,2,The Dunckel et al. 2017 reference to projected future distribution of eastern hemlock across alternative climate scenarios in Maine represents application of a species distribution model to a focal Maine species. This meets the 'applied' criterion per codebook §4 rule 2: the document substantively incorporates prior tool-based results (range expansion projections for hemlock) into discussion of its focal subject (Maine's forests and their composition change). Score 2.,2
ME_FAP_2020,ME,FAP,2020,FALSE,Maine,Forest Action Plan,171,tools,climate_models,TRUE,1,"The document references 'modeling scenarios' from 'Maine's Climate Future' and 'Climate change modeling' generically without naming specific GCMs, RCPs, SSPs, or downscaling products. The Dunckel et al. 2017 paper references 'alternative climate scenarios' but the document itself does not specify which. Score 1 for general reference to climate model scenarios without naming specific tools or scenarios.",1
ME_FAP_2020,ME,FAP,2020,FALSE,Maine,Forest Action Plan,171,tools,connectivity_models,TRUE,0,No connectivity modeling tools are referenced or applied. Qualitative mentions of 'large contiguous areas' and habitat continuity do not involve any modeling apparatus.,0
ME_FAP_2020,ME,FAP,2020,FALSE,Maine,Forest Action Plan,171,context,biological_unit_score,TRUE,2,NA,2
ME_FAP_2020,ME,FAP,2020,FALSE,Maine,Forest Action Plan,171,context,partnerships_and_funding,TRUE,1,"The document describes some partnerships relevant to climate (Maine Climate Council, interagency coordination) and aspirational strategies (3.1-3.5), but no dedicated funding is allocated specifically for range-shift actions. Partnerships mentioned are aspirational or incipient (MFS seeking a 'meaningful role' in the Maine Climate Council), not active funded implementations. Score 1 for limited/aspirational partnerships.",2
ME_FAP_2020,ME,FAP,2020,FALSE,Maine,Forest Action Plan,171,context,climate_threat_habitat_degradation,TRUE,1,NA,1
ME_FAP_2020,ME,FAP,2020,FALSE,Maine,Forest Action Plan,171,context,climate_threat_species_vital_rates,TRUE,0,"The document discusses insects and diseases affecting forest health extensively, and climate is mentioned as a contributing factor in some places (e.g., browntail moth expansion possibly attributable to warmer temperatures, drought predisposing trees to HWA mortality). However, the framing is not a direct climate-event-to-vital-rate chain. The browntail moth passage says only 'some of the expansion may be attributable to warmer…temperatures' — speculative and focused on pest range, not species vital rates. Red pine disease is linked to weather conditions but as a habitat/stand-level effect. No passage clearly frames climate → direct species mortality or reproduction failure in the requisite way.",0
ME_FAP_2020,ME,FAP,2020,FALSE,Maine,Forest Action Plan,171,context,climate_threat_biotic_stressors,TRUE,1,The browntail moth expansion linked (cautiously) to warming temperatures represents a climate-favored biotic stressor. Score 1. The invasive plant discussion does not include climate framing.,1
ME_FAP_2020,ME,FAP,2020,FALSE,Maine,Forest Action Plan,171,actions,priority_habitat_identification,TRUE,1,"The document identifies priority landscape areas (family woodlands, urban/community forests, rural/large parcels, important natural resources) with associated maps referenced in figures, but these are not specifically framed around climate-driven range shifts. The climate adaptation strategies discuss maintaining large contiguous forests but do not identify spatially explicit priority areas for range-shift management. Score 1 (discussed but not spatially represented in a climate range-shift context).",1
ME_FAP_2020,ME,FAP,2020,FALSE,Maine,Forest Action Plan,171,actions,targeted_range_shift_actions,TRUE,1,The action 'planting tree species adapted to likely future conditions' represents structural facilitation — managing forest composition to track shifting climate suitability. Strategy 5.18 also mentions 'Encourage species suited to future climates.' These are direct management actions explicitly motivated by climate change and shifting habitat suitability. Score 1 (structural facilitation category). No assisted migration or wildlife translocation for climate purposes is mentioned.,1
ME_FAP_2020,ME,FAP,2020,FALSE,Maine,Forest Action Plan,171,actions,time_bound_and_monitoring,TRUE,1,"The climate-related strategies (3.1-3.5) lack specific deadlines or milestones. Ongoing FIA monitoring is referenced (Strategy 3.3) and the document mentions the Maine Climate Council's four-year plan, but climate-specific actions do not have action-level time-bound commitments. Score 1 for monitoring reference without clear deadlines attached to specific actions.",1
ME_FAP_2020,ME,FAP,2020,FALSE,Maine,Forest Action Plan,171,actions,evidence_of_efficacy,TRUE,2,"The document cites external studies (Janowiak 2018, Dunckel et al. 2017, Whitman 2013) to support climate adaptation actions. These studies provide limited evidence — they are regional/state-level projections and vulnerability assessments rather than direct evaluations of implemented actions. Score 2 (limited evidence from studies with some applicability but not direct efficacy testing of the specific actions proposed).",2
ME_FAP_2020,ME,FAP,2020,FALSE,Maine,Forest Action Plan,171,actions,adaptation_planning_frameworks,TRUE,1,"The document references climate adaptation planning in a non-specific way (strengthening resilience, adapting forests to climate change, engaging with Maine Climate Council). No specific named framework such as RAD, RRT, Structured Decision Making, or adaptation menus is referenced. Strategy 3.1 references 'adaptive capacity' and 3.4 references promoting active management for climate adaptation, but these are not framed within any named planning process. Score 1 (referenced generically, not with a specific named framework).",1
MI_FAP_2020,MI,FAP,2020,FALSE,Michigan,Forest Action Plan,58,concepts,climate_vulnerability,TRUE,1,"The document frequently mentions that climate change poses threats to forests and species, but does not articulate exposure or adaptive capacity components as distinct analytical dimensions. Species vulnerability is referenced generically (e.g., trees under stress, potential range shifts) without formal vulnerability framing. Score 1 because climate vulnerability is referenced in a non-specific way.",1
MI_FAP_2020,MI,FAP,2020,FALSE,Michigan,Forest Action Plan,58,concepts,adaptive_capacity_specificity,TRUE,1,"Several specific components (life history, movement, abiotic niche, ecological dependencies, distribution) are touched on, but not in a formal adaptive-capacity framework. The document scores 1 because specific components are referenced in context of climate adaptation but not in a systematic adaptive-capacity analysis.",1
MI_FAP_2020,MI,FAP,2020,FALSE,Michigan,Forest Action Plan,58,concepts,connectivity,TRUE,2,"The corridors passage explicitly frames landscape connections as enabling northward movement of species in a climate-change-relevant context (facilitating range shifts), meeting the threshold for score 2.",2
MI_FAP_2020,MI,FAP,2020,FALSE,Michigan,Forest Action Plan,58,tools,vulnerability_models,TRUE,0,"No vulnerability models (CCVI, PVA, etc.) are referenced anywhere in the document.",0
MI_FAP_2020,MI,FAP,2020,FALSE,Michigan,Forest Action Plan,58,tools,niche_models,TRUE,0,"No species distribution models or niche models (MaxEnt, SDM, etc.) are referenced in the document.",0
MI_FAP_2020,MI,FAP,2020,FALSE,Michigan,Forest Action Plan,58,tools,climate_models,TRUE,1,"The document references 'climate change scenarios' in one future-oriented research objective but does not name any GCMs, RCPs, SSPs, or downscaled products. Qualitative discussions of warming, drought, and precipitation change are pervasive but do not constitute climate modeling. Score 1 (referenced generally, not applied).",1
MI_FAP_2020,MI,FAP,2020,FALSE,Michigan,Forest Action Plan,58,tools,connectivity_models,TRUE,1,"The Nature Conservancy's 'climate-resilient landscapes' product is a connectivity/resilience analysis output. The document proposes using it for prioritization — a recommendation for future use rather than a fully applied connectivity modeling result integrated into current management decisions. Score 1 (referenced generally/aspiration). No specific connectivity model software (CircuitScape, Omniscape, etc.) is named.",1
MI_FAP_2020,MI,FAP,2020,FALSE,Michigan,Forest Action Plan,58,context,biological_unit_score,TRUE,2,"Multiple biological units are engaged in range-shift contexts: species (specific named species and forest types), habitat (forest habitat types), and community/ecosystem (forest systems shifting toward oak-hickory type). Score 2.",2
MI_FAP_2020,MI,FAP,2020,FALSE,Michigan,Forest Action Plan,58,context,partnerships_and_funding,TRUE,1,"The document references partnerships with the Northern Institute of Applied Climate Science and the Climate Change Response Framework for climate considerations, and mentions that grant proposals must consider climate change mitigation and adaptation principles. However, these are aspirational or peripheral — specific funding allocations for range-shift work are not identified, and active partnerships specifically for range-shift actions are not detailed. Score 1.",2
MI_FAP_2020,MI,FAP,2020,FALSE,Michigan,Forest Action Plan,58,context,climate_threat_habitat_degradation,TRUE,1,NA,1
MI_FAP_2020,MI,FAP,2020,FALSE,Michigan,Forest Action Plan,58,context,climate_threat_species_vital_rates,TRUE,1,NA,1
MI_FAP_2020,MI,FAP,2020,FALSE,Michigan,Forest Action Plan,58,context,climate_threat_biotic_stressors,TRUE,1,NA,2
MI_FAP_2020,MI,FAP,2020,FALSE,Michigan,Forest Action Plan,58,actions,priority_habitat_identification,TRUE,2,"The document identifies priority habitat for climate resilience spatially through multiple maps (Maps 2-8, 10, 13, 14), references The Nature Conservancy's climate-resilient landscapes tool for spatial scoring, and uses Forest Legacy areas as a spatially bounded instrument. This meets the score-2 threshold for spatial representation of climate-related priority habitat.",3
MI_FAP_2020,MI,FAP,2020,FALSE,Michigan,Forest Action Plan,58,actions,targeted_range_shift_actions,TRUE,1,"The document explicitly frames corridor and landscape connection development as enabling northward movement of plant and animal species — a structural facilitation action for range shifts. This satisfies the codebook's structural facilitation criterion for score 1. No direct manipulation actions (assisted migration, translocation) are proposed.",1
MI_FAP_2020,MI,FAP,2020,FALSE,Michigan,Forest Action Plan,58,actions,time_bound_and_monitoring,TRUE,1,"The objectives table includes timelines (e.g., 2025, 2030, 'Ongoing') and the plan specifies a 10-year term with a five-year review, indicating time-bound strategies. However, effectiveness monitoring specifically tied to range-shift or climate adaptation actions at the action level is not operationalized — Criterion Seven notes 'Effectiveness monitoring is not done at a broad scale but will be applied to some management components in the near future.' Score 1 (deadlines present, effectiveness monitoring not sufficiently operationalized at action level for score 2).",1
MI_FAP_2020,MI,FAP,2020,FALSE,Michigan,Forest Action Plan,58,actions,evidence_of_efficacy,TRUE,1,"The document presents general ecological rationale and first principles (e.g., plant appropriate species for carbon, maintain corridors for northward movement) without citing specific studies or prior project evaluations to support the efficacy of proposed climate adaptation actions. Score 1 (rationale outlined, no evidence to support actions presented).",1
MI_FAP_2020,MI,FAP,2020,FALSE,Michigan,Forest Action Plan,58,actions,adaptation_planning_frameworks,TRUE,2,"The document specifically names and describes the Climate Change Response Framework (forestadaptation.org) as a tool for incorporating climate change into natural resource management, and references climate adaptation strategies, adaptation plans for species loss, and climate resilience planning. This meets score 2 as a specific named planning framework for climate adaptation. The document also references scenario planning in one objective (Objective 5.2.6 mentions 'scenario planning').",2
MN_FAP_2020,MN,FAP,2020,FALSE,Minnesota,State Forest Action Plan,395,concepts,climate_vulnerability,TRUE,3,"The document references the IPCC-like exposure-sensitivity-adaptive capacity framework explicitly via the SWAP vulnerability assessments, which explicitly uses 'sensitivity, exposure, and the ability to adapt.' The document also applies these concepts to tree species vulnerability over 100-year horizons.",3
MN_FAP_2020,MN,FAP,2020,FALSE,Minnesota,State Forest Action Plan,395,concepts,adaptive_capacity_specificity,TRUE,2,NA,2
MN_FAP_2020,MN,FAP,2020,FALSE,Minnesota,State Forest Action Plan,395,concepts,connectivity,TRUE,2,NA,2
MN_FAP_2020,MN,FAP,2020,FALSE,Minnesota,State Forest Action Plan,395,tools,vulnerability_models,TRUE,2,The SWAP vulnerability assessments are applied to focal species/habitats in this plan; the plan discusses the CCVI-type framework implicitly through the SWAP reference. The Forest Adaptation report also covers vulnerability of tree species over 100 years.,2
MN_FAP_2020,MN,FAP,2020,FALSE,Minnesota,State Forest Action Plan,395,tools,niche_models,TRUE,1,Figure 42 caption cites 'NIACS-Forest Adaptation 2014' which references the Climate Change Tree Atlas and related SDM-type projections. These are referenced externally and used for illustration but not applied as primary analytical tools for the plan's focal management decisions.,1
MN_FAP_2020,MN,FAP,2020,FALSE,Minnesota,State Forest Action Plan,395,tools,climate_models,TRUE,1,"The document references NCA reports and uses the DNR Climate Trends tool for historical trend visualization, but does not apply a named GCM, RCP scenario, or downscaled product to its specific management analyses. The 100-year horizon is mentioned in reference to the Forest Adaptation report (external), not a specific GCM run.",1
MN_FAP_2020,MN,FAP,2020,FALSE,Minnesota,State Forest Action Plan,395,tools,connectivity_models,TRUE,2,"The TNC Resilient and Connected Landscapes model output and Climate Flow layer are directly incorporated into the geospatial priority analysis of this plan (Figure 93), informing conservation priority areas. This constitutes application to the plan's focal subject (Minnesota forests).",2
MN_FAP_2020,MN,FAP,2020,FALSE,Minnesota,State Forest Action Plan,395,context,biological_unit_score,TRUE,2,NA,2
MN_FAP_2020,MN,FAP,2020,FALSE,Minnesota,State Forest Action Plan,395,context,partnerships_and_funding,TRUE,2,NA,3
MN_FAP_2020,MN,FAP,2020,FALSE,Minnesota,State Forest Action Plan,395,context,climate_threat_habitat_degradation,TRUE,1,NA,2
MN_FAP_2020,MN,FAP,2020,FALSE,Minnesota,State Forest Action Plan,395,context,climate_threat_species_vital_rates,TRUE,1,The tamarack mortality from eastern larch beetle is explicitly linked to milder winters — this is a direct climate-event to vital-rate (mortality/damage) pathway. The document also notes EAB survivability increasing with warming winters.,1
MN_FAP_2020,MN,FAP,2020,FALSE,Minnesota,State Forest Action Plan,395,context,climate_threat_biotic_stressors,TRUE,1,"The document discusses climate-driven community composition change (boreal species contracting, hardwood species expanding northward) which qualifies as climate-driven succession/community composition change.",2
MN_FAP_2020,MN,FAP,2020,FALSE,Minnesota,State Forest Action Plan,395,actions,priority_habitat_identification,TRUE,2,NA,3
MN_FAP_2020,MN,FAP,2020,FALSE,Minnesota,State Forest Action Plan,395,actions,targeted_range_shift_actions,TRUE,1,NA,2
MN_FAP_2020,MN,FAP,2020,FALSE,Minnesota,State Forest Action Plan,395,actions,time_bound_and_monitoring,TRUE,1,"The plan includes some time-bound elements (10-year planning cycles, milestones in the PFM framework) and the demo forest has a 10-year monitoring commitment, but the broader climate adaptation actions lack explicit deadlines paired with effectiveness monitoring. The plan's strategies are described as 'intentionally broad, long term, and flexible.' Score 1 for the time-bound element at the action level (the demo forest study), but score 2 requires both clear deadlines AND effectiveness monitoring at the action level across the plan.",1
MN_FAP_2020,MN,FAP,2020,FALSE,Minnesota,State Forest Action Plan,395,actions,evidence_of_efficacy,TRUE,2,The evidence of efficacy is limited — the plan references the research basis for tree species diversification (general ecological principles) and one ongoing demonstration project that has not yet produced results. External references to Forest Adaptation Resources Workbook and NIACS provide some scientific grounding. Score 2 (limited evidence) is appropriate: studies test underlying principles but the demonstration project is not yet evaluated.,2
MN_FAP_2020,MN,FAP,2020,FALSE,Minnesota,State Forest Action Plan,395,actions,adaptation_planning_frameworks,TRUE,2,"The plan references specific climate adaptation planning tools: the NIACS Forest Adaptation Resources Workbook (a named framework for land managers), the Climate Change Field Guide for Northern Minnesota Forests (site-level adaptation), and the DNR's CLIMATE Team (an institutional climate adaptation coordination body). These constitute specific adaptation planning frameworks referenced and partially applied. Score 2 is appropriate.",3
MO_CCS_2022,MO,CCS,2022,FALSE,Missouri Department of Conservation (MDC),SWAP / Comprehensive Conservation Strategy (combined SWAP + SFAP),566,concepts,climate_vulnerability,TRUE,3,NA,3
MO_CCS_2022,MO,CCS,2022,FALSE,Missouri Department of Conservation (MDC),SWAP / Comprehensive Conservation Strategy (combined SWAP + SFAP),566,concepts,adaptive_capacity_specificity,TRUE,2,NA,2
MO_CCS_2022,MO,CCS,2022,FALSE,Missouri Department of Conservation (MDC),SWAP / Comprehensive Conservation Strategy (combined SWAP + SFAP),566,concepts,connectivity,TRUE,2,NA,3
MO_CCS_2022,MO,CCS,2022,FALSE,Missouri Department of Conservation (MDC),SWAP / Comprehensive Conservation Strategy (combined SWAP + SFAP),566,tools,vulnerability_models,TRUE,2,"The document references results of external vulnerability assessments (Central Hardwoods regional assessment, Audubon vulnerability scoring for Missouri birds) that are applied to Missouri species/habitats. This qualifies as applied (score=2) per the codebook rule that substantively incorporating prior tool-based results into management decisions counts as application.",2
MO_CCS_2022,MO,CCS,2022,FALSE,Missouri Department of Conservation (MDC),SWAP / Comprehensive Conservation Strategy (combined SWAP + SFAP),566,tools,niche_models,TRUE,2,NA,2
MO_CCS_2022,MO,CCS,2022,FALSE,Missouri Department of Conservation (MDC),SWAP / Comprehensive Conservation Strategy (combined SWAP + SFAP),566,tools,climate_models,TRUE,1,"The document references climate model projections in general terms and mentions downscaled global climate models in the context of the Central Hardwoods assessment, but does not name specific GCMs, CMIP versions, or emission scenarios (RCPs/SSPs). The projections are not clearly applied to Missouri's own management decisions in a model-specific way. Scored 1 (referenced generally).",2
MO_CCS_2022,MO,CCS,2022,FALSE,Missouri Department of Conservation (MDC),SWAP / Comprehensive Conservation Strategy (combined SWAP + SFAP),566,tools,connectivity_models,TRUE,0,"The document discusses connectivity extensively as a concept and in management context, including the COA network and riparian corridor prioritization, but does not reference any specific connectivity modeling tools (e.g., CircuitScape, Linkage Mapper) or describe quantitative connectivity modeling outputs being used in management decisions.",0
MO_CCS_2022,MO,CCS,2022,FALSE,Missouri Department of Conservation (MDC),SWAP / Comprehensive Conservation Strategy (combined SWAP + SFAP),566,context,biological_unit_score,TRUE,2,NA,2
MO_CCS_2022,MO,CCS,2022,FALSE,Missouri Department of Conservation (MDC),SWAP / Comprehensive Conservation Strategy (combined SWAP + SFAP),566,context,partnerships_and_funding,TRUE,2,NA,3
MO_CCS_2022,MO,CCS,2022,FALSE,Missouri Department of Conservation (MDC),SWAP / Comprehensive Conservation Strategy (combined SWAP + SFAP),566,context,climate_threat_habitat_degradation,TRUE,1,NA,2
MO_CCS_2022,MO,CCS,2022,FALSE,Missouri Department of Conservation (MDC),SWAP / Comprehensive Conservation Strategy (combined SWAP + SFAP),566,context,climate_threat_species_vital_rates,TRUE,1,"The framing is predominantly about vulnerability and stress rather than explicit vital-rate impacts (mortality, reproduction failure). However, the discussion of cave bat vulnerability to thermal regime change and cold-water species stress from temperature/precipitation changes does imply direct climate-driven impacts on survival, which is close enough to qualify under the element's scope.",2
MO_CCS_2022,MO,CCS,2022,FALSE,Missouri Department of Conservation (MDC),SWAP / Comprehensive Conservation Strategy (combined SWAP + SFAP),566,context,climate_threat_biotic_stressors,TRUE,1,NA,2
MO_CCS_2022,MO,CCS,2022,FALSE,Missouri Department of Conservation (MDC),SWAP / Comprehensive Conservation Strategy (combined SWAP + SFAP),566,actions,priority_habitat_identification,TRUE,2,NA,2
MO_CCS_2022,MO,CCS,2022,FALSE,Missouri Department of Conservation (MDC),SWAP / Comprehensive Conservation Strategy (combined SWAP + SFAP),566,actions,targeted_range_shift_actions,TRUE,1,"The document proposes structural facilitation (connectivity promotion, COA network, riparian corridor maintenance) explicitly framed around climate-driven range adjustments. No direct manipulation (assisted migration, translocation for climate reasons) is proposed. Score=1 is warranted for structural facilitation.",2
MO_CCS_2022,MO,CCS,2022,FALSE,Missouri Department of Conservation (MDC),SWAP / Comprehensive Conservation Strategy (combined SWAP + SFAP),566,actions,time_bound_and_monitoring,TRUE,1,"The document specifies plan-level timelines (5-year review, 10-year revision) and endorses monitoring as a principle, but individual climate-related actions lack attached deadlines or operationalized effectiveness monitoring protocols at the action level. Score=1 reflects plan-level deadlines without action-level monitoring operationalization.",2
MO_CCS_2022,MO,CCS,2022,FALSE,Missouri Department of Conservation (MDC),SWAP / Comprehensive Conservation Strategy (combined SWAP + SFAP),566,actions,evidence_of_efficacy,TRUE,2,Evidence of efficacy is present but limited in applicability — the document cites external assessments and modeling outputs rather than field evaluations of implemented climate adaptation actions. Score=2 (limited evidence) is appropriate: studies/tools cited are relevant but not direct efficacy tests of the proposed actions.,2
MO_CCS_2022,MO,CCS,2022,FALSE,Missouri Department of Conservation (MDC),SWAP / Comprehensive Conservation Strategy (combined SWAP + SFAP),566,actions,adaptation_planning_frameworks,TRUE,1,"The document references climate adaptation planning approaches in general terms (coordination, resiliency) and mentions NIACS tools, but does not name or operationalize specific climate adaptation planning frameworks such as RAD (Resist-Accept-Direct), Structured Decision Making, or CCVA. Score=1 (referenced in non-specific way).",2
MT_FAP_2020,MT,FAP,2020,FALSE,Montana,Forest Action Plan,371,concepts,climate_vulnerability,TRUE,2,"The document references both exposure (projected temperature increases, forest mortality, distribution changes) and adaptive capacity (dispersal ability, specialized habitat needs), earning score 2. However, the framing is not tightly integrated into a formal IPCC-style vulnerability framework — the document synthesizes from the Montana Climate Assessment rather than performing its own formal assessment. It does not score 3 because explicit paired discussion of both exposure AND adaptive capacity in the same context with direct connection to vulnerability is limited.",2
MT_FAP_2020,MT,FAP,2020,FALSE,Montana,Forest Action Plan,371,concepts,adaptive_capacity_specificity,TRUE,2,NA,2
MT_FAP_2020,MT,FAP,2020,FALSE,Montana,Forest Action Plan,371,concepts,connectivity,TRUE,2,NA,2
MT_FAP_2020,MT,FAP,2020,FALSE,Montana,Forest Action Plan,371,tools,vulnerability_models,TRUE,0,"The document references the 2017 Montana Climate Assessment extensively but does not reference CCVI, NatureServe vulnerability assessments, PVA, or any other formal vulnerability model applied to focal species. The 2018 Halofsky et al. Climate Change Vulnerability and Adaptation document is cited, but only as a reference; no vulnerability scores or model outputs are incorporated into management decisions.",0
MT_FAP_2020,MT,FAP,2020,FALSE,Montana,Forest Action Plan,371,tools,niche_models,TRUE,0,"No species distribution models, MaxEnt, SDMs, or ENMs are referenced in the document. Range projections for tree species are cited from the Montana Climate Assessment and Halofsky et al. as external findings but no underlying niche modeling is described or applied.",0
MT_FAP_2020,MT,FAP,2020,FALSE,Montana,Forest Action Plan,371,tools,climate_models,TRUE,1,"The document cites projected temperature increases from the Montana Climate Assessment (Whitlock et al., 2017) and DNRC's State Water Plan (which modeled climate change scenarios), but does not name any specific GCM, CMIP dataset, RCP, or SSP scenario. The temperature projections are used as general context rather than applied to specific focal-species management decisions.",1
MT_FAP_2020,MT,FAP,2020,FALSE,Montana,Forest Action Plan,371,tools,connectivity_models,TRUE,2,"The document applies GIS-based suitability modeling (including habitat connectivity layers from the Crucial Areas Planning System and the American Wildlands Priority Linkage Assessment) to identify Priority Areas for Focused Attention and Forest Legacy Areas. These connectivity/landscape modeling outputs are directly used to inform conservation priorities and management decisions for focal species and habitats in Montana, qualifying as 'applied.' Named tools include GeoPlanner for ArcGIS and GIS overlay analysis workflows.",2
MT_FAP_2020,MT,FAP,2020,FALSE,Montana,Forest Action Plan,371,context,biological_unit_score,TRUE,2,NA,2
MT_FAP_2020,MT,FAP,2020,FALSE,Montana,Forest Action Plan,371,context,partnerships_and_funding,TRUE,2,NA,3
MT_FAP_2020,MT,FAP,2020,FALSE,Montana,Forest Action Plan,371,context,climate_threat_habitat_degradation,TRUE,1,NA,1
MT_FAP_2020,MT,FAP,2020,FALSE,Montana,Forest Action Plan,371,context,climate_threat_species_vital_rates,TRUE,1,"The document discusses climate impacts on species primarily through habitat-mediated effects and range shifts. The most direct vital-rate evidence is bull trout distribution shifts caused by warming water temperatures — this qualifies because the chain is climate → water temperature → distributional shift (reduced survival in warming areas). Whitebark pine decline from compounding stressors including climate change also noted, but the climate-to-vital-rate chain is less direct.",1
MT_FAP_2020,MT,FAP,2020,FALSE,Montana,Forest Action Plan,371,context,climate_threat_biotic_stressors,TRUE,1,NA,1
MT_FAP_2020,MT,FAP,2020,FALSE,Montana,Forest Action Plan,371,actions,priority_habitat_identification,TRUE,2,"The document identifies Priority Areas for Focused Attention using geospatial GIS modeling, presented as an interactive web map. The Forest Legacy Areas (Northwest, Southwest, Central) are explicitly mapped and described spatially. Climate resilience is one criterion in the Fine Scale Prioritization for Forest Legacy projects. This earns a 2 as priority habitat restoration is both discussed and spatially represented.",2
MT_FAP_2020,MT,FAP,2020,FALSE,Montana,Forest Action Plan,371,actions,targeted_range_shift_actions,TRUE,1,"The document proposes structural facilitation for range shifts — protecting connectivity habitats to allow species to shift their ranges as climate changes. This earns a 1. No direct manipulation actions (assisted migration, climate-motivated translocations) are proposed.",1
MT_FAP_2020,MT,FAP,2020,FALSE,Montana,Forest Action Plan,371,actions,time_bound_and_monitoring,TRUE,1,"The document establishes some time-bound milestones (e.g., Summer 2021 for performance targets, annual reporting by the Implementation Advisory Committee). However, action-level deadlines attached to specific conservation actions in the action tables are not consistently provided. The document states it will 'track and annually publish reports on progress' and includes metrics like 'acres treated,' but these are plan-level commitments rather than action-level deadlines tied to specific range-shift or habitat conservation actions. This earns a 1 (deadlines present at plan level) but not 2 (which requires both deadlines and effectiveness monitoring at the action level).",1
MT_FAP_2020,MT,FAP,2020,FALSE,Montana,Forest Action Plan,371,actions,evidence_of_efficacy,TRUE,1,The document largely presents actions based on general ecological principles and policy rationale without citing specific studies that test action efficacy in the context of range-shift facilitation or climate adaptation. General statements like 'prescribed fire is a proven means' and references to 'best available science' are present but without supporting study citations for the specific climate adaptation actions proposed. Score 1 (rationale outlined but no direct evidence for climate-adaptation-specific actions).,1
MT_FAP_2020,MT,FAP,2020,FALSE,Montana,Forest Action Plan,371,actions,adaptation_planning_frameworks,TRUE,2,"The document explicitly references climate adaptation planning in multiple sections and calls for developing an 'adaptive management strategy' for the Forest Action Plan framed in the context of climate change. It references climate adaptation specifically (Montana Climate Solutions Plan, 'climate adaptation strategies for forest management'). This earns a 2 as specific planning frameworks (adaptive management framed for climate, resilience planning, climate solutions planning) are named. Note that 'RAD,' 'RRT,' 'CCVA,' 'Structured Decision Making,' or other named frameworks from the codebook indicators are not explicitly invoked.",2
NC_FAP_2020,NC,FAP,2020,FALSE,North Carolina,Forest Action Plan,207,concepts,climate_vulnerability,TRUE,1,"The document discusses climate change as a threat to forests in general terms and lists climate threats extensively, but does not frame species or ecosystem vulnerability using the IPCC exposure/adaptive capacity axes. There is no vulnerability assessment framing, no explicit discussion of exposure metrics (e.g., climate velocity), and no discussion of adaptive capacity in the IPCC sense. The references to longleaf pine's tolerance traits (see 1.3 abiotic_niche) come closest but are not framed as adaptive capacity. Score is 1 (referenced generically) rather than 0 because climate vulnerability to forest resources is a recurring theme, but never decomposed into exposure or adaptive capacity components.",2
NC_FAP_2020,NC,FAP,2020,FALSE,North Carolina,Forest Action Plan,207,concepts,adaptive_capacity_specificity,TRUE,1,The document references the capacity of longleaf pine to withstand predicted climate conditions via its biological traits. This is an implicit reference to adaptive capacity but not operationalized with the term 'adaptive capacity' or linked to specific components in any systematic way. Score is 1 (non-specific reference). Score 2 would require explicit identification of adaptive capacity components applied to the document's focal subjects.,1
NC_FAP_2020,NC,FAP,2020,FALSE,North Carolina,Forest Action Plan,207,concepts,connectivity,TRUE,1,"Connectivity is referenced generically multiple times (corridors, habitat linkages, connectivity for wildlife populations) but is never explicitly framed as supporting climate-driven range shifts. No passage links corridors or landscape permeability to tracking climate change or shifting suitable habitat. Score is 1 (generic), not 2 (climate-relevant).",2
NC_FAP_2020,NC,FAP,2020,FALSE,North Carolina,Forest Action Plan,207,tools,vulnerability_models,TRUE,0,"No vulnerability models (CCVI, PVA, etc.) are referenced or applied anywhere in the document. The plan calls for research on species' tolerance and risk levels to climate conditions, but names no vulnerability model framework.",0
NC_FAP_2020,NC,FAP,2020,FALSE,North Carolina,Forest Action Plan,207,tools,niche_models,TRUE,0,No species distribution models or niche models are referenced anywhere in the document.,0
NC_FAP_2020,NC,FAP,2020,FALSE,North Carolina,Forest Action Plan,207,tools,climate_models,TRUE,1,"The document draws on the North Carolina Climate Science Report 2020 for climate projections (temperature increases, sea level rise) referenced to end-of-century and framed as higher/lower scenarios, but no specific GCM, downscaling product, RCP, or SSP is named. The projections are referenced generally rather than applied to model new analysis. Score is 1.",2
NC_FAP_2020,NC,FAP,2020,FALSE,North Carolina,Forest Action Plan,207,tools,connectivity_models,TRUE,0,"No connectivity models (CircuitScape, least-cost path, etc.) are named or applied. GIS layers from the Southern Forest Land Assessment and the North Carolina Forest Action Plan are mentioned for priority mapping, but this is standard GIS spatial analysis, not quantitative connectivity modeling.",0
NC_FAP_2020,NC,FAP,2020,FALSE,North Carolina,Forest Action Plan,207,context,biological_unit_score,TRUE,2,NA,2
NC_FAP_2020,NC,FAP,2020,FALSE,North Carolina,Forest Action Plan,207,context,partnerships_and_funding,TRUE,1,"The document names many partners and mentions existing grant programs, but in the context of range-shift related work (climate adaptation, saltwater intrusion management, coastal forest management), it identifies resource needs as aspirational rather than describing active strategic investment. Partnerships are described broadly. Score is 1 rather than 2 because no active, funded partnership specifically targeting climate-driven range shift management is described.",2
NC_FAP_2020,NC,FAP,2020,FALSE,North Carolina,Forest Action Plan,207,context,climate_threat_habitat_degradation,TRUE,1,NA,2
NC_FAP_2020,NC,FAP,2020,FALSE,North Carolina,Forest Action Plan,207,context,climate_threat_species_vital_rates,TRUE,1,NA,2
NC_FAP_2020,NC,FAP,2020,FALSE,North Carolina,Forest Action Plan,207,context,climate_threat_biotic_stressors,TRUE,1,NA,1
NC_FAP_2020,NC,FAP,2020,FALSE,North Carolina,Forest Action Plan,207,actions,priority_habitat_identification,TRUE,2,"The document includes spatially explicit priority habitat maps (priority forested watersheds, sea-level rise vulnerability map, forest stewardship priority map, forest health risk maps, and Forest Legacy Area maps), and specifically addresses areas most affected by sea-level change and saltwater intrusion as priority areas for management. The sea-level rise vulnerability map and the priority watershed maps satisfy the spatial representation criterion for score 2, and the strategy (2.3.2) explicitly links spatial priority identification to climate threats (saltwater intrusion).",3
NC_FAP_2020,NC,FAP,2020,FALSE,North Carolina,Forest Action Plan,207,actions,targeted_range_shift_actions,TRUE,0,"The document notes northward species migration as a projected trend and discusses management needs for saltwater-intolerant coastal forests, but proposes no targeted actions specifically designed to facilitate, prevent, or respond to climate-driven range shifts. Strategy 2.3.2 (manage areas affected by sea-level change and saltwater intrusion) is the closest candidate, but it is framed as habitat/water management rather than as a range-shift management action. No assisted migration, climate corridors for range shifts, translocation motivated by climate, or similar targeted range-shift actions are proposed.",0
NC_FAP_2020,NC,FAP,2020,FALSE,North Carolina,Forest Action Plan,207,actions,time_bound_and_monitoring,TRUE,1,"The plan frames its climate-related objectives within a 10-year planning horizon (2020-2029) and includes EXAMPLE METRICS for climate-related objectives (e.g., 'Research projects that focus on identifying species'/ecosystems' tolerance and risk levels to climate conditions'). However, no specific deadlines or milestones are attached to individual climate-related actions, and effectiveness monitoring for climate adaptation actions is not operationalized at the action level. Score is 1 rather than 2 because there is no pairing of deadlines with effectiveness monitoring protocols for specific climate actions.",2
NC_FAP_2020,NC,FAP,2020,FALSE,North Carolina,Forest Action Plan,207,actions,evidence_of_efficacy,TRUE,1,"The document's climate-related management strategies (e.g., develop practices for sea-level change areas, promote research, increase tree planting) are stated without citation to supporting studies or prior implementation experience. General ecological rationale is provided for some actions (e.g., longleaf pine's biological traits as a basis for favoring it), which constitutes first-principle justification rather than evidence of efficacy. No case studies, post-action evaluations, or applicable studies are cited for the climate-specific actions. Score is 1.",1
NC_FAP_2020,NC,FAP,2020,FALSE,North Carolina,Forest Action Plan,207,actions,adaptation_planning_frameworks,TRUE,1,"The document references 'adaptive management' in a climate-relevant context (BMPs needing to adapt to climatological changes), which qualifies as a non-specific reference to a climate adaptation planning framework. No specific frameworks such as RAD, RRT, CCVA, SBDA, or Structured Decision Making are named. Score is 1 (referenced non-specifically). Score 2 would require naming one or more specific processes or tools.",1
ND_FAP_2020,ND,FAP,2020,FALSE,North Dakota,Forest Action Plan,52,concepts,climate_vulnerability,TRUE,1,"The document acknowledges that climate change poses threats to forests but does not frame any of this in terms of species or ecosystem 'vulnerability' per the codebook's IPCC-axis decomposition. There is no discussion of climate exposure or adaptive capacity as vulnerability components. The 'vulnerability' language in the document appears only in relation to species diversity and invasive pests (e.g., 'vulnerability to the abiotic factors'), not climate vulnerability per se. The single Climate Change section is brief and generic, not constituting an operationalized vulnerability framework. Score 1 for generic non-specific reference to climate threats to forests.",1
ND_FAP_2020,ND,FAP,2020,FALSE,North Dakota,Forest Action Plan,52,concepts,adaptive_capacity_specificity,TRUE,0,"The document does not reference adaptive capacity of species or ecosystems in any climate context. Management adaptation (e.g., 'Forests should be managed sustainably to help them adapt') refers to human management response, not organism/ecosystem adaptive capacity per the codebook distinction. No specific components of adaptive capacity are discussed in relation to climate.",0
ND_FAP_2020,ND,FAP,2020,FALSE,North Dakota,Forest Action Plan,52,concepts,connectivity,TRUE,0,"The document does not discuss connectivity in any ecological sense relevant to the codebook. Discussion of riparian buffers and corridors is strictly in the context of water quality, windbreak functions, and habitat for wildlife in general — not in relation to landscape permeability for species movement or climate-driven range shifts. No mention of wildlife corridors, habitat connectivity, or climate connectivity.",0
ND_FAP_2020,ND,FAP,2020,FALSE,North Dakota,Forest Action Plan,52,tools,vulnerability_models,TRUE,0,"No vulnerability models (CCVI, PVA, or similar) are referenced or applied anywhere in the document.",0
ND_FAP_2020,ND,FAP,2020,FALSE,North Dakota,Forest Action Plan,52,tools,niche_models,TRUE,0,No species distribution models or niche models are referenced or applied anywhere in the document.,0
ND_FAP_2020,ND,FAP,2020,FALSE,North Dakota,Forest Action Plan,52,tools,climate_models,TRUE,1,"The document cites Frankson (2016) — an NOAA state climate summary — for observed temperature trends, which counts as referencing climate data but not formal climate model projections. No GCMs, RCPs, SSPs, downscaled projections, or named climate modeling tools are applied to the focal subject. Score is 1 (referenced generally via NOAA climate summary) rather than 2 because no climate model projections are used to inform management decisions for focal subjects.",1
ND_FAP_2020,ND,FAP,2020,FALSE,North Dakota,Forest Action Plan,52,tools,connectivity_models,TRUE,0,"No connectivity models (CircuitScape, Linkage Mapper, least-cost path, etc.) are referenced or applied.",0
ND_FAP_2020,ND,FAP,2020,FALSE,North Dakota,Forest Action Plan,52,context,biological_unit_score,TRUE,2,"The document discusses species and habitat types in forestry contexts, satisfying two biological units. However, the range-shift framing is essentially absent; the biological units are invoked in the context of general forest management, not range shift science.",2
ND_FAP_2020,ND,FAP,2020,FALSE,North Dakota,Forest Action Plan,52,context,partnerships_and_funding,TRUE,1,"The document describes various partnerships and some funding allocations, but these are primarily for general forestry management (invasive pest control, fire suppression, windbreak renovation) rather than specifically for range-shift work. No funding or partnerships are specifically directed at climate-driven range shift science or adaptation. Score 1 for general partnerships and some funding present but not targeted at range-shift actions.",2
ND_FAP_2020,ND,FAP,2020,FALSE,North Dakota,Forest Action Plan,52,context,climate_threat_habitat_degradation,TRUE,1,"The document briefly mentions that climate change will affect disturbance regimes and fire season length, which implies habitat-level impacts. However, the discussion is generic and brief. Drought and wildfire are discussed as threats throughout the document but are mostly framed as natural or land-use-driven rather than explicitly climate-driven. The Climate Change section does link climate to disturbance regime changes which constitute habitat degradation. Score 1 for this generic but present linkage.",1
ND_FAP_2020,ND,FAP,2020,FALSE,North Dakota,Forest Action Plan,52,context,climate_threat_species_vital_rates,TRUE,0,"While the document discusses pest outbreaks, fungal diseases, and mortality events affecting trees, none of these are framed as climate-induced or climate-favored. The climate section mentions insect and disease outbreaks as climate-affected but does not connect specific mortality events directly to climate drivers in a way that meets the codebook threshold for direct vital rate impacts caused by climate events.",0
ND_FAP_2020,ND,FAP,2020,FALSE,North Dakota,Forest Action Plan,52,context,climate_threat_biotic_stressors,TRUE,0,"The document discusses invasive species (emerald ash borer, Dutch elm disease, Russian olive) and succession (hazel replacing aspen, juniper encroachment) extensively, but none of these are framed as climate-driven. The succession discussions explicitly attribute changes to fire suppression and flood control, not climate. Invasive species spread is discussed without any climate framing. The Climate Change section mentions 'insect and disease outbreaks' as climate-affected but does not name any specific climate-favored biotic stressor or community composition change. This falls short of the codebook threshold.",0
ND_FAP_2020,ND,FAP,2020,FALSE,North Dakota,Forest Action Plan,52,actions,priority_habitat_identification,TRUE,2,"The document identifies priority forest areas (upland forests, riparian areas, wildland fire priority areas) with maps (Figures 11, 12, 15). This qualifies for score 2 under the codebook since priority habitats are spatially represented. However, these priorities are not framed in climate or range-shift contexts — they are general forestry management priorities. The codebook element 4.1 includes 'climate-induced threats to habitat' in its definition, which does allow for broader habitat priority identification. Given the maps and named priority areas, score 2 is appropriate even absent explicit climate-range-shift framing.",2
ND_FAP_2020,ND,FAP,2020,FALSE,North Dakota,Forest Action Plan,52,actions,targeted_range_shift_actions,TRUE,0,"The document contains no targeted actions to manage climate-driven species range shifts. Actions such as prescribed fire, pest management, windbreak renovation, and tree planting are framed as general forestry management without any climate-range-shift motivation. No assisted migration, climate corridors, or climate-motivated translocations are discussed.",0
ND_FAP_2020,ND,FAP,2020,FALSE,North Dakota,Forest Action Plan,52,actions,time_bound_and_monitoring,TRUE,1,"The document lists many strategies but provides limited explicit time-bound deadlines at the action level. The 10-year forest stewardship plans suggest time-bounding. There are references to monitoring (surveys, CTAP assessments, forest health reports), but effectiveness monitoring is not explicitly tied to specific climate-adaptation actions with milestones. Score 1 for the presence of some temporal framing (10-year plans) but no operationalized effectiveness monitoring at the action level for climate/range-shift contexts.",1
ND_FAP_2020,ND,FAP,2020,FALSE,North Dakota,Forest Action Plan,52,actions,evidence_of_efficacy,TRUE,2,"The document references several implemented programs and projects with some outcome data (biomass cost savings, CTAP assessment counts, windbreak survey results). These represent limited evidence — mostly program outputs rather than rigorous efficacy evaluations. No citations to peer-reviewed efficacy studies are tied to specific actions. Score 2 (limited evidence) is appropriate: implemented actions with some documented outcomes exist, but evidence is not strong (no before-after comparisons, no formal efficacy studies cited for the main actions).",2
ND_FAP_2020,ND,FAP,2020,FALSE,North Dakota,Forest Action Plan,52,actions,adaptation_planning_frameworks,TRUE,1,"The document identifies 'Climate Change' as a priority issue (Issue 3.2) and includes strategies such as 'Manage existing forests to improve health' and 'Utilize best available data and assessments to anticipate emerging management tools' under this priority. This represents a generic, non-specific acknowledgment of planning for climate change. None of the named frameworks (RAD, RRT, CCVA, CCSP, SBDA, SDM, Adaptation Menu) are referenced. The document's climate change section reads as a general policy statement rather than an operationalized planning framework. Score 1 for non-specific climate adaptation planning reference.",1
NH_FAP_2020,NH,FAP,2020,FALSE,New Hampshire,State Forest Action Plan,244,concepts,climate_vulnerability,TRUE,2,"The document references both climate exposure (temperature projections, drought, sea level rise as stressors on species and habitats) and implicitly discusses adaptive capacity (mobility of species, soil limitations constraining range shifts). However, it does not use the formal IPCC tripartite vulnerability framework (exposure + sensitivity + adaptive capacity) explicitly. Score 2 is appropriate: exposure is clearly referenced; adaptive capacity is discussed informally (mobility, soil constraints) but never labeled as such. Score 3 would require both axes to be explicitly engaged.",3
NH_FAP_2020,NH,FAP,2020,FALSE,New Hampshire,State Forest Action Plan,244,concepts,adaptive_capacity_specificity,TRUE,1,"Adaptive capacity is discussed informally through references to species mobility and habitat suitability constraints, but these are not labeled as 'adaptive capacity' and no formal components (dispersal, evolutionary potential, demographic resilience) are named. The term 'adaptive capacity' does not appear. Score 1 rather than 2 because no specific components are operationally defined.",1
NH_FAP_2020,NH,FAP,2020,FALSE,New Hampshire,State Forest Action Plan,244,concepts,connectivity,TRUE,2,NA,2
NH_FAP_2020,NH,FAP,2020,FALSE,New Hampshire,State Forest Action Plan,244,tools,vulnerability_models,TRUE,0,"No vulnerability model (e.g., CCVI, PVA) is referenced or applied. The WAP is referenced for species/habitat risk rankings but no formal climate vulnerability assessment framework is used.",0
NH_FAP_2020,NH,FAP,2020,FALSE,New Hampshire,State Forest Action Plan,244,tools,niche_models,TRUE,2,NA,2
NH_FAP_2020,NH,FAP,2020,FALSE,New Hampshire,State Forest Action Plan,244,tools,climate_models,TRUE,1,"The document references RCP 4.5 and RCP 8.5 scenarios in Table 8 for the Climate Change Tree Atlas projections, and mentions emission scenarios in passing with projections to 2100, but does not name a specific GCM or downscaling product. The RCP scenarios are cited as part of the Climate Change Tree Atlas output; climate model projections are referenced generally (temperature increases cited from published sources) rather than any new climate modeling being applied. Score 1 rather than 2 because no specific climate model is applied directly to NH management decisions.",1
NH_FAP_2020,NH,FAP,2020,FALSE,New Hampshire,State Forest Action Plan,244,tools,connectivity_models,TRUE,2,"The document incorporates results of TNC's Resilient and Connected Landscapes analysis (including climate flow zones and climate corridors) into the Rural Forest Priority Areas overlay and the Forest Stewardship Priority area analysis. While the software used is not named, the codebook explicitly allows application when modeling output shapes management decisions for focal subjects. The results are directly used to identify priority stewardship areas in NH.",2
NH_FAP_2020,NH,FAP,2020,FALSE,New Hampshire,State Forest Action Plan,244,context,biological_unit_score,TRUE,2,NA,2
NH_FAP_2020,NH,FAP,2020,FALSE,New Hampshire,State Forest Action Plan,244,context,partnerships_and_funding,TRUE,1,"The document describes funding sources and partnerships broadly for forest conservation generally, but does not specifically allocate funding or name active partnerships for climate change range-shift work. Partnerships mentioned (TNC, USFS, NGOs) are for general conservation; the climate-specific strategies (e.g., Strategy 19 on adaptation) list aspirational actions without dedicated funding or named partners. Score 1 rather than 2.",1
NH_FAP_2020,NH,FAP,2020,FALSE,New Hampshire,State Forest Action Plan,244,context,climate_threat_habitat_degradation,TRUE,1,NA,1
NH_FAP_2020,NH,FAP,2020,FALSE,New Hampshire,State Forest Action Plan,244,context,climate_threat_species_vital_rates,TRUE,0,"The document discusses climate-driven habitat change and indirect impacts on species, and mentions increasing water temperatures making water bodies less suitable for trout, but this is framed as habitat suitability change rather than direct vital rate impacts. No passages explicitly describe climate events directly killing organisms or causing reproductive failure. The discussion of hemlock woolly adelgid mortality dependent on cold temperatures is about pest population control, not host species vital rates.",0
NH_FAP_2020,NH,FAP,2020,FALSE,New Hampshire,State Forest Action Plan,244,context,climate_threat_biotic_stressors,TRUE,1,NA,1
NH_FAP_2020,NH,FAP,2020,FALSE,New Hampshire,State Forest Action Plan,244,actions,priority_habitat_identification,TRUE,2,NA,2
NH_FAP_2020,NH,FAP,2020,FALSE,New Hampshire,State Forest Action Plan,244,actions,targeted_range_shift_actions,TRUE,1,"The document proposes structural facilitation through identification and conservation of climate corridors and resilient landscapes (Strategy 23 land conservation goal includes 'opportunities for species to migrate'). No direct manipulation (translocation, assisted migration) is proposed. Score 1 for structural facilitation.",1
NH_FAP_2020,NH,FAP,2020,FALSE,New Hampshire,State Forest Action Plan,244,actions,time_bound_and_monitoring,TRUE,0,"The document's climate-change strategies (18, 19) are written as broad aspirational directions without specific deadlines or milestones attached. No action-level deadlines are specified for the climate-related strategies, and effectiveness monitoring is not operationalized at the action level for climate change actions. A 10-year plan revision cycle is implied by statute but not tied to specific action-level monitoring. Score 0 is appropriate.",0
NH_FAP_2020,NH,FAP,2020,FALSE,New Hampshire,State Forest Action Plan,244,actions,evidence_of_efficacy,TRUE,1,"The document references general resources (Northern Institute of Applied Climate Science materials, 'Increasing Forest Resiliency for an Uncertain Future') as the basis for adaptation strategies, and frames these as best-practice guidance without presenting evidence of efficacy from case studies or prior project evaluations. General ecological principles (resilient forests, diverse forests) are stated as rationale but no studies testing the actions are cited. Score 1: rationale is outlined but no evidence to support the specific actions is presented.",1
NH_FAP_2020,NH,FAP,2020,FALSE,New Hampshire,State Forest Action Plan,244,actions,adaptation_planning_frameworks,TRUE,2,NA,2
NJ_FAP_2020,NJ,FAP,2020,FALSE,New Jersey,State Forest Action Plan,311,concepts,climate_vulnerability,TRUE,3,NA,3
NJ_FAP_2020,NJ,FAP,2020,FALSE,New Jersey,State Forest Action Plan,311,concepts,adaptive_capacity_specificity,TRUE,2,NA,2
NJ_FAP_2020,NJ,FAP,2020,FALSE,New Jersey,State Forest Action Plan,311,concepts,connectivity,TRUE,2,"The document explicitly frames connectivity in climate contexts, referencing 'climate resiliency' and climate corridors.",2
NJ_FAP_2020,NJ,FAP,2020,FALSE,New Jersey,State Forest Action Plan,311,tools,vulnerability_models,TRUE,0,"No formal vulnerability models (CCVI, PVA, NatureServe tools) are referenced or applied. The document references a 2013 NJ-specific 'Vulnerability of 70 Plant Species of Greatest Conservation Need to Climate Change in New Jersey' study in the works-cited section, but there is no in-text engagement with a formal vulnerability model applied to the plan's focal species.",0
NJ_FAP_2020,NJ,FAP,2020,FALSE,New Jersey,State Forest Action Plan,311,tools,niche_models,TRUE,2,NA,2
NJ_FAP_2020,NJ,FAP,2020,FALSE,New Jersey,State Forest Action Plan,311,tools,climate_models,TRUE,2,NA,2
NJ_FAP_2020,NJ,FAP,2020,FALSE,New Jersey,State Forest Action Plan,311,tools,connectivity_models,TRUE,2,NA,2
NJ_FAP_2020,NJ,FAP,2020,FALSE,New Jersey,State Forest Action Plan,311,context,biological_unit_score,TRUE,2,NA,2
NJ_FAP_2020,NJ,FAP,2020,FALSE,New Jersey,State Forest Action Plan,311,context,partnerships_and_funding,TRUE,2,NA,2
NJ_FAP_2020,NJ,FAP,2020,FALSE,New Jersey,State Forest Action Plan,311,context,climate_threat_habitat_degradation,TRUE,1,NA,2
NJ_FAP_2020,NJ,FAP,2020,FALSE,New Jersey,State Forest Action Plan,311,context,climate_threat_species_vital_rates,TRUE,1,NA,2
NJ_FAP_2020,NJ,FAP,2020,FALSE,New Jersey,State Forest Action Plan,311,context,climate_threat_biotic_stressors,TRUE,1,NA,2
NJ_FAP_2020,NJ,FAP,2020,FALSE,New Jersey,State Forest Action Plan,311,actions,priority_habitat_identification,TRUE,2,NA,2
NJ_FAP_2020,NJ,FAP,2020,FALSE,New Jersey,State Forest Action Plan,311,actions,targeted_range_shift_actions,TRUE,1,NA,2
NJ_FAP_2020,NJ,FAP,2020,FALSE,New Jersey,State Forest Action Plan,311,actions,time_bound_and_monitoring,TRUE,2,NA,2
NJ_FAP_2020,NJ,FAP,2020,FALSE,New Jersey,State Forest Action Plan,311,actions,evidence_of_efficacy,TRUE,2,NA,2
NJ_FAP_2020,NJ,FAP,2020,FALSE,New Jersey,State Forest Action Plan,311,actions,adaptation_planning_frameworks,TRUE,1,"The document references adaptive management principles and climate-oriented planning broadly, but does not explicitly name frameworks such as RAD, RRT, SBDA, or structured decision-making in a climate context. Score of 1 reflects generic/non-specific reference to climate adaptation planning principles.",2
NM_FAP_2020,NM,FAP,2020,FALSE,New Mexico,Forest Action Plan,189,concepts,climate_vulnerability,TRUE,2,"The document references climate exposure and ecosystem vulnerability classification (score 2 territory: exposure addressed). Adaptive capacity is referenced only implicitly via 'resilience to climate change' framing in strategy goals; there is no direct discussion of species' adaptive capacity as an IPCC concept (dispersal ability, evolutionary potential, etc.), so score 2 rather than 3.",3
NM_FAP_2020,NM,FAP,2020,FALSE,New Mexico,Forest Action Plan,189,concepts,adaptive_capacity_specificity,TRUE,1,"The document uses 'resilience to climate change' and 'forest resilience' language broadly, but does not operationalize species or ecosystem adaptive capacity by naming specific biological components (dispersal, evolutionary potential, etc.). Score 1 reflects generic adaptive-capacity/resilience framing without specific components.",1
NM_FAP_2020,NM,FAP,2020,FALSE,New Mexico,Forest Action Plan,189,concepts,connectivity,TRUE,2,"Connectivity is explicitly discussed and mapped (Map 28) using both least-cost path and Omniscape/CircuitScape models, and wildlife corridors are named as conservation targets. The framing is largely biodiversity/habitat connectivity rather than explicitly climate-driven range-shift connectivity; however, the connectivity maps are applied to priority landscape decisions alongside climate-related threats (wildfire, climate change), and the plan states that climate change and fragmentation together threaten biodiversity. This meets the score-2 criterion: connectivity is referenced in a specific climate-relevant way (climate change named as a co-threat alongside fragmentation, and connectivity explicitly incorporated into climate-resilience priority landscapes).",2
NM_FAP_2020,NM,FAP,2020,FALSE,New Mexico,Forest Action Plan,189,tools,vulnerability_models,TRUE,2,NA,2
NM_FAP_2020,NM,FAP,2020,FALSE,New Mexico,Forest Action Plan,189,tools,niche_models,TRUE,0,"The document does not reference species distribution models, MaxEnt, SDMs, or similar niche-modeling tools. Some predictive models are mentioned for forest pest mortality and productivity, but these are not SDMs.",0
NM_FAP_2020,NM,FAP,2020,FALSE,New Mexico,Forest Action Plan,189,tools,climate_models,TRUE,2,NA,1
NM_FAP_2020,NM,FAP,2020,FALSE,New Mexico,Forest Action Plan,189,tools,connectivity_models,TRUE,2,NA,1
NM_FAP_2020,NM,FAP,2020,FALSE,New Mexico,Forest Action Plan,189,context,biological_unit_score,TRUE,2,NA,2
NM_FAP_2020,NM,FAP,2020,FALSE,New Mexico,Forest Action Plan,189,context,partnerships_and_funding,TRUE,2,NA,3
NM_FAP_2020,NM,FAP,2020,FALSE,New Mexico,Forest Action Plan,189,context,climate_threat_habitat_degradation,TRUE,1,NA,2
NM_FAP_2020,NM,FAP,2020,FALSE,New Mexico,Forest Action Plan,189,context,climate_threat_species_vital_rates,TRUE,1,"The document frames climate-driven pest outbreaks as causing direct tree mortality at landscape scales, which satisfies the 'climate event → impact on species vital rate' criterion. Higher forest densities coupled with climate change also lead to 'increased tree stress and mortality over much larger areas' (Disease and Insects section).",1
NM_FAP_2020,NM,FAP,2020,FALSE,New Mexico,Forest Action Plan,189,context,climate_threat_biotic_stressors,TRUE,1,NA,2
NM_FAP_2020,NM,FAP,2020,FALSE,New Mexico,Forest Action Plan,189,actions,priority_habitat_identification,TRUE,2,NA,3
NM_FAP_2020,NM,FAP,2020,FALSE,New Mexico,Forest Action Plan,189,actions,targeted_range_shift_actions,TRUE,0,"The document does not propose assisted migration, climate-motivated translocation, or structural facilitation explicitly framed as supporting climate-driven range shifts. The reforestation strategy (Strategy 6) plants 'the right tree in the right place for the 2100 climate' using site-specific genotypes, which is a form of climate-adapted planting, but the document does not frame this as facilitating species range shifts — it is about seedling survival within existing burned areas, not moving species to newly suitable habitat at higher elevations or latitudes. No climate corridor construction or similar range-shift-targeted structural facilitation is proposed.",0
NM_FAP_2020,NM,FAP,2020,FALSE,New Mexico,Forest Action Plan,189,actions,time_bound_and_monitoring,TRUE,2,NA,3
NM_FAP_2020,NM,FAP,2020,FALSE,New Mexico,Forest Action Plan,189,actions,evidence_of_efficacy,TRUE,2,"The document presents some evidence from implemented projects (CFRP monitoring, RMRS analysis) that supports treatment actions, though much of the justification remains modeling-based rather than field evaluations. Score 2 (limited evidence) rather than 3, as the strongest evidence is from correlated observational studies or modeling rather than controlled efficacy evaluations.",3
NM_FAP_2020,NM,FAP,2020,FALSE,New Mexico,Forest Action Plan,189,actions,adaptation_planning_frameworks,TRUE,1,"The Scenario Investment Planning (SIP) process is referenced in the context of prioritizing restoration investments under multiple risk scenarios (wildfire, water, biodiversity), which resembles scenario-based decision analysis in a climate-change context. The document also extensively uses adaptive management language tied to climate-change goals. However, no formal named climate adaptation framework (RAD, RRT, CCVA, SBDA, SDM in the structured-decision-making sense) is explicitly invoked. Score 1 for generic/non-specific reference to scenario planning and adaptive management under climate change.",1
NV_FAP_2020,NV,FAP,2020,FALSE,Nevada,Forest Action Plan / State Forest Resource Assessment,441,concepts,climate_vulnerability,TRUE,2,"The document references both exposure (projected climate-driven range loss, heat, drought) and adaptive capacity (dispersal ability, specialized habitat needs as constraints). However, the IPCC three-axis framework is not explicitly named, and the discussion is mostly qualitative. Score 2 is appropriate because both exposure and adaptive capacity are engaged but not systematically.",3
NV_FAP_2020,NV,FAP,2020,FALSE,Nevada,Forest Action Plan / State Forest Resource Assessment,441,concepts,adaptive_capacity_specificity,TRUE,2,NA,2
NV_FAP_2020,NV,FAP,2020,FALSE,Nevada,Forest Action Plan / State Forest Resource Assessment,441,concepts,connectivity,TRUE,1,"The document discusses habitat connectivity and fragmentation as management concerns and references riparian corridors as migration routes, but does not frame connectivity explicitly in terms of facilitating climate-driven range shifts. The passage about isolated springs and changing climate conditions is a close call but is framed around resilience to climate rather than enabling distributional movement. Score 1 (generic connectivity) is appropriate.",3
NV_FAP_2020,NV,FAP,2020,FALSE,Nevada,Forest Action Plan / State Forest Resource Assessment,441,tools,vulnerability_models,TRUE,2,The CCVI was applied by the Nevada Division of Natural Heritage to Nevada's focal plant species and the results are substantively incorporated into the plan's species conservation section. This qualifies as 'applied to the subject of the plan' per codebook rules.,2
NV_FAP_2020,NV,FAP,2020,FALSE,Nevada,Forest Action Plan / State Forest Resource Assessment,441,tools,niche_models,TRUE,0,"No species distribution models, MaxEnt, SDMs, or equivalent niche modeling tools are referenced or applied in this document.",0
NV_FAP_2020,NV,FAP,2020,FALSE,Nevada,Forest Action Plan / State Forest Resource Assessment,441,tools,climate_models,TRUE,1,"The document references climate models generically ('models are used to predict') and mentions the 2050 timeframe in the context of CCVI projections, and proposes future downscaling of models, but does not apply a named GCM, RCP, SSP, or downscaled climate product to the document's focal subjects. Score 1.",2
NV_FAP_2020,NV,FAP,2020,FALSE,Nevada,Forest Action Plan / State Forest Resource Assessment,441,tools,connectivity_models,TRUE,2,"The document performs its own GIS-based spatial analysis (29 layers including wildlife focal areas, crucial habitat assessment, BLM project areas, and wetland maps) to designate 22 Priority Landscapes. The Nevada Crucial Habitat Assessment Tool (NVCHAT) from NDOW is among the input layers. The analysis outputs directly shape priority landscape designations and management strategies, qualifying as 'applied.' No named circuit-theory or least-cost path software is mentioned.",2
NV_FAP_2020,NV,FAP,2020,FALSE,Nevada,Forest Action Plan / State Forest Resource Assessment,441,context,biological_unit_score,TRUE,2,NA,2
NV_FAP_2020,NV,FAP,2020,FALSE,Nevada,Forest Action Plan / State Forest Resource Assessment,441,context,partnerships_and_funding,TRUE,1,"The document describes numerous partnerships (Shared Stewardship, USFS, BLM, NDOW, NDF, Conservation Districts, tribal partners, NGOs) and references federal funding streams, but these are framed primarily around wildfire, forest health, and general land management—not specifically around range-shift actions. The funding discussion for climate-adaptation-specific work is aspirational and acknowledges gaps. Score 1.",2
NV_FAP_2020,NV,FAP,2020,FALSE,Nevada,Forest Action Plan / State Forest Resource Assessment,441,context,climate_threat_habitat_degradation,TRUE,1,NA,3
NV_FAP_2020,NV,FAP,2020,FALSE,Nevada,Forest Action Plan / State Forest Resource Assessment,441,context,climate_threat_species_vital_rates,TRUE,1,"The document discusses drought-driven tree mortality and bark beetle outbreaks as climate-driven direct impacts on tree vital rates. The framing is 'climate drought → tree stress → mortality/insect susceptibility,' which qualifies as direct vital rate impacts. Score 1.",2
NV_FAP_2020,NV,FAP,2020,FALSE,Nevada,Forest Action Plan / State Forest Resource Assessment,441,context,climate_threat_biotic_stressors,TRUE,1,NA,3
NV_FAP_2020,NV,FAP,2020,FALSE,Nevada,Forest Action Plan / State Forest Resource Assessment,441,actions,priority_habitat_identification,TRUE,2,The document performs a full GIS-based spatial prioritization producing 22 named Priority Landscape areas mapped across the state. This is spatially explicit and qualifies for score 2.,3
NV_FAP_2020,NV,FAP,2020,FALSE,Nevada,Forest Action Plan / State Forest Resource Assessment,441,actions,targeted_range_shift_actions,TRUE,0,"The document does not propose specific targeted actions to manage climate-driven range shifts such as assisted migration, climate-corridor construction, or translocations framed around climate range shifts. Forest restoration, invasive species control, and habitat connectivity actions are discussed but framed around general ecosystem health and wildfire, not explicitly as range-shift facilitation. Strategy 4-4-3 ('implement riparian health projects utilizing plant materials and techniques relevant for future climate projections') comes closest but is not framed as range-shift facilitation.",0
NV_FAP_2020,NV,FAP,2020,FALSE,Nevada,Forest Action Plan / State Forest Resource Assessment,441,actions,time_bound_and_monitoring,TRUE,1,"The document includes performance measures for each strategy and endorses effectiveness monitoring in principle. However, specific time-bound deadlines at the action level are limited. The Shared Stewardship section mentions 2021 and 2025 targets but these are programmatic rather than per-action. The plan endorses monitoring but operationalization at the individual action level is weak. Score 1 (deadlines exist at the strategic level but full 2-point criterion of action-level deadlines AND effectiveness monitoring is not clearly met for range-shift-relevant actions specifically).",2
NV_FAP_2020,NV,FAP,2020,FALSE,Nevada,Forest Action Plan / State Forest Resource Assessment,441,actions,evidence_of_efficacy,TRUE,2,"The document contains multiple completed project case studies with reported outcomes. However, these projects are primarily focused on forest health, fire hazard reduction, and riparian restoration — not specifically on climate range-shift actions. The evidence is for general land management actions adapted to climate-stressed conditions. Score 2 (limited evidence) is appropriate: the case studies provide real-world results but in somewhat different contexts from range-shift-specific actions.",3
NV_FAP_2020,NV,FAP,2020,FALSE,Nevada,Forest Action Plan / State Forest Resource Assessment,441,actions,adaptation_planning_frameworks,TRUE,1,"The document references climate adaptation planning as a general concept (the FRWAP itself is listed as informing 'climate adaptation plans') and mentions creation of a 'menu of climate change mitigation tools,' which aligns loosely with the 'adaptation menu' concept. However, no named frameworks such as RAD, RRT, CCSP, Structured Decision Making, or CCVA are explicitly invoked in a climate-adaptation-planning context. Score 1 (referenced non-specifically).",2
NY_FAP_2020,NY,FAP,2020,FALSE,New York State,State Forest Action Plan (SFAP),144,concepts,climate_vulnerability,TRUE,2,"The document references climate exposure (boreal species losing suitable habitat, warming projections up to 10.1°F by 2080) and discusses adaptive capacity (limited dispersal/migration ability in fragmented landscapes). However, neither 'vulnerability' nor its sub-components (exposure, sensitivity, adaptive capacity) are framed using the structured IPCC decomposition explicitly with both axes named together. The document discusses exposure to climate change and some aspects of adaptive capacity (movement limitation) separately, supporting score 2 rather than 3. A score of 3 would require both axes named and discussed together for the same species/system.",3
NY_FAP_2020,NY,FAP,2020,FALSE,New York State,State Forest Action Plan (SFAP),144,concepts,adaptive_capacity_specificity,TRUE,2,NA,2
NY_FAP_2020,NY,FAP,2020,FALSE,New York State,State Forest Action Plan (SFAP),144,concepts,connectivity,TRUE,2,NA,3
NY_FAP_2020,NY,FAP,2020,FALSE,New York State,State Forest Action Plan (SFAP),144,tools,vulnerability_models,TRUE,0,"No vulnerability models (CCVI, PVA, NatureServe CCVI) are referenced in the document. The plan discusses climate vulnerability qualitatively but does not reference or apply any formal vulnerability model or assessment framework to its focal species or habitats.",0
NY_FAP_2020,NY,FAP,2020,FALSE,New York State,State Forest Action Plan (SFAP),144,tools,niche_models,TRUE,0,"No species distribution models, MaxEnt, SDMs, or related tools are mentioned. The plan references range shifts qualitatively via the ClimAID assessment but performs no niche modeling.",0
NY_FAP_2020,NY,FAP,2020,FALSE,New York State,State Forest Action Plan (SFAP),144,tools,climate_models,TRUE,1,"The ClimAID report is referenced as the authoritative climate source, and RCP 6.0 is cited in one passage about sea level rise. However, the plan does not apply climate model projections directly to its management decisions about focal forest species/habitats — the projections are used as background context. Score 1 (referenced generally) rather than 2 (applied to subject).",2
NY_FAP_2020,NY,FAP,2020,FALSE,New York State,State Forest Action Plan (SFAP),144,tools,connectivity_models,TRUE,2,The Staying Connected Initiative used landscape permeability modeling and least-cost path analysis to identify linkages that are substantively incorporated into the plan's connectivity strategies and priority landscape discussions. This qualifies as 'applied' under the codebook — the modeling results shape management decisions for the plan's focal subjects (New York's forest landscapes and wildlife).,1
NY_FAP_2020,NY,FAP,2020,FALSE,New York State,State Forest Action Plan (SFAP),144,context,biological_unit_score,TRUE,2,NA,2
NY_FAP_2020,NY,FAP,2020,FALSE,New York State,State Forest Action Plan (SFAP),144,context,partnerships_and_funding,TRUE,1,"Partnerships are described for range-shift-related work (connectivity research, climate science integration) but they are aspirational/strategic in nature — named as goals ('partner with') rather than as active, funded, ongoing programs. No specific budget allocations or financial commitments are specified for range-shift actions. Score 1 reflects some partnerships described but limited or aspirational.",2
NY_FAP_2020,NY,FAP,2020,FALSE,New York State,State Forest Action Plan (SFAP),144,context,climate_threat_habitat_degradation,TRUE,1,NA,2
NY_FAP_2020,NY,FAP,2020,FALSE,New York State,State Forest Action Plan (SFAP),144,context,climate_threat_species_vital_rates,TRUE,1,"The document discusses how climate change affects recruitment (seedlings more vulnerable) and how lack of snow cover affects growth rates of sugar maple — these are direct effects on vital rates (recruitment, growth) framed as climate-driven. Score 1 is warranted.",2
NY_FAP_2020,NY,FAP,2020,FALSE,New York State,State Forest Action Plan (SFAP),144,context,climate_threat_biotic_stressors,TRUE,1,NA,2
NY_FAP_2020,NY,FAP,2020,FALSE,New York State,State Forest Action Plan (SFAP),144,actions,priority_habitat_identification,TRUE,2,"The document explicitly identifies priority forest blocks spatially (Adirondacks, Catskills, Allegheny, Tug Hill, Rensselaer Plateaus referenced from SWAP habitat assessment with mapped areas), discusses conservation of resilient sites and refugia for climate adaptation, and references the TNC Resilient and Connected Network as a spatial layer. Maps are referenced throughout. Score 2 is appropriate.",3
NY_FAP_2020,NY,FAP,2020,FALSE,New York State,State Forest Action Plan (SFAP),144,actions,targeted_range_shift_actions,TRUE,1,"The plan proposes structural facilitation actions — maintaining and establishing connectivity explicitly 'to allow movement of wildlife, including their migration in response to climate change' and for tree species to 'migrate in response to climate change.' These clearly qualify as targeted range-shift actions under the structural facilitation category. No assisted migration or translocation actions are proposed.",2
NY_FAP_2020,NY,FAP,2020,FALSE,New York State,State Forest Action Plan (SFAP),144,actions,time_bound_and_monitoring,TRUE,1,"The plan contains some time-bound goals (e.g., 5 million acres by 2030, references to 2020 program availability) but these are tied to general forest management rather than range-shift-specific actions. For the range-shift-relevant actions (connectivity maintenance, refugia protection, resilient site conservation), no specific deadlines or monitoring protocols are attached. The plan endorses research and monitoring broadly but does not operationalize effectiveness monitoring at the action level for range-shift actions. Score 1 for the presence of deadlines at the plan level without action-level monitoring for the range-shift elements.",1
NY_FAP_2020,NY,FAP,2020,FALSE,New York State,State Forest Action Plan (SFAP),144,actions,evidence_of_efficacy,TRUE,1,"The plan references 'best available science' and BMPs as rationale for forest management actions under climate change, but does not cite specific studies, case studies, or prior project evaluations that demonstrate efficacy of the range-shift-related actions (connectivity, refugia, climate-adaptive management). The Iona Marsh restoration case study demonstrates efficacy for invasive species control, not range-shift management. Score 1 reflects that rationale is outlined without evidence specifically supporting the range-shift actions.",1
NY_FAP_2020,NY,FAP,2020,FALSE,New York State,State Forest Action Plan (SFAP),144,actions,adaptation_planning_frameworks,TRUE,1,"The plan references climate adaptation planning in general terms ('adapt to climate change,' 'climate change resilience,' 'adaptation to climate change'), and mentions that the OSP includes 'recommendations relating to climate adaptation and mitigation strategies.' However, no named frameworks (RAD, RRT, CCVA, Structured Decision Making, Adaptation Menu, SBDA, or other specific frameworks from the codebook) are invoked. Score 1 reflects non-specific reference to climate adaptation planning without named specific frameworks or processes.",2
OH_FAP_2020,OH,FAP,2020,FALSE,Ohio (ODNR Division of Forestry),State Forest Action Plan (Assessment + Strategy),306,concepts,climate_vulnerability,TRUE,3,NA,3
OH_FAP_2020,OH,FAP,2020,FALSE,Ohio (ODNR Division of Forestry),State Forest Action Plan (Assessment + Strategy),306,concepts,adaptive_capacity_specificity,TRUE,2,NA,2
OH_FAP_2020,OH,FAP,2020,FALSE,Ohio (ODNR Division of Forestry),State Forest Action Plan (Assessment + Strategy),306,concepts,connectivity,TRUE,2,NA,2
OH_FAP_2020,OH,FAP,2020,FALSE,Ohio (ODNR Division of Forestry),State Forest Action Plan (Assessment + Strategy),306,tools,vulnerability_models,TRUE,2,NA,2
OH_FAP_2020,OH,FAP,2020,FALSE,Ohio (ODNR Division of Forestry),State Forest Action Plan (Assessment + Strategy),306,tools,niche_models,TRUE,2,NA,3
OH_FAP_2020,OH,FAP,2020,FALSE,Ohio (ODNR Division of Forestry),State Forest Action Plan (Assessment + Strategy),306,tools,climate_models,TRUE,2,NA,2
OH_FAP_2020,OH,FAP,2020,FALSE,Ohio (ODNR Division of Forestry),State Forest Action Plan (Assessment + Strategy),306,tools,connectivity_models,TRUE,2,"The Nature Conservancy 'Resilient and Connected Landscapes' data layer was directly applied in the weighted overlay geospatial analysis to identify priority forest areas, qualifying as application to the document's focal subject.",1
OH_FAP_2020,OH,FAP,2020,FALSE,Ohio (ODNR Division of Forestry),State Forest Action Plan (Assessment + Strategy),306,context,biological_unit_score,TRUE,2,NA,2
OH_FAP_2020,OH,FAP,2020,FALSE,Ohio (ODNR Division of Forestry),State Forest Action Plan (Assessment + Strategy),306,context,partnerships_and_funding,TRUE,1,"Partnerships for climate-related range shift work are listed as future/aspirational partners in strategy matrices (e.g., NIACS, TNC), with only one completed collaborative event described. Funding for climate adaptation actions is not specifically budgeted. Score 1 (some partnerships described but limited/aspirational for range-shift specific work).",2
OH_FAP_2020,OH,FAP,2020,FALSE,Ohio (ODNR Division of Forestry),State Forest Action Plan (Assessment + Strategy),306,context,climate_threat_habitat_degradation,TRUE,1,NA,2
OH_FAP_2020,OH,FAP,2020,FALSE,Ohio (ODNR Division of Forestry),State Forest Action Plan (Assessment + Strategy),306,context,climate_threat_species_vital_rates,TRUE,1,"The link here is climate (warming) → increased pest pressure/generations → tree mortality, which is a direct climate-driven vital rate impact via pest outbreaks. The drought stress discussion also links climate → moisture stress → increased vulnerability. This qualifies under 3.6 as climate events driving increased mortality.",1
OH_FAP_2020,OH,FAP,2020,FALSE,Ohio (ODNR Division of Forestry),State Forest Action Plan (Assessment + Strategy),306,context,climate_threat_biotic_stressors,TRUE,1,NA,1
OH_FAP_2020,OH,FAP,2020,FALSE,Ohio (ODNR Division of Forestry),State Forest Action Plan (Assessment + Strategy),306,actions,priority_habitat_identification,TRUE,2,NA,3
OH_FAP_2020,OH,FAP,2020,FALSE,Ohio (ODNR Division of Forestry),State Forest Action Plan (Assessment + Strategy),306,actions,targeted_range_shift_actions,TRUE,1,NA,1
OH_FAP_2020,OH,FAP,2020,FALSE,Ohio (ODNR Division of Forestry),State Forest Action Plan (Assessment + Strategy),306,actions,time_bound_and_monitoring,TRUE,1,"The strategy matrices include timeframes (short/long) for each strategy, including climate-related strategies 5.2.1–5.2.3. However, effectiveness monitoring is not specified at the action level for climate/range-shift actions specifically. The document endorses adaptive management at a high level but does not operationalize monitoring tied to climate-specific actions. Score 1 (deadlines present at strategy level, but no paired effectiveness monitoring for climate actions).",2
OH_FAP_2020,OH,FAP,2020,FALSE,Ohio (ODNR Division of Forestry),State Forest Action Plan (Assessment + Strategy),306,actions,evidence_of_efficacy,TRUE,2,Evidence is limited (score 2 rather than 3): the studies cited are regional/cross-taxa rather than Ohio-specific field experiments testing the efficacy of specific adaptation actions. The assisted migration recommendation is based on model projections rather than field trials.,2
OH_FAP_2020,OH,FAP,2020,FALSE,Ohio (ODNR Division of Forestry),State Forest Action Plan (Assessment + Strategy),306,actions,adaptation_planning_frameworks,TRUE,2,NA,2
OK_FAP_2020,OK,FAP,2020,FALSE,Oklahoma,State Forest Action Plan,201,concepts,climate_vulnerability,TRUE,1,"The document acknowledges climate change as a threat to forest resources and even has a national objective titled 'Manage trees and forests to mitigate and adapt to global climate change,' but it never articulates climate exposure of specific species/habitats in a technical sense, nor does it frame adaptive capacity of species as a vulnerability axis. It mentions forests at 'fringes' and resilience of shortleaf pine, but these are not organized into a vulnerability framework. Score is 1 (referenced non-specifically) rather than 2 because neither exposure nor adaptive capacity is operationalized.",1
OK_FAP_2020,OK,FAP,2020,FALSE,Oklahoma,State Forest Action Plan,201,concepts,adaptive_capacity_specificity,TRUE,1,"The document references resilience and adaptation in broad terms (managing forests so they 'continue to flourish'), and mentions use of adapted tree species and genetic diversity in Goal 6. However, these references do not operationalize specific adaptive capacity components in a technically rigorous way. Score 1 rather than 2 because no specific components (e.g., movement, thermal tolerance, demography) are explicitly analyzed as adaptive capacity.",1
OK_FAP_2020,OK,FAP,2020,FALSE,Oklahoma,State Forest Action Plan,201,concepts,connectivity,TRUE,1,"The document discusses connectivity/corridors/fragmentation in generic conservation terms — maintaining connectivity between conserved properties, preventing fragmentation, protecting migratory corridors for wildlife. However, none of this connectivity framing is explicitly tied to climate-driven range shifts or tracking of climate gradients. Score is 1 (generic connectivity) rather than 2 (climate-specific connectivity).",2
OK_FAP_2020,OK,FAP,2020,FALSE,Oklahoma,State Forest Action Plan,201,tools,vulnerability_models,TRUE,0,"No vulnerability models (CCVI, PVA, or any other) are referenced anywhere in the document. There is a national performance measure mentioning 'acres vulnerable to climate change' but this is aspirational/measurement-framing, not an applied vulnerability model.",0
OK_FAP_2020,OK,FAP,2020,FALSE,Oklahoma,State Forest Action Plan,201,tools,niche_models,TRUE,0,"No species distribution models, habitat suitability models, or niche models of any kind are referenced. The document recommends developing distribution model methods as a future activity (in the SDM/SDM area? no, not even that — it simply does not mention these tools).",0
OK_FAP_2020,OK,FAP,2020,FALSE,Oklahoma,State Forest Action Plan,201,tools,climate_models,TRUE,0,"The document mentions 'the Oklahoma Climatological Survey has predicted some future changes that might occur with Oklahoma's climate' and 'if the changing climate results in a longer growing season as some models suggest' — but no specific climate model, GCM, RCP, SSP, or downscaled projection product is named or applied. This is climate awareness without climate modeling apparatus; per codebook T2.3 decision rules, qualitative descriptions without model references score 0.",0
OK_FAP_2020,OK,FAP,2020,FALSE,Oklahoma,State Forest Action Plan,201,tools,connectivity_models,TRUE,0,"Connectivity is discussed conceptually and corridors are identified as priorities, but no connectivity modeling tools (CircuitScape, Linkage Mapper, least-cost path, etc.) are named or referenced. The GIS methodology in Appendix E uses additive raster models for priority area identification, not connectivity modeling per se.",0
OK_FAP_2020,OK,FAP,2020,FALSE,Oklahoma,State Forest Action Plan,201,context,biological_unit_score,TRUE,2,NA,2
OK_FAP_2020,OK,FAP,2020,FALSE,Oklahoma,State Forest Action Plan,201,context,partnerships_and_funding,TRUE,1,"The document describes extensive partnerships (with USDA Forest Service, The Nature Conservancy, NRCS, Oklahoma Dept. of Wildlife Conservation, tribes, NGOs) and federal funding programs (Forest Legacy Program, State Fire Assistance grants, etc.). However, these partnerships and funding are largely for general forest management, water quality, wildfire suppression, and community forestry — not specifically for range-shift science or climate-driven distributional change. The shortleaf pine grants come closest to range-shift-motivated action (restoring a species 'better adapted under changing climate conditions') but the framing is only partially range-shift-specific. Score 1 (some partnerships described, but limited/aspirational for climate-specific range-shift work).",2
OK_FAP_2020,OK,FAP,2020,FALSE,Oklahoma,State Forest Action Plan,201,context,climate_threat_habitat_degradation,TRUE,1,NA,1
OK_FAP_2020,OK,FAP,2020,FALSE,Oklahoma,State Forest Action Plan,201,context,climate_threat_species_vital_rates,TRUE,1,"The document discusses wildfire-related mortality and drought-induced tree stress/mortality leading to bark beetle outbreaks (Ips outbreak 2015-2016 in response to severe drought). This constitutes climate-linked stress leading to tree mortality — a direct vital rate effect. The chain is drought (climate event) → stress → bark beetle mortality. This is close to the threshold: it's drought → pest → mortality rather than drought → mortality directly, but the drought-caused stress is the proximate trigger for the mortality event. Scored 1.",1
OK_FAP_2020,OK,FAP,2020,FALSE,Oklahoma,State Forest Action Plan,201,context,climate_threat_biotic_stressors,TRUE,1,"The document discusses eastern redcedar encroachment extensively but frames this primarily as a result of fire suppression and passive land management rather than climate-driven expansion. The document does note climate change contributing to compositional shifts, which is an in-scope biotic stressor framing. Scored 1 based on the climate-linked compositional shift statement, though the framing is minimal.",1
OK_FAP_2020,OK,FAP,2020,FALSE,Oklahoma,State Forest Action Plan,201,actions,priority_habitat_identification,TRUE,2,"The document identifies 17 spatially-mapped Forest Legacy Areas and provides detailed priority forestland maps. However, these are primarily conservation priority areas for working forest landscapes and are not explicitly framed around climate-driven range shifts. The action is closely connected to forest health and conversion threats, with climate mentioned as one among many stressors. Score 2 is warranted because (a) priority habitats are specifically discussed with spatial representation (maps, FLA boundaries using GIS), and (b) one of the national performance measures explicitly mentions 'priority areas vulnerable to climate change.' The codebook element asks about priority habitat for 'restoration and management to address range shifts, including climate-induced threats to habitat' — the climate-induced threat framing is present even if not the primary driver.",2
OK_FAP_2020,OK,FAP,2020,FALSE,Oklahoma,State Forest Action Plan,201,actions,targeted_range_shift_actions,TRUE,1,"The shortleaf pine restoration project is explicitly framed with 'changing climate conditions' as a rationale for preferring shortleaf over loblolly on certain sites — this is a structural facilitation action (restoring a climate-adapted species to maintain suitable forest cover under a shifting climate). Score 1. No assisted migration, translocation, or other direct manipulation is discussed.",1
OK_FAP_2020,OK,FAP,2020,FALSE,Oklahoma,State Forest Action Plan,201,actions,time_bound_and_monitoring,TRUE,1,"The document contains many strategies, objectives, and goals, including multi-year performance measure tables with 5-year timeframes for national priority implementation. However, the specific climate-change-related actions (Goal 6, Strategy 1.3.7) lack attached deadlines at the action level. The 5-year timeframe tables cover national S&PF priorities including climate adaptation ('Manage trees and forests to mitigate and adapt to global climate change') with proposed measures, suggesting some time-bounding and measurement intent. But the climate-specific actions do not have explicit monitoring protocols attached. Score 1 (clear strategies but lacking the operationalized deadline-plus-monitoring combination required for score 2).",1
OK_FAP_2020,OK,FAP,2020,FALSE,Oklahoma,State Forest Action Plan,201,actions,evidence_of_efficacy,TRUE,2,"The evidence cited is primarily a biological/ecological rationale for why shortleaf pine is better adapted to changing conditions (drought tolerance, fire resprouting), supported by reference to prior multi-state grant projects. This constitutes 'limited evidence' — studies of basic principles and prior projects that demonstrate feasibility but not direct outcome measurement of the climate-adaptation action. Score 2 rather than 3 because no direct efficacy evaluation of climate-adaptation outcomes from these projects is reported; the prior grants are cited as precedent rather than as evidence of measured outcomes.",2
OK_FAP_2020,OK,FAP,2020,FALSE,Oklahoma,State Forest Action Plan,201,actions,adaptation_planning_frameworks,TRUE,1,"The document references climate adaptation planning in a non-specific way through Strategy 1.3.7 ('Assure that the OFS is prepared to address and adapt to potential forest resource changes caused by climate change') and Goal 6 ('Enhance the capacity of Oklahoma's forests to adapt to the environmental stresses of climate change'). The national performance measure 'Manage trees and forests to mitigate and adapt to global climate change' is also included. However, no specific named climate adaptation planning frameworks (RAD, RRT, CCSP, CCVA, SDM-structured decision making, adaptation menus, etc.) are referenced. Score 1 (referenced non-specifically) rather than 2 (no specific framework named).",1
OR_FAP_2020,OR,FAP,2020,FALSE,Oregon,Forest Action Plan,242,concepts,climate_vulnerability,TRUE,2,"The document references exposure to climate stressors extensively (drought, warming, fire) and discusses trees' inability to adapt (maladaptation), touching on adaptive capacity. However, it does not use formal vulnerability framework language (CCVI, exposure + adaptive capacity decomposition) nor does it pair both dimensions in a single passage. Score 2 is warranted because exposure is referenced repeatedly and adaptive capacity is implicitly referenced (maladaptation, inability to adapt), but they are not paired systematically.",3
OR_FAP_2020,OR,FAP,2020,FALSE,Oregon,Forest Action Plan,242,concepts,adaptive_capacity_specificity,TRUE,1,"Adaptive capacity is referenced in a non-specific way. The document touches on maladaptation, distribution shifts, and movement (assisted migration) but does not operationalize these in a systematic adaptive capacity framework. Score is 1 because specific components are mentioned (enabling score at 1) but not operationalized in a coherent AC framework.",1
OR_FAP_2020,OR,FAP,2020,FALSE,Oregon,Forest Action Plan,242,concepts,connectivity,TRUE,1,Connectivity and corridors are discussed generically in the context of wildlife habitat management. The document does not explicitly frame connectivity as supporting climate-driven range shifts or as 'climate corridors.' Score 1 (generic) rather than 2 because the climate-shift framing is absent.,1
OR_FAP_2020,OR,FAP,2020,FALSE,Oregon,Forest Action Plan,242,tools,vulnerability_models,TRUE,0,"No vulnerability models (CCVI, PVA, etc.) are referenced in the document. General discussion of forest vulnerability to climate occurs but without any formal model.",0
OR_FAP_2020,OR,FAP,2020,FALSE,Oregon,Forest Action Plan,242,tools,niche_models,TRUE,0,"No species distribution models or niche models (MaxEnt, SDM, etc.) are referenced. The document discusses species ranges descriptively but without distributional modeling.",0
OR_FAP_2020,OR,FAP,2020,FALSE,Oregon,Forest Action Plan,242,tools,climate_models,TRUE,1,"The document references a model predicting future wildfire suitability for Oregon forests under greenhouse gas trends, but does not name the climate model or GCM, cite a scenario (RCP/SSP), or specify a time horizon. This constitutes a general reference to climate modeling results without named tools applied to focal subjects. Score 1.",1
OR_FAP_2020,OR,FAP,2020,FALSE,Oregon,Forest Action Plan,242,tools,connectivity_models,TRUE,0,"No connectivity models (CircuitScape, Linkage Mapper, etc.) are referenced. Wildlife corridors are discussed narratively without underlying spatial modeling.",0
OR_FAP_2020,OR,FAP,2020,FALSE,Oregon,Forest Action Plan,242,context,biological_unit_score,TRUE,2,NA,2
OR_FAP_2020,OR,FAP,2020,FALSE,Oregon,Forest Action Plan,242,context,partnerships_and_funding,TRUE,2,"Partnerships and funding are described extensively and are active (EBoard $5M grant, Shared Stewardship Agreement, Forest Legacy Program, Federal Forest Restoration Program). However, these are primarily directed at wildfire, forest health, and forest conservation — not specifically at range shift management. Score 2 reflects strategic investment with active partnerships, though not specifically for range-shift actions.",2
OR_FAP_2020,OR,FAP,2020,FALSE,Oregon,Forest Action Plan,242,context,climate_threat_habitat_degradation,TRUE,1,NA,1
OR_FAP_2020,OR,FAP,2020,FALSE,Oregon,Forest Action Plan,242,context,climate_threat_species_vital_rates,TRUE,1,NA,1
OR_FAP_2020,OR,FAP,2020,FALSE,Oregon,Forest Action Plan,242,context,climate_threat_biotic_stressors,TRUE,1,NA,1
OR_FAP_2020,OR,FAP,2020,FALSE,Oregon,Forest Action Plan,242,actions,priority_habitat_identification,TRUE,2,"The Forest Legacy Program section includes numerous maps of Forest Legacy Areas (Figures 16-32), and the wildfire modeling section produces spatially ranked ecoregions by vulnerability. Conservation Opportunity Areas (COAs) are referenced from the Oregon Conservation Strategy. Score 2 is warranted because priority habitat areas are identified with spatial representation (maps and ecoregional prioritization).",2
OR_FAP_2020,OR,FAP,2020,FALSE,Oregon,Forest Action Plan,242,actions,targeted_range_shift_actions,TRUE,1,"Assisted migration is explicitly mentioned once as a strategy under the climate adaptation objective (Objective 3.G). This is a direct manipulation action explicitly framed in response to climate-driven compositional change, qualifying as a targeted range-shift action. Score 1.",1
OR_FAP_2020,OR,FAP,2020,FALSE,Oregon,Forest Action Plan,242,actions,time_bound_and_monitoring,TRUE,1,"The document includes some time-bound elements (5-year update cycles, legislative deadlines) and mentions monitoring and performance measures, but these are primarily plan-level rather than action-level time-binding with paired effectiveness monitoring. Score 1 because there are clear deadlines (5-year data updates, EBoard grant timelines) but effectiveness monitoring is not systematically linked to specific climate adaptation actions.",1
OR_FAP_2020,OR,FAP,2020,FALSE,Oregon,Forest Action Plan,242,actions,evidence_of_efficacy,TRUE,1,"The document references 'credible science and proven practices' and 'best available science' in a generic way without citing specific studies, case studies, or efficacy data for any climate adaptation action. Assisted migration is mentioned once without any supporting evidence. Score 1 because rationale is outlined but no evidence is provided.",1
OR_FAP_2020,OR,FAP,2020,FALSE,Oregon,Forest Action Plan,242,actions,adaptation_planning_frameworks,TRUE,1,"The document references Oregon's Climate Change Adaptation Framework in a list of integrated statewide plans. It also mentions adaptation to climate change broadly throughout but does not apply a named adaptation planning framework (RAD, RRT, SBDA, CCVA, etc.) to its focal subjects. Score 1 for non-specific reference.",1
PA_FAP_2020,PA,FAP,2020,FALSE,Pennsylvania (DCNR Bureau of Forestry),Forest Action Plan (State),681,concepts,climate_vulnerability,TRUE,2,"The document extensively discusses climate exposure for forest species and ecosystems, including projected temperature increases, altered precipitation, and species range shifts. However, adaptive capacity in the technical IPCC sense (as a distinct component from exposure) is addressed only implicitly — e.g., species needing dispersal ability, limited movement due to fragmentation — but never explicitly labeled 'adaptive capacity' in a systematic framework. The document comes close to a score of 3 (both exposure and adaptive capacity) because it discusses species' ability to migrate and adapt, but the adaptive capacity framing is not operationalized as a distinct axis of vulnerability analysis. Score = 2 (exposure clearly present; adaptive capacity referenced implicitly but not as a formal component).",3
PA_FAP_2020,PA,FAP,2020,FALSE,Pennsylvania (DCNR Bureau of Forestry),Forest Action Plan (State),681,concepts,adaptive_capacity_specificity,TRUE,1,"Adaptive capacity is referenced implicitly (ability to migrate, dispersal, fragmentation as a barrier) but never explicitly framed as 'adaptive capacity' with specific components enumerated. The document does not use the term 'adaptive capacity' as a concept applied to its focal species/habitats. Score = 1 (referenced non-specifically in general resilience and adaptation framing).",1
PA_FAP_2020,PA,FAP,2020,FALSE,Pennsylvania (DCNR Bureau of Forestry),Forest Action Plan (State),681,concepts,connectivity,TRUE,2,NA,3
PA_FAP_2020,PA,FAP,2020,FALSE,Pennsylvania (DCNR Bureau of Forestry),Forest Action Plan (State),681,tools,vulnerability_models,TRUE,1,"The document references the Mid-Atlantic Forest Ecosystem Vulnerability Assessment and Synthesis as an external resource but does not apply it systematically to its focal species/habitats. The DCNR Climate Change Adaptation and Mitigation Plan is mentioned as having identified vulnerabilities, but the plan itself is not described in enough detail to constitute applied vulnerability modeling in the codebook sense. Score = 1 (referenced generally).",1
PA_FAP_2020,PA,FAP,2020,FALSE,Pennsylvania (DCNR Bureau of Forestry),Forest Action Plan (State),681,tools,niche_models,TRUE,0,"The document mentions the Climate Change Tree Atlas indirectly (through reference to the Mid-Atlantic Forest Ecosystem Vulnerability Assessment) and references spatial projections of habitat change, but does not reference any named niche/species distribution model and does not apply SDMs to focal species. No MaxEnt, BIOCLIM, INHABIT, or similar tool is mentioned.",0
PA_FAP_2020,PA,FAP,2020,FALSE,Pennsylvania (DCNR Bureau of Forestry),Forest Action Plan (State),681,tools,climate_models,TRUE,0,"Despite extensive discussion of projected climate change impacts, the document never references any specific GCM, RCP, SSP, CMIP product, or downscaling tool. Temperature projections are discussed qualitatively (e.g., '20 to 30 more days above 90°F by mid-century') citing the 2014 National Climate Assessment, but no climate model apparatus is named or applied to the document's focal subjects. This is a climate-aware document that does not use formal climate modeling.",0
PA_FAP_2020,PA,FAP,2020,FALSE,Pennsylvania (DCNR Bureau of Forestry),Forest Action Plan (State),681,tools,connectivity_models,TRUE,2,The PA Resilient and Connected Landscapes analysis (TNC) is incorporated into the plan's priority areas chapter and directly shapes management decisions — it is the basis for the Climate Change Priority Landscape map. This constitutes application to the document's focal subject (Pennsylvania forests). Score = 2.,1
PA_FAP_2020,PA,FAP,2020,FALSE,Pennsylvania (DCNR Bureau of Forestry),Forest Action Plan (State),681,context,biological_unit_score,TRUE,2,NA,2
PA_FAP_2020,PA,FAP,2020,FALSE,Pennsylvania (DCNR Bureau of Forestry),Forest Action Plan (State),681,context,partnerships_and_funding,TRUE,1,"The document describes aspirational partnerships for climate adaptation (e.g., NIACS, TNC, PA Game Commission) and references the DCNR Climate Change Adaptation and Mitigation Plan, but does not detail specific budget allocations or active operational partnerships for range-shift management specifically. Score = 1 (some partnerships described, but limited/aspirational in the range-shift action context).",1
PA_FAP_2020,PA,FAP,2020,FALSE,Pennsylvania (DCNR Bureau of Forestry),Forest Action Plan (State),681,context,climate_threat_habitat_degradation,TRUE,1,NA,2
PA_FAP_2020,PA,FAP,2020,FALSE,Pennsylvania (DCNR Bureau of Forestry),Forest Action Plan (State),681,context,climate_threat_species_vital_rates,TRUE,1,"The document projects higher tree mortality rates and lower regeneration rates directly attributable to climate change. This qualifies as direct effects on vital rates (mortality, regeneration/recruitment). Score = 1.",1
PA_FAP_2020,PA,FAP,2020,FALSE,Pennsylvania (DCNR Bureau of Forestry),Forest Action Plan (State),681,context,climate_threat_biotic_stressors,TRUE,1,NA,2
PA_FAP_2020,PA,FAP,2020,FALSE,Pennsylvania (DCNR Bureau of Forestry),Forest Action Plan (State),681,actions,priority_habitat_identification,TRUE,2,NA,3
PA_FAP_2020,PA,FAP,2020,FALSE,Pennsylvania (DCNR Bureau of Forestry),Forest Action Plan (State),681,actions,targeted_range_shift_actions,TRUE,1,NA,2
PA_FAP_2020,PA,FAP,2020,FALSE,Pennsylvania (DCNR Bureau of Forestry),Forest Action Plan (State),681,actions,time_bound_and_monitoring,TRUE,1,"The plan contains general adaptive management language and monitoring principles (e.g., 'monitoring will be critical,' 'adaptive approach') but does not attach specific deadlines or milestones to individual range-shift or climate adaptation actions. The Sustainability Meter structure implies 10-year assessment cycles at the plan level, not action-level deadlines. Score = 1 (deadlines present at plan level; monitoring endorsed as a principle but not operationalized at the action level for range-shift actions).",1
PA_FAP_2020,PA,FAP,2020,FALSE,Pennsylvania (DCNR Bureau of Forestry),Forest Action Plan (State),681,actions,evidence_of_efficacy,TRUE,1,"The plan does not provide case studies, citations associated with specific climate adaptation actions, or evaluation data from prior projects that would constitute evidence of efficacy for the actions proposed. General ecological rationale (biodiversity promotes resilience; managed diversity improves adaptation) is offered as a first principle, and the DCNR Climate Change Adaptation Plan is cited as a foundation, but no applied evidence for specific proposed actions (e.g., assisted migration, refugia management, connectivity corridors) is presented. Score = 1.",1
PA_FAP_2020,PA,FAP,2020,FALSE,Pennsylvania (DCNR Bureau of Forestry),Forest Action Plan (State),681,actions,adaptation_planning_frameworks,TRUE,1,"The plan references 'adaptive approach' and 'adaptive management' in a climate context, but does not name or operationalize any specific named climate adaptation planning framework (RAD, RRT, CCVA, SBDA, Structured Decision Making, etc.). The DCNR Climate Change Adaptation and Mitigation Plan is referenced as an external document containing 123 action steps, and NIACS is a named partner, but no specific framework tool is operationalized in this document. Score = 1 (referenced non-specifically).",1
PR_FAP_2020,PR,FAP,2020,FALSE,Puerto Rico,State Forest Action Plan,128,concepts,climate_vulnerability,TRUE,1,"The document discusses climate change impacts on forests generically and lists many expected changes (sea level rise, drought, wildfire, coral bleaching) but does not use the IPCC vulnerability framework or articulate exposure vs. adaptive capacity in relation to range shifts or species distributions. The word 'vulnerable' appears in the context of wildfires but not in an IPCC-framework sense. Score 1 (non-specific vulnerability reference) rather than 2 or 3 because neither climate exposure nor adaptive capacity is systematically operationalized for any focal species or habitat.",1
PR_FAP_2020,PR,FAP,2020,FALSE,Puerto Rico,State Forest Action Plan,128,concepts,adaptive_capacity_specificity,TRUE,1,"The document references resilience and adaptability of forests to climate change in a non-specific way. No specific components of adaptive capacity (e.g., dispersal ability, genetic diversity, thermal tolerance) are articulated. Score 1 (referenced, non-specific).",1
PR_FAP_2020,PR,FAP,2020,FALSE,Puerto Rico,State Forest Action Plan,128,concepts,connectivity,TRUE,1,"The document discusses wildlife corridors and habitat connectivity extensively, but not in the context of climate-driven range shifts. Corridors are framed as tools for connecting fragmented habitats and reducing isolation, not for facilitating climate-driven distributional movement. Score 1 (generic connectivity, no explicit climate framing). The Model Forest ecological corridors and the Adjuntas biological corridors are about conserving biodiversity and landscape connectivity broadly, not climate-gradient connectivity.",2
PR_FAP_2020,PR,FAP,2020,FALSE,Puerto Rico,State Forest Action Plan,128,tools,vulnerability_models,TRUE,0,"No vulnerability models (CCVI, PVA, or similar) are referenced in the document. The PR-GAP analysis assesses conservation status of species but is not framed as a climate vulnerability assessment.",0
PR_FAP_2020,PR,FAP,2020,FALSE,Puerto Rico,State Forest Action Plan,128,tools,niche_models,TRUE,0,No species distribution models or niche models are referenced in the document.,0
PR_FAP_2020,PR,FAP,2020,FALSE,Puerto Rico,State Forest Action Plan,128,tools,climate_models,TRUE,1,"Climate models are referenced generally (IPCC sea level rise projections, CCCPR hurricane frequency projections) but not applied to management decisions for the focal forests or species. No GCMs, RCPs/SSPs, or downscaled projections are named. Score 1 (referenced generally, not applied).",2
PR_FAP_2020,PR,FAP,2020,FALSE,Puerto Rico,State Forest Action Plan,128,tools,connectivity_models,TRUE,1,"The Southern Forest Lands Assessment (SFLA) produced spatial prioritization outputs (referenced in Figure 35 and Table 16 with weighted geographic layers), but the document does not describe it as a connectivity model per se, and it does not appear designed to evaluate range-shift connectivity. CircuitScape, Omniscape, Linkage Mapper, or similar tools are not mentioned. Score 1 rather than 2 because the SFLA outputs are referenced in priority area identification but the tool is a multi-resource assessment, not a connectivity model applied to the document's focal species or range-shift questions.",1
PR_FAP_2020,PR,FAP,2020,FALSE,Puerto Rico,State Forest Action Plan,128,context,biological_unit_score,TRUE,2,NA,2
PR_FAP_2020,PR,FAP,2020,FALSE,Puerto Rico,State Forest Action Plan,128,context,partnerships_and_funding,TRUE,2,"The document describes active federal-commonwealth partnerships (USFS-DNERFSB), named funding programs (FLP, FSP, HFRP, EQIP, USFWS State Wildlife Grant), and cooperative agreements. However, these partnerships and funding are not specifically framed as addressing range shifts; they address forest conservation broadly. Score 2 given active, named partnerships with identified funding streams implementing conservation actions, even though range-shift framing is absent.",3
PR_FAP_2020,PR,FAP,2020,FALSE,Puerto Rico,State Forest Action Plan,128,context,climate_threat_habitat_degradation,TRUE,1,NA,2
PR_FAP_2020,PR,FAP,2020,FALSE,Puerto Rico,State Forest Action Plan,128,context,climate_threat_species_vital_rates,TRUE,0,"The document discusses habitat degradation from climate-induced events (sea level rise, wildfire, drought) but does not frame climate events as directly causing mortality, recruitment failure, or other vital rate impacts on specific species. The Puerto Rican Parrot mortality from Hurricane Hugo is mentioned but attributed to the hurricane, not climate change. The chain described is always climate → habitat impact, not climate event → direct species mortality/vital rate impact.",0
PR_FAP_2020,PR,FAP,2020,FALSE,Puerto Rico,State Forest Action Plan,128,context,climate_threat_biotic_stressors,TRUE,1,NA,1
PR_FAP_2020,PR,FAP,2020,FALSE,Puerto Rico,State Forest Action Plan,128,actions,priority_habitat_identification,TRUE,2,"Priority habitat identification is spatially explicit throughout the document, with multiple maps (Figures 25-28, etc.), GIS-weighted analysis (Table 16), and named Forest Legacy Areas. Score 2 is warranted. Note that the habitat prioritization is not primarily motivated by range shifts but by biodiversity, water, and wildfire concerns.",3
PR_FAP_2020,PR,FAP,2020,FALSE,Puerto Rico,State Forest Action Plan,128,actions,targeted_range_shift_actions,TRUE,0,"The document does not propose any actions explicitly targeted at managing climate-driven range shifts. Corridor and connectivity actions are framed as biodiversity/fragmentation responses, not climate-shift facilitation. No assisted migration, climate-motivated translocation, or climate-corridor construction for range-shift purposes is mentioned. The biological corridors in the Adjuntas/Model Forest context are explicitly for conserving forest landscapes and biodiversity connectivity, not for facilitating climate-driven movement.",0
PR_FAP_2020,PR,FAP,2020,FALSE,Puerto Rico,State Forest Action Plan,128,actions,time_bound_and_monitoring,TRUE,1,"The document references the need for monitoring in relation to climate change and includes performance measures in the goals/strategies tables (e.g., number of acres managed, number of training sessions). However, these are output metrics, not effectiveness monitoring of climate-specific conservation actions. No deadlines are attached to individual climate-related actions. The document does not operationalize adaptive management at the action level for range-shift or climate-specific work. Score 1 (some time-structured planning is evident in program structures, but not action-level deadlines with effectiveness monitoring).",1
PR_FAP_2020,PR,FAP,2020,FALSE,Puerto Rico,State Forest Action Plan,128,actions,evidence_of_efficacy,TRUE,1,"The document provides citations to ecological literature to support actions like riparian buffer establishment, but these are general principles and background science, not efficacy evaluations of specific implemented actions. There are no case studies, post-action evaluations, or demonstration project results tied to the plan's specific strategies. Score 1 (rationale provided, but no direct evidence of action efficacy).",1
PR_FAP_2020,PR,FAP,2020,FALSE,Puerto Rico,State Forest Action Plan,128,actions,adaptation_planning_frameworks,TRUE,1,"The document references climate adaptation as a goal in a non-specific way (managing forests to 'mitigate and adapt to global climate change'), and mentions monitoring as a principle. No specific climate adaptation planning frameworks (RAD, RRT, CCVA, SBDA, structured decision making in a climate context) are named or applied. Score 1 (non-specific reference to climate adaptation planning).",1
PW_FAP_2020,PW,FAP,2020,FALSE,Republic of Palau,Forest Action Plan / Statewide Assessment,174,concepts,climate_vulnerability,TRUE,1,"The document treats climate change as a major threat and mentions 'vulnerable forests habitats' and 'vulnerable areas' several times, but does not articulate exposure or adaptive capacity in the IPCC sense. The concept of vulnerability is used loosely (e.g., 'vulnerable coastal areas') without framing it in terms of climate exposure or adaptive capacity components. Score 1 because climate vulnerability is referenced in a non-specific way without the exposure/adaptive capacity decomposition needed for score 2.",1
PW_FAP_2020,PW,FAP,2020,FALSE,Republic of Palau,Forest Action Plan / Statewide Assessment,174,concepts,adaptive_capacity_specificity,TRUE,1,There is one brief passage mentioning mangrove species capacity to persist and move as sea level rises — a peripheral reference to adaptive capacity. The document does not use the term 'adaptive capacity' explicitly or operationalize it with specific components. Score 1 (non-specific reference) rather than 2 because no specific components are named in a climate-adaptation framing.,1
PW_FAP_2020,PW,FAP,2020,FALSE,Republic of Palau,Forest Action Plan / Statewide Assessment,174,concepts,connectivity,TRUE,0,"The document does not discuss wildlife corridors, habitat connectivity, climate corridors, or landscape permeability in any climate-relevant context. Buffer zones along rivers are discussed but in the context of water quality protection and reforestation, not species movement or climate-driven connectivity.",0
PW_FAP_2020,PW,FAP,2020,FALSE,Republic of Palau,Forest Action Plan / Statewide Assessment,174,tools,vulnerability_models,TRUE,0,"No vulnerability models (CCVI, PVA, or similar) are referenced anywhere in the document. Climate vulnerability assessments are not mentioned.",0
PW_FAP_2020,PW,FAP,2020,FALSE,Republic of Palau,Forest Action Plan / Statewide Assessment,174,tools,niche_models,TRUE,0,"No species distribution models, ecological niche models, MaxEnt, or related tools are mentioned. The document uses GIS-based spatial analysis with infrastructure, soils, elevation, and forest cover layers — not SDMs.",0
PW_FAP_2020,PW,FAP,2020,FALSE,Republic of Palau,Forest Action Plan / Statewide Assessment,174,tools,climate_models,TRUE,0,"The document mentions climate change throughout but does not reference any GCM, downscaled climate product, RCP/SSP scenarios, or named climate modeling tools. Sea level rise projections (0.2–0.9m by 2100) are cited but attributed to general climate change science without naming a model or scenario. The 2013 Second National Communication on Climate Change is cited but not operationally integrated into the plan's modeling. This is a climate-aware document scoring 0 for this element per the codebook.",0
PW_FAP_2020,PW,FAP,2020,FALSE,Republic of Palau,Forest Action Plan / Statewide Assessment,174,tools,connectivity_models,TRUE,0,"The document uses GIS spatial analysis (via PALARIS) for land cover mapping and reforestation prioritization, but this is not connectivity modeling. Povak et al. (2020)'s decision support tool is mentioned for conservation prioritization on Babeldaob but is not a connectivity model and is not framed in terms of species movement or climate-driven range shifts.",0
PW_FAP_2020,PW,FAP,2020,FALSE,Republic of Palau,Forest Action Plan / Statewide Assessment,174,context,biological_unit_score,TRUE,2,"The document discusses species (endangered species, SGCN-equivalent species) and habitats/ecosystems (mangrove forests, volcanic forests, limestone forests) in climate-relevant contexts. Score 2 for two or more biological units.",2
PW_FAP_2020,PW,FAP,2020,FALSE,Republic of Palau,Forest Action Plan / Statewide Assessment,174,context,partnerships_and_funding,TRUE,2,"The document describes multiple active partnerships (USDA Forest Service, GEF, Smithsonian ForestGEO, Palau Conservation Society, Belau National Museum, TNC, NGOs, state governments) with active funding streams (USFS S&PF, GEF5, GEF6) implementing climate-change-related forest management actions. Score 2 for strategic investment with active partnerships implementing actions.",3
PW_FAP_2020,PW,FAP,2020,FALSE,Republic of Palau,Forest Action Plan / Statewide Assessment,174,context,climate_threat_habitat_degradation,TRUE,1,NA,1
PW_FAP_2020,PW,FAP,2020,FALSE,Republic of Palau,Forest Action Plan / Statewide Assessment,174,context,climate_threat_species_vital_rates,TRUE,1,"The document discusses climate-induced stress leading to pathogens and insects affecting tree health — a direct effect on species survival. The forest monitoring plot at Ngardok is described as detecting 'recruitment, growth, and death to stressors like climate warming and drought,' which implies vital rate impacts. Score 1 is appropriate as this framing links climate events to organism-level outcomes.",1
PW_FAP_2020,PW,FAP,2020,FALSE,Republic of Palau,Forest Action Plan / Statewide Assessment,174,context,climate_threat_biotic_stressors,TRUE,1,"The document links extreme climate events (super typhoons, droughts) to the spread of invasive species into opened forest areas — this qualifies as a climate-driven biotic stressor per the codebook definition. The connection between climate and invasion is explicit in this passage.",1
PW_FAP_2020,PW,FAP,2020,FALSE,Republic of Palau,Forest Action Plan / Statewide Assessment,174,actions,priority_habitat_identification,TRUE,2,"The document spatially identifies priority areas for reforestation and protection in climate-relevant contexts (sea level rise flooding zones, landslide-prone areas, wildfire-prone areas, watershed protection zones) using GIS analysis with mapped outputs (Figures 1.8, 4.1, 4.3, 5.15, 6.19, etc.). Score 2 for spatially represented priority habitat identification addressing climate-induced threats.",2
PW_FAP_2020,PW,FAP,2020,FALSE,Republic of Palau,Forest Action Plan / Statewide Assessment,174,actions,targeted_range_shift_actions,TRUE,0,"The document discusses no actions specifically targeting climate-driven species range shifts. Reforestation and translocation of endangered species (e.g., Ponapea palauensis) are framed in terms of species recovery and habitat restoration, not as responses to climate-driven range shifts. Assisted colonization of salt-tolerant taro varieties is mentioned but in food security terms, not range-shift facilitation. There are no climate corridors or climate-motivated translocations discussed.",0
PW_FAP_2020,PW,FAP,2020,FALSE,Republic of Palau,Forest Action Plan / Statewide Assessment,174,actions,time_bound_and_monitoring,TRUE,1,"The action tables list starting years (e.g., 2021, 2022, 2025) for some actions, which constitutes time-binding. The forest monitoring program has an established cycle (every 4-5 years for the ForestGEO plot, every 10 years for FIA). However, the action tables do not consistently pair specific deadlines with individual actions, and effectiveness monitoring is not systematically tied to the climate-related actions at the action level (the monitoring mentioned is primarily for forest health broadly, not for specific climate adaptation actions). Score 1 rather than 2 because the deadlines are present in some tables but effectiveness monitoring is not operationalized for climate-specific actions.",1
PW_FAP_2020,PW,FAP,2020,FALSE,Republic of Palau,Forest Action Plan / Statewide Assessment,174,actions,evidence_of_efficacy,TRUE,2,"The document provides some quantitative evidence from prior reforestation projects (survival rates, area restored, carbon sequestration) and from long-term monitoring (FIA, ForestGEO). However, this evidence is primarily from related contexts (general reforestation, watershed protection) rather than from actions explicitly designed for climate adaptation. The evidence base is limited in its direct applicability to climate-specific adaptation actions. Score 2 (limited evidence) rather than 3 (strong evidence) because the studies cited are from the same system and taxa but do not directly test climate adaptation action efficacy.",2
PW_FAP_2020,PW,FAP,2020,FALSE,Republic of Palau,Forest Action Plan / Statewide Assessment,174,actions,adaptation_planning_frameworks,TRUE,1,"The document references climate change adaptation as an objective and frames actions in terms of 'adapting' to climate change impacts. The 2015 Palau Climate Change Policy (referenced in the document) includes a 'No Regrets' approach. However, no specific named climate adaptation planning frameworks (RAD, RRT, CCVA, SBDA, Structured Decision Making, adaptation menus, or similar) are referenced or applied. Score 1 for non-specific reference to adaptation planning.",1
RI_FAP_2020,RI,FAP,2020,FALSE,Rhode Island,State Forest Action Plan,148,concepts,climate_vulnerability,TRUE,2,"The document references climate exposure clearly (shifting growing conditions, temperature increases affecting species) and engages with adaptive capacity (forests/species' ability to adapt, resilience to change). However, it never uses the term 'adaptive capacity' technically in the IPCC sense, nor does it explicitly decompose vulnerability into the three-axis framework. The referenced New England vulnerability assessment is incorporated by reference (a table of forest type vulnerability ratings), which provides vulnerability analysis that shapes management decisions. Score is 2 (exposure + adaptive capacity referenced) rather than 3 because the adaptive capacity dimension is referenced only generally — there is no systematic treatment of specific components of adaptive capacity as drivers of vulnerability scores.",3
RI_FAP_2020,RI,FAP,2020,FALSE,Rhode Island,State Forest Action Plan,148,concepts,adaptive_capacity_specificity,TRUE,1,"Adaptive capacity is referenced — the document discusses forest/species ability to adapt and resilience — but not with reference to specific named components (dispersal, genetic variation, life history traits, etc.) in a systematic way. The discussion stays at the level of 'capacity to adapt' generically. Score is 1, not 2.",2
RI_FAP_2020,RI,FAP,2020,FALSE,Rhode Island,State Forest Action Plan,148,concepts,connectivity,TRUE,2,"The document discusses connectivity in a climate-relevant way — fragmentation impedes species migration in the context of climate-driven range shifts, and corridors are presented as a tool for supporting that movement. This satisfies the score-2 criterion: generic connectivity explicitly framed as a factor limiting climate-driven shifts.",3
RI_FAP_2020,RI,FAP,2020,FALSE,Rhode Island,State Forest Action Plan,148,tools,vulnerability_models,TRUE,2,The document substantively incorporates results from the New England vulnerability assessment — including a table of forest type vulnerability ratings — into management discussion for Rhode Island's focal forest types. This qualifies as applied (score 2) per the codebook rule that application includes substantively incorporating prior tool-based results into management decisions for focal subjects.,2
RI_FAP_2020,RI,FAP,2020,FALSE,Rhode Island,State Forest Action Plan,148,tools,niche_models,TRUE,1,"The document references predictive models of future species/habitat conditions but does not name or apply species distribution models (MaxEnt, SDMs, etc.) to its focal species. The Clark Labs 2050 land cover prediction is referenced in a figure caption as a mapping product. The citation 'modeling has advanced considerably' with a URL to USFS tree atlas is referenced in footnotes but not applied in the plan's analysis. Score is 1 (referenced generally).",1
RI_FAP_2020,RI,FAP,2020,FALSE,Rhode Island,State Forest Action Plan,148,tools,climate_models,TRUE,1,"The document references climate models and emission scenarios in passing, citing the 2006 Northeast Climate Impacts Assessment as an example, and mentions 'climate models predict.' However, no specific GCM, CMIP product, RCP, or SSP scenario is named or applied to shape management decisions. Score is 1 (referenced generally).",2
RI_FAP_2020,RI,FAP,2020,FALSE,Rhode Island,State Forest Action Plan,148,tools,connectivity_models,TRUE,1,"The document references GIS-based mapping tools (ESRI Green Infrastructure Strategy, i-Tree Landscape Tool) and uses them to map priority landscapes, WUI, and forest blocks. However, these are not connectivity models in the technical sense (CircuitScape, least-cost path, etc.), and the document does not apply formal connectivity modeling to assess landscape permeability or corridors. The ESRI Green Infrastructure Strategy is referenced as a spatial visualization tool. Score is 1 (referenced generally) — some spatial landscape analysis is present but no true connectivity modeling applied to focal subjects.",1
RI_FAP_2020,RI,FAP,2020,FALSE,Rhode Island,State Forest Action Plan,148,context,biological_unit_score,TRUE,2,NA,2
RI_FAP_2020,RI,FAP,2020,FALSE,Rhode Island,State Forest Action Plan,148,context,partnerships_and_funding,TRUE,1,"The document describes many existing partnerships and substantial federal/state funding for forest management broadly (CFAA, NRCS grants, RCPP, etc.) and acknowledges funding gaps in DFE capacity. However, specific funding and active partnerships dedicated to range-shift-related work (assisted migration, climate connectivity, climate-driven range-shift facilitation) are framed as aspirational — 'DFE will also need to explore funding.' Some landscape restoration grants (INCREASING RESILIENCY IN SOUTHERN NEW ENGLAND OAK FORESTS) tangentially address climate resilience but are about oak forest health, not range-shift facilitation specifically. Score is 1.",2
RI_FAP_2020,RI,FAP,2020,FALSE,Rhode Island,State Forest Action Plan,148,context,climate_threat_habitat_degradation,TRUE,1,NA,2
RI_FAP_2020,RI,FAP,2020,FALSE,Rhode Island,State Forest Action Plan,148,context,climate_threat_species_vital_rates,TRUE,1,NA,2
RI_FAP_2020,RI,FAP,2020,FALSE,Rhode Island,State Forest Action Plan,148,context,climate_threat_biotic_stressors,TRUE,1,NA,2
RI_FAP_2020,RI,FAP,2020,FALSE,Rhode Island,State Forest Action Plan,148,actions,priority_habitat_identification,TRUE,2,"The document provides maps of priority landscape areas (WUI maps, forest block maps, Forest Legacy Area maps), identifies specific priority areas for conservation programs (Mainland and East Bay legacy areas), and discusses spatial targeting for conservation acquisition. This qualifies as score 2 — spatially represented priority habitat identification.",3
RI_FAP_2020,RI,FAP,2020,FALSE,Rhode Island,State Forest Action Plan,148,actions,targeted_range_shift_actions,TRUE,1,"The document explicitly names 'assisted migration' as an action to be explored, and frames tree planting of climate-suitable species as facilitating range shift. These are direct manipulation actions motivated by climate-driven range shifts, even if aspirational in framing ('DFE will also need to explore'). Score is 1.",2
RI_FAP_2020,RI,FAP,2020,FALSE,Rhode Island,State Forest Action Plan,148,actions,time_bound_and_monitoring,TRUE,1,"The document contains a strategies matrix with objectives and strategies but without specific deadlines or time-bound milestones attached to individual climate-related actions. The five-year RCPP funding period is mentioned. Effectiveness monitoring as a principle is noted in some programs but is not systematically operationalized at the action level for climate-related range-shift actions. Score is 1 (some time-bound structure present, but not paired with effectiveness monitoring for range-shift actions).",1
RI_FAP_2020,RI,FAP,2020,FALSE,Rhode Island,State Forest Action Plan,148,actions,evidence_of_efficacy,TRUE,1,"The document provides rationale for actions (e.g., forests provide resilience, assisted migration can help species track climate) but does not present evidence from prior studies or case studies directly evaluating the efficacy of specific climate adaptation actions. Some ecological first-principles are invoked (tree planting of climate-suitable species will assist migration). The energy-saving trees survivability data provides limited operational evidence. Score is 1 — rationale outlined but no specific efficacy evidence for range-shift actions presented.",1
RI_FAP_2020,RI,FAP,2020,FALSE,Rhode Island,State Forest Action Plan,148,actions,adaptation_planning_frameworks,TRUE,1,"The document references adaptive forest management as a guiding principle for climate adaptation, and cites the Forest Adaptation Resources guide in references ('incorporate climate change considerations'). However, no specific named climate adaptation planning framework (RAD, RRT, CCVA, SBDA, structured decision making, adaptation menu) is identified by name or applied in a systematic way. Score is 1 — climate adaptation planning frameworks referenced in a non-specific way.",2
RMI_FAP_2020,RMI,FAP,2020,FALSE,Republic of the Marshall Islands,Forest Action Plan / Agriculture Sector Plan,163,concepts,climate_vulnerability,TRUE,2,"The document discusses climate exposure extensively (sea-level rise, drought, inundation) and references resilience/adaptive capacity in the glossary and in passing in the Agriculture Sector Plan, but does not formally operationalize both axes in a single vulnerability assessment framework applied to species or habitats. Score 2 rather than 3: exposure is clearly articulated; adaptive capacity is mentioned but not developed as an analytical framework for the ecological subjects of the plan. Score 1 was considered but rejected because there is explicit discussion of both exposure stressors and adaptive capacity/resilience concepts.",3
RMI_FAP_2020,RMI,FAP,2020,FALSE,Republic of the Marshall Islands,Forest Action Plan / Agriculture Sector Plan,163,concepts,adaptive_capacity_specificity,TRUE,1,"Adaptive capacity is referenced in general terms (resilience, ability to adapt) but not decomposed into specific biological components (dispersal, evolutionary potential, etc.) in a systematic way applied to the ecological subjects of the plan. Score 1 rather than 2.",1
RMI_FAP_2020,RMI,FAP,2020,FALSE,Republic of the Marshall Islands,Forest Action Plan / Agriculture Sector Plan,163,concepts,connectivity,TRUE,0,"The document does not discuss habitat connectivity, wildlife corridors, landscape permeability, or related concepts. The FAP focuses on forest inventory, species conservation, food security, and coastal reinforcement on small island atolls where the concept of landscape-scale connectivity corridors is not relevant to the management context discussed.",0
RMI_FAP_2020,RMI,FAP,2020,FALSE,Republic of the Marshall Islands,Forest Action Plan / Agriculture Sector Plan,163,tools,vulnerability_models,TRUE,0,"No vulnerability models (CCVI, PVA, or similar) are referenced or applied in the document. The document lacks any formal climate vulnerability assessment framework for species or habitats.",0
RMI_FAP_2020,RMI,FAP,2020,FALSE,Republic of the Marshall Islands,Forest Action Plan / Agriculture Sector Plan,163,tools,niche_models,TRUE,0,"No species distribution models or niche models (MaxEnt, SDMs, etc.) are referenced. Vegetation mapping used satellite imagery and FIA plots, not niche modeling.",0
RMI_FAP_2020,RMI,FAP,2020,FALSE,Republic of the Marshall Islands,Forest Action Plan / Agriculture Sector Plan,163,tools,climate_models,TRUE,1,"Climate models are mentioned in passing (noting disagreement among models about ENSO), and the Pacific Islands Regional Climate Assessment (PIRCA) is referenced as being in preparation. No specific GCMs, RCPs, SSPs, or downscaled products are named or applied. Score 1 (referenced generally) rather than 2.",1
RMI_FAP_2020,RMI,FAP,2020,FALSE,Republic of the Marshall Islands,Forest Action Plan / Agriculture Sector Plan,163,tools,connectivity_models,TRUE,0,"No connectivity models are referenced. GIS and satellite imagery are used for land cover mapping, but not connectivity modeling. CircuitScape, Linkage Mapper, and similar tools are absent.",0
RMI_FAP_2020,RMI,FAP,2020,FALSE,Republic of the Marshall Islands,Forest Action Plan / Agriculture Sector Plan,163,context,biological_unit_score,TRUE,2,NA,2
RMI_FAP_2020,RMI,FAP,2020,FALSE,Republic of the Marshall Islands,Forest Action Plan / Agriculture Sector Plan,163,context,partnerships_and_funding,TRUE,1,"The document describes several partnerships (USFS, MCT, SPC, FAO, Taiwan Technical Mission, MICS, NGOs) with some financial components (USFS funding, GEF, EU grants referenced), but funding for climate-specific range-shift actions is not specifically allocated. Score 1: partnerships and some funding described but limited/aspirational for climate-specific forestry work.",2
RMI_FAP_2020,RMI,FAP,2020,FALSE,Republic of the Marshall Islands,Forest Action Plan / Agriculture Sector Plan,163,context,climate_threat_habitat_degradation,TRUE,1,NA,1
RMI_FAP_2020,RMI,FAP,2020,FALSE,Republic of the Marshall Islands,Forest Action Plan / Agriculture Sector Plan,163,context,climate_threat_species_vital_rates,TRUE,1,"This is a close call. The document mentions disappearance of crops, trees, and medicinal herbs due to drought and saltwater intrusion—this implies direct climate-caused mortality/loss of plant species. This is treated as a direct vital rate impact (recruitment failure, mortality) caused by climate events. Score 1.",1
RMI_FAP_2020,RMI,FAP,2020,FALSE,Republic of the Marshall Islands,Forest Action Plan / Agriculture Sector Plan,163,context,climate_threat_biotic_stressors,TRUE,1,"The document mentions that warming is conducive to the spread of pests and diseases (biotic stressors), framing this as a climate-driven change. This qualifies as climate-driven biotic stressors. Score 1.",1
RMI_FAP_2020,RMI,FAP,2020,FALSE,Republic of the Marshall Islands,Forest Action Plan / Agriculture Sector Plan,163,actions,priority_habitat_identification,TRUE,1,"Priority areas are identified and named, but the document explicitly states that updated detailed maps for each issue were not available at time of writing, and old maps from 2010 were retained. Score 1 rather than 2: priority habitat discussed narratively but not with current spatial representation (maps noted as unavailable/outdated).",2
RMI_FAP_2020,RMI,FAP,2020,FALSE,Republic of the Marshall Islands,Forest Action Plan / Agriculture Sector Plan,163,actions,targeted_range_shift_actions,TRUE,0,"The document does not discuss any actions specifically targeting climate-driven species range shifts—no assisted migration, climate corridors, managed relocation, or similar. Coastal forest restoration is mentioned as a 'no-regrets strategy' against sea-level rise, but this is habitat protection framing, not range-shift facilitation. Planting 'climate-ready crops' and salt-tolerant trees addresses agricultural adaptation, not species range shifts in the ecological sense. The codebook requires explicit climate/range-shift framing for this element.",0
RMI_FAP_2020,RMI,FAP,2020,FALSE,Republic of the Marshall Islands,Forest Action Plan / Agriculture Sector Plan,163,actions,time_bound_and_monitoring,TRUE,1,"The Agriculture Sector Plan has a 6-month review cycle and a logframe with KPIs, and the Micronesia Challenge has a 2030 deadline. However, individual conservation actions in the FAP's strategy matrices do not consistently have specific deadlines attached. Score 1 rather than 2: time-bound targets exist at the plan level (MC 2030 goals, 6-month reviews) but not consistently at the individual action level with paired effectiveness monitoring for range-shift-specific actions.",2
RMI_FAP_2020,RMI,FAP,2020,FALSE,Republic of the Marshall Islands,Forest Action Plan / Agriculture Sector Plan,163,actions,evidence_of_efficacy,TRUE,1,"The document provides one notable citation (Wolf et al. 2018) linking rat eradication to native species recruitment as evidence for a specific action. Other actions (coastal tree planting, agroforestry promotion) are presented without supporting citations or efficacy evidence. Score 1: rationale is outlined and some vague ecological principles are applied, with one limited external reference. Score 2 was considered but the single study is from a different system (Palmyra) and most actions lack any evidence.",1
RMI_FAP_2020,RMI,FAP,2020,FALSE,Republic of the Marshall Islands,Forest Action Plan / Agriculture Sector Plan,163,actions,adaptation_planning_frameworks,TRUE,1,"The document references adaptive management in the context of the Agriculture Sector Plan's M&E cycle, which is framed in part around climate change resilience. The FAP also references the development of a National Adaptation Plan and the Joint National Action Plan for Climate Change Adaptation. However, no specific named climate adaptation planning frameworks (RAD, RRT, SBDA, CCVA, Resist-Accept-Direct, etc.) are mentioned. Score 1: adaptation planning frameworks are referenced in a non-specific way (adaptive management mentioned in climate context, National Adaptation Plan referenced).",1
SC_FAP_2020,SC,FAP,2020,FALSE,South Carolina,Forest Action Plan,159,concepts,climate_vulnerability,TRUE,2,"The document mentions exposure (projected temperature increases, sea level rise, drought, altered fire regimes) and touches on adaptive capacity (species unable to adapt face extinction, must relocate). However, it does not explicitly invoke the term 'vulnerability' in a technical IPCC sense, nor does it systematically integrate both dimensions into a vulnerability assessment framework. Score 2 because both exposure and adaptive capacity are referenced but not together in a structured vulnerability framing. Score 3 would require both to be articulated explicitly and jointly as components of vulnerability.",2
SC_FAP_2020,SC,FAP,2020,FALSE,South Carolina,Forest Action Plan,159,concepts,adaptive_capacity_specificity,TRUE,1,"Adaptive capacity components are touched on (distribution shifts, movement, ecological dependencies, abiotic niche tolerances) but only briefly and without explicit framing as 'adaptive capacity.' Score 1 because the concept is referenced generically; score 2 would require naming a specific component in the context of adaptive capacity.",1
SC_FAP_2020,SC,FAP,2020,FALSE,South Carolina,Forest Action Plan,159,concepts,connectivity,TRUE,1,"Connectivity and corridors are discussed in the context of habitat fragmentation and conservation easements, but the framing is generic forestry/wildlife habitat connectivity—not explicitly linked to climate-driven range shifts. Score 1 (generic) rather than 2 (climate-specific). The one passage mentioning 'disconnected species corridors' as an impact of reduced prescribed fire does not explicitly invoke climate-driven distributional shifts.",2
SC_FAP_2020,SC,FAP,2020,FALSE,South Carolina,Forest Action Plan,159,tools,vulnerability_models,TRUE,0,"No vulnerability models (CCVI, PVA, or similar) are referenced in the document.",0
SC_FAP_2020,SC,FAP,2020,FALSE,South Carolina,Forest Action Plan,159,tools,niche_models,TRUE,0,"No species distribution models or niche models (MaxEnt, SDMs, etc.) are referenced. The document mentions that tree species ranges may change under climate warming but cites no modeling apparatus for this.",0
SC_FAP_2020,SC,FAP,2020,FALSE,South Carolina,Forest Action Plan,159,tools,climate_models,TRUE,1,"ICLUS v2 is used with SSP/RCP scenarios for housing density projections in the spatial priority analysis (Appendix 1), but this is for land-use change modeling, not for climate projections applied to biological subjects. The reference to USGCRP 2018 is qualitative; no GCMs or downscaled climate products are applied to the document's focal subjects. Score 1 (referenced generally) is the highest defensible score.",1
SC_FAP_2020,SC,FAP,2020,FALSE,South Carolina,Forest Action Plan,159,tools,connectivity_models,TRUE,1,"The document references modeling of connectivity (forest cores and corridors) for community forestry purposes, and uses GIC methodology for habitat cores in the priority area analysis. However, this connectivity modeling is not explicitly applied to climate-driven range shifts for the plan's focal species/habitats. Score 1 rather than 2.",1
SC_FAP_2020,SC,FAP,2020,FALSE,South Carolina,Forest Action Plan,159,context,biological_unit_score,TRUE,2,NA,2
SC_FAP_2020,SC,FAP,2020,FALSE,South Carolina,Forest Action Plan,159,context,partnerships_and_funding,TRUE,1,"Partnerships are referenced broadly (SEAFWA, SECAS, Forest Legacy partners, interagency coordination) but are not specifically tied to range-shift actions or climate adaptation with concrete funding amounts. Score 1 (some partnerships described, aspirational) rather than 2.",2
SC_FAP_2020,SC,FAP,2020,FALSE,South Carolina,Forest Action Plan,159,context,climate_threat_habitat_degradation,TRUE,1,NA,2
SC_FAP_2020,SC,FAP,2020,FALSE,South Carolina,Forest Action Plan,159,context,climate_threat_species_vital_rates,TRUE,1,"The document discusses increased mortality of trees from climate-driven drought and bark beetle outbreaks, which constitutes a direct effect on vital rates. The framing 'result in increased mortality' combined with explicit climate attribution is sufficient for a score of 1.",1
SC_FAP_2020,SC,FAP,2020,FALSE,South Carolina,Forest Action Plan,159,context,climate_threat_biotic_stressors,TRUE,1,NA,2
SC_FAP_2020,SC,FAP,2020,FALSE,South Carolina,Forest Action Plan,159,actions,priority_habitat_identification,TRUE,2,"The document performs GIS-based spatial prioritization of forest areas across multiple working groups, producing mapped priority areas. However, the priority areas are not specifically framed around climate-driven habitat shifts or range-shift facilitation. They are primarily framed around timber productivity, wildfire risk, and ecosystem services. Score 2 is justified because spatially explicit prioritization is performed, even if not primarily climate-range-shift motivated.",2
SC_FAP_2020,SC,FAP,2020,FALSE,South Carolina,Forest Action Plan,159,actions,targeted_range_shift_actions,TRUE,0,"No specific actions are proposed to manage, facilitate, or respond to climate-driven range shifts. The document discusses corridors generically for habitat connectivity (not framed as climate-corridor range-shift facilitation), and there are no mentions of assisted migration, conservation translocations for range-shift adaptation, or corridor construction explicitly linked to climate-driven species movement.",0
SC_FAP_2020,SC,FAP,2020,FALSE,South Carolina,Forest Action Plan,159,actions,time_bound_and_monitoring,TRUE,1,"The strategy matrix lists action items with associated programs and reporting positions, and includes monitoring actions (e.g., FIA plot monitoring, effectiveness monitoring of BMPs). However, specific deadlines or time-bound milestones attached to individual climate-related range-shift conservation actions are not present. Score 1 because deadlines exist at the plan level (10-year plan structure) and monitoring is referenced as a principle, but action-level deadlines tied specifically to climate/range-shift actions are absent.",2
SC_FAP_2020,SC,FAP,2020,FALSE,South Carolina,Forest Action Plan,159,actions,evidence_of_efficacy,TRUE,2,"The document references published literature to support prescribed fire practices (Kalies and Yocom Kent 2016) and documents outcome monitoring from prior projects (Indian Creek Initiative, longleaf pine partnership). Evidence is limited in its direct applicability to climate-driven range-shift actions—it supports general habitat management and fire management rather than climate adaptation specifically. Score 2 (limited evidence) rather than 3 (strong evidence) because the studies cited have limited applicability to the specific climate-adaptive actions that would address range shifts.",2
SC_FAP_2020,SC,FAP,2020,FALSE,South Carolina,Forest Action Plan,159,actions,adaptation_planning_frameworks,TRUE,1,"The document references climate change planning in a general way (goals to mitigate climate change effects, promote trees as carbon sinks) but does not invoke any named climate adaptation planning frameworks such as Resist-Accept-Direct (RAD), Structured Decision Making (SDM), Climate Change Scenario Planning (CCSP), or similar. Score 1 (referenced non-specifically) because climate adaptation planning is discussed as a goal but without reference to a specific framework or process.",2
SD_FAP_2020,SD,FAP,2020,FALSE,South Dakota,Forest Action Plan,294,concepts,climate_vulnerability,TRUE,1,"Climate change is mentioned repeatedly as a threat in passing lists across forest types, and once in the context of bottomland forest water flow. However, the document never operationalizes vulnerability with any exposure metrics or adaptive capacity framing. There is no reference to climate velocity, climate sensitivity, or adaptive capacity of species/ecosystems. The treatment is entirely non-specific: 'climate change' appears as one item among many threats without elaboration. Score 1 (generic vulnerability mention, no exposure or adaptive capacity sub-components).",1
SD_FAP_2020,SD,FAP,2020,FALSE,South Dakota,Forest Action Plan,294,concepts,adaptive_capacity_specificity,TRUE,0,"Adaptive capacity in the IPCC/ecological sense (ability of species/ecosystems to persist, shift, or evolve in response to climate) is not referenced in the document. 'Resilience' appears in the context of 'resilient forest landscapes' and 'lack of forest resiliency' in strategy tables, but this is framed as resistance to disturbance (fire, insects) rather than climate adaptive capacity. The word 'resilience' is not paired with climate change as the stressor in any way that counts under the codebook's T1.2 definition.",0
SD_FAP_2020,SD,FAP,2020,FALSE,South Dakota,Forest Action Plan,294,concepts,connectivity,TRUE,1,"Connectivity is referenced generically in the context of habitat fragmentation and housing density. There is no climate-gradient framing, no mention of climate corridors, and no explicit framing of connectivity as supporting climate-driven range shifts. Score 1 (generic connectivity, no climate framing).",1
SD_FAP_2020,SD,FAP,2020,FALSE,South Dakota,Forest Action Plan,294,tools,vulnerability_models,TRUE,0,"No vulnerability models (CCVI, PVA, or similar) are referenced anywhere in the document.",0
SD_FAP_2020,SD,FAP,2020,FALSE,South Dakota,Forest Action Plan,294,tools,niche_models,TRUE,0,"No species distribution models or niche models (MaxEnt, SDMs, ENMs, etc.) are referenced anywhere in the document.",0
SD_FAP_2020,SD,FAP,2020,FALSE,South Dakota,Forest Action Plan,294,tools,climate_models,TRUE,0,"Climate change is mentioned throughout as a qualitative threat, but no climate models, GCMs, RCPs, SSPs, downscaled projections, or emission scenarios are referenced. One URL in the literature cited section points to an EPA climate-change-SD page, but there is no in-text engagement with its content or any climate modeling apparatus. This is consistent with the canonical 0 case per codebook §2.3 decision rules.",0
SD_FAP_2020,SD,FAP,2020,FALSE,South Dakota,Forest Action Plan,294,tools,connectivity_models,TRUE,0,"No connectivity models (CircuitScape, least-cost path, resistance surface, etc.) are referenced. The GIS/weighted overlay analysis in Section II uses spatial datasets but these are priority-area determination tools (agroforestry suitability, wildfire risk, housing density), not connectivity models in the range-shift sense.",0
SD_FAP_2020,SD,FAP,2020,FALSE,South Dakota,Forest Action Plan,294,context,biological_unit_score,TRUE,1,"Range-shift science is barely engaged in this document. In the narrow context where distributional change is discussed (eastern redcedar/Rocky Mountain juniper expansion, bottomland forest threats), the biological units referenced are primarily habitat types/forest types. Only one biological unit (habitat/ecosystem) is clearly discussed in a range-shift-adjacent context. Species are discussed in terms of forest management, not range shifts specifically. Score 1.",1
SD_FAP_2020,SD,FAP,2020,FALSE,South Dakota,Forest Action Plan,294,context,partnerships_and_funding,TRUE,1,"Partnerships are described broadly throughout the document (Forest Stewardship Coordinating Committee, Conservation Leaders Group, NRCS, conservation districts, tribal agencies, federal agencies). However, funding for range-shift-specific work is not described; the document's climate adaptation engagement is minimal and no funding is allocated specifically to range-shift management. Score 1: some partnerships and funding described, but aspirational and not targeted to range-shift actions.",1
SD_FAP_2020,SD,FAP,2020,FALSE,South Dakota,Forest Action Plan,294,context,climate_threat_habitat_degradation,TRUE,1,Climate-induced habitat degradation is mentioned in passing in the bottomland forest section (climate change as a potential source of water flow alterations threatening riparian habitat) and in threat lists for windbreaks and urban forests. The framing is brief but does connect climate change to habitat impacts. Score 1.,1
SD_FAP_2020,SD,FAP,2020,FALSE,South Dakota,Forest Action Plan,294,context,climate_threat_species_vital_rates,TRUE,0,"The document does not discuss direct climate-driven impacts on species vital rates (survival, recruitment, mortality from climate events). The closest passage is 'Other environmental factors that can be a threat to upland forests include drought and climate change that may result in trees being stressed and therefore more susceptible to insect and disease issues,' but this is a climate → habitat stress → indirect species vulnerability chain, not direct vital rate impact. Per codebook 3.6 decision rules, this does not qualify.",0
SD_FAP_2020,SD,FAP,2020,FALSE,South Dakota,Forest Action Plan,294,context,climate_threat_biotic_stressors,TRUE,0,"Invasive species (buckthorn, Russian olive, salt cedar) and range expansion of eastern redcedar/Rocky Mountain juniper are discussed, but not framed as climate-driven in the document. The cedar/juniper expansion is attributed to fire suppression and land use change, not climate change. The invasive species discussion lacks climate framing. Per codebook 3.7 decision rules, these do not count without explicit climate attribution.",0
SD_FAP_2020,SD,FAP,2020,FALSE,South Dakota,Forest Action Plan,294,actions,priority_habitat_identification,TRUE,2,"Priority habitat areas are spatially represented with maps (Figures 4.0.1, 4.0.2) using GIS/weighted overlay analysis. However, these priority areas are defined by forest management threats (insects, wildfire, housing density, water quality) rather than climate-driven range shifts specifically. The codebook element 4.1 requires identification of priority habitat to address range shifts or climate-induced threats to habitat — the habitat degradation element (3.5) scored 1, so there is some climate threat framing. The spatial representation is explicit and the priority areas do address forest resource protection broadly including climate as a listed threat. Score 2 based on explicit spatial mapping of priority forest areas with climate listed among addressed threats.",2
SD_FAP_2020,SD,FAP,2020,FALSE,South Dakota,Forest Action Plan,294,actions,targeted_range_shift_actions,TRUE,0,"The document proposes no specific actions to facilitate, prevent, or respond to climate-driven range shifts. 'Assisted migration,' 'translocation for climate adaptation,' 'climate corridors,' or any structurally or directly facilitated range-shift management is entirely absent. Objective 5.15 mentions 'forest climate adaptation and mitigation management practices' but is too vague to constitute a targeted range-shift action per the codebook.",0
SD_FAP_2020,SD,FAP,2020,FALSE,South Dakota,Forest Action Plan,294,actions,time_bound_and_monitoring,TRUE,1,"The strategy tables throughout Section IV include many time-bound milestones (e.g., 'by 2023,' 'by 2028,' 'by 2025,' annually, etc.) attached to specific conservation actions. However, the only monitoring provision is a very general statement: 'Efforts will be made to establish monitoring procedures to determine the effectiveness of strategies. Effective strategies will be continued; ineffective strategies will be modified or dropped.' This is an endorsement of adaptive management as a principle in the conclusion section, not an operationalized effectiveness monitoring protocol attached to specific actions. Score 1: clear deadlines at action level, but monitoring is only stated as an aspiration/principle, not operationalized.",1
SD_FAP_2020,SD,FAP,2020,FALSE,South Dakota,Forest Action Plan,294,actions,evidence_of_efficacy,TRUE,1,"The document references 'best available science' and 'proven best practices' in Objective 5.15 without providing citations, case studies, or data to support specific actions. The threat tables list rationale in the form of general ecological assumptions (e.g., 'resilient forests withstand disturbances') but no evidence from prior projects or studies is cited to support specific management actions in the context of climate adaptation. Score 1: rationale is outlined but no actual evidence is presented for actions.",1
SD_FAP_2020,SD,FAP,2020,FALSE,South Dakota,Forest Action Plan,294,actions,adaptation_planning_frameworks,TRUE,0,"No specific climate adaptation planning frameworks are referenced (no RAD, RRT, CCVA, CCSP, SDM, SBDA, adaptation menu, or similar). The document mentions 'adaptive management' implicitly in its monitoring statement ('Effective strategies will be continued; ineffective strategies will be modified or dropped') but this is not framed in a climate-change context and lacks any specific framework name. Per codebook 4.5, adaptive management is in scope only when framed in the context of decision-making under climate change conditions. Score 0.",0
TN_FAP_2020,TN,FAP,2020,FALSE,Tennessee,Forest Action Plan,140,concepts,climate_vulnerability,TRUE,2,"The document references a 2015 Climate Change Vulnerability Assessment for Tennessee Wildlife and Habitats and discusses adaptive capacity through TNC's Resilient and Connected Network, as well as exposure via climate-driven stressors. However, the document does not itself systematically apply both exposure AND adaptive capacity to its focal species/habitats — the adaptive capacity framing is primarily at the landscape/ecosystem level via TNC's tool. Score 2 (references exposure, and references adaptive capacity, but the CCVA is a document the FAP points to rather than directly performs). This is a close call between 2 and 3; scored 2 because systematic integration of both axes is not operationalized within the FAP itself.",3
TN_FAP_2020,TN,FAP,2020,FALSE,Tennessee,Forest Action Plan,140,concepts,adaptive_capacity_specificity,TRUE,2,"Adaptive capacity is referenced with specific components: the document names movement/dispersal corridors, micro-climates and micro-sites (abiotic niche), and connectivity as components. This earns a score of 2.",2
TN_FAP_2020,TN,FAP,2020,FALSE,Tennessee,Forest Action Plan,140,concepts,connectivity,TRUE,2,NA,3
TN_FAP_2020,TN,FAP,2020,FALSE,Tennessee,Forest Action Plan,140,tools,vulnerability_models,TRUE,1,"The document references the 2015 CCVA for Tennessee Wildlife and Habitats by Glick et al. but merely directs readers to it for more information rather than integrating its results into management decisions for the FAP's focal subjects. This is a reference, not application — score 1.",1
TN_FAP_2020,TN,FAP,2020,FALSE,Tennessee,Forest Action Plan,140,tools,niche_models,TRUE,0,No species distribution models or ecological niche models are referenced. The Climate Change Tree Atlas appears in the references list (Prasad et al. 2007-ongoing) but is not discussed in the document narrative.,0
TN_FAP_2020,TN,FAP,2020,FALSE,Tennessee,Forest Action Plan,140,tools,climate_models,TRUE,1,"The document mentions 'climate models' in one passage in a generic way but does not apply specific GCMs, downscaling products, or emission scenarios to its focal subjects. Projections of impervious surface and urbanization to 2030 are referenced (from EPA's Integrated Climate and Land-Use Scenarios project) but these are not climate models per se. Score 1 for generic reference.",1
TN_FAP_2020,TN,FAP,2020,FALSE,Tennessee,Forest Action Plan,140,tools,connectivity_models,TRUE,2,"TNC's Resilient and Connected Prioritized Network and Resilient Land Mapping Tool are explicitly applied to Tennessee's Forest Legacy Area eligibility, programmatic prioritization, and Forest Stewardship Program priority designation. The modeling outputs directly shape which lands are prioritized for conservation. Score 2 — applied to focal subject.",3
TN_FAP_2020,TN,FAP,2020,FALSE,Tennessee,Forest Action Plan,140,context,biological_unit_score,TRUE,2,NA,2
TN_FAP_2020,TN,FAP,2020,FALSE,Tennessee,Forest Action Plan,140,context,partnerships_and_funding,TRUE,2,"The document describes active multi-agency and NGO partnerships (TDF-TNC partnership for plan development, SECAS, TWRA, NRCS, USFS, University of Tennessee) and active investment in implementing range-shift-relevant actions (Cumberland Forest Project with private impact investment capital, Forest Legacy Program funding, HWA Strike Team with USDA support). Score 2 — strategic investment with active partnerships.",3
TN_FAP_2020,TN,FAP,2020,FALSE,Tennessee,Forest Action Plan,140,context,climate_threat_habitat_degradation,TRUE,1,NA,2
TN_FAP_2020,TN,FAP,2020,FALSE,Tennessee,Forest Action Plan,140,context,climate_threat_species_vital_rates,TRUE,1,"Climate-driven pest outbreaks leading directly to tree mortality (vital rates) are explicitly discussed — southern pine beetle infestations resulting in 4-7.5x current annual pine mortality, and hemlock woolly adelgid projected to cause complete loss of eastern hemlock. These are direct climate → vital rate pathways.",2
TN_FAP_2020,TN,FAP,2020,FALSE,Tennessee,Forest Action Plan,140,context,climate_threat_biotic_stressors,TRUE,1,NA,2
TN_FAP_2020,TN,FAP,2020,FALSE,Tennessee,Forest Action Plan,140,actions,priority_habitat_identification,TRUE,2,"Priority habitats for climate resilience are explicitly mapped (Figure 46 composite map, Figure 49 for TNC's Resilient and Connected Prioritized Network, Table 9 with acreage by district) and used to determine Forest Legacy Area eligibility and Forest Stewardship priorities. This clearly meets score 2 criteria — spatially explicit.",3
TN_FAP_2020,TN,FAP,2020,FALSE,Tennessee,Forest Action Plan,140,actions,targeted_range_shift_actions,TRUE,1,The document proposes structural facilitation through climate corridors and connected landscapes with explicit climate adaptation framing. The Cumberland Forest Project is described as protecting 'climate change adaptation corridors.' This is structural facilitation motivated by climate — score 1. No assisted migration or direct organism translocation actions are mentioned.,2
TN_FAP_2020,TN,FAP,2020,FALSE,Tennessee,Forest Action Plan,140,actions,time_bound_and_monitoring,TRUE,1,The plan is structured as a 10-year plan (2020-2030) with broad strategies but action-level deadlines for the specific range-shift-related actions are not provided. Monitoring and evaluation is mentioned (M&E program action) but is aspirational rather than operationalized at the action level with both deadlines and effectiveness monitoring protocols attached to specific conservation actions. Score 1 — clear 10-year plan horizon but lacks action-level deadline + monitoring pairing for range-shift actions.,2
TN_FAP_2020,TN,FAP,2020,FALSE,Tennessee,Forest Action Plan,140,actions,evidence_of_efficacy,TRUE,2,"The document cites peer-reviewed studies to support its claims about climate-driven insect threats (Gan 2004, Paradis et al. 2008, Dale et al. 2001, McNulty et al. 2013) and includes several success stories documenting implemented actions. However, the evidence for the core range-shift-relevant actions (climate corridors, resilient land network) is largely based on the principles of TNC's 12-year research program (referenced but not detailed) and ecological first principles rather than rigorous field evaluations of outcomes. Score 2 — limited evidence with citations supporting some actions, but lacking directly applicable field-outcome data for range-shift-specific actions.",2
TN_FAP_2020,TN,FAP,2020,FALSE,Tennessee,Forest Action Plan,140,actions,adaptation_planning_frameworks,TRUE,1,"The document references an overall adaptive management posture and uses TNC's Resilient Land Mapping Tool, but does not explicitly invoke named climate adaptation planning frameworks such as RAD, RRT, CCVA (structured), SBDA, or Structured Decision Making in the context of climate adaptation planning. The document's approach is described in terms of resilience and connectivity but without invoking a formal named framework. Score 1 — adaptation planning for climate is referenced but not through a specifically named framework.",1
TX_FAP_2020,TX,FAP,2020,FALSE,Texas (Texas A&M Forest Service),Forest Action Plan,292,concepts,climate_vulnerability,TRUE,1,"The document mentions climate vulnerability in passing and describes climate change impacts on forests, but never operationalizes vulnerability in terms of exposure or adaptive capacity for specific species or habitats. There is no vulnerability assessment framework, no reference to climate exposure metrics, and no systematic treatment of adaptive capacity. The IPCC is cited in the Urban Forestry section regarding greenhouse gas projections, but this is not applied to species or ecosystem vulnerability. Score 1 (referenced non-specifically) rather than 0 because climate impacts on forest species/habitats are discussed, and score 1 rather than 2 because neither exposure nor adaptive capacity is operationalized.",1
TX_FAP_2020,TX,FAP,2020,FALSE,Texas (Texas A&M Forest Service),Forest Action Plan,292,concepts,adaptive_capacity_specificity,TRUE,1,Adaptive capacity is referenced non-specifically. Drought-hardy seed stock is mentioned but not framed as an adaptive capacity analysis.,1
TX_FAP_2020,TX,FAP,2020,FALSE,Texas (Texas A&M Forest Service),Forest Action Plan,292,concepts,connectivity,TRUE,1,"Connectivity is mentioned in stakeholder comments (Sierra Club) and implicitly through fragmentation discussions, but the document itself does not frame corridors or connectivity in a climate-relevant context. The Sierra Club recommends corridors without climate framing; TAMFS discusses forest fragmentation but not in a range-shift or climate-gradient connectivity frame. Score 1 (generic) rather than 2 because no climate-framed connectivity is present in the document's own text.",1
TX_FAP_2020,TX,FAP,2020,FALSE,Texas (Texas A&M Forest Service),Forest Action Plan,292,tools,vulnerability_models,TRUE,0,"No vulnerability models (CCVI, PVA, or similar) are referenced anywhere in the document.",0
TX_FAP_2020,TX,FAP,2020,FALSE,Texas (Texas A&M Forest Service),Forest Action Plan,292,tools,niche_models,TRUE,0,"No species distribution models, ecological niche models, or similar tools (MaxEnt, BIOCLIM, SDMs) are referenced. The document uses GIS-based spatial overlay analysis for priority area delineation but not for species or habitat distribution modeling.",0
TX_FAP_2020,TX,FAP,2020,FALSE,Texas (Texas A&M Forest Service),Forest Action Plan,292,tools,climate_models,TRUE,1,"ICLUS v2 using SSP/RCP scenarios is referenced in the appendix for the Development Threat layer, but only for projecting housing density/land use change, not for climate impacts on species or habitats. The IPCC is cited in the urban forestry section for general climate projections. Score 1 (referenced generally) rather than 2 because climate model outputs are not applied to the plan's focal forest species or habitats.",1
TX_FAP_2020,TX,FAP,2020,FALSE,Texas (Texas A&M Forest Service),Forest Action Plan,292,tools,connectivity_models,TRUE,0,"No connectivity models (CircuitScape, Linkage Mapper, least-cost path, etc.) are referenced. The document uses GIS overlay analysis for spatial prioritization but this is not connectivity modeling in the range-shift sense.",0
TX_FAP_2020,TX,FAP,2020,FALSE,Texas (Texas A&M Forest Service),Forest Action Plan,292,context,biological_unit_score,TRUE,2,NA,2
TX_FAP_2020,TX,FAP,2020,FALSE,Texas (Texas A&M Forest Service),Forest Action Plan,292,context,partnerships_and_funding,TRUE,1,"The document describes many partnerships (NRCS, TPWD, USFS, land trusts, etc.) and funding programs (Forest Legacy, Forest Stewardship, federal grants), but these are not specifically tied to range-shift management actions. The partnerships are for general forestry, fire management, and conservation — not specifically for managing climate-driven range shifts. Score 1 (some funding/partnerships described but limited to aspirational or general forestry programs rather than strategic investment in range-shift-specific actions).",1
TX_FAP_2020,TX,FAP,2020,FALSE,Texas (Texas A&M Forest Service),Forest Action Plan,292,context,climate_threat_habitat_degradation,TRUE,1,NA,1
TX_FAP_2020,TX,FAP,2020,FALSE,Texas (Texas A&M Forest Service),Forest Action Plan,292,context,climate_threat_species_vital_rates,TRUE,1,NA,1
TX_FAP_2020,TX,FAP,2020,FALSE,Texas (Texas A&M Forest Service),Forest Action Plan,292,context,climate_threat_biotic_stressors,TRUE,1,NA,1
TX_FAP_2020,TX,FAP,2020,FALSE,Texas (Texas A&M Forest Service),Forest Action Plan,292,actions,priority_habitat_identification,TRUE,2,"Priority habitat identification is spatially represented through extensive county-level maps and GIS-based priority analyses for all five issue areas. However, these priority areas are driven primarily by forest sustainability, wildfire risk, and water resource concerns rather than by climate-driven range-shift science specifically. Score 2 because spatial representation (maps, county delineations, Forest Legacy project areas) is present.",2
TX_FAP_2020,TX,FAP,2020,FALSE,Texas (Texas A&M Forest Service),Forest Action Plan,292,actions,targeted_range_shift_actions,TRUE,0,"The document mentions range shifts in one passing sentence ('Species range shifts, migration, or changes in population and density, can be expected with changing climate and weather patterns') but proposes no targeted management actions to facilitate, prevent, or respond to species range shifts. Climate-ready seed stock is developed for drought tolerance, but this is not framed as facilitating range shifts. No assisted migration, conservation translocations, climate corridors, or other range-shift-specific structural or direct facilitation actions are proposed.",0
TX_FAP_2020,TX,FAP,2020,FALSE,Texas (Texas A&M Forest Service),Forest Action Plan,292,actions,time_bound_and_monitoring,TRUE,1,"Some time-bound targets appear (e.g., longleaf goals through 2025, Forest Legacy Area maintained 2020-2030), but these are for general forestry/restoration goals, not specifically for climate range-shift actions. Monitoring programs exist (FIA, BMP monitoring), but effectiveness monitoring for climate-adaptation-specific actions is not operationalized at the action level. Score 1 (some deadlines present) rather than 2 (no combined deadlines + effectiveness monitoring for range-shift actions).",1
TX_FAP_2020,TX,FAP,2020,FALSE,Texas (Texas A&M Forest Service),Forest Action Plan,292,actions,evidence_of_efficacy,TRUE,1,"The document presents some general ecological rationale and program monitoring results (e.g., BMP effectiveness, tree improvement breeding gains), but these are not tied to specific climate range-shift actions. Score 1 (rationale outlined, general monitoring referenced) rather than 2 or 3 because no direct evidence is presented for efficacy of range-shift-specific management actions.",1
TX_FAP_2020,TX,FAP,2020,FALSE,Texas (Texas A&M Forest Service),Forest Action Plan,292,actions,adaptation_planning_frameworks,TRUE,1,"The document references climate adaptation concepts in passing (climate-resilient species, climate-ready seed stock, integrating climate into management decisions) but does not name or apply a specific climate adaptation planning framework such as RAD, RRT, CCVA, Structured Decision Making, or scenario planning. The references to adaptive management and integrating climate into planning are generic and not climate-change-specific in the framework sense. Score 1 (referenced non-specifically) rather than 2 (no named specific adaptation planning frameworks).",1
USVI_FAP_2010,USVI,FAP,2010,FALSE,U.S. Virgin Islands,Statewide Forest Resource Assessment and Strategy,107,concepts,climate_vulnerability,TRUE,1,"The document acknowledges climate change as a major threat and discusses multiple climate impacts on forests (sea level rise, wildfire, drought, invasive species, hurricane intensity) but does not use vulnerability terminology or frame impacts in terms of exposure vs. adaptive capacity for its focal ecosystems. The UNEP summary is cited and referenced but no vulnerability assessment framework is applied. Score 1 rather than 0 because climate vulnerability of forests is implicitly engaged, but score 2 or 3 require explicit exposure OR adaptive capacity framing, which is absent.",1
USVI_FAP_2010,USVI,FAP,2010,FALSE,U.S. Virgin Islands,Statewide Forest Resource Assessment and Strategy,107,concepts,adaptive_capacity_specificity,TRUE,0,No adaptive capacity components are referenced in a climate context.,0
USVI_FAP_2010,USVI,FAP,2010,FALSE,U.S. Virgin Islands,Statewide Forest Resource Assessment and Strategy,107,concepts,connectivity,TRUE,1,"Connectivity is referenced generically (corridors between forest patches, urban forests as corridors, a land corridor purchase) but never explicitly framed in connection with climate change or range shifts. Score 1 (generic) rather than 2 because no passage explicitly links corridors to climate-driven movement or range shifts.",1
USVI_FAP_2010,USVI,FAP,2010,FALSE,U.S. Virgin Islands,Statewide Forest Resource Assessment and Strategy,107,tools,vulnerability_models,TRUE,0,"No vulnerability models (CCVI, PVA, etc.) are referenced anywhere in the document.",0
USVI_FAP_2010,USVI,FAP,2010,FALSE,U.S. Virgin Islands,Statewide Forest Resource Assessment and Strategy,107,tools,niche_models,TRUE,1,"Habitat suitability modeling is referenced generically (for invasive species mapping) but no named SDM tool (MaxEnt, BIOCLIM, etc.) is used and no such model is applied to the document's focal subjects. Score 1 (referenced generally, not applied). The document explicitly notes this type of mapping 'likely has limited potential in the US Virgin Islands.'",1
USVI_FAP_2010,USVI,FAP,2010,FALSE,U.S. Virgin Islands,Statewide Forest Resource Assessment and Strategy,107,tools,climate_models,TRUE,1,"IPCC 2007 sea level rise projections are referenced and used in the GIS priority analysis, but IPCC is not itself a climate model — it is a synthesis report. No specific GCM, RCP scenario, or downscaled climate product is named. The sea-level rise numbers from IPCC 2007 are used in the weighted analysis, which partially constitutes application to focal subjects, but since no actual climate model is named (just IPCC summary numbers), and most climate discussion cites UNEP 2008 qualitatively, score 1 is most appropriate.",1
USVI_FAP_2010,USVI,FAP,2010,FALSE,U.S. Virgin Islands,Statewide Forest Resource Assessment and Strategy,107,tools,connectivity_models,TRUE,0,"The GIS weighted overlay analysis uses landscape layers but does not employ connectivity modeling tools (CircuitScape, Linkage Mapper, etc.). Connectivity is discussed conceptually and spatially but no connectivity model is used.",0
USVI_FAP_2010,USVI,FAP,2010,FALSE,U.S. Virgin Islands,Statewide Forest Resource Assessment and Strategy,107,context,biological_unit_score,TRUE,2,NA,2
USVI_FAP_2010,USVI,FAP,2010,FALSE,U.S. Virgin Islands,Statewide Forest Resource Assessment and Strategy,107,context,partnerships_and_funding,TRUE,1,"The document describes funding through USDA Forest Service grants and the Forest Legacy Program, and names multiple partner agencies (TNC, NPS, USFWS, DPNR, UVI). However, these are general forestry partnerships not specifically targeted at climate range-shift actions. The funding situation is described as severely limited (no VI government funds). Score 1: some funding and partnerships described but limited/aspirational for range-shift-relevant actions.",2
USVI_FAP_2010,USVI,FAP,2010,FALSE,U.S. Virgin Islands,Statewide Forest Resource Assessment and Strategy,107,context,climate_threat_habitat_degradation,TRUE,1,NA,2
USVI_FAP_2010,USVI,FAP,2010,FALSE,U.S. Virgin Islands,Statewide Forest Resource Assessment and Strategy,107,context,climate_threat_species_vital_rates,TRUE,1,"The document connects climate-intensified hurricanes to tree mortality (direct vital rate impact). Wildfire increase due to climate change is also discussed in the context of forests that 'are not ecologically adapted to periodic fires,' implying direct mortality risk. These qualify as climate event → direct species vital rate impact.",1
USVI_FAP_2010,USVI,FAP,2010,FALSE,U.S. Virgin Islands,Statewide Forest Resource Assessment and Strategy,107,context,climate_threat_biotic_stressors,TRUE,1,NA,2
USVI_FAP_2010,USVI,FAP,2010,FALSE,U.S. Virgin Islands,Statewide Forest Resource Assessment and Strategy,107,actions,priority_habitat_identification,TRUE,2,"Priority habitat areas are identified and spatially represented (Figures 29, 30, 35, 36, 37, 38) using GIS-based weighted overlay analysis. Climate-related threats (sea level rise) are among the layers used in the coastal forest priority analysis. Score 2 is appropriate as there is spatial representation (maps by island) of priority areas.",3
USVI_FAP_2010,USVI,FAP,2010,FALSE,U.S. Virgin Islands,Statewide Forest Resource Assessment and Strategy,107,actions,targeted_range_shift_actions,TRUE,0,"No targeted actions to manage species range shifts are proposed. The document does not discuss assisted migration, climate-motivated translocation, or structural facilitation of range shifts. The corridor/connectivity mentions are generic forest connectivity (wildlife passage, not climate-gradient corridors). The document is focused on forest conservation against development pressure, not on facilitating or managing climate-driven range shifts.",0
USVI_FAP_2010,USVI,FAP,2010,FALSE,U.S. Virgin Islands,Statewide Forest Resource Assessment and Strategy,107,actions,time_bound_and_monitoring,TRUE,1,"The strategy matrices include measures of success for each strategy but do not consistently attach deadlines or specific monitoring protocols to individual actions. 'Measure(s) of Success' columns in Tables 12-22 provide outcome metrics but without explicit deadlines. The document mentions a commitment to incorporate conservation education 'in the next five years,' which is a loose time-bound statement. Score 1 (some time framing exists but no systematic action-level deadlines plus effectiveness monitoring). Score 2 requires both deadlines AND effectiveness monitoring at the action level, which is not present.",1
USVI_FAP_2010,USVI,FAP,2010,FALSE,U.S. Virgin Islands,Statewide Forest Resource Assessment and Strategy,107,actions,evidence_of_efficacy,TRUE,2,"The Buck Island case study provides limited but real applied evidence for invasive species management actions. However, this evidence is specific to a small isolated island and primarily supports invasive species control, not climate adaptation per se. The climate-related actions (coastal protection from sea level rise, wildfire management) are supported only by general references (UNEP 2008, IPCC 2007) without action-specific efficacy evidence. Score 2 (limited evidence) reflects the single local case study plus general literature citations but absence of strong, directly applicable evidence for the range of climate-related actions proposed.",2
USVI_FAP_2010,USVI,FAP,2010,FALSE,U.S. Virgin Islands,Statewide Forest Resource Assessment and Strategy,107,actions,adaptation_planning_frameworks,TRUE,1,"The document references the US Forest Service's approach to climate change in its Conservation Education section but does not name or apply any specific climate adaptation planning framework (RAD, RRT, CCVA, SBDA, structured decision making, etc.). The reference to a USFS strategy for climate change is generic and non-specific. Score 1 (non-specific reference to climate adaptation planning) rather than 2 because no named framework is operationalized.",1
UT_FAP_2020,UT,FAP,2020,FALSE,Utah,State Forest Action Plan,231,concepts,climate_vulnerability,TRUE,2,"The document references climate exposure to forests (increased fire, drought, insects) but does not discuss adaptive capacity of species/ecosystems as a distinct concept. Score 2 (exposure referenced, but not adaptive capacity as a separate axis). The document does mention 'resilience' in a management context but not as an analysis of species/ecosystem adaptive capacity to climate.",2
UT_FAP_2020,UT,FAP,2020,FALSE,Utah,State Forest Action Plan,231,concepts,adaptive_capacity_specificity,TRUE,1,"The document references resilience generically; 'pathways for species migration' is the closest to a specific adaptive capacity component, but it is a passing mention from an NASF policy statement rather than an operationalized framework. Score 1.",1
UT_FAP_2020,UT,FAP,2020,FALSE,Utah,State Forest Action Plan,231,concepts,connectivity,TRUE,1,"Connectivity is referenced in a generic wildlife/biodiversity sense throughout the document (habitat corridors, migratory corridors, habitat linkages), but never framed as climate connectivity or as supporting climate-driven range shifts. Score 1 (generic, not climate-relevant).",2
UT_FAP_2020,UT,FAP,2020,FALSE,Utah,State Forest Action Plan,231,tools,vulnerability_models,TRUE,0,"No vulnerability models (CCVI, PVA, etc.) are referenced anywhere in the document.",0
UT_FAP_2020,UT,FAP,2020,FALSE,Utah,State Forest Action Plan,231,tools,niche_models,TRUE,0,No species distribution models or niche models are referenced in the document.,0
UT_FAP_2020,UT,FAP,2020,FALSE,Utah,State Forest Action Plan,231,tools,climate_models,TRUE,1,"The document references climate projections through the 2019 Utah Hazard Mitigation Plan and general projections about future wildfire trends, but does not name any specific climate model, GCM, downscaling product, emission scenario (RCP/SSP), or time horizon. Score 1 (referenced generally via secondary sources, not applied directly).",2
UT_FAP_2020,UT,FAP,2020,FALSE,Utah,State Forest Action Plan,231,tools,connectivity_models,TRUE,0,"No connectivity models (CircuitScape, least-cost path, etc.) are referenced. The UWRAP and NIDRM are risk/threat mapping tools, not connectivity models in the codebook sense.",0
UT_FAP_2020,UT,FAP,2020,FALSE,Utah,State Forest Action Plan,231,context,biological_unit_score,TRUE,2,NA,2
UT_FAP_2020,UT,FAP,2020,FALSE,Utah,State Forest Action Plan,231,context,partnerships_and_funding,TRUE,2,"The document describes active, strategic partnerships between FFSL and USFS via the Shared Stewardship Agreement, with specific funding commitments and KPIs. However, these partnerships are primarily focused on wildfire risk reduction and forest health, not specifically on range-shift actions. Score 2 reflects the strategic investment level of the partnerships described, though they are not range-shift-specific.",3
UT_FAP_2020,UT,FAP,2020,FALSE,Utah,State Forest Action Plan,231,context,climate_threat_habitat_degradation,TRUE,1,NA,2
UT_FAP_2020,UT,FAP,2020,FALSE,Utah,State Forest Action Plan,231,context,climate_threat_species_vital_rates,TRUE,1,The document discusses wildfire-caused animal mortality and drought-driven insect epidemics leading to tree mortality. These qualify as climate-driven direct vital rate impacts. Score 1.,2
UT_FAP_2020,UT,FAP,2020,FALSE,Utah,State Forest Action Plan,231,context,climate_threat_biotic_stressors,TRUE,1,NA,2
UT_FAP_2020,UT,FAP,2020,FALSE,Utah,State Forest Action Plan,231,actions,priority_habitat_identification,TRUE,2,"Priority habitat areas are identified and spatially represented via maps (FAP 2020 Priority Areas map, Shared Stewardship Priority Areas map), using combined risk datasets. However, these are focused on wildfire risk and forest health, not climate-driven range shifts per se. Score 2 is justified because priority habitat areas are explicitly spatially represented with maps.",3
UT_FAP_2020,UT,FAP,2020,FALSE,Utah,State Forest Action Plan,231,actions,targeted_range_shift_actions,TRUE,0,"The document contains no targeted actions to manage, facilitate, or respond to climate-driven range shifts. The one mention of 'suitable pathways for species migration' from the NASF policy statement is a generic passing reference without operational action. No assisted migration, climate corridors for range shifts, or similar actions are proposed.",0
UT_FAP_2020,UT,FAP,2020,FALSE,Utah,State Forest Action Plan,231,actions,time_bound_and_monitoring,TRUE,1,"The KPI framework provides year-by-year milestones for some actions (Yr 1, Yr 2-3, Yr 3+), but these are largely at the plan/program level rather than tied to specific conservation actions with both deadlines AND effectiveness monitoring per the codebook's action-level requirement. Annual monitoring of FLP projects is mentioned. Score 1: deadlines/milestones present but effectiveness monitoring at action level is not clearly operationalized.",2
UT_FAP_2020,UT,FAP,2020,FALSE,Utah,State Forest Action Plan,231,actions,evidence_of_efficacy,TRUE,1,"The document largely presents actions based on general ecological principles (forest resilience, active management) without citing specific studies or case studies demonstrating efficacy. One instance references 'recent studies' on aspen regeneration. This is limited evidence at best. Score 1 (rationale outlined but little direct evidence presented to support actions).",1
UT_FAP_2020,UT,FAP,2020,FALSE,Utah,State Forest Action Plan,231,actions,adaptation_planning_frameworks,TRUE,1,"The document references Shared Stewardship as a planning framework and mentions 'experimentation, co-learning, and adaptation' as core principles, which approach adaptive management concepts. However, no specific named climate adaptation planning framework (RAD, RRT, CCVA, SBDA, SDM) is explicitly referenced or applied in a climate context. The Shared Stewardship framework is primarily about landscape-scale management efficiency, not specifically climate adaptation planning. Score 1 (generic reference to collaborative adaptive planning without a named climate adaptation framework).",1
VA_FAP_2020,VA,FAP,2020,FALSE,Virginia (VDOF),State Forest Action Plan,191,concepts,climate_vulnerability,TRUE,1,"The document acknowledges climate change as a threat to forests and specific species, but does not decompose vulnerability into exposure and adaptive capacity in any structured way. The mentions are qualitative and general ('climate change will likely affect') without assessing which species or habitats face the greatest exposure or have the greatest or least adaptive capacity. Scores 1 rather than 2 or 3.",1
VA_FAP_2020,VA,FAP,2020,FALSE,Virginia (VDOF),State Forest Action Plan,191,concepts,adaptive_capacity_specificity,TRUE,1,The document references the concept of adaptability to climate in a non-specific way (managed forests are 'more adaptable to changing climates'). No specific components of adaptive capacity are discussed in a structured manner. Scores 1 rather than 2.,1
VA_FAP_2020,VA,FAP,2020,FALSE,Virginia (VDOF),State Forest Action Plan,191,concepts,connectivity,TRUE,1,"Connectivity is discussed as an important conservation concept (corridors, intact landscapes, reducing fragmentation), but it is not explicitly framed in relation to climate change or range shifts. The framing is generic forest conservation connectivity. Scores 1 rather than 2.",1
VA_FAP_2020,VA,FAP,2020,FALSE,Virginia (VDOF),State Forest Action Plan,191,tools,vulnerability_models,TRUE,0,"No vulnerability assessment frameworks (CCVI, PVA, or similar) are referenced anywhere in the document.",0
VA_FAP_2020,VA,FAP,2020,FALSE,Virginia (VDOF),State Forest Action Plan,191,tools,niche_models,TRUE,0,"No species distribution models or niche models (MaxEnt, SDM, ENM, etc.) are referenced in the document.",0
VA_FAP_2020,VA,FAP,2020,FALSE,Virginia (VDOF),State Forest Action Plan,191,tools,climate_models,TRUE,0,"The document discusses climate change qualitatively throughout but references no GCMs, downscaled climate projections, RCPs, SSPs, or any specific climate modeling tools or scenarios. This is consistent with the canonical example of a climate-aware document scoring 0 on this element.",0
VA_FAP_2020,VA,FAP,2020,FALSE,Virginia (VDOF),State Forest Action Plan,191,tools,connectivity_models,TRUE,0,"The Forestland Conservation Value (FCV) model is referenced for prioritizing forestland conservation but is not a connectivity model. No tools such as CircuitScape, Linkage Mapper, least-cost path models, or similar connectivity modeling tools are referenced.",0
VA_FAP_2020,VA,FAP,2020,FALSE,Virginia (VDOF),State Forest Action Plan,191,context,biological_unit_score,TRUE,2,NA,2
VA_FAP_2020,VA,FAP,2020,FALSE,Virginia (VDOF),State Forest Action Plan,191,context,partnerships_and_funding,TRUE,1,"The document describes many partnerships (federal, state, NGO) and some funding mechanisms, but these are primarily for general forestry work, water quality, and land conservation — not specifically for range-shift management. The Coastal Resilience program is the closest to climate-adaptation-specific work but is described briefly and aspirationally. Scores 1 as some partnerships and funding are described but are not specifically strategic investments for range-shift actions.",1
VA_FAP_2020,VA,FAP,2020,FALSE,Virginia (VDOF),State Forest Action Plan,191,context,climate_threat_habitat_degradation,TRUE,1,NA,1
VA_FAP_2020,VA,FAP,2020,FALSE,Virginia (VDOF),State Forest Action Plan,191,context,climate_threat_species_vital_rates,TRUE,0,"The document does not discuss direct climate-driven impacts on species vital rates (mortality, reproductive failure, recruitment failure attributable to climate-driven events). Wildfire mortality is discussed but not framed as climate-caused. Climate effects on species are framed as indirect (distribution shifts, habitat degradation), not direct vital-rate impacts.",0
VA_FAP_2020,VA,FAP,2020,FALSE,Virginia (VDOF),State Forest Action Plan,191,context,climate_threat_biotic_stressors,TRUE,1,NA,1
VA_FAP_2020,VA,FAP,2020,FALSE,Virginia (VDOF),State Forest Action Plan,191,actions,priority_habitat_identification,TRUE,2,"Priority habitat identification is spatially represented through the SFLA maps, the FCV model, and priority area maps for each issue. However, these are primarily for general forest conservation goals, not specifically for climate-driven range-shift management. Scores 2 because spatial representation is present. The coastal resilience work (sea-level retreat) is the most climate-explicit spatial prioritization.",2
VA_FAP_2020,VA,FAP,2020,FALSE,Virginia (VDOF),State Forest Action Plan,191,actions,targeted_range_shift_actions,TRUE,1,"The document recommends restoring shortleaf and longleaf pine framed partly in climate terms (they are drier-condition species suited to projected climate impacts), which qualifies as a targeted structural/management action with climate-shift framing. Additionally, the Coastal Resilience program is developing responses to habitat retreat. These are borderline but the explicit climate framing for the pine restoration actions and the coastal forest retreat monitoring/response tip this to a 1. No assisted migration or translocation is proposed.",1
VA_FAP_2020,VA,FAP,2020,FALSE,Virginia (VDOF),State Forest Action Plan,191,actions,time_bound_and_monitoring,TRUE,1,"The companion strategic plan (VA_FAP-S_2020.pdf) provides objectives, strategies, and measures with some measurable outcomes (e.g., number of diminished species projects completed, number of acres of prescribed burning, etc.), but these are not time-bound at the action level for range-shift-specific work. Climate-specific actions are described as monitoring-intent without deadlines. The strategic plan structure provides frameworks for accountability but does not operationalize deadlines for climate range-shift actions specifically. Scores 1 for indicating monitoring/assessment intent, not 2 because deadlines are absent at the action level for range-shift work.",1
VA_FAP_2020,VA,FAP,2020,FALSE,Virginia (VDOF),State Forest Action Plan,191,actions,evidence_of_efficacy,TRUE,1,"Actions related to range shifts (pine restoration under climate framing, coastal resilience monitoring) are justified by general ecological assumptions (shortleaf pine is a drier-condition species suited to projected climate; longleaf has climate-relevant traits) but no studies or prior project evaluations are cited to support the efficacy of these specific climate-adaptive actions. The restoration work is described on the basis of species traits (first principles) rather than evidence from implemented climate-adaptation projects. Scores 1.",1
VA_FAP_2020,VA,FAP,2020,FALSE,Virginia (VDOF),State Forest Action Plan,191,actions,adaptation_planning_frameworks,TRUE,1,"The document references climate adaptation planning in a non-specific way — noting the need to 'monitor for and develop appropriate responses' to climate impacts, and noting the Coastal Resilience program as a study to develop recommendations. No specific named climate adaptation planning frameworks (RAD, RRT, CCVA, SBDA, structured decision making for climate, adaptation menu) are referenced. Scores 1 for non-specific climate adaptation planning framing.",1
WA_FAP_2025,WA,FAP,2025,FALSE,Washington State (DNR),Forest Action Plan / State Forest Action Plan,156,concepts,climate_vulnerability,TRUE,2,"The document engages with climate exposure clearly and repeatedly (e.g., projected warming, drought, wildfire increasing). Adaptive capacity in the formal IPCC sense is not explicitly discussed for individual species or ecosystems; there are passing references to resilience/adaptability in a management context. The CCVI mention is future-oriented (recommended future action), not an applied assessment. Score 2 (exposure referenced, adaptive capacity not explicitly operationalized at species level).",3
WA_FAP_2025,WA,FAP,2025,FALSE,Washington State (DNR),Forest Action Plan / State Forest Action Plan,156,concepts,adaptive_capacity_specificity,TRUE,1,"Adaptive capacity is referenced non-specifically in relation to forest management and species resilience, but no systematic framework or named components (dispersal ability, thermal tolerance, etc.) for organisms is applied. Score 1.",1
WA_FAP_2025,WA,FAP,2025,FALSE,Washington State (DNR),Forest Action Plan / State Forest Action Plan,156,concepts,connectivity,TRUE,2,NA,3
WA_FAP_2025,WA,FAP,2025,FALSE,Washington State (DNR),Forest Action Plan / State Forest Action Plan,156,tools,vulnerability_models,TRUE,1,"CCVI is referenced as a recommended future action — the document has not applied it to focal species yet. Score 1 (referenced generally, not applied).",1
WA_FAP_2025,WA,FAP,2025,FALSE,Washington State (DNR),Forest Action Plan / State Forest Action Plan,156,tools,niche_models,TRUE,1,"Species distribution models are mentioned as a future goal, not as an applied tool. Score 1 (referenced generally).",1
WA_FAP_2025,WA,FAP,2025,FALSE,Washington State (DNR),Forest Action Plan / State Forest Action Plan,156,tools,climate_models,TRUE,2,NA,2
WA_FAP_2025,WA,FAP,2025,FALSE,Washington State (DNR),Forest Action Plan / State Forest Action Plan,156,tools,connectivity_models,TRUE,2,"The connectivity modeling output from WAHCAP (Michalak et al. 2025) is incorporated as a data layer into DNR's western Washington watershed prioritization map, and the CLOSS network informs management decisions. This qualifies as applied per codebook rule 2. Named underlying tool (CircuitScape etc.) is not specified but the output is substantively incorporated.",2
WA_FAP_2025,WA,FAP,2025,FALSE,Washington State (DNR),Forest Action Plan / State Forest Action Plan,156,context,biological_unit_score,TRUE,2,NA,2
WA_FAP_2025,WA,FAP,2025,FALSE,Washington State (DNR),Forest Action Plan / State Forest Action Plan,156,context,partnerships_and_funding,TRUE,2,NA,3
WA_FAP_2025,WA,FAP,2025,FALSE,Washington State (DNR),Forest Action Plan / State Forest Action Plan,156,context,climate_threat_habitat_degradation,TRUE,1,NA,2
WA_FAP_2025,WA,FAP,2025,FALSE,Washington State (DNR),Forest Action Plan / State Forest Action Plan,156,context,climate_threat_species_vital_rates,TRUE,1,NA,2
WA_FAP_2025,WA,FAP,2025,FALSE,Washington State (DNR),Forest Action Plan / State Forest Action Plan,156,context,climate_threat_biotic_stressors,TRUE,1,NA,2
WA_FAP_2025,WA,FAP,2025,FALSE,Washington State (DNR),Forest Action Plan / State Forest Action Plan,156,actions,priority_habitat_identification,TRUE,2,NA,3
WA_FAP_2025,WA,FAP,2025,FALSE,Washington State (DNR),Forest Action Plan / State Forest Action Plan,156,actions,targeted_range_shift_actions,TRUE,1,NA,2
WA_FAP_2025,WA,FAP,2025,FALSE,Washington State (DNR),Forest Action Plan / State Forest Action Plan,156,actions,time_bound_and_monitoring,TRUE,2,NA,3
WA_FAP_2025,WA,FAP,2025,FALSE,Washington State (DNR),Forest Action Plan / State Forest Action Plan,156,actions,evidence_of_efficacy,TRUE,2,"The document provides some evidence for specific actions (landscape-scale thinning has made measurable progress; references to peer-reviewed literature supporting management strategies for insect/disease resistance), but much of this is limited applicability evidence (different ecological contexts, principled rather than direct outcome evaluation). Score 2 (limited evidence) rather than 3 because direct evaluation of range-shift-specific actions (assisted migration, climate refugia protection) lacks cited applied studies.",2
WA_FAP_2025,WA,FAP,2025,FALSE,Washington State (DNR),Forest Action Plan / State Forest Action Plan,156,actions,adaptation_planning_frameworks,TRUE,2,"The document references adaptive management explicitly in a climate context (monitoring and adjusting strategies as climate changes), and references to climate scenario planning and climate-adapted planting prescriptions (Reforestation Goal 3: 'Develop climate-ready methods, strategies, and a template for planting prescriptions that consider the future impact of climate change on seedling survival'). These are specific climate adaptation planning framework references. Score 2.",3
WI_FAP_2020,WI,FAP,2020,FALSE,Wisconsin,Statewide Forest Action Plan,186,concepts,climate_vulnerability,TRUE,2,"The document discusses climate exposure (warming, drought, precipitation shifts) and implies reduced adaptive capacity for some species/forests (simplified forests, limited dispersal), but never uses 'adaptive capacity' as an explicit term paired with exposure in a formal vulnerability framework. Score 2 reflects exposure plus implicit adaptive capacity but not a formal dual-axis treatment as required for 3.",3
WI_FAP_2020,WI,FAP,2020,FALSE,Wisconsin,Statewide Forest Action Plan,186,concepts,adaptive_capacity_specificity,TRUE,1,"The document mentions adaptation and resilience broadly (e.g., 'forests are resilient and adaptable') but does not explicitly operationalize adaptive capacity as a concept with named components. References to dispersal, thermal tolerance, or genetic diversity as adaptive-capacity components are only implicit. Score 1 for non-specific reference to capacity to adapt.",1
WI_FAP_2020,WI,FAP,2020,FALSE,Wisconsin,Statewide Forest Action Plan,186,concepts,connectivity,TRUE,2,"The document explicitly frames landscape connectivity as a strategy for resilience and adaptation to climate change ('Promote landscape connectivity for more resilient and adapted ecosystems...under a changing climate'), which satisfies the climate-relevant criterion for score 2.",2
WI_FAP_2020,WI,FAP,2020,FALSE,Wisconsin,Statewide Forest Action Plan,186,tools,vulnerability_models,TRUE,2,"The document cites and substantively incorporates findings from the Janowiak et al. (2014) vulnerability assessment for Northern Wisconsin, which is the plan's focal region. This constitutes application per codebook §4 rule 2 (prior tool-based results incorporated into management decisions). No NatureServe CCVI or PVA named.",1
WI_FAP_2020,WI,FAP,2020,FALSE,Wisconsin,Statewide Forest Action Plan,186,tools,niche_models,TRUE,0,"No species distribution models, MaxEnt, SDMs, or habitat suitability models are referenced in the document. The Climate Change Tree Atlas is not mentioned.",0
WI_FAP_2020,WI,FAP,2020,FALSE,Wisconsin,Statewide Forest Action Plan,186,tools,climate_models,TRUE,1,"The document references climate projections (temperature increase 3-9°F, precipitation changes) sourced from WICCI (2011) and other reports, but no GCM, RCP, SSP, CMIP, or named downscaling product is mentioned. Per codebook decision rule, 'climate projections' without naming a model class or scenario scores 1, not 2.",1
WI_FAP_2020,WI,FAP,2020,FALSE,Wisconsin,Statewide Forest Action Plan,186,tools,connectivity_models,TRUE,0,"The document discusses connectivity as a concept and uses a Nature Conservancy resilience layer in spatial prioritization, but no connectivity modeling software (CircuitScape, Linkage Mapper, least-cost path models, etc.) is referenced.",0
WI_FAP_2020,WI,FAP,2020,FALSE,Wisconsin,Statewide Forest Action Plan,186,context,biological_unit_score,TRUE,2,NA,2
WI_FAP_2020,WI,FAP,2020,FALSE,Wisconsin,Statewide Forest Action Plan,186,context,partnerships_and_funding,TRUE,1,"The document describes general partnerships and mentions federal funding mechanisms (LSR grants, GLRI grants) in relation to climate adaptation goals, but the climate-range-shift-specific funding and partnerships are aspirational and not operationally detailed. Score 1 for some funding and partnerships described but limited/aspirational for range-shift actions.",2
WI_FAP_2020,WI,FAP,2020,FALSE,Wisconsin,Statewide Forest Action Plan,186,context,climate_threat_habitat_degradation,TRUE,1,NA,2
WI_FAP_2020,WI,FAP,2020,FALSE,Wisconsin,Statewide Forest Action Plan,186,context,climate_threat_species_vital_rates,TRUE,1,"The document mentions mortality from stress due to changing temperature/precipitation patterns and notes forest pests may be more damaging in stressed forests. This is a direct climate-to-vital-rate link (mortality, regeneration failure). Score 1 awarded.",1
WI_FAP_2020,WI,FAP,2020,FALSE,Wisconsin,Statewide Forest Action Plan,186,context,climate_threat_biotic_stressors,TRUE,1,NA,2
WI_FAP_2020,WI,FAP,2020,FALSE,Wisconsin,Statewide Forest Action Plan,186,actions,priority_habitat_identification,TRUE,2,"The document spatially maps priority landscapes using a resilience score derived from The Nature Conservancy's resilient sites analysis (Map 19, Map 20), which explicitly represents areas able to persist under climate change. This constitutes spatially explicit priority habitat identification for climate adaptation, warranting score 2.",2
WI_FAP_2020,WI,FAP,2020,FALSE,Wisconsin,Statewide Forest Action Plan,186,actions,targeted_range_shift_actions,TRUE,1,"The document proposes structural facilitation actions (connectivity corridors, refugia maintenance, species transitions) explicitly framed as climate adaptation. 'Maintain and create refugia' and 'Facilitate community adjustments through species transitions' also appear. No assisted migration or climate-motivated translocation is discussed. Score 1 for structural facilitation.",1
WI_FAP_2020,WI,FAP,2020,FALSE,Wisconsin,Statewide Forest Action Plan,186,actions,time_bound_and_monitoring,TRUE,1,"The plan has a clear 10-year timeframe (2020-2030), providing a plan-level deadline. However, individual climate adaptation actions (e.g., promoting connectivity, maintaining refugia) do not have specific deadlines or milestones attached at the action level, and effectiveness monitoring protocols for climate-specific actions are not operationalized. Score 1 for the plan-level time bound but no action-level monitoring.",1
WI_FAP_2020,WI,FAP,2020,FALSE,Wisconsin,Statewide Forest Action Plan,186,actions,evidence_of_efficacy,TRUE,2,"The document references science-based frameworks (NIACS strategies, WICCI reports, Janowiak vulnerability assessment) that provide limited applicability evidence for actions. These are regional assessments and strategy guides rather than evaluations of implemented actions, placing this at score 2 (limited evidence) rather than 3 (strong evidence from case studies or directly applicable efficacy studies).",2
WI_FAP_2020,WI,FAP,2020,FALSE,Wisconsin,Statewide Forest Action Plan,186,actions,adaptation_planning_frameworks,TRUE,2,"The document references specific climate adaptation planning frameworks by name: the NIACS Forest Adaptation Resources (Swanston et al. 2016), the Climate Change Response Framework (forestad aptation.org), and the WICCI Climate Change assessment. These are specific named climate adaptation planning tools, warranting score 2. The RAD or RRT frameworks are not explicitly named.",2
WV_FAP_2020,WV,FAP,2020,FALSE,West Virginia Division of Forestry (WVDOF),State Forest Action Plan,331,concepts,climate_vulnerability,TRUE,1,"The document acknowledges climate change and its impacts on forests and communities in passing, and mentions that ecosystems should be 'resilient to natural and man-caused disturbances and changes, including climate change.' However, there is no structured analysis of climate vulnerability for species or habitats using exposure or adaptive capacity frameworks. The one substantive climate-change discussion (Sub-Issue 6.2) focuses on urban temperature increases and ecosystem services from urban trees, not ecological vulnerability of SGCN or forest species. Score 1 because climate change is referenced as a concern without any operationalization of exposure or adaptive capacity.",1
WV_FAP_2020,WV,FAP,2020,FALSE,West Virginia Division of Forestry (WVDOF),State Forest Action Plan,331,concepts,adaptive_capacity_specificity,TRUE,0,"The document does not discuss adaptive capacity of species or ecosystems in response to climate change. The word 'resilience' appears in MNF desired conditions language ('resilient to natural and man-caused disturbances and changes, including climate change') but this is a general aspiration rather than an operationalized discussion of species or habitat adaptive capacity components. No specific adaptive capacity components (dispersal, evolutionary potential, thermal tolerance, etc.) are discussed in relation to climate.",0
WV_FAP_2020,WV,FAP,2020,FALSE,West Virginia Division of Forestry (WVDOF),State Forest Action Plan,331,concepts,connectivity,TRUE,1,"The document references TNC 'Climate corridors' and 'climate flow zones' as a GIS data layer used in the Forest Legacy priority-area overlay analysis. This is a brief, instrumental reference — the document incorporates TNC climate connectivity data layers to help identify Forest Legacy Areas but does not discuss climate connectivity as a concept or analyze it substantively. General habitat connectivity (corridors, intact forests, core forest, fragmentation) is discussed throughout but not in a climate-relevant framing. The TNC layer reference constitutes a borderline case; scored 1 (generic/non-substantive) because the climate corridor concept is named but not operationalized or discussed as enabling climate-driven range shifts.",1
WV_FAP_2020,WV,FAP,2020,FALSE,West Virginia Division of Forestry (WVDOF),State Forest Action Plan,331,tools,vulnerability_models,TRUE,0,"No vulnerability models (CCVI, PVA, or similar) are referenced in this document. The National Insect and Disease Risk Map is mentioned for forest health risk but is not a climate vulnerability model.",0
WV_FAP_2020,WV,FAP,2020,FALSE,West Virginia Division of Forestry (WVDOF),State Forest Action Plan,331,tools,niche_models,TRUE,0,No species distribution models or niche models are referenced in this document.,0
WV_FAP_2020,WV,FAP,2020,FALSE,West Virginia Division of Forestry (WVDOF),State Forest Action Plan,331,tools,climate_models,TRUE,1,"The ICLUS v2.1 model using HadGEM2-ES with SSP2/RCP4.5 scenarios is referenced in the urban forestry section to project population and land use change through 2040. However, this application is for projecting human population growth and developed land cover — not for analyzing climate impacts on forest species or habitats that are the focal subjects of this forest action plan. Also, the 'Forest to Faucets 2.0 watersheds with predicted development increase -2010-2040 under 4.5 high prediction model' is used as a GIS layer. These are borderline 'applied' uses but they are applied to demographic/development projections rather than to the document's focal forest/species subjects. Scored 1 (referenced generally / not applied to forest/species focal subjects per codebook §4 rule 2).",1
WV_FAP_2020,WV,FAP,2020,FALSE,West Virginia Division of Forestry (WVDOF),State Forest Action Plan,331,tools,connectivity_models,TRUE,1,"The document incorporates TNC Priority network data (which likely derives from connectivity modeling, including climate flow zones) as one of 39 GIS layers in an overlay analysis for Forest Legacy priority areas. The underlying connectivity model is not named. This constitutes use of connectivity modeling output in a management decision (Forest Legacy prioritization), which per codebook 2.4 borderline rules could count as application. However, the TNC layer is just one of 39 equal-weight layers, and climate connectivity is not substantively discussed. Scored 1 (referenced generally) rather than 2 because the connectivity model output is mentioned without substantive integration into the document's management decisions for forest or species focal subjects.",1
WV_FAP_2020,WV,FAP,2020,FALSE,West Virginia Division of Forestry (WVDOF),State Forest Action Plan,331,context,biological_unit_score,TRUE,1,The document's climate-related content is minimal and does not discuss range shift science at any biological level in depth. The habitat-level reference is the closest to a biological unit discussed in any climate-related context (forest ecosystems and their conservation). Species are mentioned throughout but not in a climate range-shift context. Score 1 for habitat as a single unit discussed in indirect climate-related context.,1
WV_FAP_2020,WV,FAP,2020,FALSE,West Virginia Division of Forestry (WVDOF),State Forest Action Plan,331,context,partnerships_and_funding,TRUE,1,"The document describes numerous partnerships (MNF, TNC, NRCS, USFS, CBP, etc.) and some funding (USFS grants, EQIP, Forest Legacy federal funding), but none of these are specifically oriented toward addressing climate-driven range shifts. Partnerships and funding discussed are for traditional forest management, forest health, water quality, and education programs. The Forest Legacy Program funding is for working forest conservation broadly, not range-shift management. Score 1 for aspirational/limited partnership and funding references not specifically tied to range-shift science.",1
WV_FAP_2020,WV,FAP,2020,FALSE,West Virginia Division of Forestry (WVDOF),State Forest Action Plan,331,context,climate_threat_habitat_degradation,TRUE,1,"The document mentions that climate change will 'harm ecosystems' and increase flooding, and the urban forestry section discusses climate-driven temperature increases and increased precipitation affecting communities. This is a borderline case — the framing is quite general (urban ecosystem services context) rather than specific habitat degradation by climate-induced drought, wildfire, or saltwater intrusion. However, the reference to climate change harming ecosystems and increased flooding constitutes acknowledgment of climate-induced habitat degradation. Scored 1.",1
WV_FAP_2020,WV,FAP,2020,FALSE,West Virginia Division of Forestry (WVDOF),State Forest Action Plan,331,context,climate_threat_species_vital_rates,TRUE,0,"The document does not discuss direct climate-driven impacts on species vital rates (mortality, reproduction, recruitment failure) caused by climate events. Wildfire mortality, heat die-offs, or climate-favored pathogens causing direct vital rate impacts are not discussed. Forest health threats (emerald ash borer, HWA, beech bark disease) are extensively discussed but without climate attribution. Oak decline is mentioned with 'drought' as one trigger but in a general context not explicitly framed as climate-driven.",0
WV_FAP_2020,WV,FAP,2020,FALSE,West Virginia Division of Forestry (WVDOF),State Forest Action Plan,331,context,climate_threat_biotic_stressors,TRUE,0,"Invasive species are extensively discussed (gypsy moth, HWA, spotted lanternfly, Japanese stiltgrass, etc.) but without climate framing. The document does not attribute invasive species range expansion or community composition changes to climate change. 'Warmer Winters' is listed in a business survey table (Table 8.5) as a factor affecting byproduct markets, but this is not a discussion of climate-driven biotic stressors affecting forest ecosystems. No phenological mismatch, trophic asynchrony, or climate-driven succession is discussed.",0
WV_FAP_2020,WV,FAP,2020,FALSE,West Virginia Division of Forestry (WVDOF),State Forest Action Plan,331,actions,priority_habitat_identification,TRUE,1,"The document extensively identifies priority habitats through Forest Legacy Areas (5 FLAs with maps), high-priority conservation ecosystems (red spruce, hemlock, calcareous forests), and forest stewardship priority areas (HUC-12 based). However, these are not framed as addressing climate-driven range shifts. The inclusion of TNC Climate corridors and Resilient areas as GIS data layers in the Forest Legacy overlay analysis is the closest to climate-relevant priority habitat identification. Scored 1 (discussed but the climate-connection is marginal — the spatial representation exists but is not climate-shift-oriented). Could not reach score 2 because the spatial prioritization is not specifically for addressing range shifts.",1
WV_FAP_2020,WV,FAP,2020,FALSE,West Virginia Division of Forestry (WVDOF),State Forest Action Plan,331,actions,targeted_range_shift_actions,TRUE,0,"The document contains no targeted actions to manage climate-driven species range shifts. Conservation actions discussed (Forest Legacy easements, forest stewardship, invasive species control, prescribed fire, red spruce restoration) are not framed in terms of facilitating or responding to climate-driven shifts. Red spruce restoration is discussed as ecosystem restoration but not in the context of range shifts or climate tracking.",0
WV_FAP_2020,WV,FAP,2020,FALSE,West Virginia Division of Forestry (WVDOF),State Forest Action Plan,331,actions,time_bound_and_monitoring,TRUE,1,"The document includes timelines for many strategies (e.g., Forest Legacy projects by 2030, state forest plans revised every 10 years, PLT training goals over 5-10 years). However, these are not specifically for range-shift or climate-adaptation actions. The document does not include effectiveness monitoring tied to climate-specific actions. Scored 1 for time-bound strategies in general; cannot reach 2 because there is no effectiveness monitoring component for climate-related actions.",1
WV_FAP_2020,WV,FAP,2020,FALSE,West Virginia Division of Forestry (WVDOF),State Forest Action Plan,331,actions,evidence_of_efficacy,TRUE,1,"The document contains almost no evidence-of-efficacy for climate-related actions because climate-related actions are essentially absent. The Kumbrabow red spruce restoration success claim is the only project-level evidence cited, and it is for ecosystem restoration generally. For the limited climate references (urban tree planting for climate mitigation), the document cites i-Tree analysis data as evidence of ecosystem service delivery. There are no citations supporting climate adaptation actions for wildlife or forest species. Overall this scores 1 — rationale is outlined (urban trees help with climate, forest conservation helps with carbon) but evidence is vague/general rather than action-specific.",1
WV_FAP_2020,WV,FAP,2020,FALSE,West Virginia Division of Forestry (WVDOF),State Forest Action Plan,331,actions,adaptation_planning_frameworks,TRUE,1,"The document references 'adapt to global climate change' as a National Priority objective (in a USFS framework listed in the National Priorities section), and mentions 'mitigate and adapt' in the urban forestry section. However, no specific climate adaptation planning frameworks (RAD, RRT, CCVA, Structured Decision Making in a climate context, adaptation menus, etc.) are referenced or applied. The mention of adaptation is aspirational and non-specific. Score 1 for non-specific reference to climate adaptation as a planning goal without operationalization.",1
WY_FAP_2020,WY,FAP,2020,FALSE,Wyoming,Forest Action Plan,233,concepts,climate_vulnerability,TRUE,2,The document references climate sensitivity of Wyoming's forests and exposure to warming/drought repeatedly. Adaptive capacity is gestured at indirectly ('naturally resilient to many threats including climate change'; 'manage for species with greatest tolerance for dry conditions') but never explicitly named or operationalized as an adaptive capacity concept applied to species. Score 2 rather than 3 because exposure is clearly referenced but adaptive capacity (the second axis) is not explicitly framed — only implicit management proxies appear.,3
WY_FAP_2020,WY,FAP,2020,FALSE,Wyoming,Forest Action Plan,233,concepts,adaptive_capacity_specificity,TRUE,1,"Adaptive capacity is alluded to through 'resilience' and managing for species tolerant of dry conditions, but it is never named as 'adaptive capacity' nor are specific biological components (dispersal, evolutionary potential, etc.) discussed in a climate-adaptation framing. Score 1 for generic, non-specific reference to resilience in a climate context.",1
WY_FAP_2020,WY,FAP,2020,FALSE,Wyoming,Forest Action Plan,233,concepts,connectivity,TRUE,1,"Connectivity is discussed extensively in the context of habitat fragmentation, wildlife movement corridors (riparian forests as migration corridors), and the Forest Legacy Program preserving connected landscapes. However, no passage explicitly frames connectivity as supporting climate-driven range shifts or uses terms like 'climate corridors' or 'climate-gradient connectivity.' Score 1 (generic) rather than 2 (climate-specific).",2
WY_FAP_2020,WY,FAP,2020,FALSE,Wyoming,Forest Action Plan,233,tools,vulnerability_models,TRUE,0,"No vulnerability assessment frameworks (CCVI, PVA, etc.) are referenced anywhere in the document.",0
WY_FAP_2020,WY,FAP,2020,FALSE,Wyoming,Forest Action Plan,233,tools,niche_models,TRUE,0,"No species distribution models or niche models (MaxEnt, SDMs, etc.) are referenced.",0
WY_FAP_2020,WY,FAP,2020,FALSE,Wyoming,Forest Action Plan,233,tools,climate_models,TRUE,0,"Climate change is discussed qualitatively throughout, but no GCMs, downscaled projections, RCP/SSP scenarios, or named climate modeling tools are referenced. The EPA 2016 report 'What climate change means for Wyoming' is cited but this is not a climate model application. Score 0 per codebook decision rule.",0
WY_FAP_2020,WY,FAP,2020,FALSE,Wyoming,Forest Action Plan,233,tools,connectivity_models,TRUE,0,"The GIS analysis produces a priority landscapes map using 10 data layers, but no connectivity modeling tools (CircuitScape, Linkage Mapper, etc.) are named or applied. The GIS layers include forest fragmentation and habitat layers but not a connectivity model.",0
WY_FAP_2020,WY,FAP,2020,FALSE,Wyoming,Forest Action Plan,233,context,biological_unit_score,TRUE,2,NA,2
WY_FAP_2020,WY,FAP,2020,FALSE,Wyoming,Forest Action Plan,233,context,partnerships_and_funding,TRUE,1,"Partnerships and funding are described extensively for general forest management (WSFD, USFS, BLM, NGOs, WGFD). However, no partnerships or dedicated funding are specifically described for climate change range-shift adaptation work. The document notes budget constraints frequently. Score 1 for aspirational/limited partnerships not specifically tied to range-shift actions.",2
WY_FAP_2020,WY,FAP,2020,FALSE,Wyoming,Forest Action Plan,233,context,climate_threat_habitat_degradation,TRUE,1,NA,2
WY_FAP_2020,WY,FAP,2020,FALSE,Wyoming,Forest Action Plan,233,context,climate_threat_species_vital_rates,TRUE,1,NA,2
WY_FAP_2020,WY,FAP,2020,FALSE,Wyoming,Forest Action Plan,233,context,climate_threat_biotic_stressors,TRUE,1,"The document discusses insect range expansion under warming as a climate-driven biotic stressor. Discussion of invasive plants (Russian olive, saltcedar) is present but not framed as climate-driven. Score 1 for the insect range-expansion framing.",1
WY_FAP_2020,WY,FAP,2020,FALSE,Wyoming,Forest Action Plan,233,actions,priority_habitat_identification,TRUE,2,"Priority habitat is spatially represented on maps (Critical Landscapes map, terrestrial habitat layer, aquatic habitat layer, Forest Legacy Area maps). However, the spatial prioritization is driven primarily by timber, fire, and wildlife considerations rather than climate-induced range-shift concerns. Still qualifies for score 2 as priority habitat is explicitly spatially represented.",2
WY_FAP_2020,WY,FAP,2020,FALSE,Wyoming,Forest Action Plan,233,actions,targeted_range_shift_actions,TRUE,0,"No specific actions to facilitate, prevent, or respond to climate-driven range shifts are proposed. The strategy of managing for drought-tolerant species ('On current drier sites, manage for species with the greatest tolerance for dry conditions') is a management adaptation but is not framed as a range-shift facilitation action. No assisted migration, translocation, climate corridors, or other targeted range-shift actions are described.",0
WY_FAP_2020,WY,FAP,2020,FALSE,Wyoming,Forest Action Plan,233,actions,time_bound_and_monitoring,TRUE,1,"The document explicitly states it avoids assigning time targets to actions. Monitoring is described as a general principle (adaptive management) but is not operationalized with specific effectiveness monitoring protocols tied to individual actions. Score 1 for the adaptive management principle, not 2 because neither action-level deadlines nor specific effectiveness monitoring protocols are present.",2
WY_FAP_2020,WY,FAP,2020,FALSE,Wyoming,Forest Action Plan,233,actions,evidence_of_efficacy,TRUE,1,"Actions are generally presented without citations or empirical evidence. The document relies on general silvicultural principles and professional judgment. A few references to prior work (watershed studies, bark beetle effects on water yield) appear but are not tied to specific efficacy evaluations. Score 1 for rationale-based presentation without specific evidence for climate-related actions.",1
WY_FAP_2020,WY,FAP,2020,FALSE,Wyoming,Forest Action Plan,233,actions,adaptation_planning_frameworks,TRUE,1,"Adaptive management is referenced explicitly in the context of climate change (Threat 15 Strategy), qualifying as a climate adaptation planning framework reference. However, it is mentioned generically without specifying a named framework or structured process. No RAD, RRT, CCVA, SBDA, or other named frameworks appear. Score 1 for generic reference to adaptive management in a climate context.",1
