doc_id,element,location,similarity,verified,is_quote,quote
AK_SWAP_2025,.concepts.climate_vulnerability,"Threat Priorities, Chapter 10",1,TRUE,TRUE,Species that inhabit the northern edge of the continent or depend on sea ice are likely to be the most vulnerable to climate change because their niche is both shifting and disappearing.
AK_SWAP_2025,.concepts.climate_vulnerability,"Climate Change section, Chapter 7",1,TRUE,TRUE,"Owing to the high connectivity of habitats, wildlife in Alaska may be more resilient to climate change than wildlife in other parts of the United States where habitat fragmentation by human activities"
AK_SWAP_2025,.concepts.climate_vulnerability,"Alaska Species Ranking System, Chapter 4",1,TRUE,TRUE,"The Biological category assigns a score that assesses a species' vulnerability based on population size, range size, and population concentration in Alaska. It also assesses life history characteristi"
AK_SWAP_2025,.concepts.adaptive_capacity_specificity,"Climate Change section, Chapter 7",1,TRUE,TRUE,"Owing to the high connectivity of habitats, wildlife in Alaska may be more resilient to climate change than wildlife in other parts of the United States where habitat fragmentation by human activities"
AK_SWAP_2025,.concepts.adaptive_capacity_specificity,"Range Expansion, Pathogens, and Problematic Insects, Chapter 7",1,TRUE,TRUE,"While climate change may negatively impact some species across their entire range, other resident species will demonstrate resilience through mechanisms such as dispersal, behavioral and phenological "
AK_SWAP_2025,.concepts.adaptive_capacity_components.demography,"Alaska Species Ranking System, Chapter 4",1,TRUE,TRUE,"The Biological category assigns a score that assesses a species' vulnerability based on population size, range size, and population concentration in Alaska. It also assesses life history characteristi"
AK_SWAP_2025,.concepts.adaptive_capacity_components.distribution,Chapter 4 / SGCN section,1,TRUE,TRUE,"there is a well-documented poleward shift of many well-studied plant and animal species on all continents and in most major oceans (Perry et al. 2005, Parmesan 2006, Hitch and Leberg 2007, LaSorte and"
AK_SWAP_2025,.concepts.adaptive_capacity_components.movement,"Climate Change section, Chapter 7",0.8104,FALSE,TRUE,"wildlife in Alaska may be able to more easily move to higher elevations or latitudes (e.g., Tape et al. 2016, 2018, Mizel et al. 2016) as their habitats change because there are fewer anthropogenic ba"
AK_SWAP_2025,.concepts.adaptive_capacity_components.evolutionary_potential,NA,NA,NA,FALSE,
AK_SWAP_2025,.concepts.adaptive_capacity_components.evolutionary_potential,NA,NA,NA,FALSE,
AK_SWAP_2025,.concepts.adaptive_capacity_components.evolutionary_potential,NA,NA,NA,FALSE,
AK_SWAP_2025,.concepts.adaptive_capacity_components.ecological_dependencies,"Mismatched Phenology and Food Webs, Chapter 7",1,TRUE,TRUE,"A species' dependence on specific ecological conditions or on other species affected by climate change increases its likelihood of being negatively impacted. For example, Liebezeit et al. (2012) ident"
AK_SWAP_2025,.concepts.adaptive_capacity_components.abiotic_niche,"Threat Priorities, Chapter 10",1,TRUE,TRUE,Species that inhabit the northern edge of the continent or depend on sea ice are likely to be the most vulnerable to climate change because their niche is both shifting and disappearing.
AK_SWAP_2025,.concepts.adaptive_capacity_components.life_history,"Alaska Species Ranking System, Chapter 4",1,TRUE,TRUE,"It also assesses life history characteristics, including reproductive potential and ecological specialization."
AK_SWAP_2025,.concepts.connectivity,"Climate Change section, Chapter 7",1,TRUE,TRUE,"Owing to the high connectivity of habitats, wildlife in Alaska may be more resilient to climate change than wildlife in other parts of the United States where habitat fragmentation by human activities"
AK_SWAP_2025,.concepts.connectivity,"Threats and Conservation Actions, Chapter 2",1,TRUE,TRUE,monitoring the status of populations and habitat connectivity may be important methods to ensure that sustainable populations continue to return to Alaska's intact habitats for breeding and thrive int
AK_SWAP_2025,.tools.vulnerability_models,"Alaska Species Ranking System, Chapter 4",1,TRUE,TRUE,"The ASRS is a new tool implemented in the 2025 State Wildlife Action Plan revision for identifying SGCN. It was developed in partnership between the ADF&G Threatened, Endangered, and Diversity (TED) P"
AK_SWAP_2025,.tools.vulnerability_models,"Alaska Species Ranking System, Chapter 4",1,TRUE,TRUE,"The Biological category assigns a score that assesses a species' vulnerability based on population size, range size, and population concentration in Alaska. It also assesses life history characteristi"
AK_SWAP_2025,.tools.niche_models,"Distribution of Species of Greatest Conservation Need, Chapter 5",1,TRUE,TRUE,"Data used to create heatmaps came from 211 species range maps of vertebrate SGCN listed in the 2015 SWAP (7 amphibians, 159 birds, and 45 mammals). Range maps for Alaska were based on spatially explic"
AK_SWAP_2025,.tools.niche_models,"Habitat Monitoring, Chapter 9",1,TRUE,TRUE,"For species projected to lose habitat, there is a need to identify future habitats and hotspots of occurrence that could serve as climate change refugia and contribute to resiliency of SGCN. This can "
AK_SWAP_2025,.tools.climate_models,"Distribution of Species of Greatest Conservation Need, Chapter 5",1,TRUE,TRUE,"Climate variables for each of the six terrestrial biogeographic regions and three marine regions were estimated using the ERA5 global reanalysis data set (Hersbach et al. 2020), with data downloaded f"
AK_SWAP_2025,.tools.connectivity_models,NA,NA,NA,FALSE,
AK_SWAP_2025,.tools.connectivity_models,NA,NA,NA,FALSE,
AK_SWAP_2025,.tools.connectivity_models,NA,NA,NA,FALSE,
AK_SWAP_2025,.context.management_scale.local,"Summary, Chapter 3",1,TRUE,TRUE,"While oil and gas, fishing, logging, and other economic activities can impact fish and wildlife and their habitats at local scales in Alaska, they are not the primary drivers of population loss for de"
AK_SWAP_2025,.context.management_scale.site,"Summary, Chapter 3",1,TRUE,TRUE,"monitoring at development sites is a potential tool to ensure that existing regulations continue to promote sustained yield of SGCN, especially as these species may face threats that are cumulative."
AK_SWAP_2025,.context.management_scale.watershed,"Management of Anadromous Waters, Chapter 8",1,TRUE,TRUE,ADF&G also maintains a program to secure instream flow reservations on waters identified as important to fish and wildlife to ensure adequate habitat. Both the Catalog of Anadromous Waters and the ins
AK_SWAP_2025,.context.management_scale.city,NA,NA,NA,FALSE,
AK_SWAP_2025,.context.management_scale.city,NA,NA,NA,FALSE,
AK_SWAP_2025,.context.management_scale.city,NA,NA,NA,FALSE,
AK_SWAP_2025,.context.management_scale.county,NA,NA,NA,FALSE,
AK_SWAP_2025,.context.management_scale.county,NA,NA,NA,FALSE,
AK_SWAP_2025,.context.management_scale.county,NA,NA,NA,FALSE,
AK_SWAP_2025,.context.management_scale.within_state_region,"Distribution of Species of Greatest Conservation Need, Chapter 5",1,TRUE,TRUE,"There are six biogeographic regions for terrestrial species: Northern Alaska, Western Alaska, Central Alaska, Southwest Alaska, Southcentral Alaska, and Southeast Alaska."
AK_SWAP_2025,.context.management_scale.state,Foreword,1,TRUE,TRUE,Alaska's State Wildlife Action Plan is a conservation plan for those species that we have identified as species needing focus.
AK_SWAP_2025,.context.management_scale.multistate,"Major Improvements to the 2025 SWAP, Chapter 2",1,TRUE,TRUE,the 2025 SWAP identifies new opportunities to reduce steep declines of migratory species that breed in Alaska by fostering multistate or cross-border collaborations that target locations during the no
AK_SWAP_2025,.context.management_scale.national,"Threats and Conservation Actions, Chapter 2",1,TRUE,TRUE,"collaborative international conservation efforts will be needed to address, mitigate, or reverse cross-border declines."
AK_SWAP_2025,.context.management_scale.transnational,"Conservation Actions, Chapter 8",1,TRUE,TRUE,"For many SGCN, especially long-distance migratory birds, their biogeographic ranges include migration stopover sites and nonbreeding areas outside Alaska and the United States. Because these species o"
AK_SWAP_2025,.context.management_scale.ecosystem,Chapter 4 / SGCN section,1,TRUE,TRUE,Overall trends point to continued warming and a possible transition of the rich and unique ecosystems to novel states rather than a return to past conditions
AK_SWAP_2025,.context.management_scale.ecoregion,"Distribution of Species of Greatest Conservation Need, Chapter 5",1,TRUE,TRUE,"There are six biogeographic regions for terrestrial species: Northern Alaska, Western Alaska, Central Alaska, Southwest Alaska, Southcentral Alaska, and Southeast Alaska (Figure 5.1). For marine speci"
AK_SWAP_2025,.context.management_scale.province,NA,NA,NA,FALSE,
AK_SWAP_2025,.context.management_scale.province,NA,NA,NA,FALSE,
AK_SWAP_2025,.context.management_scale.province,NA,NA,NA,FALSE,
AK_SWAP_2025,.context.management_scale.section,NA,NA,NA,FALSE,
AK_SWAP_2025,.context.management_scale.section,NA,NA,NA,FALSE,
AK_SWAP_2025,.context.management_scale.section,NA,NA,NA,FALSE,
AK_SWAP_2025,.context.management_scale.subsection,NA,NA,NA,FALSE,
AK_SWAP_2025,.context.management_scale.subsection,NA,NA,NA,FALSE,
AK_SWAP_2025,.context.management_scale.subsection,NA,NA,NA,FALSE,
AK_SWAP_2025,.context.management_scale.lake,NA,NA,NA,FALSE,
AK_SWAP_2025,.context.management_scale.lake,NA,NA,NA,FALSE,
AK_SWAP_2025,.context.management_scale.lake,NA,NA,NA,FALSE,
AK_SWAP_2025,.context.management_scale.river,NA,NA,NA,FALSE,
AK_SWAP_2025,.context.management_scale.river,NA,NA,NA,FALSE,
AK_SWAP_2025,.context.management_scale.river,NA,NA,NA,FALSE,
AK_SWAP_2025,.context.management_scale.district,NA,NA,NA,FALSE,
AK_SWAP_2025,.context.management_scale.district,NA,NA,NA,FALSE,
AK_SWAP_2025,.context.management_scale.district,NA,NA,NA,FALSE,
AK_SWAP_2025,.context.biological_unit_score,Chapter 4 / SGCN section,1,TRUE,TRUE,"Subarctic seabirds, fishes, and marine mammals are shifting northward into Arctic regions in response to increased water temperatures, changes in water mass distributions, decreased extent and duratio"
AK_SWAP_2025,.context.biological_unit_score,"Habitat Changes, Chapter 7",1,TRUE,TRUE,"In a long-term study in Denali National Park, passerine species shifted to higher elevations in response to advancing treeline (Mizel et al. 2016)."
AK_SWAP_2025,.context.biological_unit_components.species,Chapter 4 / SGCN section,1,TRUE,TRUE,"Subarctic seabirds, fishes, and marine mammals are shifting northward into Arctic regions in response to increased water temperatures"
AK_SWAP_2025,.context.biological_unit_components.population,"Monitoring Plans for the Next 10 Years, Chapter 9",1,TRUE,TRUE,"Range shifts have already been documented in some species groups (Mizel et al. 2016, Tape et al. 2016, Baltensperger et al. 2024), and long-term monitoring of SGCN distribution and abundance will help"
AK_SWAP_2025,.context.biological_unit_components.habitat,"Habitat Priorities, Chapter 10",1,TRUE,TRUE,"sea ice (diminishing with climate change and important for wildlife populations, including ice seal species, walrus, and polar bear). • Alpine and Arctic tundra (changing with evolving climate pattern"
AK_SWAP_2025,.context.biological_unit_components.ecosystem,Chapter 4 / SGCN section,1,TRUE,TRUE,Overall trends point to continued warming and a possible transition of the rich and unique ecosystems to novel states rather than a return to past conditions
AK_SWAP_2025,.context.biological_unit_components.community,"Marine Systems, Chapter 7",0.991,TRUE,TRUE,"An observed shift from large-bodied, lipid-rich arctic zooplankton species to small-bodied, lipid-poor subarctic species (Mordy et al. 2022, Ershova et al. 2017) corresponds with the reduced energy co"
AK_SWAP_2025,.context.biological_unit_components.genotype_phenotype,NA,NA,NA,FALSE,
AK_SWAP_2025,.context.biological_unit_components.genotype_phenotype,NA,NA,NA,FALSE,
AK_SWAP_2025,.context.biological_unit_components.genotype_phenotype,NA,NA,NA,FALSE,
AK_SWAP_2025,.context.partnerships_and_funding,"Institutional Development, Chapter 8",1,TRUE,TRUE,"ADF&G's TED Program has fostered more than 140 SWG-based partnerships over the past 10 years, thanks to collaborations with other state programs, government agencies, species working groups, universit"
AK_SWAP_2025,.context.partnerships_and_funding,"Introduction, Chapter 1",1,TRUE,TRUE,Alaska is required to have a SWAP to be eligible for funding through the State Wildlife Grants (SWG) program. The U.S. Congress created the SWG program in 2000 to provide critical funding to every sta
AK_SWAP_2025,.context.climate_threat_habitat_degradation,"Fire and Fire Management, Chapter 7",1,TRUE,TRUE,The frequency and intensity of wildfires have increased over the past few decades as a result of climate change and changing fire management strategies in Alaska.
AK_SWAP_2025,.context.climate_threat_habitat_degradation,"Snow, Permafrost, Sea Ice, and Glaciers, Chapter 7",1,TRUE,TRUE,"Permafrost thaw is increasing and is associated with thermokarst (ground slumps or cave-ins), lake drainage, and surface pooling, depending on the ice content of the ground and continuity of permafros"
AK_SWAP_2025,.context.climate_threat_species_vital_rates,"Current Climate Trends, Chapter 7",1,TRUE,TRUE,"Daily high temperatures exceeded normal temperatures by more than 20°F, resulting in uncharacteristically severe disturbances, such as the Swan Lake Fire on the Kenai Peninsula (Jandt and York 2021) a"
AK_SWAP_2025,.context.climate_threat_species_vital_rates,Chapter 4 / SGCN section,1,TRUE,TRUE,"Impacts at higher trophic levels included mass mortality, shifts in distribution, and colony-wide reproductive failures of Common Murres (Arimitsu et al. 2021, Piatt et al. 2020, Renner et al. 2024); "
AK_SWAP_2025,.context.climate_threat_biotic_stressors,"Range Expansion, Pathogens, and Problematic Insects, Chapter 7",1,TRUE,TRUE,"With temperature increases and climate-induced habitat alterations, Alaska is becoming more habitable for southern species that were previously limited by factors characteristic of cold environments i"
AK_SWAP_2025,.context.climate_threat_biotic_stressors,"Mismatched Phenology and Food Webs, Chapter 7",1,TRUE,TRUE,changes in the timing of spring leafout of vegetation or other historically reliable indicators can create a 'mismatch' for migratory bird flight timing and food availability. These changes can result
AK_SWAP_2025,.actions.priority_habitat_identification,"Major Improvements to the 2025 SWAP, Chapter 2",1,TRUE,TRUE,"A new landscape-level focus that provides the first-ever spatial information on SGCN distributions in Alaska. In Chapter 5, we provide statewide, multispecies heatmaps for terrestrial vertebrate and m"
AK_SWAP_2025,.actions.priority_habitat_identification,"Habitat Priorities, Chapter 10",1,TRUE,TRUE,"sea ice (diminishing with climate change and important for wildlife populations, including ice seal species, walrus, and polar bear). • Alpine and Arctic tundra (changing with evolving climate pattern"
AK_SWAP_2025,.actions.priority_habitat_identification,"Habitat Monitoring, Chapter 9",1,TRUE,TRUE,"For species projected to lose habitat, there is a need to identify future habitats and hotspots of occurrence that could serve as climate change refugia and contribute to resiliency of SGCN."
AK_SWAP_2025,.actions.targeted_range_shift_actions,"Native Species, Chapter 8",0.7429,FALSE,TRUE,assisting species with low dispersal capabilities in colonizing newly available suitable habitats that develop as a result of climate change.
AK_SWAP_2025,.actions.time_bound_and_monitoring,"Part IV: Future Revision, Chapter 11",1,TRUE,TRUE,ADF&G will monitor the implementation and effectiveness of the current plan annually. Specific guidance for future revisions to the plan is provided in a 2017 joint memorandum from the U.S. Fish and W
AK_SWAP_2025,.actions.time_bound_and_monitoring,"Priority Conservation and Management Actions, Chapter 10",0.291,FALSE,TRUE,"This plan describes the overall strategy for conserving SGCN and informs more detailed proposals that include specific projects, species, and conservation actions. We expect the highest priority conse"
AK_SWAP_2025,.actions.evidence_of_efficacy,"Invasive Species, Chapter 8",1,TRUE,TRUE,"USFWS has eradicated invasive species and restored over one million acres on nearly 50 islands in the Aleutians, including the removal of introduced fox populations from 45 islands. On two Aleutian is"
AK_SWAP_2025,.actions.evidence_of_efficacy,"Defining Success, Chapter 9",0.5986,FALSE,TRUE,"SWG funds supported a project to remove invasive northern pike from Susitna River tributaries to ensure the survival of juvenile Chinook salmon... Without invasive northern pike suppression efforts, C"
AK_SWAP_2025,.actions.adaptation_planning_frameworks,"Part IV: Future Revision, Chapter 11",1,TRUE,TRUE,AFWA recently provided voluntary guidance on integrating climate information and actions into SWAPs (AFWA 2022). We updated climate topics throughout the 2025 SWAP and will do so again in the future t
AK_SWAP_2025,.actions.adaptation_planning_frameworks,"Climate Change section, Chapter 7",1,TRUE,TRUE,"Wildlife managers, therefore, need to adapt management strategies to account for the effects of a changing climate, combining past experience and knowledge with new information to assess or modify man"
AL_SWAP_2015,.concepts.climate_vulnerability,Climate Change and Severe Weather,1,TRUE,TRUE,"Species and populations likely to have greater sensitivities to climate change include those with highly specialized habitat requirements, native species already near temperature limits or having othe"
AL_SWAP_2015,.concepts.climate_vulnerability,Vulnerability of Alabama Habitats to Climate Change,1,TRUE,TRUE,"Table 3-4 provides a summary of the vulnerability of key Alabama habitats to the impacts of climate change as determined by the SWAP Technical Teams. Habitats of highest vulnerability are coastal, pri"
AL_SWAP_2015,.concepts.adaptive_capacity_specificity,Climate Change and Severe Weather,1,TRUE,TRUE,"Species with these traits will be even more vulnerable if they have a small population, a low reproductive rate, long generation times, low genetic diversity, or are threatened by other factors"
AL_SWAP_2015,.concepts.adaptive_capacity_components.demography,Climate Change and Severe Weather,1,TRUE,TRUE,"Species with these traits will be even more vulnerable if they have a small population, a low reproductive rate, long generation times, low genetic diversity, or are threatened by other factors"
AL_SWAP_2015,.concepts.adaptive_capacity_components.distribution,Habitat Shifting and Alteration,1,TRUE,TRUE,Major changes in habitat composition and location may include sea level rise and northward or upslope shifting of natural community types.
AL_SWAP_2015,.concepts.adaptive_capacity_components.movement,Climate Change and Severe Weather,1,TRUE,TRUE,"currently isolated, rare, or declining populations with poor dispersal abilities, and groups especially sensitive to pathogens."
AL_SWAP_2015,.concepts.adaptive_capacity_components.evolutionary_potential,Climate Change and Severe Weather,1,TRUE,TRUE,"Species with these traits will be even more vulnerable if they have a small population, a low reproductive rate, long generation times, low genetic diversity, or are threatened by other factors"
AL_SWAP_2015,.concepts.adaptive_capacity_components.ecological_dependencies,NA,NA,NA,FALSE,
AL_SWAP_2015,.concepts.adaptive_capacity_components.ecological_dependencies,NA,NA,NA,FALSE,
AL_SWAP_2015,.concepts.adaptive_capacity_components.ecological_dependencies,NA,NA,NA,FALSE,
AL_SWAP_2015,.concepts.adaptive_capacity_components.abiotic_niche,Climate Change and Severe Weather,1,TRUE,TRUE,"native species already near temperature limits or having other narrow environmental tolerances, currently isolated, rare, or declining populations with poor dispersal abilities"
AL_SWAP_2015,.concepts.adaptive_capacity_components.life_history,Climate Change and Severe Weather,1,TRUE,TRUE,"Species with these traits will be even more vulnerable if they have a small population, a low reproductive rate, long generation times, low genetic diversity, or are threatened by other factors"
AL_SWAP_2015,.concepts.connectivity,Climate Change and Severe Weather,1,TRUE,TRUE,Critical habitats-those areas in which targeted species can persist and/or relocate over time-may provide a refuge from climate change impacts and become high-priority candidates for acquisition and e
AL_SWAP_2015,.concepts.connectivity,Transportation and Service Corridors,1,TRUE,TRUE,"Urbanization and forest fragmentation are inextricably linked to the effects of climate change, because the dispersal and migration of forest plants and animals are disrupted by development and roads."
AL_SWAP_2015,.tools.vulnerability_models,Literature Cited,1,TRUE,TRUE,Voluntary Guidance for States to Incorporate Climate Change Into Swaps and Other Management Plans AFWA 2009
AL_SWAP_2015,.tools.niche_models,NA,NA,NA,FALSE,
AL_SWAP_2015,.tools.niche_models,NA,NA,NA,FALSE,
AL_SWAP_2015,.tools.niche_models,NA,NA,NA,FALSE,
AL_SWAP_2015,.tools.climate_models,NA,NA,NA,FALSE,
AL_SWAP_2015,.tools.climate_models,NA,NA,NA,FALSE,
AL_SWAP_2015,.tools.climate_models,NA,NA,NA,FALSE,
AL_SWAP_2015,.tools.connectivity_models,NA,NA,NA,FALSE,
AL_SWAP_2015,.tools.connectivity_models,NA,NA,NA,FALSE,
AL_SWAP_2015,.tools.connectivity_models,NA,NA,NA,FALSE,
AL_SWAP_2015,.context.management_scale.local,Identifying and Prioritizing Conservation Actions,1,TRUE,TRUE,"Conservation occurs at multiple scales, from populations at the local level to broader, overarching taxa and statewide geographic scales."
AL_SWAP_2015,.context.management_scale.site,Conservation Actions for Terrestrial SGCN by Habitat,0.3065,FALSE,TRUE,"Maps of terrestrial habitats were prepared by the State Lands Division, using the 2007 Alabama GAP data...Priority Conservation Areas are defined at the end of this chapter and summarized in Figure 4-"
AL_SWAP_2015,.context.management_scale.watershed,Identifying Key Aquatic Habitats: SHUs and SRRUs,1,TRUE,TRUE,SHUs and SRRUs facilitate and coordinate watershed management and restoration efforts as well as to focus funding to address habitat and water quality issues.
AL_SWAP_2015,.context.management_scale.city,NA,NA,NA,FALSE,
AL_SWAP_2015,.context.management_scale.city,NA,NA,NA,FALSE,
AL_SWAP_2015,.context.management_scale.city,NA,NA,NA,FALSE,
AL_SWAP_2015,.context.management_scale.county,NA,NA,NA,FALSE,
AL_SWAP_2015,.context.management_scale.county,NA,NA,NA,FALSE,
AL_SWAP_2015,.context.management_scale.county,NA,NA,NA,FALSE,
AL_SWAP_2015,.context.management_scale.within_state_region,EXECUTIVE SUMMARY,1,TRUE,TRUE,"SGCN were associated with 16 key habitats and 15 river basins, including several types of forest, wetlands, and other unique communities such as caves and coastal beaches."
AL_SWAP_2015,.context.management_scale.state,EXECUTIVE SUMMARY,1,TRUE,TRUE,"Overarching statewide conservation actions were also developed, as many actions recurred for many species and habitats, and in existing conservation plans. Alabama's conservation actions therefore add"
AL_SWAP_2015,.context.management_scale.multistate,Tennessee River Basin,1,TRUE,TRUE,"The Tennessee River basin encompasses portions of seven states and drains more than 40,000 square miles."
AL_SWAP_2015,.context.management_scale.national,Literature Cited,1,TRUE,TRUE,"National Fish, Wildlife, and Plants Climate Adaptation Strategy National Fish, Wildlife and Plants Climate Adaptation Partnership 2014"
AL_SWAP_2015,.context.management_scale.transnational,NA,NA,NA,FALSE,
AL_SWAP_2015,.context.management_scale.transnational,NA,NA,NA,FALSE,
AL_SWAP_2015,.context.management_scale.transnational,NA,NA,NA,FALSE,
AL_SWAP_2015,.context.management_scale.ecosystem,Habitat Shifting and Alteration,1,TRUE,TRUE,"Under rising global temperatures, sea water undergoes expansion, and ice caps and glaciers melt and contribute to rising sea levels. Sea level rise poses significant threats to coastal ecosystems that"
AL_SWAP_2015,.context.management_scale.ecoregion,Physiography and Ecoregions,1,TRUE,TRUE,"At a coarse-scale level, this plan uses a revision of Omernik's (1987) system, which identifies six Level III and 29 Level IV ecoregions for Alabama (Figure 2-1)."
AL_SWAP_2015,.context.management_scale.province,NA,NA,NA,FALSE,
AL_SWAP_2015,.context.management_scale.province,NA,NA,NA,FALSE,
AL_SWAP_2015,.context.management_scale.province,NA,NA,NA,FALSE,
AL_SWAP_2015,.context.management_scale.section,NA,NA,NA,FALSE,
AL_SWAP_2015,.context.management_scale.section,NA,NA,NA,FALSE,
AL_SWAP_2015,.context.management_scale.section,NA,NA,NA,FALSE,
AL_SWAP_2015,.context.management_scale.subsection,NA,NA,NA,FALSE,
AL_SWAP_2015,.context.management_scale.subsection,NA,NA,NA,FALSE,
AL_SWAP_2015,.context.management_scale.subsection,NA,NA,NA,FALSE,
AL_SWAP_2015,.context.management_scale.lake,NA,NA,NA,FALSE,
AL_SWAP_2015,.context.management_scale.lake,NA,NA,NA,FALSE,
AL_SWAP_2015,.context.management_scale.lake,NA,NA,NA,FALSE,
AL_SWAP_2015,.context.management_scale.river,Conservation Actions for Aquatic SGCN by River Basin,1,TRUE,TRUE,The following actions are broken down into 15 river basins and one estuarine habitat.
AL_SWAP_2015,.context.management_scale.district,NA,NA,NA,FALSE,
AL_SWAP_2015,.context.management_scale.district,NA,NA,NA,FALSE,
AL_SWAP_2015,.context.management_scale.district,NA,NA,NA,FALSE,
AL_SWAP_2015,.context.biological_unit_score,Habitat Shifting and Alteration,1,TRUE,TRUE,Major changes in habitat composition and location may include sea level rise and northward or upslope shifting of natural community types.
AL_SWAP_2015,.context.biological_unit_score,Temperature Extremes,1,TRUE,TRUE,"Periods in which temperatures exceed or go below the normal range of variation may manifest as heat waves, cold spells, and oceanic temperature changes, all of which can affect the distribution of spe"
AL_SWAP_2015,.context.biological_unit_components.species,Temperature Extremes,1,TRUE,TRUE,"Those occurring at the southern periphery of their range, such as the Wood Frog and Cerulean Warbler, may be most affected."
AL_SWAP_2015,.context.biological_unit_components.population,Climate Change and Severe Weather,1,TRUE,TRUE,"currently isolated, rare, or declining populations with poor dispersal abilities, and groups especially sensitive to pathogens."
AL_SWAP_2015,.context.biological_unit_components.habitat,Vulnerability of Alabama Habitats to Climate Change,1,TRUE,TRUE,Table 3-4 provides a summary of the vulnerability of key Alabama habitats to the impacts of climate change as determined by the SWAP Technical Teams.
AL_SWAP_2015,.context.biological_unit_components.ecosystem,Habitat Shifting and Alteration,1,TRUE,TRUE,Major changes in habitat composition and location may include sea level rise and northward or upslope shifting of natural community types.
AL_SWAP_2015,.context.biological_unit_components.community,Habitat Shifting and Alteration,1,TRUE,TRUE,Major changes in habitat composition and location may include sea level rise and northward or upslope shifting of natural community types.
AL_SWAP_2015,.context.biological_unit_components.genotype_phenotype,NA,NA,NA,FALSE,
AL_SWAP_2015,.context.biological_unit_components.genotype_phenotype,NA,NA,NA,FALSE,
AL_SWAP_2015,.context.biological_unit_components.genotype_phenotype,NA,NA,NA,FALSE,
AL_SWAP_2015,.context.partnerships_and_funding,EXECUTIVE SUMMARY,1,TRUE,TRUE,"The implementation of conservation actions will be coordinated with key partners wherever possible, including the U.S. Fish and Wildlife Service, U.S. Forest Service, Natural Resources Conservation Se"
AL_SWAP_2015,.context.climate_threat_habitat_degradation,Habitat Shifting and Alteration,1,TRUE,TRUE,"Sea level rise poses significant threats to coastal ecosystems that may become inundated, resulting in habitat changes and losses, and adverse impacts to species or communities that depend on these ha"
AL_SWAP_2015,.context.climate_threat_species_vital_rates,Droughts,1,TRUE,TRUE,Periods in which precipitation falls below the normal range of variation may result in loss of surface water sources. Amphibian breeding sites may not hold water for a sufficient length of time for me
AL_SWAP_2015,.context.climate_threat_biotic_stressors,NA,NA,NA,FALSE,
AL_SWAP_2015,.context.climate_threat_biotic_stressors,NA,NA,NA,FALSE,
AL_SWAP_2015,.context.climate_threat_biotic_stressors,NA,NA,NA,FALSE,
AL_SWAP_2015,.actions.priority_habitat_identification,Conservation Actions for Terrestrial SGCN by Habitat,0.2877,FALSE,TRUE,"Maps of terrestrial habitats were prepared by the State Lands Division, using the 2007 Alabama GAP data, the best available at this time. The featured habitat is shaded green in all but the cave map.."
AL_SWAP_2015,.actions.priority_habitat_identification,Climate Change and Severe Weather,1,TRUE,TRUE,Critical habitats-those areas in which targeted species can persist and/or relocate over time-may provide a refuge from climate change impacts and become high-priority candidates for acquisition and e
AL_SWAP_2015,.actions.targeted_range_shift_actions,Climate Change and Severe Weather,1,TRUE,TRUE,Critical habitats-those areas in which targeted species can persist and/or relocate over time-may provide a refuge from climate change impacts and become high-priority candidates for acquisition and e
AL_SWAP_2015,.actions.time_bound_and_monitoring,EXECUTIVE SUMMARY,0.3446,FALSE,TRUE,"The implementation of SWAP priority conservation actions will be monitored via a DWFF tracking system...As conservation actions are implemented, their effectiveness will be reviewed biennially by DWFF"
AL_SWAP_2015,.actions.time_bound_and_monitoring,SWAP Review and Revision,1,TRUE,TRUE,"DWFF proposes to complete a comprehensive revision of the SWAP in ten years, and to review, evaluate, and update sections annually through the existing Wildlife and Sport Fish Restoration program repo"
AL_SWAP_2015,.actions.evidence_of_efficacy,Climate Change and Severe Weather,1,TRUE,TRUE,The Nature Conservancy (Anderson. et al. 2014) estimated the resilience to climate change of distinct geophysical settings across the southeastern United States (Figure 3-27). The methodology identifi
AL_SWAP_2015,.actions.adaptation_planning_frameworks,Introduction,1,TRUE,TRUE,"Structured decision-making (SDM, Martin et al. 2009) is a useful process to analyze problems, create objectives, and explore tradeoffs, consequences, and alternative paths within a framework that is b"
AL_SWAP_2015,.actions.adaptation_planning_frameworks,Introduction,1,TRUE,TRUE,"As conditions change (e.g., land use patterns, climate change, global or national population trends, new data and information), adaptive management and implementation of the conservation actions ident"
AR_SWAP_2025_draft,.concepts.climate_vulnerability,Measuring Species' Response to Climate Change,1,TRUE,TRUE,"A species is considered vulnerable to climate change if it is both sensitive and exposed to climate change impacts (Williams et al., 2008; Figure 5.13). For example, a species may be exposed to climat"
AR_SWAP_2025_draft,.concepts.climate_vulnerability,Measuring Species' Response to Climate Change,0.3311,FALSE,TRUE,Species with low adaptive capacity such as those with specialized habitat needs or limited dispersal ability face higher vulnerability to these changes.
AR_SWAP_2025_draft,.concepts.climate_vulnerability,Comparing CCVI and Available Ecological Niche Models Results,1,TRUE,TRUE,all of the assessed amphibian and plant SGCN in Arkansas to date are vulnerable to climate change (Figure 5.14).
AR_SWAP_2025_draft,.concepts.adaptive_capacity_specificity,Measuring Species' Response to Climate Change,0.3311,FALSE,TRUE,Species with low adaptive capacity such as those with specialized habitat needs or limited dispersal ability face higher vulnerability to these changes.
AR_SWAP_2025_draft,.concepts.adaptive_capacity_specificity,Measuring Species' Response to Climate Change,1,TRUE,TRUE,"a species may be exposed to climate change because it experiences an impact like warmer stream temperatures, but if it is resilient to that change or able to disperse into new habitats, it may ultimat"
AR_SWAP_2025_draft,.concepts.adaptive_capacity_components.demography,Chapter 2: Species of Greatest Conservation Need Introduction,1,TRUE,TRUE,"Some species may have very specific habitat requirements, a narrow-range, extreme vulnerability to environmental changes, limited mobility, low reproduction or survival rates, or a small population si"
AR_SWAP_2025_draft,.concepts.adaptive_capacity_components.distribution,Arkansas and Climate Hazards,1,TRUE,TRUE,Shorter and warmer winters may cause species range shifts that would allow for warm-adapted species to dominate and shift distributions of cold-adapted species.
AR_SWAP_2025_draft,.concepts.adaptive_capacity_components.movement,Measuring Species' Response to Climate Change,1,TRUE,TRUE,"a species may be exposed to climate change because it experiences an impact like warmer stream temperatures, but if it is resilient to that change or able to disperse into new habitats, it may ultimat"
AR_SWAP_2025_draft,.concepts.adaptive_capacity_components.evolutionary_potential,NA,NA,NA,FALSE,
AR_SWAP_2025_draft,.concepts.adaptive_capacity_components.evolutionary_potential,NA,NA,NA,FALSE,
AR_SWAP_2025_draft,.concepts.adaptive_capacity_components.evolutionary_potential,NA,NA,NA,FALSE,
AR_SWAP_2025_draft,.concepts.adaptive_capacity_components.ecological_dependencies,Taxa Summary: Mussels,1,TRUE,TRUE,declining host fish populations that mussels rely on to complete their complex life cycle can disrupt mussel recruitment and lead to population declines.
AR_SWAP_2025_draft,.concepts.adaptive_capacity_components.abiotic_niche,Measuring Species' Response to Climate Change,1,TRUE,TRUE,Ecological niche models (also called species distribution models) start by identifying shared climate conditions at sites where a species is known to have occurred and then predict where similar clima
AR_SWAP_2025_draft,.concepts.adaptive_capacity_components.life_history,Chapter 2: Species of Greatest Conservation Need Introduction,0.5816,FALSE,TRUE,"The reason for the decline of species may be due to a single factor or a combination of factors...impacts to particular stages of their life history, competition with or predation by invasive species"
AR_SWAP_2025_draft,.concepts.connectivity,Chapter 5: Arkansas: A regional perspective (Table 5.1 context),1,TRUE,TRUE,"Nearly 12.4 million acres (36.5%) within Arkansas is considered an inland hub or corridor, providing many conservation opportunities to support species movement and migration which is an important con"
AR_SWAP_2025_draft,.concepts.connectivity,Terrestrial Resilience,1,TRUE,TRUE,Highly resilient sites contain many different habitat niches that support biodiversity and allow species to move freely through the landscape to find suitable microclimates as the climate changes.
AR_SWAP_2025_draft,.tools.vulnerability_models,Comparing CCVI and Available Ecological Niche Models Results,1,TRUE,TRUE,"Most CCVI assessments done on Arkansas's SGCN to date have focused on birds (Armsworth et al. 2025a). Many of these CCVI assessments indicate that while some bird species may be vulnerable, a larger p"
AR_SWAP_2025_draft,.tools.vulnerability_models,Comparing CCVI and Available Ecological Niche Models Results,1,TRUE,TRUE,Comparing the results of the ecological niche models to the CCVI estimates for SGCNs within Arkansas reveals similar trends for taxa that were evaluated using both methods. All taxa (including plants)
AR_SWAP_2025_draft,.tools.niche_models,Measuring Species' Response to Climate Change,1,TRUE,TRUE,Ecological niche models (also called species distribution models) start by identifying shared climate conditions at sites where a species is known to have occurred and then predict where similar clima
AR_SWAP_2025_draft,.tools.niche_models,Figure 5.15,0.4341,FALSE,TRUE,"Arkansas Species of Greatest Conservation Need (SGCN) whose ranges may decrease, remain stable, or increase based on climate change vulnerability scores from available ecological niche models across 1"
AR_SWAP_2025_draft,.tools.climate_models,Arkansas Climate Resiliency,1,TRUE,TRUE,The climate projections used in the NCA5 were created using global climate models from the Coupled Model Intercomparison Project Phase 6 (CMIP6) that were statistically downscaled to translate large s
AR_SWAP_2025_draft,.tools.climate_models,Table 5.5,1,TRUE,TRUE,"The table summarizes projected future number of days for low, moderate, and high SSP emission scenarios using CMIP6-LOCA2 threshold and extreme event metric projections(Alder 2024) summarized at the e"
AR_SWAP_2025_draft,.tools.connectivity_models,Arkansas and the Southeast Conservation Adaptation Strategy (SECAS),1,TRUE,TRUE,"The Southeast Conservation Blueprint (v2024) is the primary product of SECAS and is a living, spatial plan that identifies priority areas where conservation action would make an impact, based on a sui"
AR_SWAP_2025_draft,.tools.connectivity_models,Figure 5.2,0.303,FALSE,TRUE,"Figure 5.2 Southeast Blueprint connectivity analysis showing hubs and corridors with protected lands in the state of Arkansas and select surrounding watersheds shared with Louisiana, Mississippi, Miss"
AR_SWAP_2025_draft,.context.management_scale.local,Project Level,1,TRUE,TRUE,All habitat restoration projects funded through state wildlife grants include a monitoring component to determine effectiveness of activities toward improving habitat condition.
AR_SWAP_2025_draft,.context.management_scale.site,Site Level,1,TRUE,TRUE,"The AGFC's habitat program manages over 350,000 acres across its wildlife management areas (WMAs), with 300,000 acres certified under the Sustainable Forestry Initiative® Forest Management Standard."
AR_SWAP_2025_draft,.context.management_scale.watershed,Arkansas's Conservation Portfolio: Connecting the Region's Lands and Waters,1,TRUE,TRUE,"Watersheds and flyways often encompass all or parts of multiple states and require complex coordination among many partners and jurisdictions to improve conditions, regulate harvest and methods, and p"
AR_SWAP_2025_draft,.context.management_scale.city,NA,NA,NA,FALSE,
AR_SWAP_2025_draft,.context.management_scale.city,NA,NA,NA,FALSE,
AR_SWAP_2025_draft,.context.management_scale.city,NA,NA,NA,FALSE,
AR_SWAP_2025_draft,.context.management_scale.county,Species Distribution,1,TRUE,TRUE,"If location data was available for a species, it is displayed at the county-level on the species profiles maps."
AR_SWAP_2025_draft,.context.management_scale.within_state_region,Species Distribution,1,TRUE,TRUE,"Taxa Teams also noted the presence or absence of each species in each ecoregion and river basins, for aquatic species only."
AR_SWAP_2025_draft,.context.management_scale.state,Purpose,1,TRUE,TRUE,"The Arkansas Wildlife Action Plan serves as a cooperative, strategic framework for conserving the state's native species and habitats."
AR_SWAP_2025_draft,.context.management_scale.multistate,Regional Species of Greatest Conservation Need,1,TRUE,TRUE,"By identifying shared RSGCN, Arkansas can prioritize conservation actions that not only provide local benefits but support a regional landscape."
AR_SWAP_2025_draft,.context.management_scale.national,Chapter 5: Arkansas: A regional perspective,1,TRUE,TRUE,"In 2018, the Association of Fish and Wildlife Agencies (AFWA) adopted a resolution on landscape conservation that recognized 'the importance of collaborating at landscape scales to help fish and wildl"
AR_SWAP_2025_draft,.context.management_scale.transnational,Taxa Summary: Birds,1,TRUE,TRUE,Conservation of these Arkansas SGCN must extend to their full life cycle and include the restoration and protection of the winter habitats on which they depend in Central and South America.
AR_SWAP_2025_draft,.context.management_scale.ecosystem,Chapter 2: Species of Greatest Conservation Need Introduction,1,TRUE,TRUE,This enables us to better focus conservation efforts to address and effectively manage the overall health of ecosystems at a landscape-level
AR_SWAP_2025_draft,.context.management_scale.ecoregion,Species Distribution,1,TRUE,TRUE,"Taxa Teams also noted the presence or absence of each species in each ecoregion and river basins, for aquatic species only."
AR_SWAP_2025_draft,.context.management_scale.province,NA,NA,NA,FALSE,
AR_SWAP_2025_draft,.context.management_scale.province,NA,NA,NA,FALSE,
AR_SWAP_2025_draft,.context.management_scale.province,NA,NA,NA,FALSE,
AR_SWAP_2025_draft,.context.management_scale.section,NA,NA,NA,FALSE,
AR_SWAP_2025_draft,.context.management_scale.section,NA,NA,NA,FALSE,
AR_SWAP_2025_draft,.context.management_scale.section,NA,NA,NA,FALSE,
AR_SWAP_2025_draft,.context.management_scale.subsection,NA,NA,NA,FALSE,
AR_SWAP_2025_draft,.context.management_scale.subsection,NA,NA,NA,FALSE,
AR_SWAP_2025_draft,.context.management_scale.subsection,NA,NA,NA,FALSE,
AR_SWAP_2025_draft,.context.management_scale.lake,NA,NA,NA,FALSE,
AR_SWAP_2025_draft,.context.management_scale.lake,NA,NA,NA,FALSE,
AR_SWAP_2025_draft,.context.management_scale.lake,NA,NA,NA,FALSE,
AR_SWAP_2025_draft,.context.management_scale.river,White River Basin,1,TRUE,TRUE,"The White River drains 27,765 square miles of northern Arkansas and southern Missouri. It is the largest river drainage in Arkansas"
AR_SWAP_2025_draft,.context.management_scale.district,NA,NA,NA,FALSE,
AR_SWAP_2025_draft,.context.management_scale.district,NA,NA,NA,FALSE,
AR_SWAP_2025_draft,.context.management_scale.district,NA,NA,NA,FALSE,
AR_SWAP_2025_draft,.context.biological_unit_score,Chapter 5: Arkansas: A regional perspective,1,TRUE,TRUE,"Arkansas has identified Species of Greatest Conservation Need (SGCN) and outlined strategies to sustain them, including conservation actions to promote species recovery and prevent federal listings un"
AR_SWAP_2025_draft,.context.biological_unit_score,Arkansas and Climate Hazards,1,TRUE,TRUE,"Freshwater ecosystems (e.g., streams, rivers, lakes, and wetlands) of the Southeast are highly vulnerable to warming. Impacts on rare species of fish and mussels are of particular concern in a changin"
AR_SWAP_2025_draft,.context.biological_unit_components.species,Chapter 2: Species of Greatest Conservation Need Introduction,1,TRUE,TRUE,Species of Greatest Conservation Need (SGCN) are native plant and animal species that are considered or are thought to be in decline and are at a greater risk of extirpation or even extinction.
AR_SWAP_2025_draft,.context.biological_unit_components.population,Arkansas and Climate Hazards,1,TRUE,TRUE,Shorter and warmer winters may cause species range shifts that would allow for warm-adapted species to dominate and shift distributions of cold-adapted species.
AR_SWAP_2025_draft,.context.biological_unit_components.habitat,Arkansas and Climate Hazards,1,TRUE,TRUE,"Freshwater ecosystems (e.g., streams, rivers, lakes, and wetlands) of the Southeast are highly vulnerable to warming."
AR_SWAP_2025_draft,.context.biological_unit_components.ecosystem,Arkansas and Climate Hazards,1,TRUE,TRUE,"Freshwater ecosystems (e.g., streams, rivers, lakes, and wetlands) of the Southeast are highly vulnerable to warming. Impacts on rare species of fish and mussels are of particular concern in a changin"
AR_SWAP_2025_draft,.context.biological_unit_components.community,Arkansas and Climate Hazards,1,TRUE,TRUE,"In general, temperature regimes of freshwater ecosystems are projected to increase in parallel with shifts in air temperatures, which in turn may alter plant and animal communities, including migrator"
AR_SWAP_2025_draft,.context.biological_unit_components.genotype_phenotype,NA,NA,NA,FALSE,
AR_SWAP_2025_draft,.context.biological_unit_components.genotype_phenotype,NA,NA,NA,FALSE,
AR_SWAP_2025_draft,.context.biological_unit_components.genotype_phenotype,NA,NA,NA,FALSE,
AR_SWAP_2025_draft,.context.partnerships_and_funding,Implementing Arkansas's Wildlife Action Plan,1,TRUE,TRUE,The current primary method for implementing the AWAP is through the State Wildlife Grants (SWG) program is a non-competitive federal grant program that is managed by the United States Fish and Wildlif
AR_SWAP_2025_draft,.context.partnerships_and_funding,Figure caption (COA discussion),0.451,FALSE,TRUE,AGFC has partnered with The Nature Conservancy (TNC) to develop specific Conservation Plans for each COA.
AR_SWAP_2025_draft,.context.climate_threat_habitat_degradation,Arkansas and Climate Hazards,1,TRUE,TRUE,"Freshwater ecosystems (e.g., streams, rivers, lakes, and wetlands) of the Southeast are highly vulnerable to warming. Impacts on rare species of fish and mussels are of particular concern in a changin"
AR_SWAP_2025_draft,.context.climate_threat_species_vital_rates,Appendix C: COA Conservation Plans Overviews,1,TRUE,TRUE,"the threat from climate change is evident in longer periods of low water and likely higher water temperatures, as well as higher and more frequent high flow events."
AR_SWAP_2025_draft,.context.climate_threat_biotic_stressors,Arkansas and Climate Hazards,1,TRUE,TRUE,Shorter and warmer winters may cause species range shifts that would allow for warm-adapted species to dominate and shift distributions of cold-adapted species.
AR_SWAP_2025_draft,.actions.priority_habitat_identification,Summary of Changes,1,TRUE,TRUE,"Incorporating 19 recently established Conservation Opportunity Areas (COAs), each with a developed Conservation Plan, which are summarized within the Plan (Chapter 4; Appendix C)."
AR_SWAP_2025_draft,.actions.priority_habitat_identification,Arkansas and the Southeast Conservation Adaptation Strategy (SECAS),1,TRUE,TRUE,"The Southeast Conservation Blueprint (v2024) is the primary product of SECAS and is a living, spatial plan that identifies priority areas where conservation action would make an impact, based on a sui"
AR_SWAP_2025_draft,.actions.targeted_range_shift_actions,Comparing CCVI and Available Ecological Niche Models Results,1,TRUE,TRUE,The comparison of these two methods supports focusing climate adaptation strategies on the conservation of amphibians and aquatic species. SARP already considers identification and remediation of anth
AR_SWAP_2025_draft,.actions.time_bound_and_monitoring,Commitment to Periodic Review and Revision,1,TRUE,TRUE,"AGFC commits to completing a third comprehensive review and revision of the AWAP process and plan by October 1, 2035."
AR_SWAP_2025_draft,.actions.time_bound_and_monitoring,Project Level,1,TRUE,TRUE,All habitat restoration projects funded through state wildlife grants include a monitoring component to determine effectiveness of activities toward improving habitat condition. Projects also include 
AR_SWAP_2025_draft,.actions.evidence_of_efficacy,Comparing CCVI and Available Ecological Niche Models Results,1,TRUE,TRUE,Comparing the results of the ecological niche models to the CCVI estimates for SGCNs within Arkansas reveals similar trends for taxa that were evaluated using both methods.
AR_SWAP_2025_draft,.actions.evidence_of_efficacy,Comparing CCVI and Available Ecological Niche Models Results,1,TRUE,TRUE,"SARP already considers identification and remediation of anthropogenic barriers to aquatic organism passage a priority conservation action, and this can also be an important climate adaptation strateg"
AR_SWAP_2025_draft,.actions.adaptation_planning_frameworks,Adaptation Strategies,0.8532,TRUE,TRUE,"Identifying adaptation strategies to address impacts and vulnerability is a step towards climate resiliency. Climate adaptation and mitigation comes in various forms, and multiple frameworks have been"
AR_SWAP_2025_draft,.actions.adaptation_planning_frameworks,Arkansas Climate Resiliency,1,TRUE,TRUE,The AFWA 2022 (2nd Edition) Voluntary Guidance for States to Incorporate Climate Adaptation into State Wildlife Action Plans provides recommended steps for developing and implementing adaptation strat
AZ_SWAP_2022,.concepts.climate_vulnerability,"Adaptation Planning Approach and the AWCS, Ch. 3",0.2596,FALSE,TRUE,Understanding why species and ecosystems are vulnerable or potentially less resilient is a critical first step in developing effective conservation strategies. This vulnerability is based on sensitivi
AZ_SWAP_2022,.concepts.climate_vulnerability,"Changes in Temperature Regimes, Ch. 3",1,TRUE,TRUE,annual average temperatures in the Southwest are projected to rise by 2.5°F to 5.5°F by 2041-2070 and by 5.5°F to 9.5°F by 2070-2099 under current emission rates (Garfin et al. 2014).
AZ_SWAP_2022,.concepts.climate_vulnerability,"Desertscrub, Fire and Fire Suppression, Ch. 3: Conservation Challenges",1,TRUE,TRUE,Desertscrub communities are home to several SGCN reptiles and amphibians that may lack the adaptive capacity to respond favorably to altered fire regimes.
AZ_SWAP_2022,.concepts.adaptive_capacity_specificity,Ch. 3: Conservation Challenges,1,TRUE,TRUE,"Species that typically occupy these areas are then forced, if possible, to either adapt or move to more suitable habitat. When suitable habitat conditions disappear, or shift faster than populations c"
AZ_SWAP_2022,.concepts.adaptive_capacity_specificity,"Fire and Fire Suppression, Ch. 3: Conservation Challenges",1,TRUE,TRUE,Desertscrub communities are home to several SGCN reptiles and amphibians that may lack the adaptive capacity to respond favorably to altered fire regimes.
AZ_SWAP_2022,.concepts.adaptive_capacity_specificity,"Diseases Affecting Amphibians, Reptiles, and Fish, Ch. 3",1,TRUE,TRUE,"limited dispersal ability, specific habitat requirements, and the cumulative effects of multiple threats, amphibians are especially vulnerable to disease."
AZ_SWAP_2022,.concepts.adaptive_capacity_components.demography,"Demographic Status, Ch. 1: Arizona's Biodiversity",1,TRUE,TRUE,"This criterion considers birth and death rates of each species and known factors impacting those rates. Rates can be affected by intrinsic factors such as low genetic diversity, generation time, repro"
AZ_SWAP_2022,.concepts.adaptive_capacity_components.distribution,Ch. 3: Conservation Challenges,1,TRUE,TRUE,"Species that typically occupy these areas are then forced, if possible, to either adapt or move to more suitable habitat. When suitable habitat conditions disappear, or shift faster than populations c"
AZ_SWAP_2022,.concepts.adaptive_capacity_components.movement,"Diseases Affecting Amphibians, Reptiles, and Fish, Ch. 3",1,TRUE,TRUE,"limited dispersal ability, specific habitat requirements, and the cumulative effects of multiple threats, amphibians are especially vulnerable to disease."
AZ_SWAP_2022,.concepts.adaptive_capacity_components.evolutionary_potential,"Demographic Status, Ch. 1: Arizona's Biodiversity",1,TRUE,TRUE,"Extrinsic factors affecting rates include environmental change, illegal harvest, disturbance, and disease. California condors are an example of a species with high demographic concerns."
AZ_SWAP_2022,.concepts.adaptive_capacity_components.evolutionary_potential,"Ch. 8: Threats and Conservation Actions, Climate Change section (Lower Sonoran)",1,TRUE,TRUE,"Populations then face genetic bottlenecks and decreased population connectivity, further impacting their ability to recover."
AZ_SWAP_2022,.concepts.adaptive_capacity_components.ecological_dependencies,"Habitat Shifts and Ecosystem Conversion (TABLE), Ch. 3",1,TRUE,TRUE,"changes in climate are predicted to cause a shift in timing of important physiological events in the life cycles of plants and animals, such as plants and host-specific pollinators. This may lead to m"
AZ_SWAP_2022,.concepts.adaptive_capacity_components.abiotic_niche,"Climate Change, Ch. 8: Threats and Conservation Actions (Chaparral)",0.8101,FALSE,TRUE,"Warmer ambient temperatures may surpass species' temperature tolerances, causing local extinctions or changing the distribution of less heat-tolerant species towards cooler climates."
AZ_SWAP_2022,.concepts.adaptive_capacity_components.life_history,"Demographic Status, Ch. 1: Arizona's Biodiversity",1,TRUE,TRUE,"Rates can be affected by intrinsic factors such as low genetic diversity, generation time, reproductive potential, and other life history characteristics."
AZ_SWAP_2022,.concepts.connectivity,"Conservation in the Context of Climate Change, Lower Sonoran Desertscrub, Ch. 7",1,TRUE,TRUE,Identify and improve the connectivity of natural landscapes to better link wildlife populations and allow for range shifts.
AZ_SWAP_2022,.concepts.connectivity,"Identify and protect key wildlife corridors for landscape connectivity, Ch. 3",1,TRUE,TRUE,Conducting species movement studies and studies that identify likely future range shifts will help to prioritize protection and restoration efforts.
AZ_SWAP_2022,.concepts.connectivity,"Conserve a variety of habitats, Ch. 3: Climate Change Adaptation and Mitigation Strategies",1,TRUE,TRUE,it will be important to identify and protect climate change refugia to ensure these habitat types persist into the future.
AZ_SWAP_2022,.tools.vulnerability_models,"Adaptation Planning Approach and the AWCS, Ch. 3",1,TRUE,TRUE,we chose to conduct a broad assessment of major threats to native fish and wildlife species rather than a vulnerability assessment specific to climate change impacts.
AZ_SWAP_2022,.tools.niche_models,"Species Distribution Modeling, Ch. 1: Arizona's Biodiversity",1,TRUE,TRUE,"For most species, modeling methods included Random Forests (RF) and basic envelope niche models."
AZ_SWAP_2022,.tools.niche_models,"Element 1, Roadmap to Revise Arizona's Plan, Ch. 5",1,TRUE,TRUE,In total these efforts modeled 290 SGCN of various taxa.
AZ_SWAP_2022,.tools.climate_models,"Changes in Temperature Regimes, Ch. 3",1,TRUE,TRUE,annual average temperatures in the Southwest are projected to rise by 2.5°F to 5.5°F by 2041-2070 and by 5.5°F to 9.5°F by 2070-2099 under current emission rates (Garfin et al. 2014).
AZ_SWAP_2022,.tools.climate_models,"Changes in Precipitation and Hydrological Regimes, Ch. 3",1,TRUE,TRUE,"Climate models suggest that Arizona may continue to see a reduction in annual precipitation (Brown et al. 1997, Burrell et al. 2020)."
AZ_SWAP_2022,.tools.connectivity_models,"Identifying Terrestrial COAs, Ch. 4",0.3565,FALSE,TRUE,The Nature Conservancy's Resilient and Connected Network (2016) [was used to help identify and refine terrestrial COAs]
AZ_SWAP_2022,.tools.connectivity_models,"Western States Regional Decision Support Tool, Ch. 2",1,TRUE,TRUE,The Critical Habitat Assessment Tool (CHAT) is a GIS-based decision support tool managed and maintained by the Western Association of Fish and Wildlife Agencies (WAFWA). The tool identifies important 
AZ_SWAP_2022,.context.management_scale.local,"Conservation Actions, Ch. 4",1,TRUE,TRUE,Site-specific actions focus on a specific habitat and typically benefit multiple species. Examples of site-specific actions that may be implemented include the riparian area restoration projects occur
AZ_SWAP_2022,.context.management_scale.site,"Element 3, Roadmap to Revise Arizona's Plan, Ch. 5",1,TRUE,TRUE,ranging from small stock tanks to entire mountain ranges. Some COAs are specific to individual species that are in need of targeted conservation efforts
AZ_SWAP_2022,.context.management_scale.watershed,"Species Distribution Modeling, Ch. 1: Arizona's Biodiversity",0.5367,FALSE,TRUE,"AZGFD contracted with the Research Foundation for the State University of New York (SUNY) to focus exclusively on developing robust habitat suitability models...For fish species, we used simple distri"
AZ_SWAP_2022,.context.management_scale.city,NA,NA,NA,FALSE,
AZ_SWAP_2022,.context.management_scale.city,NA,NA,NA,FALSE,
AZ_SWAP_2022,.context.management_scale.city,NA,NA,NA,FALSE,
AZ_SWAP_2022,.context.management_scale.county,"Conservation of Aquatic Systems and Riparian Areas, Ch. 7",1,TRUE,TRUE,"Pima County protects riparian habitat for future generations by ensuring the long-term stability of natural floodplains, allowing for the survival of native plants and animals"
AZ_SWAP_2022,.context.management_scale.within_state_region,"Habitat Shifts and Ecosystem Conversion (TABLE), Ch. 3",1,TRUE,TRUE,"the 'sky islands' of southeastern Arizona are particularly vulnerable to conversion, and in some areas the hotter, drier conditions and intense wildfires are already causing portions of these biodiver"
AZ_SWAP_2022,.context.management_scale.state,What is the Arizona Wildlife Conservation Strategy?,1,TRUE,TRUE,"The AWCS is Arizona's official SWAP for 2022 and, not only features a 10-year strategic plan, but for the first time, this comprehensive statewide conservation strategy will exist in a web-based platf"
AZ_SWAP_2022,.context.management_scale.multistate,"Regional Collaboration, Ch. 2",1,TRUE,TRUE,AZGFD has partnered with our colleagues at the Nevada Department of Wildlife (NDOW) in an attempt to foster development and implementation of a cross-jurisdictional approach to conservation in the wes
AZ_SWAP_2022,.context.management_scale.national,NA,NA,NA,FALSE,
AZ_SWAP_2022,.context.management_scale.national,NA,NA,NA,FALSE,
AZ_SWAP_2022,.context.management_scale.national,NA,NA,NA,FALSE,
AZ_SWAP_2022,.context.management_scale.transnational,"Regional Collaboration, Ch. 2",1,TRUE,TRUE,Identify potential transboundary COAs in our shared landscape and potential collaborative efforts that we can implement as well as other valuable resources
AZ_SWAP_2022,.context.management_scale.ecosystem,"Conservation Actions, Ch. 4",1,TRUE,TRUE,"Landscape-level actions are developed through collaboration with multiple entities and typically implemented over the course of several years. Projects may extend across different habitat types, or in"
AZ_SWAP_2022,.context.management_scale.ecoregion,"Regional and International Conservation Initiatives, Ch. 2",1,TRUE,TRUE,the AWCS will also rely on two other widely-used datasets: Level III Ecoregions (Griffith et al. 2014) and Bird Conservation Regions
AZ_SWAP_2022,.context.management_scale.province,NA,NA,NA,FALSE,
AZ_SWAP_2022,.context.management_scale.province,NA,NA,NA,FALSE,
AZ_SWAP_2022,.context.management_scale.province,NA,NA,NA,FALSE,
AZ_SWAP_2022,.context.management_scale.section,NA,NA,NA,FALSE,
AZ_SWAP_2022,.context.management_scale.section,NA,NA,NA,FALSE,
AZ_SWAP_2022,.context.management_scale.section,NA,NA,NA,FALSE,
AZ_SWAP_2022,.context.management_scale.subsection,NA,NA,NA,FALSE,
AZ_SWAP_2022,.context.management_scale.subsection,NA,NA,NA,FALSE,
AZ_SWAP_2022,.context.management_scale.subsection,NA,NA,NA,FALSE,
AZ_SWAP_2022,.context.management_scale.lake,NA,NA,NA,FALSE,
AZ_SWAP_2022,.context.management_scale.lake,NA,NA,NA,FALSE,
AZ_SWAP_2022,.context.management_scale.lake,NA,NA,NA,FALSE,
AZ_SWAP_2022,.context.management_scale.river,"Changes in Precipitation and Hydrological Regimes, Ch. 3",1,TRUE,TRUE,"A 2014 modeling effort to predict changes to hydrologic connectivity in the Verde River Basin suggested that, 'flowing portions of the river network will diminish between 8% and 20% in spring and earl"
AZ_SWAP_2022,.context.management_scale.district,NA,NA,NA,FALSE,
AZ_SWAP_2022,.context.management_scale.district,NA,NA,NA,FALSE,
AZ_SWAP_2022,.context.management_scale.district,NA,NA,NA,FALSE,
AZ_SWAP_2022,.context.biological_unit_score,What makes the AWCS a comprehensive strategy?,1,TRUE,TRUE,"In following our vision for a comprehensive conservation framework, the AWCS identifies actions benefitting diverse conservation targets, such as individual Species of Greatest Conservation Need (SGCN"
AZ_SWAP_2022,.context.biological_unit_score,"Habitat Shifts and Ecosystem Conversion, Ch. 3",1,TRUE,TRUE,"A changing climate has the potential to greatly alter the delicate relationships between the biotic and abiotic elements in any ecosystem. The result can be ecosystem conversion, where vegetative comm"
AZ_SWAP_2022,.context.biological_unit_components.species,"Conservation in the Context of Climate Change, Lower Sonoran Desertscrub, Ch. 7",1,TRUE,TRUE,Identify populations that could benefit from assisted migrations and/or translocation.
AZ_SWAP_2022,.context.biological_unit_components.population,"Climate Change Adaptation and Mitigation Strategies, Ch. 3",1,TRUE,TRUE,Establish new wild and/or captive populations of climate-vulnerable SGCN Evaluate the need to establish new wild and/or captive populations of SGCN species will ensure persistence of the species.
AZ_SWAP_2022,.context.biological_unit_components.habitat,"Conservation in the Context of Climate Change, Wetlands, Ch. 7",1,TRUE,TRUE,Restore and maintain diverse habitats to support broad species assemblages that account for range shifts.
AZ_SWAP_2022,.context.biological_unit_components.ecosystem,"Habitat Shifts and Ecosystem Conversion, Ch. 3",1,TRUE,TRUE,"A changing climate has the potential to greatly alter the delicate relationships between the biotic and abiotic elements in any ecosystem. The result can be ecosystem conversion, where vegetative comm"
AZ_SWAP_2022,.context.biological_unit_components.community,"Habitat Shifts and Ecosystem Conversion, Ch. 3",1,TRUE,TRUE,leading to replacement of entire wildlife communities.
AZ_SWAP_2022,.context.biological_unit_components.genotype_phenotype,NA,NA,NA,FALSE,
AZ_SWAP_2022,.context.biological_unit_components.genotype_phenotype,NA,NA,NA,FALSE,
AZ_SWAP_2022,.context.biological_unit_components.genotype_phenotype,NA,NA,NA,FALSE,
AZ_SWAP_2022,.context.partnerships_and_funding,Funding for Conservation,1,TRUE,TRUE,The Heritage Fund was created through the efforts of a broad coalition of Arizona citizens. It designates up to $10 million each year from lottery ticket sales that go to support the conservation and 
AZ_SWAP_2022,.context.partnerships_and_funding,"Regional Collaboration, Ch. 2",1,TRUE,TRUE,AZGFD has partnered with our colleagues at the Nevada Department of Wildlife (NDOW) in an attempt to foster development and implementation of a cross-jurisdictional approach to conservation in the wes
AZ_SWAP_2022,.context.partnerships_and_funding,"Case Study: Partnering to Preserve Riparian Habitats Along the Verde River, Ch. 4",0.2672,FALSE,TRUE,"In May 2018, four partners, including Hauser and Hauser Farms, NRCS, AZGFD and The Nature Conservancy (TNC), finalized a voluntary conservation agreement that would prevent future development on appro"
AZ_SWAP_2022,.context.climate_threat_habitat_degradation,"Changes in Precipitation and Hydrological Regimes, Ch. 3",1,TRUE,TRUE,"A long-term trend of dry winters and reduced monsoonal precipitation, combined with increasing water consumption by a growing human population, may cause once-perennial streams to run dry, resulting i"
AZ_SWAP_2022,.context.climate_threat_habitat_degradation,"Alpine Tundra, Ch. 7: Habitat Profiles",1,TRUE,TRUE,climate change could lead to significant reductions in this community due to an upward shift in treeline (Bowman et al. 2002; Tuhy et al. 2002).
AZ_SWAP_2022,.context.climate_threat_species_vital_rates,"Climate Change, Ch. 8: Threats and Conservation Actions (Subalpine Conifer Forests and Alpine Tundra)",0.8101,FALSE,TRUE,"Warmer ambient temperatures may surpass species' temperature tolerances, causing local extinctions or changing the distribution of less heat-tolerant species towards cooler climates."
AZ_SWAP_2022,.context.climate_threat_species_vital_rates,"Ch. 3: Conservation Challenges, Disease section",1,TRUE,TRUE,"Species forced to live outside of their preferred temperature range may be more susceptible to disease, parasites, and pathogens."
AZ_SWAP_2022,.context.climate_threat_biotic_stressors,"Non-native and/or Invasive Plant Species, Ch. 3",1,TRUE,TRUE,"tamarisk has benefited from variability in precipitation and temperature, because it adapts well to warmer and drier conditions associated with climate change."
AZ_SWAP_2022,.context.climate_threat_biotic_stressors,"Ch. 8: Threats and Conservation Actions, Semidesert Grasslands (TABLE)",0.2381,FALSE,TRUE,Phenological changes can result in misalignment in the timing of food resource availability and the arrival of migratory birds.
AZ_SWAP_2022,.actions.priority_habitat_identification,"Element 3, Roadmap to Revise Arizona's Plan, Ch. 5",1,TRUE,TRUE,"More than 400 terrestrial and aquatic COAs are identified in the AWCS, ranging from small stock tanks to entire mountain ranges."
AZ_SWAP_2022,.actions.priority_habitat_identification,Ch. 4: A Comprehensive Conservation Approach,0.7833,FALSE,TRUE,Figure 6: Terrestrial and aquatic COAs identified in the AWCS.
AZ_SWAP_2022,.actions.priority_habitat_identification,"Conserve a variety of habitats, Ch. 3: Climate Change Adaptation and Mitigation Strategies",1,TRUE,TRUE,it will be important to identify and protect climate change refugia to ensure these habitat types persist into the future.
AZ_SWAP_2022,.actions.targeted_range_shift_actions,"Conservation in the Context of Climate Change, Lower Sonoran Desertscrub, Ch. 7",1,TRUE,TRUE,Identify populations that could benefit from assisted migrations and/or translocation.
AZ_SWAP_2022,.actions.targeted_range_shift_actions,"Conservation in the Context of Climate Change, Lower Sonoran Desertscrub, Ch. 7",1,TRUE,TRUE,Identify and improve the connectivity of natural landscapes to better link wildlife populations and allow for range shifts.
AZ_SWAP_2022,.actions.time_bound_and_monitoring,"Element 6, Roadmap to Revise Arizona's Plan, Ch. 5",0.9231,TRUE,TRUE,AZGFD is fully committed to reviewing this document as required by USFWS guidelines and performing a full review and revision as needed by 2032
AZ_SWAP_2022,.actions.time_bound_and_monitoring,"Conservation in the Context of Climate Change, multiple habitat profiles, Ch. 7",1,TRUE,TRUE,Implement long-term monitoring protocols for vulnerable species and habitats to inform adaptive management.
AZ_SWAP_2022,.actions.evidence_of_efficacy,"Invasive and Problematic Species and Genes, Ch. 3",1,TRUE,TRUE,Efforts to remove bullfrogs from habitats where Chiricahua leopard frogs occur or will be introduced is an AZGFD management strategy that has been effective in several large landscapes in southeastern
AZ_SWAP_2022,.actions.evidence_of_efficacy,"Case Study: Collaborating for Water Conservation, Ch. 3",0.992,TRUE,TRUE,"By converting 100 acres of high-water-use crop to a low-water-use native grass pasture, more than 700 million gallons of water (approximately 2,000 acre-feet) have remained in the river system over th"
AZ_SWAP_2022,.actions.adaptation_planning_frameworks,"Forests and Woodlands, Ch. 3: Conservation Challenges",1,TRUE,TRUE,Resistance: Actions that attempt to preserve existing ecosystems (i.e. forest thinning); Recovery: Actions intended to reestablish vegetation types that existed previously (i.e. replanting); Reorganiz
AZ_SWAP_2022,.actions.adaptation_planning_frameworks,"Climate Change Adaptation and Mitigation Strategies, Ch. 3",1,TRUE,TRUE,These strategies were adapted from guidelines by the Association of Fish & Wildlife Agencies (AFWA 2009). Recommendations for implementing these climate change adaptation and mitigation strategies can
AZ_SWAP_2022,.actions.adaptation_planning_frameworks,Element 6. Procedures for Updating this Plan,1,TRUE,TRUE,"an important part of wildlife conservation is adaptive management, or the ability to alter management plans as situations change."
AmericanSamoa_CWCS_2018,.concepts.climate_vulnerability,EXECUTIVE SUMMARY,1,TRUE,TRUE,The impacts of global climate change are increasingly important and its impact needs to be assessed in terms of the vulnerabilities of terrestrial and marine wildlife.
AmericanSamoa_CWCS_2018,.concepts.climate_vulnerability,MARINE CONSERVATION THREATS,1,TRUE,TRUE,"In effect, the predicted global changes in climate will lead to drastic physical and chemical changes especially in the coastal marine environment to conditions the species were not originally adapted"
AmericanSamoa_CWCS_2018,.concepts.climate_vulnerability,EXECUTIVE SUMMARY,1,TRUE,TRUE,"The combination of small land mass, isolation from other faunal communities, occurrence of catastrophic natural forces, and a burgeoning human population render the islands' wildlife particularly vuln"
AmericanSamoa_CWCS_2018,.concepts.adaptive_capacity_specificity,DEFINING SPECIES OF GREATEST CONSERVATION NEED,1,TRUE,TRUE,"Species near range boundaries are predicted to be more sensitive to habitat loss, and species with broad diets and habitat breadth less so (Swihart et al. 2003)."
AmericanSamoa_CWCS_2018,.concepts.adaptive_capacity_components.demography,NA,NA,NA,FALSE,
AmericanSamoa_CWCS_2018,.concepts.adaptive_capacity_components.demography,NA,NA,NA,FALSE,
AmericanSamoa_CWCS_2018,.concepts.adaptive_capacity_components.demography,NA,NA,NA,FALSE,
AmericanSamoa_CWCS_2018,.concepts.adaptive_capacity_components.distribution,MARINE CONSERVATION THREATS,1,TRUE,TRUE,These changes will impact thermal tolerance of different life stages of marine organisms and their distribution.
AmericanSamoa_CWCS_2018,.concepts.adaptive_capacity_components.movement,EXECUTIVE SUMMARY,1,TRUE,TRUE,"The combination of small land mass, isolation from other faunal communities, occurrence of catastrophic natural forces, and a burgeoning human population render the islands' wildlife particularly vuln"
AmericanSamoa_CWCS_2018,.concepts.adaptive_capacity_components.evolutionary_potential,NA,NA,NA,FALSE,
AmericanSamoa_CWCS_2018,.concepts.adaptive_capacity_components.evolutionary_potential,NA,NA,NA,FALSE,
AmericanSamoa_CWCS_2018,.concepts.adaptive_capacity_components.evolutionary_potential,NA,NA,NA,FALSE,
AmericanSamoa_CWCS_2018,.concepts.adaptive_capacity_components.ecological_dependencies,NA,NA,NA,FALSE,
AmericanSamoa_CWCS_2018,.concepts.adaptive_capacity_components.ecological_dependencies,NA,NA,NA,FALSE,
AmericanSamoa_CWCS_2018,.concepts.adaptive_capacity_components.ecological_dependencies,NA,NA,NA,FALSE,
AmericanSamoa_CWCS_2018,.concepts.adaptive_capacity_components.abiotic_niche,DEFINING SPECIES OF GREATEST CONSERVATION NEED,1,TRUE,TRUE,"Species near range boundaries are predicted to be more sensitive to habitat loss, and species with broad diets and habitat breadth less so (Swihart et al. 2003)."
AmericanSamoa_CWCS_2018,.concepts.adaptive_capacity_components.life_history,NA,NA,NA,FALSE,
AmericanSamoa_CWCS_2018,.concepts.adaptive_capacity_components.life_history,NA,NA,NA,FALSE,
AmericanSamoa_CWCS_2018,.concepts.adaptive_capacity_components.life_history,NA,NA,NA,FALSE,
AmericanSamoa_CWCS_2018,.concepts.connectivity,MESOPHOTIC REEFS,1,TRUE,TRUE,An understanding of mesophotic reefs is important since these ecosystems may serve as refugia and larval source for the shallow ecosystems (Glynn 1996; Reigl and Piller 2003). Mesophotic coral reefs w
AmericanSamoa_CWCS_2018,.tools.vulnerability_models,MARINE CONSERVATION THREATS,1,TRUE,TRUE,There has been no formal vunerability assessment of the Territory's coral reefs to global climate change nor predictive studies on the impact of such changes and this is a priority research area that 
AmericanSamoa_CWCS_2018,.tools.niche_models,MAPPING OF WILDLIFE HABITAT IN AMERICAN SAMOA,1,TRUE,TRUE,"Habitat maps provide biologists with the ability to spatially quantify wildlife habitat, and to monitor habitat quality and land use change. Further, they can facilitate the inventory and monitoring o"
AmericanSamoa_CWCS_2018,.tools.climate_models,THREATS (hard corals section),1,TRUE,TRUE,"Based on current models, global annual mean ocean surface temperatures will likely increase by approximately 0.4-1 °C by 2030, approximately 0.7-2 °C by 2060, and approximately 2-5 °C by 2081-2100 (IP"
AmericanSamoa_CWCS_2018,.tools.connectivity_models,NA,NA,NA,FALSE,
AmericanSamoa_CWCS_2018,.tools.connectivity_models,NA,NA,NA,FALSE,
AmericanSamoa_CWCS_2018,.tools.connectivity_models,NA,NA,NA,FALSE,
AmericanSamoa_CWCS_2018,.context.management_scale.local,CONSERVATION PRIORITIES (terrestrial habitats),1,TRUE,TRUE,DMWR is currently working with the land owners of the Naumati Forest and Olovalu Crater for long term protection of these critica wildlife habitat resources.
AmericanSamoa_CWCS_2018,.context.management_scale.site,CONSERVATION PRIORITIES (Marine Habitats) figure caption,0.2857,FALSE,TRUE,There are already several initiatives that protect the coral reef habitats in the Territory in the form of managed areas. Marine protected area programs include the Department of Commerce Special Mana
AmericanSamoa_CWCS_2018,.context.management_scale.watershed,NA,NA,NA,FALSE,
AmericanSamoa_CWCS_2018,.context.management_scale.watershed,NA,NA,NA,FALSE,
AmericanSamoa_CWCS_2018,.context.management_scale.watershed,NA,NA,NA,FALSE,
AmericanSamoa_CWCS_2018,.context.management_scale.city,NA,NA,NA,FALSE,
AmericanSamoa_CWCS_2018,.context.management_scale.city,NA,NA,NA,FALSE,
AmericanSamoa_CWCS_2018,.context.management_scale.city,NA,NA,NA,FALSE,
AmericanSamoa_CWCS_2018,.context.management_scale.county,NA,NA,NA,FALSE,
AmericanSamoa_CWCS_2018,.context.management_scale.county,NA,NA,NA,FALSE,
AmericanSamoa_CWCS_2018,.context.management_scale.county,NA,NA,NA,FALSE,
AmericanSamoa_CWCS_2018,.context.management_scale.within_state_region,NA,NA,NA,FALSE,
AmericanSamoa_CWCS_2018,.context.management_scale.within_state_region,NA,NA,NA,FALSE,
AmericanSamoa_CWCS_2018,.context.management_scale.within_state_region,NA,NA,NA,FALSE,
AmericanSamoa_CWCS_2018,.context.management_scale.state,FOCUS AND SCOPE,1,TRUE,TRUE,The American Samoa Comprehensive Wildlife Conservation Strategy (CWCS) is the Territory's's blueprint for conservation. It embodies the Territory's vision and the roadmap of wildlife conservation for 
AmericanSamoa_CWCS_2018,.context.management_scale.multistate,NA,NA,NA,FALSE,
AmericanSamoa_CWCS_2018,.context.management_scale.multistate,NA,NA,NA,FALSE,
AmericanSamoa_CWCS_2018,.context.management_scale.multistate,NA,NA,NA,FALSE,
AmericanSamoa_CWCS_2018,.context.management_scale.national,NA,NA,NA,FALSE,
AmericanSamoa_CWCS_2018,.context.management_scale.national,NA,NA,NA,FALSE,
AmericanSamoa_CWCS_2018,.context.management_scale.national,NA,NA,NA,FALSE,
AmericanSamoa_CWCS_2018,.context.management_scale.transnational,1) LOCAL AND REGIONAL COOPERATIVE INITIATIVES,1,TRUE,TRUE,"Regional linkages and participatory mechanisms will be particularly germane for conduct of scientific studies, monitoring programs, and protection of species that are common among countries (e.g., sha"
AmericanSamoa_CWCS_2018,.context.management_scale.ecosystem,Marine invertebrates' general conservation priorities,1,TRUE,TRUE,This plan will continue to support an ecosystem or ridge-to-reef approach to conservation and management of marine protected areas that are already in place in the Territory.
AmericanSamoa_CWCS_2018,.context.management_scale.ecoregion,THE FAUNA: AN OVERVIEW OF THE CONSERVATION THREATS AND THE IMPACTS ON WILDLIFE,1,TRUE,TRUE,"American Samoa's marine fauna is grouped within the Central Polynesia ecoregion, the ecoregion that includes the Line Islands, Phoenix Island, Tokelau, Northern Cook Islands and the Samoan Islands (Sp"
AmericanSamoa_CWCS_2018,.context.management_scale.province,NA,NA,NA,FALSE,
AmericanSamoa_CWCS_2018,.context.management_scale.province,NA,NA,NA,FALSE,
AmericanSamoa_CWCS_2018,.context.management_scale.province,NA,NA,NA,FALSE,
AmericanSamoa_CWCS_2018,.context.management_scale.section,NA,NA,NA,FALSE,
AmericanSamoa_CWCS_2018,.context.management_scale.section,NA,NA,NA,FALSE,
AmericanSamoa_CWCS_2018,.context.management_scale.section,NA,NA,NA,FALSE,
AmericanSamoa_CWCS_2018,.context.management_scale.subsection,NA,NA,NA,FALSE,
AmericanSamoa_CWCS_2018,.context.management_scale.subsection,NA,NA,NA,FALSE,
AmericanSamoa_CWCS_2018,.context.management_scale.subsection,NA,NA,NA,FALSE,
AmericanSamoa_CWCS_2018,.context.management_scale.lake,NA,NA,NA,FALSE,
AmericanSamoa_CWCS_2018,.context.management_scale.lake,NA,NA,NA,FALSE,
AmericanSamoa_CWCS_2018,.context.management_scale.lake,NA,NA,NA,FALSE,
AmericanSamoa_CWCS_2018,.context.management_scale.river,NA,NA,NA,FALSE,
AmericanSamoa_CWCS_2018,.context.management_scale.river,NA,NA,NA,FALSE,
AmericanSamoa_CWCS_2018,.context.management_scale.river,NA,NA,NA,FALSE,
AmericanSamoa_CWCS_2018,.context.management_scale.district,NA,NA,NA,FALSE,
AmericanSamoa_CWCS_2018,.context.management_scale.district,NA,NA,NA,FALSE,
AmericanSamoa_CWCS_2018,.context.management_scale.district,NA,NA,NA,FALSE,
AmericanSamoa_CWCS_2018,.context.biological_unit_score,MARINE CONSERVATION THREATS,1,TRUE,TRUE,These changes will impact thermal tolerance of different life stages of marine organisms and their distribution.
AmericanSamoa_CWCS_2018,.context.biological_unit_score,CONSERVATION PRIORITIES (Marine Habitats),1,TRUE,TRUE,It is important to identify coral reef ecosystems resilient to current and predicted threats. Our conservation priority is to conduct and support various climate change vulnerability assessments to id
AmericanSamoa_CWCS_2018,.context.biological_unit_components.species,MARINE CONSERVATION THREATS,1,TRUE,TRUE,These changes will impact thermal tolerance of different life stages of marine organisms and their distribution.
AmericanSamoa_CWCS_2018,.context.biological_unit_components.population,NA,NA,NA,FALSE,
AmericanSamoa_CWCS_2018,.context.biological_unit_components.population,NA,NA,NA,FALSE,
AmericanSamoa_CWCS_2018,.context.biological_unit_components.population,NA,NA,NA,FALSE,
AmericanSamoa_CWCS_2018,.context.biological_unit_components.habitat,MARINE CONSERVATION THREATS,1,TRUE,TRUE,The general end result of these predicted changes is loss of coral reefs and decreased availability of fisheries.
AmericanSamoa_CWCS_2018,.context.biological_unit_components.ecosystem,CONSERVATION PRIORITIES (Marine Habitats),1,TRUE,TRUE,It is important to identify coral reef ecosystems resilient to current and predicted threats. Our conservation priority is to conduct and support various climate change vulnerability assessments to id
AmericanSamoa_CWCS_2018,.context.biological_unit_components.community,NA,NA,NA,FALSE,
AmericanSamoa_CWCS_2018,.context.biological_unit_components.community,NA,NA,NA,FALSE,
AmericanSamoa_CWCS_2018,.context.biological_unit_components.community,NA,NA,NA,FALSE,
AmericanSamoa_CWCS_2018,.context.biological_unit_components.genotype_phenotype,NA,NA,NA,FALSE,
AmericanSamoa_CWCS_2018,.context.biological_unit_components.genotype_phenotype,NA,NA,NA,FALSE,
AmericanSamoa_CWCS_2018,.context.biological_unit_components.genotype_phenotype,NA,NA,NA,FALSE,
AmericanSamoa_CWCS_2018,.context.partnerships_and_funding,1) LOCAL AND REGIONAL COOPERATIVE INITIATIVES,1,TRUE,TRUE,"DMWR currently participates in a number of Territorial multi-agency boards and committees, such as the PNRS, the Soil and Water Conservation District Board, ASIST, ASCC-Land Grant's Forest Stewardship"
AmericanSamoa_CWCS_2018,.context.climate_threat_habitat_degradation,MARINE CONSERVATION THREATS,1,TRUE,TRUE,"Coral mortality and reef loss has been attributed to sedimentation, severe storms, predation and global climate change."
AmericanSamoa_CWCS_2018,.context.climate_threat_species_vital_rates,THREATS (hard corals section),1,TRUE,TRUE,"In addition to coral bleaching, ocean warming has been documented to lead to impaired fertilization, developmental abnormalities, mortality, impaired settlement success, and impaired calcification of "
AmericanSamoa_CWCS_2018,.context.climate_threat_biotic_stressors,THREATS (hard corals section),1,TRUE,TRUE,Increased seawater temperature can lower resistance to coral diseases and reduce coral health and survivorship. Coral disease outbreaks often have either accompanied or immediately followed bleaching 
AmericanSamoa_CWCS_2018,.actions.priority_habitat_identification,HABITAT STATUS AND PROGNOSIS,1,TRUE,TRUE,four critical habitat types are defined and designated priority conservation areas fitting these habitat types are indicated in Figure 4.
AmericanSamoa_CWCS_2018,.actions.priority_habitat_identification,CONSERVATION PRIORITIES (Marine Habitats),1,TRUE,TRUE,It is important to identify coral reef ecosystems resilient to current and predicted threats. Our conservation priority is to conduct and support various climate change vulnerability assessments to id
AmericanSamoa_CWCS_2018,.actions.targeted_range_shift_actions,NA,NA,NA,FALSE,
AmericanSamoa_CWCS_2018,.actions.targeted_range_shift_actions,NA,NA,NA,FALSE,
AmericanSamoa_CWCS_2018,.actions.targeted_range_shift_actions,NA,NA,NA,FALSE,
AmericanSamoa_CWCS_2018,.actions.time_bound_and_monitoring,CWCS REVISION,1,TRUE,TRUE,"DMWR views the CWCS as a living document which will be continually updated as new information becomes available, studies and species assesments are completed, and emerging threats are identified. Form"
AmericanSamoa_CWCS_2018,.actions.evidence_of_efficacy,Marine invertebrates' general conservation priorities,1,TRUE,TRUE,Hatcheries for giant clams have been developed in several sites in the Pacific and re-stocking of hatchery-produced giant clams have been successful.
AmericanSamoa_CWCS_2018,.actions.evidence_of_efficacy,Marine invertebrates' general conservation priorities,1,TRUE,TRUE,We have already adapted this technology to a limited extent in the Territory and propose to expand the implementation.
AmericanSamoa_CWCS_2018,.actions.adaptation_planning_frameworks,1) LOCAL AND REGIONAL COOPERATIVE INITIATIVES,1,TRUE,TRUE,"DMWR currently participates in a number of Territorial multi-agency boards and committees, such as the PNRS, the Soil and Water Conservation District Board, ASIST, ASCC-Land Grant's Forest Stewardship"
CA_SWAP_2025,.concepts.climate_vulnerability,"Section 2.5.3, Vulnerability",1,TRUE,TRUE,"Vulnerability to climate change can be defined as the degree to which a system is exposed to, sensitive to, and able to adapt to, the effects of change. Vulnerability assessments are an important tool"
CA_SWAP_2025,.concepts.climate_vulnerability,"Section 2.5.3, Vulnerability",1,TRUE,TRUE,"the intrinsic sensitivity of a given species and/or its habitat to climate exposure and related stresses, the adaptive capacity of species and habitat to these effects, and other existing environmenta"
CA_SWAP_2025,.concepts.climate_vulnerability,"Section 2.5.3, Vulnerability",1,TRUE,TRUE,Climate exposure is one component of overall climate vulnerability and provides insight into where the climate is expected to change most drastically compared to the climate that is historically exper
CA_SWAP_2025,.concepts.adaptive_capacity_specificity,"Section 2.5.3, Vulnerability",0.3841,FALSE,TRUE,Species with low adaptive capacity such as those with specialized habitat needs or limited dispersal ability face higher vulnerability to these changes
CA_SWAP_2025,.concepts.adaptive_capacity_specificity,"Section 2.5.1, Wildlife Health",0.98,TRUE,TRUE,"genetic diversity, habitat fragmentation and/or degradation, climate change and other anthropogenic stressors - these all influence how vulnerable or resilient an individual or population is to a path"
CA_SWAP_2025,.concepts.adaptive_capacity_components.demography,"Section 2.1, A Golden Bat for the Golden State",1,TRUE,TRUE,"Bats are long-lived and have low reproductive rates, living up to 40 years but typically giving birth to just 1-2 pups per year. Bats are vulnerable to noise and light pollution, habitat loss, climate"
CA_SWAP_2025,.concepts.adaptive_capacity_components.distribution,"Section 2.5.3, Species Movement and Changing Community Composition",1,TRUE,TRUE,"species may need to either shift within their existing ranges and/or shift their geographic range in response to climate change. These shifts may occur towards higher latitudes, higher elevations, coo"
CA_SWAP_2025,.concepts.adaptive_capacity_components.movement,"Section 2.5.3, Vulnerability",0.3841,FALSE,TRUE,Species with low adaptive capacity such as those with specialized habitat needs or limited dispersal ability face higher vulnerability to these changes
CA_SWAP_2025,.concepts.adaptive_capacity_components.movement,"Appendix H, Wildlife Connectivity Background",1,TRUE,TRUE,"climate change, which is shifting habitat ranges for many species and exposing others to new threats (e.g., drought, catastrophic wildfires), compounds the need for connectivity as species migrate to "
CA_SWAP_2025,.concepts.adaptive_capacity_components.evolutionary_potential,"Section 2.5.1, Change in Biotic Interactions and Habitat Fragmentation",1,TRUE,TRUE,"Habitat fragmentation inhibits the movement of individuals travelling between separate populations. This reduced movement leads to inbreeding, which reduces genetic diversity and a population's abilit"
CA_SWAP_2025,.concepts.adaptive_capacity_components.ecological_dependencies,"Section 2.5.3, Changing Phenology",1,TRUE,TRUE,"Changes in the timing of seasonal life-cycle events (i.e. phenology) can lead to mismatches in the timing of migration, breeding, pollination, and food availability"
CA_SWAP_2025,.concepts.adaptive_capacity_components.abiotic_niche,"Section 2.5.3, Physiological Stress",1,TRUE,TRUE,Temperature-sensitive terrestrial plant and animal species will be exposed to thermal stress as a result of warmer temperatures and the amount of additional warming and associated thermal stress may e
CA_SWAP_2025,.concepts.adaptive_capacity_components.life_history,"Section 2.5.3, Species Movement and Changing Community Composition",1,TRUE,TRUE,"depending upon interactions with precipitation, topography and soils, and species behavioral and life history characteristics"
CA_SWAP_2025,.concepts.connectivity,"Appendix H, Wildlife Connectivity Background",1,TRUE,TRUE,"climate change, which is shifting habitat ranges for many species and exposing others to new threats (e.g., drought, catastrophic wildfires), compounds the need for connectivity as species migrate to "
CA_SWAP_2025,.concepts.connectivity,"Appendix H, Connectivity Work at CDFW",1,TRUE,TRUE,"Linkages that could facilitate range shifts due to climate change, including areas that connect lower to higher elevations or connect to northern habitats"
CA_SWAP_2025,.concepts.connectivity,"Section 3.2.1, Climate Change Data and Support Tools",1,TRUE,TRUE,"some of the regional linkage studies mentioned above include climate-informed linkages, which identify areas important to support species movement across the landscape in response to changing climate "
CA_SWAP_2025,.tools.vulnerability_models,"Section 2.2, Criterion 3",0.9074,TRUE,TRUE,"For mammals, birds, and reptiles and amphibians, species were listed as climate vulnerable if they occur within a macrogroup that has been identified as highly vulnerable to climate change (Thorne et "
CA_SWAP_2025,.tools.vulnerability_models,"Section 2.5.3, Vulnerability",1,TRUE,TRUE,"A 2016 assessment completed by UC Davis examined the climate vulnerability of California's terrestrial vegetation at the macrogroup level, consistent with the terrestrial conservation targets identifi"
CA_SWAP_2025,.tools.vulnerability_models,"Section 2.2, Birds",1,TRUE,TRUE,Species identified as Climate Priority I or Climate Priority II in A Climate Change Vulnerability Assessment of California's At-Risk Birds (Gardali et al. 2012) are included as SGCN under Criterion 3
CA_SWAP_2025,.tools.niche_models,"Section 3.2.1, RADMAP",0.2831,FALSE,TRUE,"The Range and Distribution Mapping and Analysis Project (RADMAP) identifies, develops, and maintains species habitat models and range maps for use in conservation decision making, with a focus on impe"
CA_SWAP_2025,.tools.niche_models,"Section 2.2, Amphibians and Reptiles, Criterion 3",1,TRUE,TRUE,90-100 percent of the (sub)species' currently occupied localities were predicted to decline in suitability by 2050 (Warren et al. 2014)
CA_SWAP_2025,.tools.climate_models,"Section 2.5.2, Temperature",1,TRUE,TRUE,"Statewide, annual average maximum temperature is expected to increase roughly 5.5°F by mid-century (a 30-year period from 2035-2064) and 9°F by end-of-century (2070-2099) under a high-end emissions sc"
CA_SWAP_2025,.tools.climate_models,"Section 5.4.5, Wildfire Risk",1,TRUE,TRUE,"Annual area burned across the footprint of this province is expected to increase by approximately 57% by mid-century and 51% by the end of the century under a high-end emissions scenario, compared to "
CA_SWAP_2025,.tools.climate_models,"Section 5.3, Climate Change – Temperature and Precipitation",1,TRUE,TRUE,Projections were generated based on a high-end greenhouse gas emissions scenario (RCP 8.5) and multiple climate models
CA_SWAP_2025,.tools.connectivity_models,"Appendix H, Terrestrial Habitat Connectivity Map",1,TRUE,TRUE,"The Nature Conservancy's Omniscape. Hexagons are then assigned to one of five ACE connectivity classes and accompanying ranks, indicating the relative importance of each area to providing opportunitie"
CA_SWAP_2025,.tools.connectivity_models,"Section 3.2.1, California Terrestrial Habitat Connectivity Map",1,TRUE,TRUE,"CDFW and partners have been working to develop regional, fine-scale connectivity analyses to identify important core areas and linkages for focal species. As of 2024, these regional analyses have been"
CA_SWAP_2025,.tools.connectivity_models,"Appendix H, History of the Terrestrial Habitat Connectivity Map",0.3099,FALSE,TRUE,"In 2018, the California Biodiversity Initiative A Roadmap for Protecting the State's Natural Heritage directed CDFW to develop an updated statewide habitat connectivity map. To accomplish this, CDFW c"
CA_SWAP_2025,.context.management_scale.local,NA,NA,NA,FALSE,
CA_SWAP_2025,.context.management_scale.local,NA,NA,NA,FALSE,
CA_SWAP_2025,.context.management_scale.local,NA,NA,NA,FALSE,
CA_SWAP_2025,.context.management_scale.site,"Appendix H, Fine-scale Connectivity Models",0.837,FALSE,TRUE,"CDFW is developing regional, fine-scale connectivity models to identify focal species-based habitat linkages in each region of the state"
CA_SWAP_2025,.context.management_scale.watershed,SWAP 2025 Conservation Strategy Categories,1,TRUE,TRUE,"Target conservation actions at both landscape and watershed scales and at more local scales, based on identified desired features and attributes (N)"
CA_SWAP_2025,.context.management_scale.city,NA,NA,NA,FALSE,
CA_SWAP_2025,.context.management_scale.city,NA,NA,NA,FALSE,
CA_SWAP_2025,.context.management_scale.city,NA,NA,NA,FALSE,
CA_SWAP_2025,.context.management_scale.county,NA,NA,NA,FALSE,
CA_SWAP_2025,.context.management_scale.county,NA,NA,NA,FALSE,
CA_SWAP_2025,.context.management_scale.county,NA,NA,NA,FALSE,
CA_SWAP_2025,.context.management_scale.within_state_region,"Appendix H, Fine-scale Connectivity Models",1,TRUE,TRUE,"As of 2024, these regional analyses cover approximately 60% of the state, including regions such as the San Francisco Bay area, California desert, Central Valley, Modoc Plateau, south coast, and the p"
CA_SWAP_2025,.context.management_scale.state,"Appendix H, Modeling and Mapping",1,TRUE,TRUE,Compilation of existing habitat linkage data from multiple sources across the state into a single Statewide Terrestrial Habitat Connectivity map
CA_SWAP_2025,.context.management_scale.multistate,"Appendix H, Fine-scale Connectivity Models (paraphrase of referenced context)",0.3778,FALSE,TRUE,The Cascades constitute a critical pathway for climate connectivity at a continental scale
CA_SWAP_2025,.context.management_scale.national,NA,NA,NA,FALSE,
CA_SWAP_2025,.context.management_scale.national,NA,NA,NA,FALSE,
CA_SWAP_2025,.context.management_scale.national,NA,NA,NA,FALSE,
CA_SWAP_2025,.context.management_scale.transnational,NA,NA,NA,FALSE,
CA_SWAP_2025,.context.management_scale.transnational,NA,NA,NA,FALSE,
CA_SWAP_2025,.context.management_scale.transnational,NA,NA,NA,FALSE,
CA_SWAP_2025,.context.management_scale.ecosystem,"Appendix H, Wildlife Connectivity Background",1,TRUE,TRUE,Improving habitat connectivity and wildlife corridors through a mosaic of natural and developed areas is critical to conserving California's biodiversity and ecosystem resiliency now and into the futu
CA_SWAP_2025,.context.management_scale.ecoregion,"Section 1.4, Conservation Targets",1,TRUE,TRUE,SWAP 2025 uses 19 sections described in Bailey (1976) as the ecoregions for SWAP 2025
CA_SWAP_2025,.context.management_scale.province,Chapter 5 introduction,1,TRUE,TRUE,"SWAP 2025 uses three geographic scales to organize California's terrestrial, freshwater aquatic, and marine ecosystems: provincial scale, regional conservation units, and local communities/habitats"
CA_SWAP_2025,.context.management_scale.section,"Section 1.4, Conservation Targets",1,TRUE,TRUE,Terrestrial 'ecoregions' are defined as 'sections' in the Bailey (1995) nomenclature; these are subdivisions of provinces based on major terrain features
CA_SWAP_2025,.context.management_scale.subsection,NA,NA,NA,FALSE,
CA_SWAP_2025,.context.management_scale.subsection,NA,NA,NA,FALSE,
CA_SWAP_2025,.context.management_scale.subsection,NA,NA,NA,FALSE,
CA_SWAP_2025,.context.management_scale.lake,NA,NA,NA,FALSE,
CA_SWAP_2025,.context.management_scale.lake,NA,NA,NA,FALSE,
CA_SWAP_2025,.context.management_scale.lake,NA,NA,NA,FALSE,
CA_SWAP_2025,.context.management_scale.river,NA,NA,NA,FALSE,
CA_SWAP_2025,.context.management_scale.river,NA,NA,NA,FALSE,
CA_SWAP_2025,.context.management_scale.river,NA,NA,NA,FALSE,
CA_SWAP_2025,.context.management_scale.district,NA,NA,NA,FALSE,
CA_SWAP_2025,.context.management_scale.district,NA,NA,NA,FALSE,
CA_SWAP_2025,.context.management_scale.district,NA,NA,NA,FALSE,
CA_SWAP_2025,.context.biological_unit_score,"Section 2.5.3, Species Movement and Changing Community Composition",1,TRUE,TRUE,species may need to either shift within their existing ranges and/or shift their geographic range in response to climate change
CA_SWAP_2025,.context.biological_unit_score,"Section 2.5.3, Species Movement and Changing Community Composition",1,TRUE,TRUE,"Species migration/movement and invasions, along with changes in behavior of climate-sensitive species, will alter species interactions and community dynamics"
CA_SWAP_2025,.context.biological_unit_components.species,"Section 2.5.3, Species Movement and Changing Community Composition",1,TRUE,TRUE,"species may need to either shift within their existing ranges and/or shift their geographic range in response to climate change. These shifts may occur towards higher latitudes, higher elevations, coo"
CA_SWAP_2025,.context.biological_unit_components.population,"Section 2.2, Mammals, Criterion 3",1,TRUE,TRUE,for which all MSSC expert reviewers agreed that climate change may have or is strongly suspected to have adverse effects on population or range size
CA_SWAP_2025,.context.biological_unit_components.habitat,"Section 2.5.3, Changing Habitat Availability and Access",1,TRUE,TRUE,Accelerating sea level rise may result in the loss of substantial areas of important habitat for a variety of coastal species
CA_SWAP_2025,.context.biological_unit_components.ecosystem,"Section 2.5.3, Vulnerability",1,TRUE,TRUE,"A 2016 assessment completed by UC Davis examined the climate vulnerability of California's terrestrial vegetation at the macrogroup level, consistent with the terrestrial conservation targets identifi"
CA_SWAP_2025,.context.biological_unit_components.community,"Section 2.5.3, Species Movement and Changing Community Composition",1,TRUE,TRUE,"Species migration/movement and invasions, along with changes in behavior of climate-sensitive species, will alter species interactions and community dynamics; these changes may have negative effects o"
CA_SWAP_2025,.context.biological_unit_components.genotype_phenotype,NA,NA,NA,FALSE,
CA_SWAP_2025,.context.biological_unit_components.genotype_phenotype,NA,NA,NA,FALSE,
CA_SWAP_2025,.context.biological_unit_components.genotype_phenotype,NA,NA,NA,FALSE,
CA_SWAP_2025,.context.partnerships_and_funding,"Section 3.4.1, State Wildlife Grant Program",1,TRUE,TRUE,"An estimated ~$3 million/year is allocated to California to implement its SWAP through the SWG Program. To implement SWAP's strategies, CDFW fish and wildlife program managers meet annually to identif"
CA_SWAP_2025,.context.partnerships_and_funding,"Appendix H, Fine-scale Connectivity Models",1,TRUE,TRUE,"CDFW, along with partners including Science and Collaboration for Connected Wildlands and the Conservation Biology Institute, have completed several fine-scale connectivity analyses to identify import"
CA_SWAP_2025,.context.partnerships_and_funding,Appendix H / Appendix I figure text,0.5795,FALSE,TRUE,"In 2023, CDFW established the Wildlife Connectivity Unit to prioritize and support connectivity. CDFW efforts include identifying areas where wildlife connectivity is impacted... CDFW launched a suite"
CA_SWAP_2025,.context.climate_threat_habitat_degradation,"Section 2.5.1, Fire and Fire Suppression",1,TRUE,TRUE,"Fuel load buildup, compounded with reoccurring periods of drought exacerbated by increasing temperatures due to climate change, and increased development in the wildlife urban interface (WUI), has alt"
CA_SWAP_2025,.context.climate_threat_habitat_degradation,"Section 2.5.3, Changing Habitat Availability and Access",1,TRUE,TRUE,"Accelerating sea level rise may result in the loss of substantial areas of important habitat for a variety of coastal species. For example, coastal marshes are often constrained by deep water on one s"
CA_SWAP_2025,.context.climate_threat_habitat_degradation,"Section 2.5.3, Changing Habitat Availability and Access",1,TRUE,TRUE,"sea level rise will result in increased saltwater intrusion into freshwater resources near the coast, resulting in habitat loss for some freshwater species"
CA_SWAP_2025,.context.climate_threat_species_vital_rates,"Section 2.5.1, Wildfire Risk",1,TRUE,TRUE,Fire activity in 2020-2021 alone resulted in over 500 vertebrate species experiencing fire within their ranges (Ayars et al. 2023)
CA_SWAP_2025,.context.climate_threat_species_vital_rates,"Section 2.5.1, Ocean Temperature and Chemistry",0.9851,TRUE,TRUE,This marine heatwave had devastating effects on marine species and commercial fisheries (Rogers-Bennett and Catton 2019; Free et al. 2023)
CA_SWAP_2025,.context.climate_threat_biotic_stressors,"Section 2.5.3, Spread of Invasive Species, Pests, Pathogens, and Disease",1,TRUE,TRUE,"The problem of invasive species is likely to become more challenging in the future in both aquatic and terrestrial ecosystems, as climatic changes may favor the spread of these species. Invasive speci"
CA_SWAP_2025,.context.climate_threat_biotic_stressors,"Section 2.5.3, Spread of Invasive Species, Pests, Pathogens, and Disease",1,TRUE,TRUE,bark beetle populations have decimated tree species in California forests due to a newfound ability to survive milder minimum temperatures that occur with climate change
CA_SWAP_2025,.context.climate_threat_biotic_stressors,"Section 2.5.3, Changing Phenology",1,TRUE,TRUE,"Changes in the timing of seasonal life-cycle events (i.e. phenology) can lead to mismatches in the timing of migration, breeding, pollination, and food availability"
CA_SWAP_2025,.actions.priority_habitat_identification,"Section 3.2.1, Climate Change Data and Support Tools",1,TRUE,TRUE,"ACE tool includes data on terrestrial resilience to climate change to identify areas that may serve as climate refugia in the future, based on an assessment of predicted resiliency of vegetative commu"
CA_SWAP_2025,.actions.priority_habitat_identification,"Appendix H, Terrestrial Habitat Connectivity Map",0.7149,FALSE,TRUE,"The Statewide Terrestrial Connectivity map, part of the CDFW Areas of Conservation Emphasis (ACE) project, presents a high-level view of connectivity across the state ... climate resilient corridors a"
CA_SWAP_2025,.actions.priority_habitat_identification,"Section 5.6, Western Joshua Tree Conservation Plan",1,TRUE,TRUE,"Within the focus area, conservation management units are identified. These management units are based on climate, habitat quality, existing management authorities, and land ownership"
CA_SWAP_2025,.actions.targeted_range_shift_actions,SWAP 2025 Conservation Strategy Categories / Appendix F,1,TRUE,TRUE,"Act to facilitate species' and systems' ability to shift in space, tracking suitable climate conditions across the landscape, as appropriate (N)"
CA_SWAP_2025,.actions.targeted_range_shift_actions,"Section 5.5, South Coast Province, Target: American Southwest Riparian Forest and Woodland",1,TRUE,TRUE,"Identify, prioritize, protect, and manage wildlife corridors necessary to complete regional protected area networks across the entire region to facilitate the movement of native species whose distribu"
CA_SWAP_2025,.actions.time_bound_and_monitoring,"Section 6, Sacramento-San Joaquin River Salmonid Ecoregion Conservation Targets",1,TRUE,TRUE,"Establish biological production goals for each species, coupled with specific, measurable, achievable, realistic, and time bound (i.e., SMART) ecological objectives, prioritized restoration actions, f"
CA_SWAP_2025,.actions.time_bound_and_monitoring,"Appendix H, Connectivity Work at CDFW",1,TRUE,TRUE,The WCU will also work on securing internal and external funding to construct wildlife connectivity projects and monitor these projects effectiveness to improve future wildlife connectivity projects
CA_SWAP_2025,.actions.evidence_of_efficacy,"Appendix G, Offshore Islands",1,TRUE,TRUE,"Lessons learned through these successful cooperative efforts described above have been published in scientific journals, textbooks, and popular media to disseminate information on conservation techniq"
CA_SWAP_2025,.actions.evidence_of_efficacy,"Appendix G, Offshore Islands",1,TRUE,TRUE,"Most of the introduced vertebrates were successfully removed from the Farallon and Channel Islands over the past four decades, and island fox populations, as well as populations of other native animal"
CA_SWAP_2025,.actions.adaptation_planning_frameworks,"Section 3.2.1, Climate Change Data and Support Tools",0.2814,FALSE,TRUE,Many other tools have been developed by CDFW and others to support the translation of climate science into conservation applications. See CDFW's climate change website for additional information... su
CA_SWAP_2025,.actions.adaptation_planning_frameworks,"Appendix F, Climate Adaptation Strategies Cross-Reference Guide",1,TRUE,TRUE,"This appendix illustrates how the conservation strategies in the SWAP (Chapter 4), correspond with state and federal climate adaptation goals and strategies. The California Climate Adaption Strategy ("
CA_SWAP_2025,.actions.adaptation_planning_frameworks,"Appendix F, Climate Adaptation Strategies Cross-Reference Guide",1,TRUE,TRUE,"This cross-reference highlights how implementing specific SWAP conservation strategies may contribute to implementing a state of national climate change goal or strategy, thereby helping to achieve cl"
CNMI_SWAP_2025_draft,.concepts.climate_vulnerability,Species Resiliency Assessment,1,TRUE,TRUE,We employed two methods for conducting the resiliency assessments: NatureServe CCVI 4.0 (Lyons et al. 2024) and the Thomas Framework (Thomas et al. 2011). The NatureServe CCVI 4.0 is an excel based to
CNMI_SWAP_2025_draft,.concepts.climate_vulnerability,Species Resiliency Assessment,1,TRUE,TRUE,"Relative resilience scores, help predict a species ability to adapt to changing environmental conditions -does the species have the natural ability to avoid environmental disturbances; if their curren"
CNMI_SWAP_2025_draft,.concepts.climate_vulnerability,Species Resiliency Assessment,1,TRUE,TRUE,"For our terrestrial species, we used the Climate Change vulnerability Index (CCVI 4.0) Excel-based tool developed by NatureServe. This tooI allowed us to calculate a species vulnerability and resilien"
CNMI_SWAP_2025_draft,.concepts.adaptive_capacity_specificity,Figure 60 caption,0.2802,FALSE,TRUE,"Figure 60. Detailed summary of species resilience assessment based on the seven categories of a species adaptive capacity: Distribution, Movement, Evolutionary Potential, Abiotic Niche, Life History, "
CNMI_SWAP_2025_draft,.concepts.adaptive_capacity_specificity,Species Resiliency Assessment,1,TRUE,TRUE,"Relative resilience scores, help predict a species ability to adapt to changing environmental conditions -does the species have the natural ability to avoid environmental disturbances; if their curren"
CNMI_SWAP_2025_draft,.concepts.adaptive_capacity_components.demography,Biological Vulnerability,0.5957,FALSE,TRUE,Bioscores for each species were based on 5 categories: 1) Population size...2) Population trend...4) Reproductive potential: Ability of the taxon to recover from serious declines in population size.
CNMI_SWAP_2025_draft,.concepts.adaptive_capacity_components.distribution,Figure 60 caption,0.2802,FALSE,TRUE,"Figure 60. Detailed summary of species resilience assessment based on the seven categories of a species adaptive capacity: Distribution, Movement, Evolutionary Potential, Abiotic Niche, Life History, "
CNMI_SWAP_2025_draft,.concepts.adaptive_capacity_components.movement,Figure 60 caption,0.2802,FALSE,TRUE,"Figure 60. Detailed summary of species resilience assessment based on the seven categories of a species adaptive capacity: Distribution, Movement, Evolutionary Potential, Abiotic Niche, Life History, "
CNMI_SWAP_2025_draft,.concepts.adaptive_capacity_components.evolutionary_potential,Figure 60 caption,0.2802,FALSE,TRUE,"Figure 60. Detailed summary of species resilience assessment based on the seven categories of a species adaptive capacity: Distribution, Movement, Evolutionary Potential, Abiotic Niche, Life History, "
CNMI_SWAP_2025_draft,.concepts.adaptive_capacity_components.ecological_dependencies,Biological Vulnerability,1,TRUE,TRUE,Specialization: Degree to which the taxon is dependent upon certain ecological or environmental requirements which may result in increased vulnerability of the taxon Species are often subjectively cla
CNMI_SWAP_2025_draft,.concepts.adaptive_capacity_components.abiotic_niche,Figure 60 caption,0.2802,FALSE,TRUE,"Figure 60. Detailed summary of species resilience assessment based on the seven categories of a species adaptive capacity: Distribution, Movement, Evolutionary Potential, Abiotic Niche, Life History, "
CNMI_SWAP_2025_draft,.concepts.adaptive_capacity_components.life_history,Figure 60 caption,0.2802,FALSE,TRUE,"Figure 60. Detailed summary of species resilience assessment based on the seven categories of a species adaptive capacity: Distribution, Movement, Evolutionary Potential, Abiotic Niche, Life History, "
CNMI_SWAP_2025_draft,.concepts.connectivity,Riparian Zones,1,TRUE,TRUE,"riparian habitats serve as corridors for wildlife movement, offering shelter, food, and nesting sites for birds, freshwater fish, and other organisms."
CNMI_SWAP_2025_draft,.concepts.connectivity,Marine community ecology (Research Needs),0.8618,TRUE,TRUE,"we need to develop a better understanding of marine connectivity. Knowledge of the larval sources and transport pathways of marine fish and invertebrate species, and of migratory pathways of migratory"
CNMI_SWAP_2025_draft,.tools.vulnerability_models,Species Resiliency Assessment,1,TRUE,TRUE,We employed two methods for conducting the resiliency assessments: NatureServe CCVI 4.0 (Lyons et al. 2024) and the Thomas Framework (Thomas et al. 2011). The NatureServe CCVI 4.0 is an excel based to
CNMI_SWAP_2025_draft,.tools.vulnerability_models,Species Resiliency Assessment,1,TRUE,TRUE,"For our terrestrial species, we used the Climate Change vulnerability Index (CCVI 4.0) Excel-based tool developed by NatureServe. This tooI allowed us to calculate a species vulnerability and resilien"
CNMI_SWAP_2025_draft,.tools.niche_models,NA,NA,NA,FALSE,
CNMI_SWAP_2025_draft,.tools.niche_models,NA,NA,NA,FALSE,
CNMI_SWAP_2025_draft,.tools.niche_models,NA,NA,NA,FALSE,
CNMI_SWAP_2025_draft,.tools.climate_models,Long-term Environmental Shifts,1,TRUE,TRUE,Table 36. Key long-term environmental condition projections for the CNMI derived from East West Center report on Climate Change in the CNMI 2021 (Grenci et. al. 2021).
CNMI_SWAP_2025_draft,.tools.climate_models,Long-term Environmental Shifts / Table 36,1,TRUE,TRUE,Air temperatures will continue to rise under all future scenarios. Precipitation Global and regional models show a range of possible precipitation changes from 7% less precipitation to 20% more precip
CNMI_SWAP_2025_draft,.tools.connectivity_models,NA,NA,NA,FALSE,
CNMI_SWAP_2025_draft,.tools.connectivity_models,NA,NA,NA,FALSE,
CNMI_SWAP_2025_draft,.tools.connectivity_models,NA,NA,NA,FALSE,
CNMI_SWAP_2025_draft,.context.management_scale.local,Ch. 7 Conservation Plans (SGCN Conservation Plans by Island),0.6262,FALSE,TRUE,"Identify priority areas for forest restoration and information as part of a proactive approach to avoid...Identify sites for ungulate exclusion, removal, or suppression on Rota, Saipan, Tinian, Aguigu"
CNMI_SWAP_2025_draft,.context.management_scale.site,Native Forest Conservation and Management (Ch. 7),1,TRUE,TRUE,Identify high-priority forest restoration sites on Saipan and Tinian and develop long-term restoration plans for these sites
CNMI_SWAP_2025_draft,.context.management_scale.watershed,Wetland and Freshwater Habitat Conservation and Management (Ch. 7),1,TRUE,TRUE,"Promote implementation, revision, and development of existing and slated watershed management plans (e.g 2020 Garapan WMP, and 2020 Talakhaya WMP)"
CNMI_SWAP_2025_draft,.context.management_scale.city,NA,NA,NA,FALSE,
CNMI_SWAP_2025_draft,.context.management_scale.city,NA,NA,NA,FALSE,
CNMI_SWAP_2025_draft,.context.management_scale.city,NA,NA,NA,FALSE,
CNMI_SWAP_2025_draft,.context.management_scale.county,NA,NA,NA,FALSE,
CNMI_SWAP_2025_draft,.context.management_scale.county,NA,NA,NA,FALSE,
CNMI_SWAP_2025_draft,.context.management_scale.county,NA,NA,NA,FALSE,
CNMI_SWAP_2025_draft,.context.management_scale.within_state_region,Landscape-Scale Conservation,1,TRUE,TRUE,The 2025 Plan will adopt a landscape-scale conservation approach that recognizes that many of our SGCNs exist in habitats that span multiple political and jurisdiction boundaries.
CNMI_SWAP_2025_draft,.context.management_scale.state,D R A F T EXECUTIVE SUMMARY,1,TRUE,TRUE,This 2025 Wildlife Action Plan addresses the conservation values expressed by the people of the CNMI and gives a clear pathway to achieve success.
CNMI_SWAP_2025_draft,.context.management_scale.multistate,NA,NA,NA,FALSE,
CNMI_SWAP_2025_draft,.context.management_scale.multistate,NA,NA,NA,FALSE,
CNMI_SWAP_2025_draft,.context.management_scale.multistate,NA,NA,NA,FALSE,
CNMI_SWAP_2025_draft,.context.management_scale.national,NA,NA,NA,FALSE,
CNMI_SWAP_2025_draft,.context.management_scale.national,NA,NA,NA,FALSE,
CNMI_SWAP_2025_draft,.context.management_scale.national,NA,NA,NA,FALSE,
CNMI_SWAP_2025_draft,.context.management_scale.transnational,NA,NA,NA,FALSE,
CNMI_SWAP_2025_draft,.context.management_scale.transnational,NA,NA,NA,FALSE,
CNMI_SWAP_2025_draft,.context.management_scale.transnational,NA,NA,NA,FALSE,
CNMI_SWAP_2025_draft,.context.management_scale.ecosystem,Landscape-Scale Plans (Ch. 7),1,TRUE,TRUE,Landscape-scale conservation is the application of conservation measures that take into consideration the interconnected and ecosystem-wide implications of those actions including all species affected
CNMI_SWAP_2025_draft,.context.management_scale.ecoregion,NA,NA,NA,FALSE,
CNMI_SWAP_2025_draft,.context.management_scale.ecoregion,NA,NA,NA,FALSE,
CNMI_SWAP_2025_draft,.context.management_scale.ecoregion,NA,NA,NA,FALSE,
CNMI_SWAP_2025_draft,.context.management_scale.province,NA,NA,NA,FALSE,
CNMI_SWAP_2025_draft,.context.management_scale.province,NA,NA,NA,FALSE,
CNMI_SWAP_2025_draft,.context.management_scale.province,NA,NA,NA,FALSE,
CNMI_SWAP_2025_draft,.context.management_scale.section,NA,NA,NA,FALSE,
CNMI_SWAP_2025_draft,.context.management_scale.section,NA,NA,NA,FALSE,
CNMI_SWAP_2025_draft,.context.management_scale.section,NA,NA,NA,FALSE,
CNMI_SWAP_2025_draft,.context.management_scale.subsection,NA,NA,NA,FALSE,
CNMI_SWAP_2025_draft,.context.management_scale.subsection,NA,NA,NA,FALSE,
CNMI_SWAP_2025_draft,.context.management_scale.subsection,NA,NA,NA,FALSE,
CNMI_SWAP_2025_draft,.context.management_scale.lake,Table 18 / Tinian terrestrial habitats,0.8113,FALSE,TRUE,"Lake Hagoi on Tinian is an important wetland for pulattat (Mariana common moorhen, Gallinula chloropus guami)."
CNMI_SWAP_2025_draft,.context.management_scale.river,NA,NA,NA,FALSE,
CNMI_SWAP_2025_draft,.context.management_scale.river,NA,NA,NA,FALSE,
CNMI_SWAP_2025_draft,.context.management_scale.river,NA,NA,NA,FALSE,
CNMI_SWAP_2025_draft,.context.management_scale.district,NA,NA,NA,FALSE,
CNMI_SWAP_2025_draft,.context.management_scale.district,NA,NA,NA,FALSE,
CNMI_SWAP_2025_draft,.context.management_scale.district,NA,NA,NA,FALSE,
CNMI_SWAP_2025_draft,.context.biological_unit_score,Species Resiliency Assessment,1,TRUE,TRUE,"Relative resilience scores, help predict a species ability to adapt to changing environmental conditions -does the species have the natural ability to avoid environmental disturbances; if their curren"
CNMI_SWAP_2025_draft,.context.biological_unit_score,Relative Condition of Marine Habitats,1,TRUE,TRUE,"Coral reef ecosystems in the CNMI are undergoing a sustained period of decline, driven by recurrent stressors that impair both coral survival and recruitment."
CNMI_SWAP_2025_draft,.context.biological_unit_components.species,D R A F T Adaptive Management Framework,1,TRUE,TRUE,"we have conducted a preliminary resiliency assessment for each of our SGCN, which are designed to assess the adaptability of species and the risk of exposure to change in environmental conditions."
CNMI_SWAP_2025_draft,.context.biological_unit_components.population,Species Resiliency Assessment,1,TRUE,TRUE,"Relative resilience scores, help predict a species ability to adapt to changing environmental conditions -does the species have the natural ability to avoid environmental disturbances; if their curren"
CNMI_SWAP_2025_draft,.context.biological_unit_components.habitat,Sea level rise,0.6397,FALSE,TRUE,"Sea level rise, possibly exacerbated by the inability of some coral reefs to maintain sea level equilibrium, could be expected to impact shorelines...Mangroves, an extremely limited habitat in the CNM"
CNMI_SWAP_2025_draft,.context.biological_unit_components.ecosystem,Relative Condition of Marine Habitats,1,TRUE,TRUE,The predicted increase in the frequency and severity of thermal stress events in the coming decades and the looming threat of ocean acidification will likely challenge even the healthiest of reef syst
CNMI_SWAP_2025_draft,.context.biological_unit_components.community,Relative Condition of Marine Habitats,1,TRUE,TRUE,potentially shifting from coral-dominated to less productive and less diverse fleshy algae-and cyanobacteria-dominated systems.
CNMI_SWAP_2025_draft,.context.biological_unit_components.genotype_phenotype,Biologically-important SGCN,1,TRUE,TRUE,"In consideration of conserving the unique genetic diversity of subpopulations across our islands, we conducted our evaluation at the subspecies level, if applicable, or for sea turtles, 'distinct popu"
CNMI_SWAP_2025_draft,.context.partnerships_and_funding,D R A F T Preface,1,TRUE,TRUE,"The CNMI Division of Fish and Wildlife (DFW) has received over $1,000,000 in funding from the federal State and Tribal Wildlife Grants program (SWG) administered by the U.S. Fish and Wildlife Service "
CNMI_SWAP_2025_draft,.context.partnerships_and_funding,SGCN Bird Translocations,1,TRUE,TRUE,"In partnership with Pacific Bird Conservation, DFW successfully translocated several SGCN forest birds to the Northern Islands in an effort to create redundant populations."
CNMI_SWAP_2025_draft,.context.partnerships_and_funding,Guam (stakeholder/coordination section),1,TRUE,TRUE,Collaboration with Guam started in September 2024 with an initial meeting with the Division of Agriculture and key natural resource managers on Guam and the CNMI. We established the shared goal of col
CNMI_SWAP_2025_draft,.context.climate_threat_habitat_degradation,Long-term Environmental Shifts / Table 36,1,TRUE,TRUE,Sea surface temperatures are expected to and have been causing significant coral bleaching events which have cascading trophic effects to the marine ecosystem.
CNMI_SWAP_2025_draft,.context.climate_threat_habitat_degradation,Long-term Environmental Shifts / Table 36,1,TRUE,TRUE,"Freshwater availability Hotter temperatures will affect the need for and the availability of freshwater, which will be further threatened by sea level rise via saltwater intrusion into groundwater sou"
CNMI_SWAP_2025_draft,.context.climate_threat_habitat_degradation,Sea level rise,0.6397,FALSE,TRUE,"Sea level rise, possibly exacerbated by the inability of some coral reefs to maintain sea level equilibrium, could be expected to impact shorelines...Mangroves, an extremely limited habitat in the CNM"
CNMI_SWAP_2025_draft,.context.climate_threat_species_vital_rates,Air temperature (Long-term Environmental Shifts),0.9435,TRUE,TRUE,"Air temperature has been rising and may be problematic for nesting sea turtles. The sex of sea turtles is determined in the egg by the ambient temperature of the nest, with higher temperatures favorin"
CNMI_SWAP_2025_draft,.context.climate_threat_species_vital_rates,Ocean acidification,1,TRUE,TRUE,"Ocean acidification negatively affects survival, calcification, growth, and reproduction in many marine groups. Corals, molluscs and echinoderms appear particularly vulnerable to the effects of ocean "
CNMI_SWAP_2025_draft,.context.climate_threat_biotic_stressors,Long-term Environmental Shifts / Table 36,1,TRUE,TRUE,"Changes in air temperature, rainfall, and typical weather regimes contribute to the loss of biodiversity through the spread of invasive species and by increasing stress on native species"
CNMI_SWAP_2025_draft,.context.climate_threat_biotic_stressors,Altered precipitation patterns,1,TRUE,TRUE,"With changes in precipitation patterns, we anticipate changes in terrestrial habitat composition and structure, and shifts in species abundance including invasive species."
CNMI_SWAP_2025_draft,.actions.priority_habitat_identification,Introduction to Terrestrial Habitats of the CNMI,1,TRUE,TRUE,"Several habitat types described in this section are labeled as 'key habitats', which indicate that these areas provide essential habitat and ecosystem services to wildlife and people. These areas are "
CNMI_SWAP_2025_draft,.actions.priority_habitat_identification,Marine Habitat Composition of CNMI Islands and Offshore Reef Areas,0.3431,FALSE,TRUE,Maps of the shallow (< 30 m) coral reefs of each of the islands of the CNMI are presented in Figures 37-50.
CNMI_SWAP_2025_draft,.actions.priority_habitat_identification,Ch. 7 Conservation Plans,0.6256,FALSE,TRUE,Identify priority areas for forest restoration and information as part of a proactive approach...Identify high-priority forest restoration sites on Saipan and Tinian and develop long-term restoration 
CNMI_SWAP_2025_draft,.actions.targeted_range_shift_actions,SGCN Bird Translocations,1,TRUE,TRUE,"In partnership with Pacific Bird Conservation, DFW successfully translocated several SGCN forest birds to the Northern Islands in an effort to create redundant populations. Redundant populations will "
CNMI_SWAP_2025_draft,.actions.targeted_range_shift_actions,Northern Islands (Research Needs section),1,TRUE,TRUE,Several SGCN avian species have been translocated to the Northern islands in an effort to establish redundant populations (DFW MAC Plan). The next phase of translocations include our ESA listed specie
CNMI_SWAP_2025_draft,.actions.time_bound_and_monitoring,Adaptive Management,1,TRUE,TRUE,"In 2030, at the midpoint of the Plan's intended lifespan, DFW will conduct an informal review of outcomes from the first 5 years. We will compile and evaluate monitoring results and new information. W"
CNMI_SWAP_2025_draft,.actions.time_bound_and_monitoring,Revision,1,TRUE,TRUE,formal plans for a comprehensive revision is scheduled in ten years and should be started no later than 2034.
CNMI_SWAP_2025_draft,.actions.time_bound_and_monitoring,Public Engagement in Conservation / Status Monitoring,1,TRUE,TRUE,"Status monitoring is also a critical component of adaptive management, as it may lead to changes in prioritization, if, for example, we detect an unexpected SGCN population decline, or an increased th"
CNMI_SWAP_2025_draft,.actions.evidence_of_efficacy,Introduced Ungulates,1,TRUE,TRUE,"The eradication of feral ungulates on islands like Anatahan and Sarigan has led to significant recovery of wildlife and vegetation, as observed on Sarigan (Kessler, 2011)."
CNMI_SWAP_2025_draft,.actions.evidence_of_efficacy,Progress Report 2015-2025,1,TRUE,TRUE,"Of 37 actions detailed in the SWAP, 24 were fully implemented, are in progress, or were partially completed. All our wildlife monitoring priorities were conducted. None of the three main research need"
CNMI_SWAP_2025_draft,.actions.evidence_of_efficacy,Conservation Achievements 2015-2025 / Coral Reef Restoration and Marine Conservation,1,TRUE,TRUE,"Two Coral Nurseries Established in Saipan: Since the publication of the 2015 State Wildlife Action Plan (SWAP), two coral nurseries have been established in Saipan, providing essential support for cor"
CNMI_SWAP_2025_draft,.actions.adaptation_planning_frameworks,Adaptive Management,1,TRUE,TRUE,"Adaptive management consists of a cycle of planning, implementation, and evaluation of outcomes. To evaluate conservation actions we need regularly published monitoring reports to interpret trends in "
CNMI_SWAP_2025_draft,.actions.adaptation_planning_frameworks,D R A F T Adaptive Management Framework,1,TRUE,TRUE,"In the 2025 Plan, we have conducted a preliminary resiliency assessment for each of our SGCN, which are designed to assess the adaptability of species and the risk of exposure to change in environment"
CNMI_SWAP_2025_draft,.actions.adaptation_planning_frameworks,Species Resiliency Assessment,1,TRUE,TRUE,We employed two methods for conducting the resiliency assessments: NatureServe CCVI 4.0 (Lyons et al. 2024) and the Thomas Framework (Thomas et al. 2011). The NatureServe CCVI 4.0 is an excel based to
CO_SWAP_2015,.concepts.climate_vulnerability,Appendix F: Characterizing Vulnerability,0.3064,FALSE,TRUE,Understanding why species and ecosystems are vulnerable or potentially less resilient is a critical first step in developing effective conservation strategies. This vulnerability is based on sensitivi
CO_SWAP_2015,.concepts.climate_vulnerability,Appendix F: Methods (Characterizing Vulnerability),1,TRUE,TRUE,"The primary components of this method are projected exposure to climate change, sensitivity of the species or ecosystem to expected changes, and the adaptive capacity of the species or ecosystem to re"
CO_SWAP_2015,.concepts.climate_vulnerability,Appendix F / resilience-adaptive capacity narrative,0.3113,FALSE,TRUE,species with low adaptive capacity such as those with specialized habitat needs or limited dispersal ability face higher vulnerability to these changes
CO_SWAP_2015,.concepts.adaptive_capacity_specificity,Appendix F: Table F-3 (Resilience-Adaptive Capacity Assessment factors),1,TRUE,TRUE,"Growth form and intrinsic dispersal rate: Overall ability of the habitat's component species to shift their ranges in response to climate change relatively quickly. Characteristics of growth form, see"
CO_SWAP_2015,.concepts.adaptive_capacity_specificity,Appendix F / adaptive capacity discussion,0.3113,FALSE,TRUE,species with low adaptive capacity such as those with specialized habitat needs or limited dispersal ability face higher vulnerability to these changes
CO_SWAP_2015,.concepts.adaptive_capacity_components.demography,Appendix F: Table F-3,1,TRUE,TRUE,Bioclimatic envelope and range: Expected effects of limited elevational or bioclimatic ranges for a habitat. Suitable conditions for habitats at upper elevations may be eliminated. Habitats with narro
CO_SWAP_2015,.concepts.adaptive_capacity_components.distribution,Habitat Shifting & Alteration section (Chapter 4),1,TRUE,TRUE,"As temperatures increase and precipitation regimes change, suitable climatic conditions for species and/or habitats may shift in elevation or latitude. There is the potential for this to result in dif"
CO_SWAP_2015,.concepts.adaptive_capacity_components.movement,Appendix F: Table F-3,1,TRUE,TRUE,"Growth form and intrinsic dispersal rate: Overall ability of the habitat's component species to shift their ranges in response to climate change relatively quickly. Characteristics of growth form, see"
CO_SWAP_2015,.concepts.adaptive_capacity_components.evolutionary_potential,NA,NA,NA,FALSE,
CO_SWAP_2015,.concepts.adaptive_capacity_components.evolutionary_potential,NA,NA,NA,FALSE,
CO_SWAP_2015,.concepts.adaptive_capacity_components.evolutionary_potential,NA,NA,NA,FALSE,
CO_SWAP_2015,.concepts.adaptive_capacity_components.ecological_dependencies,Appendix F: Table F-3 / Resilience-Adaptive Capacity Assessment,0.3004,FALSE,TRUE,"Vulnerability to increased attack by biological stressors: Whether expected future biological stressors (invasive species, grazers and browsers, pests and pathogens) have had, or are likely to have, a"
CO_SWAP_2015,.concepts.adaptive_capacity_components.abiotic_niche,Appendix B: CCVI Section C - Sensitivity / abiotic niche discussion,0.3421,FALSE,TRUE,"Species' physiological limits are tested as shifting temperatures, altered hydrology, and changing seasonal cues affect survival, reproduction, and migration."
CO_SWAP_2015,.concepts.adaptive_capacity_components.life_history,Subalpine Limber and Bristlecone Pine section (Chapter 3),0.6148,FALSE,TRUE,"Both bristlecone and limber pine are slow-growing, long-lived species in which individuals may live for 1,000 or more years... The slow growth and recruitment of bristlecone and limber pine will make "
CO_SWAP_2015,.concepts.connectivity,Gunnison's prairie dog Conservation Actions section,1,TRUE,TRUE,"While there are many uncertainties about how climate change will affect certain habitats, an overall management strategy that maintains a larger intact landscape, and thereby increases the ability of "
CO_SWAP_2015,.concepts.connectivity,Appendix A: Statewide Conservation Objectives (Plants),1,TRUE,TRUE,"Focus these activities in places that are likely to remain stable under predicted climate change scenarios, and on areas needed to maintain habitat connectivity (e.g., to facilitate climate-related di"
CO_SWAP_2015,.tools.vulnerability_models,Appendix A: Climate Change section (Plants),1,TRUE,TRUE,"To get a better sense of the relative vulnerability of the PGCN to climate change, the Colorado Natural Heritage Program (CNHP) conducted a rapid, first-iteration assessment using NatureServe's Climat"
CO_SWAP_2015,.tools.vulnerability_models,Appendix F: Overall Vulnerability Assessment Ranking,1,TRUE,TRUE,The Overall Vulnerability Rank was calculated from these two sub-ranks using a method derived from NatureServe's Habitat Climate Change Vulnerability Index (Comer et al. 2012).
CO_SWAP_2015,.tools.vulnerability_models,Lodgepole section (Chapter 3),1,TRUE,TRUE,Preliminary results of our climate change vulnerability assessment suggest that lodgepole may be moderately vulnerable through mid-century.
CO_SWAP_2015,.tools.niche_models,Chapter 8: Conservation Opportunity Areas (CHAT section),1,TRUE,TRUE,"Using State Wildlife Grant funds, we developed species distribution models for 16 Tier 1 SGCN. These newly-developed models, pre-existing species distribution models, and documented distribution data "
CO_SWAP_2015,.tools.niche_models,Appendix F: Methods / Exposure and Sensitivity Assessment,1,TRUE,TRUE,"For nine of the upland habitat types, we used models of current distribution for each habitat to identify important climate variables for that habitat."
CO_SWAP_2015,.tools.climate_models,Appendix F: Mid-century Climate Projections,0.5222,FALSE,TRUE,"In consultation with CPW, we selected mid-century as the time frame for this analysis... we based the analysis on the second-highest scenario for future greenhouse gas emissions (referred to hereafter"
CO_SWAP_2015,.tools.climate_models,Appendix F: Mid-century Climate Projections,1,TRUE,TRUE,"we used 12 climate projection models averaged over 1980-2005 to represent 'historic normal' (current) for temperature and precipitation, and compared this with models averaged over 2035-2060 to repres"
CO_SWAP_2015,.tools.connectivity_models,Chapter 7: Monitoring,1,TRUE,TRUE,"The Crucial Habitat Assessment Tool (CHAT), developed by the Western Governors' Association and multiple conservation partners, prioritizes habitats by importance to vulnerable wildlife species"
CO_SWAP_2015,.context.management_scale.local,Chapter 3: Habitats (SGCN/habitats relationships section),1,TRUE,TRUE,Local scale conservation work should always be based on site-specific conditions.
CO_SWAP_2015,.context.management_scale.site,Appendix A: Statewide Conservation Objectives,1,TRUE,TRUE,"Secure on-the-ground, site-specific habitat protection and/or management to achieve specific goals for all of Colorado's imperiled plants on public and private lands."
CO_SWAP_2015,.context.management_scale.watershed,Chapter 8: High Priority Watersheds for Aquatic SGCN,1,TRUE,TRUE,This map represents the number of Tier 1 fish species known to occur in each HUC10 watershed in the state
CO_SWAP_2015,.context.management_scale.city,NA,NA,NA,FALSE,
CO_SWAP_2015,.context.management_scale.city,NA,NA,NA,FALSE,
CO_SWAP_2015,.context.management_scale.city,NA,NA,NA,FALSE,
CO_SWAP_2015,.context.management_scale.county,NA,NA,NA,FALSE,
CO_SWAP_2015,.context.management_scale.county,NA,NA,NA,FALSE,
CO_SWAP_2015,.context.management_scale.county,NA,NA,NA,FALSE,
CO_SWAP_2015,.context.management_scale.within_state_region,Appendix G: State of Colorado's Biodiversity Executive Summary,0.4868,FALSE,TRUE,"Colorado can be divided into three primary geographic regions: Eastern Colorado Plains, Colorado Rocky Mountains, and Western Colorado Valleys and Plateaus."
CO_SWAP_2015,.context.management_scale.state,Philosophy and Guiding Principles,1,TRUE,TRUE,The SWAP articulates a set of conservation priorities that considers an expansive array of wildlife from a statewide perspective.
CO_SWAP_2015,.context.management_scale.multistate,Philosophy and Guiding Principles,1,TRUE,TRUE,to support cooperation with adjacent states when such cooperation will result in range-wide conservation of species of greatest conservation need.
CO_SWAP_2015,.context.management_scale.national,NA,NA,NA,FALSE,
CO_SWAP_2015,.context.management_scale.national,NA,NA,NA,FALSE,
CO_SWAP_2015,.context.management_scale.national,NA,NA,NA,FALSE,
CO_SWAP_2015,.context.management_scale.transnational,NA,NA,NA,FALSE,
CO_SWAP_2015,.context.management_scale.transnational,NA,NA,NA,FALSE,
CO_SWAP_2015,.context.management_scale.transnational,NA,NA,NA,FALSE,
CO_SWAP_2015,.context.management_scale.ecosystem,Overview of Colorado Wildlife Species,1,TRUE,TRUE,"Colorado also manages assemblages of species and the array of habitats important to them (i.e., ecosystem management)."
CO_SWAP_2015,.context.management_scale.ecoregion,Subalpine Limber and Bristlecone Pine section (Chapter 3),0.9858,TRUE,TRUE,"Bristlecone pine is more-or-less endemic to the Southern Rocky Mountain ecoregion, reaching its northernmost station in Gilpin County, Colorado."
CO_SWAP_2015,.context.management_scale.province,NA,NA,NA,FALSE,
CO_SWAP_2015,.context.management_scale.province,NA,NA,NA,FALSE,
CO_SWAP_2015,.context.management_scale.province,NA,NA,NA,FALSE,
CO_SWAP_2015,.context.management_scale.section,NA,NA,NA,FALSE,
CO_SWAP_2015,.context.management_scale.section,NA,NA,NA,FALSE,
CO_SWAP_2015,.context.management_scale.section,NA,NA,NA,FALSE,
CO_SWAP_2015,.context.management_scale.subsection,NA,NA,NA,FALSE,
CO_SWAP_2015,.context.management_scale.subsection,NA,NA,NA,FALSE,
CO_SWAP_2015,.context.management_scale.subsection,NA,NA,NA,FALSE,
CO_SWAP_2015,.context.management_scale.lake,NA,NA,NA,FALSE,
CO_SWAP_2015,.context.management_scale.lake,NA,NA,NA,FALSE,
CO_SWAP_2015,.context.management_scale.lake,NA,NA,NA,FALSE,
CO_SWAP_2015,.context.management_scale.river,Colorado Plateau-Wyoming Basins Rivers section (Chapter 3),1,TRUE,TRUE,"This habitat includes the big rivers within the Colorado Plateau and Wyoming Basin ecoregions of Colorado's western slope: the Colorado, Gunnison, Green, Yampa, White, Dolores, San Juan and Animas Riv"
CO_SWAP_2015,.context.management_scale.district,NA,NA,NA,FALSE,
CO_SWAP_2015,.context.management_scale.district,NA,NA,NA,FALSE,
CO_SWAP_2015,.context.management_scale.district,NA,NA,NA,FALSE,
CO_SWAP_2015,.context.biological_unit_score,Overview of Colorado Wildlife Species,1,TRUE,TRUE,"Colorado manages wildlife at the species, subspecies, and population level, depending on various factors such as legal requirements, interagency coordination needs, stakeholder concerns, funding eligi"
CO_SWAP_2015,.context.biological_unit_score,Overview of Colorado Wildlife Species,1,TRUE,TRUE,"Colorado also manages assemblages of species and the array of habitats important to them (i.e., ecosystem management)."
CO_SWAP_2015,.context.biological_unit_components.species,Chapter 2: Updated SGCN List,0.7297,FALSE,TRUE,The 2015 SGCN list of vertebrate animals and mollusks contains 159 species.
CO_SWAP_2015,.context.biological_unit_components.population,Overview of Colorado Wildlife Species,1,TRUE,TRUE,"Colorado manages wildlife at the species, subspecies, and population level"
CO_SWAP_2015,.context.biological_unit_components.habitat,Chapter 3: Habitats introduction,1,TRUE,TRUE,Fifty-seven terrestrial ecological systems or altered land cover types mapped for SWReGAP have been categorized into 20 habitat types
CO_SWAP_2015,.context.biological_unit_components.ecosystem,Overview of Colorado Wildlife Species,1,TRUE,TRUE,"Colorado also manages assemblages of species and the array of habitats important to them (i.e., ecosystem management)."
CO_SWAP_2015,.context.biological_unit_components.community,Habitat Shifting & Alteration (Chapter 4),0.8163,FALSE,TRUE,"In the future, we may see novel plant communities emerge or significant loss of current communities."
CO_SWAP_2015,.context.biological_unit_components.genotype_phenotype,NA,NA,NA,FALSE,
CO_SWAP_2015,.context.biological_unit_components.genotype_phenotype,NA,NA,NA,FALSE,
CO_SWAP_2015,.context.biological_unit_components.genotype_phenotype,NA,NA,NA,FALSE,
CO_SWAP_2015,.context.partnerships_and_funding,Summary of Conservation Actions Needed (Chapter 4),1,TRUE,TRUE,"Conservation of Colorado's wildlife is too big a task for one agency. Accomplishing the actions identified in this plan will require developing many new partnerships, as well as continuing to capitali"
CO_SWAP_2015,.context.partnerships_and_funding,Sagebrush Conservation Actions section,1,TRUE,TRUE,"CPW will also continue protection activities through our Wildlife Habitat Protection Program, which over the last few years has preserved tens of thousands of acres of sagebrush habitat through fee ti"
CO_SWAP_2015,.context.climate_threat_habitat_degradation,Aspen section (Chapter 3),1,TRUE,TRUE,"Increasing drought with climate change is believed to be the primary vulnerability of this ecosystem (Worrall et al. 2013), and substantial loss of aspen can potentially be expected."
CO_SWAP_2015,.context.climate_threat_species_vital_rates,Northern Leopard Frog Climate Change section,1,TRUE,TRUE,"Drought was implicated in the extirpation of six populations in Larimer County, Colorado (Corn and Fogleman 1984)."
CO_SWAP_2015,.context.climate_threat_biotic_stressors,Problematic Native Species section (Chapter 4),0.2939,FALSE,TRUE,"The effects of climate change can increase these threats. [referring to: a variety of factors, including increased temperature, drought, and -in some cases -fire suppression, have contributed to very "
CO_SWAP_2015,.actions.priority_habitat_identification,Chapter 8: Conservation Opportunity Areas,0.2965,FALSE,TRUE,Figure 21 displays the Crucial Habitat Assessment Tool map for Tier 1 terrestrial animal and plant SGCN. Areas in white on the map indicate places where there are no documented occurrences or modeled 
CO_SWAP_2015,.actions.priority_habitat_identification,Appendix A: Important Plant Areas section,1,TRUE,TRUE,"Over 290 Important Plant Areas (IPAs) have been identified by the Colorado Natural Heritage Program and recognized by RPCI. IPAs are based on CNHP's Potential Conservation Areas, and include the highe"
CO_SWAP_2015,.actions.priority_habitat_identification,Chapter 8: High Priority Watersheds for Aquatic SGCN,1,TRUE,TRUE,This map represents the number of Tier 1 fish species known to occur in each HUC10 watershed in the state
CO_SWAP_2015,.actions.targeted_range_shift_actions,Gunnison's prairie dog Conservation Actions / White-tailed prairie dog Conservation Actions,1,TRUE,TRUE,"While there are many uncertainties about how climate change will affect certain habitats, an overall management strategy that maintains a larger intact landscape, and thereby increases the ability of "
CO_SWAP_2015,.actions.time_bound_and_monitoring,Chapter 7: Measuring Conservation Success,1,TRUE,TRUE,"Our goal is to update the biodiversity status analysis every five to 10 years. This, in conjunction with scheduled review of the SWAP (especially review of species' status relative to Tier 1 and Tier "
CO_SWAP_2015,.actions.evidence_of_efficacy,Not applicable — this note is from the codebook; evidence below,0.2827,FALSE,TRUE,"Actions presented without justification score a 0... When general or vague ecological assumptions are presented as first principles to support an action, this does not count as providing evidence"
CO_SWAP_2015,.actions.adaptation_planning_frameworks,Appendix F: Introduction,1,TRUE,TRUE,"this vulnerability assessment is intended to be part of a dynamic, iterative, multi-scale process that will focus management actions on strategies that are effective under both current and future clim"
CO_SWAP_2015,.actions.adaptation_planning_frameworks,Appendix F: Methods,1,TRUE,TRUE,"The AFWA best practices recommend the Glick et al. (2011) method for assessing vulnerability to climate change. The primary components of this method are projected exposure to climate change, sensitiv"
CO_SWAP_2015,.actions.adaptation_planning_frameworks,Lynx Climate Change section,1,TRUE,TRUE,Assessments to identify possible avenues for adaptive management strategies to climate change should be considered (Ruggiero et al. 1999).
CT_SWAP_2025,.concepts.climate_vulnerability,Chapter 3 - Issues.pdf,0.2851,FALSE,TRUE,Understanding why species and ecosystems are vulnerable or potentially less resilient is a critical first step in developing effective conservation strategies. This vulnerability is based on sensitivi
CT_SWAP_2025,.concepts.climate_vulnerability,Chapter 3 - Issues.pdf,1,TRUE,TRUE,"Forty-eight percent of all of Connecticut's 574 SGCN were classified as 'More Vulnerable' to shifting environmental conditions by the Taxa Teams, while 4.5% were classified as 'Less Vulnerable.'"
CT_SWAP_2025,.concepts.climate_vulnerability,Chapter 3 - Issues.pdf,0.4106,FALSE,TRUE,Species with low adaptive capacity such as those with specialized habitat needs or limited dispersal ability face higher vulnerability to these changes.
CT_SWAP_2025,.concepts.adaptive_capacity_specificity,Chapter 3 - Issues.pdf,0.4106,FALSE,TRUE,Species with low adaptive capacity such as those with specialized habitat needs or limited dispersal ability face higher vulnerability to these changes.
CT_SWAP_2025,.concepts.adaptive_capacity_specificity,Chapter 1 - SGCN and SAPS.pdf,1,TRUE,TRUE,"these range-edge species are the ones most likely to possess the genetic adaptations that will best prepare them to respond to the challenges of shifting environmental conditions. Therefore, conservat"
CT_SWAP_2025,.concepts.adaptive_capacity_components.demography,Chapter 1 - SGCN and SAPS.pdf,1,TRUE,TRUE,"Many turtles will likely be impacted due to their complex life history and long generational times, preventing them from adapting to a rapidly changing environment."
CT_SWAP_2025,.concepts.adaptive_capacity_components.distribution,Chapter 3 - Issues.pdf,0.8513,TRUE,TRUE,"Brook Trout are already restricted to cold, high-quality headwaters in Connecticut and are expected to experience range contraction as thermal thresholds are increasingly exceeded. Habitat fragmentati"
CT_SWAP_2025,.concepts.adaptive_capacity_components.movement,Chapter 3 - Issues.pdf,0.4106,FALSE,TRUE,Species with low adaptive capacity such as those with specialized habitat needs or limited dispersal ability face higher vulnerability to these changes.
CT_SWAP_2025,.concepts.adaptive_capacity_components.evolutionary_potential,Chapter 1 - SGCN and SAPS.pdf,1,TRUE,TRUE,"these range-edge species are the ones most likely to possess the genetic adaptations that will best prepare them to respond to the challenges of shifting environmental conditions. Therefore, conservat"
CT_SWAP_2025,.concepts.adaptive_capacity_components.ecological_dependencies,Chapter 1 - SGCN and SAPS.pdf,1,TRUE,TRUE,Phenological mismatch can reduce survival when plants emerge before their host plant or after the host plant senesces
CT_SWAP_2025,.concepts.adaptive_capacity_components.abiotic_niche,Chapter 1 - SGCN and SAPS.pdf,0.307,FALSE,TRUE,Cold-water species in headwater streams show high sensitivity to summer temperature increases... Coldwater refugia for freshwater fish and other species are expected to become more limited in the Nort
CT_SWAP_2025,.concepts.adaptive_capacity_components.life_history,Chapter 3 - Issues.pdf,1,TRUE,TRUE,"Connecticut's turtles face a triple threat due to their long generation times, temperature-dependent sex determination, and inability to move quickly between habitats"
CT_SWAP_2025,.concepts.connectivity,Chapter 4 - Actions.pdf,1,TRUE,TRUE,"regional connectivity, which allows species to track suitable climate conditions, maintain genetic diversity, and avoid population fragmentation. Protecting corridors and habitat linkages supports nat"
CT_SWAP_2025,.concepts.connectivity,Chapter 4 - Actions.pdf,1,TRUE,TRUE,"Building resilience is a key component of environmental adaptation, focusing on protecting climate refugia and enhancing regional connectivity. Climate refugia, areas buffered from the most extreme ef"
CT_SWAP_2025,.tools.vulnerability_models,Chapter 1 - SGCN and SAPS.pdf,1,TRUE,TRUE,"Climate Vulnerability Score: Vulnerability assessment typically considers intrinsic properties of sensitivity and adaptive capacity, along with the magnitude of climate change the species is exposed t"
CT_SWAP_2025,.tools.vulnerability_models,Chapter 3 - Issues.pdf,0.3763,FALSE,TRUE,"The agency incorporated vulnerability assessments into a dedicated chapter of the prior plan, considering sensitivity, exposure, and adaptive capacity across most focal species and related habitats."
CT_SWAP_2025,.tools.niche_models,Chapter 4 - Actions.pdf,0.5944,FALSE,TRUE,"Ensembles of small models, a modeling approach well-suited for rare species, were used to fit and combine a series of bivariate models. Each model's predictions were based on the habitat associations "
CT_SWAP_2025,.tools.niche_models,Chapter 4 - Actions.pdf,0.9569,TRUE,TRUE,The some data used in the mapping process included habitat suitability maps for 14 SGCN identified by the Taxa Teams.
CT_SWAP_2025,.tools.climate_models,Addendum to Chapter 2.pdf,1,TRUE,TRUE,"The annual mean temperature by the end of this century is projected to reach about 55°F in a medium emissions scenario, RCP4.5, and about 60°F in a high emissions scenario, RCP8.5, increasing by about"
CT_SWAP_2025,.tools.climate_models,Addendum to Chapter 2.pdf,1,TRUE,TRUE,"The blue and red lines represent median projections under the medium and high scenarios, respectively, for RCP4.5 and RCP8.5. The shading indicates the spread in projections across nine climate models"
CT_SWAP_2025,.tools.connectivity_models,Chapter 4 - Actions.pdf,0.2922,FALSE,TRUE,input into the Zonation software to rank each pixel in a 10.0 m resolution grid of Connecticut based on its conservation value. Zonation iteratively ranks all grid cells based on their marginal loss i
CT_SWAP_2025,.tools.connectivity_models,Chapter 4 - Actions.pdf,1,TRUE,TRUE,The Resilient and Connected Landscapes layer also had a higher weight of 5.0 due to the regional importance of the connected network.
CT_SWAP_2025,.context.management_scale.local,Chapter 2 - Habitats.pdf,1,TRUE,TRUE,Protect ridgetop habitats and manage early successional habitats and grasslands to support species dependent on open landscapes.
CT_SWAP_2025,.context.management_scale.site,Chapter 4 - Actions.pdf,1,TRUE,TRUE,Integrating refugia into conservation planning ensures short-term resistance to climate impacts and long-term adaptation by preserving critical habitats and ecological processes
CT_SWAP_2025,.context.management_scale.watershed,Chapter 3 - Issues.pdf,1,TRUE,TRUE,watershed-scale approach to fish conservation will be critical to address cross-boundary stressors and ecological thresholds.
CT_SWAP_2025,.context.management_scale.city,NA,NA,NA,FALSE,
CT_SWAP_2025,.context.management_scale.city,NA,NA,NA,FALSE,
CT_SWAP_2025,.context.management_scale.city,NA,NA,NA,FALSE,
CT_SWAP_2025,.context.management_scale.county,Chapter 2 - Habitats.pdf,1,TRUE,TRUE,"At the county level, the highest projected urban growth by 2040 and 2080 is expected in Fairfield, New Haven, and Hartford counties"
CT_SWAP_2025,.context.management_scale.within_state_region,Chapter 2 - Habitats.pdf,1,TRUE,TRUE,"Connecticut comprises four major biogeographic regions: the Northwestern Highlands, the Connecticut Valley, the Coastal Plains and Hills, and the Coastal Lowlands"
CT_SWAP_2025,.context.management_scale.state,Chapter 3 - Issues.pdf,1,TRUE,TRUE,Forty-eight percent of all of Connecticut's 574 SGCN were classified as 'More Vulnerable' to shifting environmental conditions by the Taxa Teams
CT_SWAP_2025,.context.management_scale.multistate,Chapter 1 - SGCN and SAPS.pdf,1,TRUE,TRUE,Connecticut actively participates in the regional collaboration for fish and wildlife conservation in the Northeast. The thirteen northeastern states (Virginia north to Maine) and the District of Colu
CT_SWAP_2025,.context.management_scale.national,Chapter 4 - Actions.pdf,1,TRUE,TRUE,"CT DEEP remains committed to supporting regional biodiversity conservation efforts, including the RCN Program, the RSGCN framework, and the Northeast Fish and Wildlife Diversity Technical Committee."
CT_SWAP_2025,.context.management_scale.transnational,NA,NA,NA,FALSE,
CT_SWAP_2025,.context.management_scale.transnational,NA,NA,NA,FALSE,
CT_SWAP_2025,.context.management_scale.transnational,NA,NA,NA,FALSE,
CT_SWAP_2025,.context.management_scale.ecosystem,Chapter 2 - Habitats.pdf,1,TRUE,TRUE,"Connecticut is home to the largest area of estuarine habitat in the Northeast (TCI & NEFWDTC, 2023), making our state critical for the persistence of species that rely on estuaries."
CT_SWAP_2025,.context.management_scale.ecoregion,Chapter 2 - Habitats.pdf,0.6364,FALSE,TRUE,Connecticut comprises four major biogeographic regions...which are further subdivided into 'ecoregions'
CT_SWAP_2025,.context.management_scale.province,NA,NA,NA,FALSE,
CT_SWAP_2025,.context.management_scale.province,NA,NA,NA,FALSE,
CT_SWAP_2025,.context.management_scale.province,NA,NA,NA,FALSE,
CT_SWAP_2025,.context.management_scale.section,NA,NA,NA,FALSE,
CT_SWAP_2025,.context.management_scale.section,NA,NA,NA,FALSE,
CT_SWAP_2025,.context.management_scale.section,NA,NA,NA,FALSE,
CT_SWAP_2025,.context.management_scale.subsection,NA,NA,NA,FALSE,
CT_SWAP_2025,.context.management_scale.subsection,NA,NA,NA,FALSE,
CT_SWAP_2025,.context.management_scale.subsection,NA,NA,NA,FALSE,
CT_SWAP_2025,.context.management_scale.lake,Chapter 2 - Habitats.pdf,1,TRUE,TRUE,"Connecticut has approximately 2,300 lakes, ponds, and reservoirs."
CT_SWAP_2025,.context.management_scale.river,Chapter 2 - Habitats.pdf,1,TRUE,TRUE,Connecticut is home to 5828 miles of rivers and streams
CT_SWAP_2025,.context.management_scale.district,NA,NA,NA,FALSE,
CT_SWAP_2025,.context.management_scale.district,NA,NA,NA,FALSE,
CT_SWAP_2025,.context.management_scale.district,NA,NA,NA,FALSE,
CT_SWAP_2025,.context.biological_unit_score,Chapter 1 - SGCN and SAPS.pdf,1,TRUE,TRUE,"As fish make distributional changes in range and phenology, primarily in response to warming sea surface and bottom temperatures, entire assemblages of species are reshuffling and reorganizing across "
CT_SWAP_2025,.context.biological_unit_score,Chapter 1 - SGCN and SAPS.pdf / Chapter 3 - Issues.pdf,0.3209,FALSE,TRUE,range shifts resulting from some species' response to changing environmental conditions... Coldwater fish like Brook Trout and Slimy Sculpin are watching their world shrink as reduced baseflow and war
CT_SWAP_2025,.context.biological_unit_components.species,Chapter 3 - Issues.pdf,0.9888,TRUE,TRUE,"Brook Trout are already restricted to cold, high-quality headwaters in Connecticut and are expected to experience range contraction as thermal thresholds are increasingly exceeded."
CT_SWAP_2025,.context.biological_unit_components.population,Chapter 3 - Issues.pdf,0.3514,FALSE,TRUE,"potential leading to local population declines and range contractions... During drought years, seasonal and semi-permanent wetlands lose salamander populations, a trend expected to intensify under fut"
CT_SWAP_2025,.context.biological_unit_components.habitat,Chapter 3 - Issues.pdf,1,TRUE,TRUE,"Coastal species, like Saltmarsh Sparrows and Seaside Dragonlets, find themselves trapped between habitat loss from saltwater intrusion and development, often referred to as 'coastal squeeze'"
CT_SWAP_2025,.context.biological_unit_components.ecosystem,Chapter 1 - SGCN and SAPS.pdf,1,TRUE,TRUE,entire assemblages of species are reshuffling and reorganizing across Northeast coastal ecosystems
CT_SWAP_2025,.context.biological_unit_components.community,Chapter 1 - SGCN and SAPS.pdf,1,TRUE,TRUE,"Ensembles of warm-water-associated species are moving north into temperate habitats, generally replacing cold-water-associated species, which are migrating to deeper depths and higher latitudes in sea"
CT_SWAP_2025,.context.biological_unit_components.genotype_phenotype,Chapter 1 - SGCN and SAPS.pdf,1,TRUE,TRUE,these range-edge species are the ones most likely to possess the genetic adaptations that will best prepare them to respond to the challenges of shifting environmental conditions.
CT_SWAP_2025,.context.partnerships_and_funding,Chapter 4 - Actions.pdf,1,TRUE,TRUE,"CT DEEP remains committed to supporting regional biodiversity conservation efforts, including the RCN Program, the RSGCN framework, and the Northeast Fish and Wildlife Diversity Technical Committee. T"
CT_SWAP_2025,.context.partnerships_and_funding,Chapter 1 - SGCN and SAPS.pdf,1,TRUE,TRUE,"Since 2015, CT DEEP has acquired 6,942 acres, including 1,322 acres of easements. In addition, the CT DEEP Open Space and Watershed Land Acquisition Grant Program has awarded grants to towns, private "
CT_SWAP_2025,.context.partnerships_and_funding,Chapter 4 - Actions.pdf,1,TRUE,TRUE,"The RCN 3 Program, launched in 2023, funds seven regional projects through 2028, including enhancing invertebrate conservation capacity in partnership with the U.S. Geological Survey."
CT_SWAP_2025,.context.climate_threat_habitat_degradation,Chapter 2 - Habitats.pdf,0.7697,FALSE,TRUE,"Brackish marshes, where fresh and saltwater mix...are highly vulnerable to climate change, particularly sea-level rise. Models predict a loss of 50 to 97 percent of high marsh by 2100"
CT_SWAP_2025,.context.climate_threat_habitat_degradation,Chapter 3 - Issues.pdf,1,TRUE,TRUE,"Coastal species, like Saltmarsh Sparrows and Seaside Dragonlets, find themselves trapped between habitat loss from saltwater intrusion and development, often referred to as 'coastal squeeze'"
CT_SWAP_2025,.context.climate_threat_species_vital_rates,Chapter 3 - Issues.pdf,1,TRUE,TRUE,"Reptiles such as Eastern Box Turtle and Spotted Turtle, which exhibit temperature-dependent sex determination, produce heavily skewed clutches as nesting conditions warm up"
CT_SWAP_2025,.context.climate_threat_species_vital_rates,Chapter 3 - Issues.pdf,1,TRUE,TRUE,"Aerial insectivores like Tree Swallow and Eastern Whip-poor-will are discovering that timing is everything when earlier insect emergence leaves their chicks hungry at critical moments, reducing reprod"
CT_SWAP_2025,.context.climate_threat_biotic_stressors,Chapter 3 - Issues.pdf,1,TRUE,TRUE,shifting temperature and precipitation patterns create conditions that favor non-native species over the natives that evolved here
CT_SWAP_2025,.context.climate_threat_biotic_stressors,Chapter 1 - SGCN and SAPS.pdf,1,TRUE,TRUE,Phenological mismatch can reduce survival when plants emerge before their host plant or after the host plant senesces
CT_SWAP_2025,.actions.priority_habitat_identification,Chapter 4 - Actions.pdf,1,TRUE,TRUE,"Conservation opportunity areas (COAs) represent locations where partners can take voluntary actions to benefit wildlife populations and habitats, thereby achieving conservation goals."
CT_SWAP_2025,.actions.priority_habitat_identification,Chapter 4 - Actions.pdf,0.2816,FALSE,TRUE,Figure 4.14. All Conservation Opportunity Areas (COA) were created for the Wildlife Action Plan. Protect COA prioritizes locations with suitable SGCN habitat and key habitats outside current protected
CT_SWAP_2025,.actions.priority_habitat_identification,Chapter 4 - Actions.pdf,1,TRUE,TRUE,Integrating refugia into conservation planning ensures short-term resistance to climate impacts and long-term adaptation by preserving critical habitats and ecological processes
CT_SWAP_2025,.actions.targeted_range_shift_actions,Chapter 4 - Actions.pdf,1,TRUE,TRUE,"regional connectivity, which allows species to track suitable climate conditions, maintain genetic diversity, and avoid population fragmentation. Protecting corridors and habitat linkages supports nat"
CT_SWAP_2025,.actions.targeted_range_shift_actions,"Chapter 4 - Actions.pdf, Plants section",1,TRUE,TRUE,piloting assisted migration in select cases
CT_SWAP_2025,.actions.time_bound_and_monitoring,Chapter 4 - Actions.pdf,1,TRUE,TRUE,"Taxa Teams categorized 94% of these actions as highest urgency, requiring initiation within the next 5 years, with 1% needing to be initiated 5-10 years from now, and 4% needing to be initiated in 10 "
CT_SWAP_2025,.actions.time_bound_and_monitoring,Chapter 4 - Actions.pdf,1,TRUE,TRUE,"An adaptive management framework is critical to refining conservation strategies based on empirical data. For instance, monitoring trends in aerial insectivore populations related to insect abundance "
CT_SWAP_2025,.actions.time_bound_and_monitoring,Chapter 4 - Actions.pdf,1,TRUE,TRUE,"Incorporating the SMART framework into management projects and actions ensures transparency and accountability, and better allows for actions to work with adaptive management practices"
CT_SWAP_2025,.actions.evidence_of_efficacy,Chapter 4 - Actions.pdf,1,TRUE,TRUE,"The pollinator habitat management project surveyed and managed over 740 acres across ten states, collecting 81,000 records of bees and moths to assess the effectiveness of habitat treatments, ultimate"
CT_SWAP_2025,.actions.evidence_of_efficacy,Chapter 4 - Actions.pdf,0.6146,FALSE,TRUE,"The freshwater turtle project developed standardized monitoring protocols for Eastern Box and Spotted Turtles, conducted conservation genetics research, and completed regional status assessments."
CT_SWAP_2025,.actions.adaptation_planning_frameworks,Chapter 4 - Actions.pdf,1,TRUE,TRUE,"The Resist-Accept-Direct (RAD) framework offers a structured decision-making tool that enables managers to respond to ecological shifts by resisting them, accepting them as inevitable, or directing th"
CT_SWAP_2025,.actions.adaptation_planning_frameworks,Chapter 4 - Actions.pdf,1,TRUE,TRUE,"The RAD framework, in conjunction with the Resistance-Resilience-Transformation (RRT) model, provides a structured approach to managing ecological uncertainty and aligning conservation efforts with lo"
CT_SWAP_2025,.actions.adaptation_planning_frameworks,Chapter 4 - Actions.pdf,1,TRUE,TRUE,"Incorporating the SMART framework into management projects and actions ensures transparency and accountability, and better allows for actions to work with adaptive management practices"
DC_SWAP_2015,.concepts.climate_vulnerability,Chapter 5 Climate Change Vulnerability Assessments / Species,1,TRUE,TRUE,"Once these species were selected, we attempted to evaluate general vulnerability by identifying how each species might react, based on their exposure, sensitivity and adaptive capacity (Staudinger et."
DC_SWAP_2015,.concepts.climate_vulnerability,Chapter 5 Climate Change Vulnerability Assessments / Temperature,1,TRUE,TRUE,"Temperature increases may also be problematic for species at the edge of their ranges. For example, if species are at the more southern end of their range and unable to migrate, they may not survive s"
DC_SWAP_2015,.concepts.climate_vulnerability,Chapter 5 Climate Change Vulnerability Assessments / Herpetofauna,1,TRUE,TRUE,Amphibians are particularly susceptible to the effects of changing climates because of their restrictive physiological requirements and low movement ability.
DC_SWAP_2015,.concepts.adaptive_capacity_specificity,Chapter 5 Climate Change Vulnerability Assessments / Small Mammals,0.6579,FALSE,TRUE,"Mammals represent a diverse group of vertebrates in the District with respect to range of habitats occupied, dispersal ability, and body size... none of the mammal species have restricted dispersal ab"
DC_SWAP_2015,.concepts.adaptive_capacity_specificity,Chapter 5 Climate Change Vulnerability Assessments / Herpetofauna,1,TRUE,TRUE,Amphibians are particularly susceptible to the effects of changing climates because of their restrictive physiological requirements and low movement ability.
DC_SWAP_2015,.concepts.adaptive_capacity_specificity,Chapter 5 Climate Change Vulnerability Assessments / Species,1,TRUE,TRUE,"For the in-depth vulnerability consideration for SGCN, DDOE considered Tier 1 SGCN. Of those Tier 1 species, DDOE identified several SGCN that could be disproportionately impacted by the threats of cl"
DC_SWAP_2015,.concepts.adaptive_capacity_components.demography,Chapter 5 Climate Change Vulnerability Assessments / Herpetofauna,1,TRUE,TRUE,"We consider the spotted turtle highly vulnerable to climate change because of the potential for increased flooding which may displace large parts of populations, elevate mortality rates, and decrease "
DC_SWAP_2015,.concepts.adaptive_capacity_components.distribution,Chapter 5 Climate Change Vulnerability Assessments / Birds,1,TRUE,TRUE,"For many species that have the southernmost edge of their summer range near Maryland and Virginia, the changing climate will likely push the range of these birds farther North."
DC_SWAP_2015,.concepts.adaptive_capacity_components.movement,Chapter 5 Climate Change Vulnerability Assessments / Herpetofauna,1,TRUE,TRUE,Amphibians are particularly susceptible to the effects of changing climates because of their restrictive physiological requirements and low movement ability.
DC_SWAP_2015,.concepts.adaptive_capacity_components.evolutionary_potential,NA,NA,NA,FALSE,
DC_SWAP_2015,.concepts.adaptive_capacity_components.evolutionary_potential,NA,NA,NA,FALSE,
DC_SWAP_2015,.concepts.adaptive_capacity_components.evolutionary_potential,NA,NA,NA,FALSE,
DC_SWAP_2015,.concepts.adaptive_capacity_components.ecological_dependencies,Chapter 5 Climate Change Vulnerability Assessments / Herpetofauna,1,TRUE,TRUE,"The queen snake (Regina septemvittata) was selected and ranked as highly vulnerable to climate change because of its direct, documented dependence on clean running streams and watersheds with cool wat"
DC_SWAP_2015,.concepts.adaptive_capacity_components.abiotic_niche,Chapter 5 Climate Change Vulnerability Assessments / Herpetofauna,1,TRUE,TRUE,Amphibians are particularly susceptible to the effects of changing climates because of their restrictive physiological requirements and low movement ability.
DC_SWAP_2015,.concepts.adaptive_capacity_components.life_history,Chapter 5 Climate Change Vulnerability Assessments / Species,1,TRUE,TRUE,"This was based on range, habitat need, life history, available data, and professional consensus. For example, if species are at the southern end of their range, they may not survive significant increa"
DC_SWAP_2015,.concepts.connectivity,Glossary,1,TRUE,TRUE,"connectivity -The degree to which the landscape facilitates or impedes movement among resource patches, influences gene flow, local adaptation, extinction risk, colonization probability, and the poten"
DC_SWAP_2015,.concepts.connectivity,Chapter 6 Conservation Actions / Focal Conservation Actions / Wildlife Corridors,1,TRUE,TRUE,"Due to urbanization, growing human populations, and ever present infrastructure, contiguous tracts of habitat have become broken or fragmented. Fragmentation, a threat to wildlife and habitat, occurs "
DC_SWAP_2015,.tools.vulnerability_models,Chapter 5 Climate Change Vulnerability Assessments / Species,1,TRUE,TRUE,"DDOE use a peer-reviewed literature search, species vulnerability models, such as NatureServe's Climate Change Vulnerability Index (CCVI) (Young et al. 2011, Faber-Langendoen et al. 2012), and expert "
DC_SWAP_2015,.tools.niche_models,Chapter 5 Climate Change Vulnerability Assessments / Habitats,1,TRUE,TRUE,"DDOE utilized the Tree Atlas program (Iverson et al, 2008) to help identify potential changes to specific forest species. The primary areas with these forest types in the District occur in Rock Creek "
DC_SWAP_2015,.tools.climate_models,Chapter 5 Climate Change Vulnerability Assessments / Sea-level Rise,1,TRUE,TRUE,DDOE used the Sea Level Affecting Marshes Model (SLAMM) to simulate impacts from sea level rise in the District region (Clough et al. 2012). DDOE was specifically interested in identifying major trans
DC_SWAP_2015,.tools.climate_models,Chapter 5 Climate Change Vulnerability Assessments / Global Predictions,1,TRUE,TRUE,"Numerical models (General Circulation Models or GCMs), representing physical processes in the atmosphere, ocean, cryosphere and land surface, are the most advanced tools currently available for simula"
DC_SWAP_2015,.tools.climate_models,Chapter 5 Climate Change Vulnerability Assessments / Temperature,1,TRUE,TRUE,"Researchers at AREA research projected that the District will have an average of 18-20 days exceeding 95 degrees Fahrenheit per year by 2020, 30-45 days exceeding 95 degrees Fahrenheit per year by 205"
DC_SWAP_2015,.tools.connectivity_models,NA,NA,NA,FALSE,
DC_SWAP_2015,.tools.connectivity_models,NA,NA,NA,FALSE,
DC_SWAP_2015,.tools.connectivity_models,NA,NA,NA,FALSE,
DC_SWAP_2015,.context.management_scale.local,Chapter 6 Conservation Actions / Focal Conservation Actions / Wildlife Corridors,1,TRUE,TRUE,"DDOE will identify areas known as hotspots-where wildlife-vehicle collisions are likely to occur. DDOE will design measures to reduce vehicle strikes, increase the safe passage of wildlife, and reduce"
DC_SWAP_2015,.context.management_scale.site,Chapter 3 Habitats / Conservation Opportunity Areas,1,TRUE,TRUE,DDOE selected eight COA's based on habitat condition analysis and SGCN diversity
DC_SWAP_2015,.context.management_scale.watershed,Chapter 4 Threats to SGCN and Critical Habitats / Urban Wastewater,1,TRUE,TRUE,"Stormwater pollution results from vast urban development, roads, construction, impervious surfaces, and new development, both in the District and upstream, bringing pollutants into the Potomac, Anacos"
DC_SWAP_2015,.context.management_scale.city,Chapter 1 Introduction,1,TRUE,TRUE,"The District of Columbia's Wildlife Action Plan is a comprehensive, citywide plan and framework for managing and conserving the District's diverse animal wildlife and their habitats."
DC_SWAP_2015,.context.management_scale.county,NA,NA,NA,FALSE,
DC_SWAP_2015,.context.management_scale.county,NA,NA,NA,FALSE,
DC_SWAP_2015,.context.management_scale.county,NA,NA,NA,FALSE,
DC_SWAP_2015,.context.management_scale.within_state_region,NA,NA,NA,FALSE,
DC_SWAP_2015,.context.management_scale.within_state_region,NA,NA,NA,FALSE,
DC_SWAP_2015,.context.management_scale.within_state_region,NA,NA,NA,FALSE,
DC_SWAP_2015,.context.management_scale.state,Chapter 1 Introduction / DDOE Jurisdiction,1,TRUE,TRUE,"The management of fisheries and wildlife is a state function. DDOE serves as a state agency in this regard and has jurisdiction over the conservation and management of fish, wildlife, and habitats in "
DC_SWAP_2015,.context.management_scale.multistate,Chapter 6 Conservation Actions / Regional Actions and Coordination,1,TRUE,TRUE,"The District will coordinate with USFWS, the Northeast Association of Fish and Wildlife Agencies, the North Atlantic Landscape Conservation Cooperative, other states in the region to develop and imple"
DC_SWAP_2015,.context.management_scale.national,Chapter 5 Climate Change Vulnerability Assessments / Climate Change Threats to the District of Columbia Region,0.8968,TRUE,TRUE,"Projections consistently show continued warming over the next century across all 22 states included in the Northeast Climate Science Center region (Hayhoe et al. 2007, 2008; Rawlins et al. 2012; Kunke"
DC_SWAP_2015,.context.management_scale.transnational,NA,NA,NA,FALSE,
DC_SWAP_2015,.context.management_scale.transnational,NA,NA,NA,FALSE,
DC_SWAP_2015,.context.management_scale.transnational,NA,NA,NA,FALSE,
DC_SWAP_2015,.context.management_scale.ecosystem,Chapter 1 Introduction / Vision for the District's Wildlife,1,TRUE,TRUE,"Through SWAP 2015, DDOE seeks to conserve the wildlife and habitats of the nation's capital by focusing on ecosystem-based wildlife resource management actions"
DC_SWAP_2015,.context.management_scale.ecoregion,Chapter 3 Habitats / Local Context,1,TRUE,TRUE,The District falls within TNC's Chesapeake Bay Lowlands and the Lower New England Northern Piedmont Ecoregion.
DC_SWAP_2015,.context.management_scale.province,NA,NA,NA,FALSE,
DC_SWAP_2015,.context.management_scale.province,NA,NA,NA,FALSE,
DC_SWAP_2015,.context.management_scale.province,NA,NA,NA,FALSE,
DC_SWAP_2015,.context.management_scale.section,NA,NA,NA,FALSE,
DC_SWAP_2015,.context.management_scale.section,NA,NA,NA,FALSE,
DC_SWAP_2015,.context.management_scale.section,NA,NA,NA,FALSE,
DC_SWAP_2015,.context.management_scale.subsection,NA,NA,NA,FALSE,
DC_SWAP_2015,.context.management_scale.subsection,NA,NA,NA,FALSE,
DC_SWAP_2015,.context.management_scale.subsection,NA,NA,NA,FALSE,
DC_SWAP_2015,.context.management_scale.lake,NA,NA,NA,FALSE,
DC_SWAP_2015,.context.management_scale.lake,NA,NA,NA,FALSE,
DC_SWAP_2015,.context.management_scale.lake,NA,NA,NA,FALSE,
DC_SWAP_2015,.context.management_scale.river,Chapter 5 Climate Change Vulnerability Assessments / Sea-level Rise,1,TRUE,TRUE,DDOE was specifically interested in identifying major transitions and areas of concern for the Potomac and Anacostia Rivers.
DC_SWAP_2015,.context.management_scale.district,Chapter 1 Introduction,1,TRUE,TRUE,"The District of Columbia's Wildlife Action Plan is a comprehensive, citywide plan and framework for managing and conserving the District's diverse animal wildlife and their habitats."
DC_SWAP_2015,.context.biological_unit_score,Chapter 2 SGCN / SGCN Designations / Reptile and Amphibian SGCN,1,TRUE,TRUE,"As the climate continues to change and become further unstable, it is expected to see shifts in species ranges such as in the case of the green tree frog."
DC_SWAP_2015,.context.biological_unit_score,Chapter 5 Climate Change Vulnerability Assessments / Habitats / Tidal Wetlands/Vernal Pools/Riparian Forests,1,TRUE,TRUE,"The health and quality of tidal and non-tidal wetlands will be affected by climate change. As the quality of a wetland degrades, so does the value of that wetland to the District's wildlife."
DC_SWAP_2015,.context.biological_unit_components.species,Chapter 2 SGCN / SGCN Designations / Reptile and Amphibian SGCN,1,TRUE,TRUE,"As the climate continues to change and become further unstable, it is expected to see shifts in species ranges such as in the case of the green tree frog."
DC_SWAP_2015,.context.biological_unit_components.population,Chapter 5 Climate Change Vulnerability Assessments / Herpetofauna,1,TRUE,TRUE,"We consider the spotted turtle highly vulnerable to climate change because of the potential for increased flooding which may displace large parts of populations, elevate mortality rates, and decrease "
DC_SWAP_2015,.context.biological_unit_components.habitat,Chapter 5 Climate Change Vulnerability Assessments / Habitats / Tidal Wetlands/Vernal Pools/Riparian Forests,1,TRUE,TRUE,"The health and quality of tidal and non-tidal wetlands will be affected by climate change. As the quality of a wetland degrades, so does the value of that wetland to the District's wildlife."
DC_SWAP_2015,.context.biological_unit_components.ecosystem,Chapter 5 Climate Change Vulnerability Assessments / Climate Change Threats to the District of Columbia Region,1,TRUE,TRUE,These changes are likely to cause widespread ecosystem disruption (Kopp et al. 2014).
DC_SWAP_2015,.context.biological_unit_components.community,Chapter 5 Climate Change Vulnerability Assessments / Habitats (Upland Forests section),1,TRUE,TRUE,"Based on regional predictions, while there may not be drastic changes in forest structure, there will likely be an increase in heat-tolerant conifer species in both forest types and a potential shift "
DC_SWAP_2015,.context.biological_unit_components.genotype_phenotype,NA,NA,NA,FALSE,
DC_SWAP_2015,.context.biological_unit_components.genotype_phenotype,NA,NA,NA,FALSE,
DC_SWAP_2015,.context.biological_unit_components.genotype_phenotype,NA,NA,NA,FALSE,
DC_SWAP_2015,.context.partnerships_and_funding,Chapter 6 Conservation Actions / Regional Actions and Coordination,1,TRUE,TRUE,"The District will coordinate with USFWS, the Northeast Association of Fish and Wildlife Agencies, the North Atlantic Landscape Conservation Cooperative, other states in the region to develop and imple"
DC_SWAP_2015,.context.partnerships_and_funding,Chapter 4 Threats to SGCN and Critical Habitats / Resource Deficiencies and Programmatic Threats,1,TRUE,TRUE,"Limited resources in the form of funding and grants will impair the ability to properly execute some aspects of the SWAP. Additionally, resources will be targeted towards Tier I species for fiscal eff"
DC_SWAP_2015,.context.climate_threat_habitat_degradation,Chapter 5 Climate Change Vulnerability Assessments / Sea-level Rise,1,TRUE,TRUE,"Sea-level rise and more intense storm events are expected to increase shoreline erosion, facilitate salt water intrusion, destroy habitats and ecological systems, and increase storm water overflows an"
DC_SWAP_2015,.context.climate_threat_habitat_degradation,Chapter 5 Climate Change Vulnerability Assessments / Sea-level Rise,1,TRUE,TRUE,"As sea levels rise, marshes can be inundated and converted to shallow open water habitats or non-tidal and brackish wetlands may convert to higher salinity marshes."
DC_SWAP_2015,.context.climate_threat_habitat_degradation,Chapter 5 Climate Change Vulnerability Assessments / Habitats / Tidal Wetlands/Vernal Pools/Riparian Forests,1,TRUE,TRUE,"Vernal pools will likely be impacted by higher temperatures and longer durations between rain events, which will directly, negatively impact the populations that depend on these pools."
DC_SWAP_2015,.context.climate_threat_species_vital_rates,Chapter 5 Climate Change Vulnerability Assessments / Herpetofauna,1,TRUE,TRUE,"We consider the spotted turtle highly vulnerable to climate change because of the potential for increased flooding which may displace large parts of populations, elevate mortality rates, and decrease "
DC_SWAP_2015,.context.climate_threat_species_vital_rates,Chapter 5 Climate Change Vulnerability Assessments / Herpetofauna,1,TRUE,TRUE,"Lastly, higher temperatures may cause drying through evaporation before the eggs have hatched."
DC_SWAP_2015,.context.climate_threat_biotic_stressors,Chapter 5 Climate Change Vulnerability Assessments / Temperature,1,TRUE,TRUE,"Warming temperatures will also lead to changes in plant phenology, as has already been observed (Primack et al. 2004, Miller-Rushing and Primack 2008). These changes may have significant impacts on ec"
DC_SWAP_2015,.actions.priority_habitat_identification,Chapter 3 Habitats / Conservation Opportunity Areas,1,TRUE,TRUE,"AFWA and the USFWS recommend that states designate discrete, spatially distinct areas that offer the best opportunities and potential for SGCN conservation and label them Conservation Opportunity Area"
DC_SWAP_2015,.actions.priority_habitat_identification,Chapter 5 Climate Change Vulnerability Assessments / General Actions,1,TRUE,TRUE,"DDOE will prioritize areas with high ecosystem services and habitat value for restoration and/or protection such as stream buffers, wetlands, open meadows, and forest. All of these habitats are vulner"
DC_SWAP_2015,.actions.priority_habitat_identification,Chapter 6 Conservation Actions / Focal Conservation Actions / Meadow Restoration,0.3509,FALSE,TRUE,Figure 23 Potential District-owned meadow restoration sites prioritized by habitat connectivity and estimated size.
DC_SWAP_2015,.actions.targeted_range_shift_actions,Chapter 6 Conservation Actions / Focal Conservation Actions,1,TRUE,TRUE,"The District's Focal Conservation Actions include restoring meadows and tidal wetlands, propagating native plants, creating vernal pools, installing artificial nesting and roosting structures, establi"
DC_SWAP_2015,.actions.time_bound_and_monitoring,Chapter 7 Monitoring and Adaptive Management / Planned Monitoring and Adaptive Management,1,TRUE,TRUE,Conservation actions will be monitored and measured throughout the 10-year implementation of SWAP 2015.
DC_SWAP_2015,.actions.time_bound_and_monitoring,Chapter 7 Monitoring and Adaptive Management / Periodic Plan Review and Revision,1,TRUE,TRUE,"The current SGCN list will be revisited and, if needed, revised in no more than five years after the submittal of SWAP 2015."
DC_SWAP_2015,.actions.evidence_of_efficacy,Chapter 8 Stakeholder and Government Participation / Successful Implementation of SWAP 2005,0.8471,FALSE,TRUE,"Radio-telemetry of relocated eastern box turtles in the District of Columbia... To monitor the success of this effort, turtles were fitted with radio-transmitters and have been tracked by DDOE biologi"
DC_SWAP_2015,.actions.evidence_of_efficacy,Chapter 6 Conservation Actions / Focal Conservation Actions / Vernal Pool Creation (artificial nesting section),1,TRUE,TRUE,"Bat boxes mimic the space between the tree trunk and bark shingles and have a 52% success rate of occupation (Kennedy et al 2013). Creating bat boxes provides more bat habitats, which assists in reduc"
DC_SWAP_2015,.actions.adaptation_planning_frameworks,Chapter 5 (table section near Upland Forests),1,TRUE,TRUE,State Wildlife Action Plan coordinators have been challenged with incorporating climate change impacts and species responses when updating the plans in 2015. DDOE utilized the Northeast Climate Center
DC_SWAP_2015,.actions.adaptation_planning_frameworks,Glossary,0.366,FALSE,TRUE,"vulnerability assessment (climate change) -Tools structured to determine the level of vulnerability (sensitivity, exposure, adaptive capacity) to climate change"
DC_SWAP_2015,.actions.adaptation_planning_frameworks,Chapter 5 Climate Change Vulnerability Assessments / Species,1,TRUE,TRUE,"Once these species were selected, we attempted to evaluate general vulnerability by identifying how each species might react, based on their exposure, sensitivity and adaptive capacity (Staudinger et."
DE_SWAP_2015,.concepts.climate_vulnerability,"Chapter 3, Climate Change Introduction and Regional Perspective",0.3021,FALSE,TRUE,Understanding why species and ecosystems are vulnerable or potentially less resilient is a critical first step in developing effective conservation strategies. This vulnerability is based on sensitivi
DE_SWAP_2015,.concepts.climate_vulnerability,"Chapter 3, Climate Change Introduction and Regional Perspective",1,TRUE,TRUE,Species and populations likely to have greater sensitivities to climate change include those with highly specialized habitat requirements; species already at or near physiological temperature limits o
DE_SWAP_2015,.concepts.climate_vulnerability,"Chapter 3, Climate Change Effects: Temperature and Precipitation Changes",0.9435,TRUE,TRUE,The ways in which species and populations respond to climate changes can vary widely. Differences in how organisms respond to climate change—their adaptive capacity—will lead to some species benefitti
DE_SWAP_2015,.concepts.adaptive_capacity_specificity,"Chapter 3, Climate Change Introduction and Regional Perspective",0.3046,FALSE,TRUE,Species with low adaptive capacity such as those with specialized habitat needs or limited dispersal ability face higher vulnerability to these changes.
DE_SWAP_2015,.concepts.adaptive_capacity_specificity,"Chapter 3, Climate Change Introduction and Regional Perspective",1,TRUE,TRUE,"species already at or near physiological temperature limits or having other narrow environmental tolerances; isolated, rare, or declining populations with poor dispersal abilities"
DE_SWAP_2015,.concepts.adaptive_capacity_components.demography,NA,NA,NA,FALSE,
DE_SWAP_2015,.concepts.adaptive_capacity_components.demography,NA,NA,NA,FALSE,
DE_SWAP_2015,.concepts.adaptive_capacity_components.demography,NA,NA,NA,FALSE,
DE_SWAP_2015,.concepts.adaptive_capacity_components.distribution,"Chapter 3, Climate Change Introduction and Regional Perspective",1,TRUE,TRUE,Responses to climate change that have already been observed include changes in geographic range and the timing of life cycle events such as migration and reproduction. Numerous studies show shifts in 
DE_SWAP_2015,.concepts.adaptive_capacity_components.movement,"Chapter 3, Climate Change Introduction and Regional Perspective",1,TRUE,TRUE,"isolated, rare, or declining populations with poor dispersal abilities"
DE_SWAP_2015,.concepts.adaptive_capacity_components.evolutionary_potential,NA,NA,NA,FALSE,
DE_SWAP_2015,.concepts.adaptive_capacity_components.evolutionary_potential,NA,NA,NA,FALSE,
DE_SWAP_2015,.concepts.adaptive_capacity_components.evolutionary_potential,NA,NA,NA,FALSE,
DE_SWAP_2015,.concepts.adaptive_capacity_components.ecological_dependencies,"Chapter 3, Predicting Responses of SGCN to Climate Change",1,TRUE,TRUE,"As species shift in response to temperature and moisture changes and associated habitat alterations, novel species assemblages will lead to unpredictable interactions between species (Herstoff and Urb"
DE_SWAP_2015,.concepts.adaptive_capacity_components.abiotic_niche,"Chapter 3, Climate Change Introduction and Regional Perspective",1,TRUE,TRUE,species already at or near physiological temperature limits or having other narrow environmental tolerances
DE_SWAP_2015,.concepts.adaptive_capacity_components.life_history,NA,NA,NA,FALSE,
DE_SWAP_2015,.concepts.adaptive_capacity_components.life_history,NA,NA,NA,FALSE,
DE_SWAP_2015,.concepts.adaptive_capacity_components.life_history,NA,NA,NA,FALSE,
DE_SWAP_2015,.concepts.connectivity,"Chapter 3, Predicting Responses of SGCN to Climate Change",1,TRUE,TRUE,"Providing increased areas of suitable habitat and connecting existing natural habitats with corridors are logical approaches to facilitating species range shifts in response to climate change, especia"
DE_SWAP_2015,.concepts.connectivity,"Chapter 3, Predicting Responses of SGCN to Climate Change",1,TRUE,TRUE,"suitability of the landscape for supporting species movement and reorganization in response to climate change is important. This encompasses not just habitat connectivity in the traditional sense, but"
DE_SWAP_2015,.concepts.connectivity,"Chapter 3, Need for Information and Planning",1,TRUE,TRUE,"a broad approach to mitigating the effects of loss of habitat from SLR to the greatest extent possible, while improving the quality and connectivity of existing habitats, may be the most efficient sta"
DE_SWAP_2015,.tools.vulnerability_models,"Chapter 3, Predicting Responses of SGCN to Climate Change",1,TRUE,TRUE,"Widely used species prioritization systems (such as the NatureServe Climate Change Vulnerability Index) often emphasize species traits (such as dispersal ability and habitat specialization), but speci"
DE_SWAP_2015,.tools.niche_models,"Chapter 3, Predicting Responses of SGCN to Climate Change",1,TRUE,TRUE,"Much of the recent research has involved bioclimatic envelope modeling (e.g., National Audubon Society 2013), an extension of species distribution modeling. However, this type of model considers only "
DE_SWAP_2015,.tools.climate_models,"Chapter 3, Climate Projections for Delaware",1,TRUE,TRUE,"For Delaware, future climate models were statistically downscaled by Hayhoe et al. (2013) using historical weather station data from 14 Delaware stations."
DE_SWAP_2015,.tools.climate_models,"Chapter 3, Climate Projections for Delaware",1,TRUE,TRUE,"The lower scenario represents a future in which people shift to clean energy sources in the coming decades, reducing emissions of carbon dioxide and other greenhouse gases. The higher scenario represe"
DE_SWAP_2015,.tools.connectivity_models,"Chapter 4, COA Development",0.3371,FALSE,TRUE,"The DEN serves as the foundation of the DEWAP Priority Wildlife Habitat and COAs. As presented in Chapter 2, Priority Wildlife Habitat includes Core Areas and Existing Corridors."
DE_SWAP_2015,.tools.connectivity_models,"Chapter 2, Mapping Habitats",1,TRUE,TRUE,The Delaware Ecological Network (DEN) was developed by The Conservation Fund in 2007 (Weber 2007) and was recently updated (Weber 2013).
DE_SWAP_2015,.context.management_scale.local,NA,NA,NA,FALSE,
DE_SWAP_2015,.context.management_scale.local,NA,NA,NA,FALSE,
DE_SWAP_2015,.context.management_scale.local,NA,NA,NA,FALSE,
DE_SWAP_2015,.context.management_scale.site,"Chapter 4, Actions to Address Climate Change",0.3017,FALSE,TRUE,restoration of impoundments vulnerable to coastal storms and climate change back to tidal marsh (Prime Hook National Wildlife Refuge (NWR) by USFWS); adaptive and strategic retreat of coastal impoundm
DE_SWAP_2015,.context.management_scale.watershed,"Chapter 2, Chesapeake Bay Basin",1,TRUE,TRUE,"DFW manages over 20,000 acres in the watershed, including 7 wildlife areas and 10 millponds."
DE_SWAP_2015,.context.management_scale.city,NA,NA,NA,FALSE,
DE_SWAP_2015,.context.management_scale.city,NA,NA,NA,FALSE,
DE_SWAP_2015,.context.management_scale.city,NA,NA,NA,FALSE,
DE_SWAP_2015,.context.management_scale.county,"Chapter 2, Wetland Habitats",1,TRUE,TRUE,"An estimated 47 percent of wetlands are located in Sussex County, 38 percent in Kent County, and 15 percent in New Castle County."
DE_SWAP_2015,.context.management_scale.within_state_region,"Chapter 2, Introduction",1,TRUE,TRUE,"Delaware is situated in an ecological transition zone where a number of northern species reach their southern limit of natural distribution, and an even greater number of southern species reach their "
DE_SWAP_2015,.context.management_scale.state,"Chapter 3, Need for Information and Planning",1,TRUE,TRUE,"a broad approach to mitigating the effects of loss of habitat from SLR to the greatest extent possible, while improving the quality and connectivity of existing habitats, may be the most efficient sta"
DE_SWAP_2015,.context.management_scale.multistate,"Chapter 1, Regional Context",1,TRUE,TRUE,"The Northeast Fish and Wildlife Diversity Technical Committee (NEFWDTC) of the Northeast Association of Fish and Wildlife Agencies (NEAFWA), works to address conservation needs for regional species."
DE_SWAP_2015,.context.management_scale.national,"Appendix 1.D, Data Sources",1,TRUE,TRUE,"National fish, wildlife and plants climate adaptation strategy. Association of Fish and Wildlife agencies, Council on Environmental Quality, Great Lakes Indian Fish and Wildlife Commission, National O"
DE_SWAP_2015,.context.management_scale.transnational,NA,NA,NA,FALSE,
DE_SWAP_2015,.context.management_scale.transnational,NA,NA,NA,FALSE,
DE_SWAP_2015,.context.management_scale.transnational,NA,NA,NA,FALSE,
DE_SWAP_2015,.context.management_scale.ecosystem,"Chapter 3, Energy Production",1,TRUE,TRUE,The Delaware Estuary is one of the nation's largest petrochemical centers
DE_SWAP_2015,.context.management_scale.ecoregion,"Chapter 2, EPA Ecoregions",1,TRUE,TRUE,"Delaware contains parts of three Level III EPA Ecoregions: the Northern Piedmont (64), the Middle Atlantic Coastal Plain (63), and the Southeastern Plains (65)"
DE_SWAP_2015,.context.management_scale.province,NA,NA,NA,FALSE,
DE_SWAP_2015,.context.management_scale.province,NA,NA,NA,FALSE,
DE_SWAP_2015,.context.management_scale.province,NA,NA,NA,FALSE,
DE_SWAP_2015,.context.management_scale.section,NA,NA,NA,FALSE,
DE_SWAP_2015,.context.management_scale.section,NA,NA,NA,FALSE,
DE_SWAP_2015,.context.management_scale.section,NA,NA,NA,FALSE,
DE_SWAP_2015,.context.management_scale.subsection,NA,NA,NA,FALSE,
DE_SWAP_2015,.context.management_scale.subsection,NA,NA,NA,FALSE,
DE_SWAP_2015,.context.management_scale.subsection,NA,NA,NA,FALSE,
DE_SWAP_2015,.context.management_scale.lake,NA,NA,NA,FALSE,
DE_SWAP_2015,.context.management_scale.lake,NA,NA,NA,FALSE,
DE_SWAP_2015,.context.management_scale.lake,NA,NA,NA,FALSE,
DE_SWAP_2015,.context.management_scale.river,"Chapter 1, Diadromous Fish",1,TRUE,TRUE,"The Delaware River is unique among major eastern rivers in that its mainstem is free of dams, allowing these species to access much of their historic spawning habitat."
DE_SWAP_2015,.context.management_scale.district,NA,NA,NA,FALSE,
DE_SWAP_2015,.context.management_scale.district,NA,NA,NA,FALSE,
DE_SWAP_2015,.context.management_scale.district,NA,NA,NA,FALSE,
DE_SWAP_2015,.context.biological_unit_score,"Chapter 2, U.S. Southeast Region",1,TRUE,TRUE,"With climate change, these affinities can be expected to increase as northern species move northward out of Delaware and southern species move northward into the state."
DE_SWAP_2015,.context.biological_unit_score,"Chapter 3, Climate Change Effects: Temperature and Precipitation Changes",0.9387,TRUE,TRUE,"in the northeastern United States, for example, some forest types such as oak-hickory are expected to expand, while maple-beech-birch forests are expected to contract."
DE_SWAP_2015,.context.biological_unit_components.species,"Chapter 2, U.S. Southeast Region",1,TRUE,TRUE,"With climate change, these affinities can be expected to increase as northern species move northward out of Delaware and southern species move northward into the state."
DE_SWAP_2015,.context.biological_unit_components.population,"Chapter 3, Climate Change Introduction and Regional Perspective",1,TRUE,TRUE,"isolated, rare, or declining populations with poor dispersal abilities"
DE_SWAP_2015,.context.biological_unit_components.habitat,"Chapter 3, Climate Change Effects: Sea Level Rise",1,TRUE,TRUE,"As sea levels rise, tidal marshes will be inundated and convert to shallow open water habitats. Some non-tidal wetlands, as well as most freshwater and brackish tidal wetlands, may be converted to hig"
DE_SWAP_2015,.context.biological_unit_components.ecosystem,NA,NA,NA,FALSE,
DE_SWAP_2015,.context.biological_unit_components.ecosystem,NA,NA,NA,FALSE,
DE_SWAP_2015,.context.biological_unit_components.ecosystem,NA,NA,NA,FALSE,
DE_SWAP_2015,.context.biological_unit_components.community,"Chapter 3, Climate Change Effects: Temperature and Precipitation Changes",0.9387,TRUE,TRUE,"in the northeastern United States, for example, some forest types such as oak-hickory are expected to expand, while maple-beech-birch forests are expected to contract."
DE_SWAP_2015,.context.biological_unit_components.genotype_phenotype,NA,NA,NA,FALSE,
DE_SWAP_2015,.context.biological_unit_components.genotype_phenotype,NA,NA,NA,FALSE,
DE_SWAP_2015,.context.biological_unit_components.genotype_phenotype,NA,NA,NA,FALSE,
DE_SWAP_2015,.context.partnerships_and_funding,"Appendix 6, U.S. Fish and Wildlife Service",1,TRUE,TRUE,The USFWS and NRCS has a new partnership called Working Lands for Wildlife that uses agency technical assistance and financial assistance from the Wildlife Habitat Incentive Program (WHIP) to combat t
DE_SWAP_2015,.context.partnerships_and_funding,"Chapter 3, Need for Funding",1,TRUE,TRUE,"The lack of stable funding for wildlife and habitat conservation, education, and research at both state and federal levels creates challenges or obstacles that can be interpreted as a threat to implem"
DE_SWAP_2015,.context.climate_threat_habitat_degradation,"Chapter 3, Climate Change Effects: Sea Level Rise",1,TRUE,TRUE,"As sea levels rise, tidal marshes will be inundated and convert to shallow open water habitats. Some non-tidal wetlands, as well as most freshwater and brackish tidal wetlands, may be converted to hig"
DE_SWAP_2015,.context.climate_threat_species_vital_rates,"Chapter 3, Climate Change Effects: Temperature and Precipitation Changes",1,TRUE,TRUE,Predicted increased frequency of very warm days in summer will result in warmer summer water temperatures in shallow estuarine habitats and may lead to decreased water quality and lower dissolved oxyg
DE_SWAP_2015,.context.climate_threat_biotic_stressors,"Chapter 3, Climate Change Introduction and Regional Perspective",1,TRUE,TRUE,"In addition to being an existing external stressor, new invasive species and diseases may emerge as they benefit from changing climate conditions, readily establishing in new areas and outcompeting na"
DE_SWAP_2015,.actions.priority_habitat_identification,"Chapter 4, COA Development",0.3371,FALSE,TRUE,"The DEN serves as the foundation of the DEWAP Priority Wildlife Habitat and COAs. As presented in Chapter 2, Priority Wildlife Habitat includes Core Areas and Existing Corridors."
DE_SWAP_2015,.actions.priority_habitat_identification,"Chapter 4, COA Development",0.2967,FALSE,TRUE,"The DEWAP COAs, based upon the DEN model of Priority Habitats, add the additional components of Potential Corridors and other important geographic focus areas identified by existing Delaware conservat"
DE_SWAP_2015,.actions.priority_habitat_identification,"Chapter 2, Priority Wildlife Habitats",1,TRUE,TRUE,"DEN does not currently incorporate threat mapping, including projected sea level rise or climate change resilience, in identifying or prioritizing core areas or corridors."
DE_SWAP_2015,.actions.targeted_range_shift_actions,"Chapter 4, Actions to Address Climate Change",1,TRUE,TRUE,"the strategy of introducing species to areas outside their historical range to secure their future under climate change is a controversial adaptation action. Referred to as 'managed relocation,' 'assi"
DE_SWAP_2015,.actions.time_bound_and_monitoring,"Chapter 4, Actions to Conserve SGCN Species and Taxa, All Birds",1,TRUE,TRUE,"Partner with a centralized database (e.g., Avian Knowledge Network) that will enhance Delaware's ability to manage and conserve wide ranging species across broad and biologically meaningful geographic"
DE_SWAP_2015,.actions.time_bound_and_monitoring,"Chapter 5, DEWAP Review and Revision",1,TRUE,TRUE,Annual reporting for SWG and other Federal Aid grant requirements and product delivery through
DE_SWAP_2015,.actions.evidence_of_efficacy,"Chapter 3, Agriculture",0.2778,FALSE,TRUE,a recent long-term study in an insect-pollinated crop quantified actual long-term yield increases and ROI for supplemental planting practices that encourage native pollinators (Blaauw and Isaacs 2014)
DE_SWAP_2015,.actions.adaptation_planning_frameworks,"Chapter 4, Statewide Conservation Issues and Actions",1,TRUE,TRUE,"Create an adaptive management framework that utilizes monitoring to adapt planning and implementation to conservation actions to account for unsatisfactory results, changing conditions and new informa"
DE_SWAP_2015,.actions.adaptation_planning_frameworks,"Chapter 4, Statewide Conservation Issues and Actions",1,TRUE,TRUE,Contribute to research projects investigating how and where nontidal wetlands are vulnerable to climate change. Rank: 1
DE_SWAP_2015,.actions.adaptation_planning_frameworks,"Chapter 4, Conservation Actions to Conserve Key Habitats, Maritime Dune and Grassland",1,TRUE,TRUE,"Incorporate sea level rise scenarios in all relevant area, habitat and species management plans."
FL_SWAP_2019,.concepts.climate_vulnerability,Florida's Climate,1,TRUE,TRUE,"Florida is among the most vulnerable states to climate change in the U.S. The extent of coastline in Florida, along with its low elevation and heavy development of coastal areas, will result in large-"
FL_SWAP_2019,.concepts.climate_vulnerability,Threat #11: Climate Change (Chapter 4 SGCN),1,TRUE,TRUE,These impacts may be particularly severe in the Everglades and the Florida Keys where SGCN such as the Key deer and Florida Keys mole skink already face significant barriers to dispersal even without 
FL_SWAP_2019,.concepts.climate_vulnerability,Habitat Description: High Pine and Scrub,1,TRUE,TRUE,"The SIVVA-NatCom Report scored sandhill as highly vulnerable to climate change, ranking ninth of 30 communities evaluated in Florida (Noss et al. 2014)."
FL_SWAP_2019,.concepts.adaptive_capacity_specificity,Florida's Climate,1,TRUE,TRUE,Changes in abiotic factors from a number of climate change-related drivers are likely to cause habitats and species to shift their ranges in response. This will be especially problematic for habitats 
FL_SWAP_2019,.concepts.adaptive_capacity_specificity,Threat #11: Climate Change (Chapter 4 SGCN),1,TRUE,TRUE,These impacts may be particularly severe in the Everglades and the Florida Keys where SGCN such as the Key deer and Florida Keys mole skink already face significant barriers to dispersal even without 
FL_SWAP_2019,.concepts.adaptive_capacity_components.demography,NA,NA,NA,FALSE,
FL_SWAP_2019,.concepts.adaptive_capacity_components.demography,NA,NA,NA,FALSE,
FL_SWAP_2019,.concepts.adaptive_capacity_components.demography,NA,NA,NA,FALSE,
FL_SWAP_2019,.concepts.adaptive_capacity_components.distribution,Florida's Climate,1,TRUE,TRUE,Changes in abiotic factors from a number of climate change-related drivers are likely to cause habitats and species to shift their ranges in response.
FL_SWAP_2019,.concepts.adaptive_capacity_components.movement,Florida's Climate,1,TRUE,TRUE,"This will be especially problematic for habitats that are unable to migrate because of natural or anthropogenic barriers, and for species that are rare, occur in isolated populations, and/or have poor"
FL_SWAP_2019,.concepts.adaptive_capacity_components.evolutionary_potential,NA,NA,NA,FALSE,
FL_SWAP_2019,.concepts.adaptive_capacity_components.evolutionary_potential,NA,NA,NA,FALSE,
FL_SWAP_2019,.concepts.adaptive_capacity_components.evolutionary_potential,NA,NA,NA,FALSE,
FL_SWAP_2019,.concepts.adaptive_capacity_components.ecological_dependencies,NA,NA,NA,FALSE,
FL_SWAP_2019,.concepts.adaptive_capacity_components.ecological_dependencies,NA,NA,NA,FALSE,
FL_SWAP_2019,.concepts.adaptive_capacity_components.ecological_dependencies,NA,NA,NA,FALSE,
FL_SWAP_2019,.concepts.adaptive_capacity_components.abiotic_niche,Threat #11: Climate Change (Marine),1,TRUE,TRUE,"Changes in temperature regimes are another cause of concern for marine organisms with ranges determined by abiotic conditions, including mean, minimum, and maximum temperatures."
FL_SWAP_2019,.concepts.adaptive_capacity_components.life_history,NA,NA,NA,FALSE,
FL_SWAP_2019,.concepts.adaptive_capacity_components.life_history,NA,NA,NA,FALSE,
FL_SWAP_2019,.concepts.adaptive_capacity_components.life_history,NA,NA,NA,FALSE,
FL_SWAP_2019,.concepts.connectivity,Threat #11: Climate Change (Terrestrial),1,TRUE,TRUE,"Action T11.2: Identify, restore, and/or conserve likely future migration corridors for habitats and species in the face of climate change and sea level rise."
FL_SWAP_2019,.concepts.connectivity,Threat #11: Climate Change (Marine),1,TRUE,TRUE,"Action M11.1: Identify and conserve likely future migration corridors for habitats and species in the face of climate change and sea level rise (use a collaborative, partner-based process)."
FL_SWAP_2019,.concepts.connectivity,Introduction: A Profile of Florida's Terrestrial Ecosystem,1,TRUE,TRUE,Florida's unique combination of extensive coastline threatened by sea level rise and inland human-induced barriers to migration poses a challenge for land managers seeking to preserve a connected land
FL_SWAP_2019,.tools.vulnerability_models,Habitat Description: High Pine and Scrub,1,TRUE,TRUE,"The SIVVA-NatCom Report scored sandhill as highly vulnerable to climate change, ranking ninth of 30 communities evaluated in Florida (Noss et al. 2014)."
FL_SWAP_2019,.tools.vulnerability_models,Habitat Description: High Pine and Scrub (table),1,TRUE,TRUE,"The Standardized Index for Vulnerability and Value of Natural Communities (SIVVA-NatCom) Report evaluated rockland hammock's vulnerability to climate change including sea level rise, ecosystem status,"
FL_SWAP_2019,.tools.vulnerability_models,Threat #11: Climate Change (Chapter 4 SGCN),1,TRUE,TRUE,"More detailed information about the vulnerability of specific SGCN to climate change, including species level vulnerability assessments, can be found in 'A Guide to Climate Change Adaptation for Conse"
FL_SWAP_2019,.tools.niche_models,NA,NA,NA,FALSE,
FL_SWAP_2019,.tools.niche_models,NA,NA,NA,FALSE,
FL_SWAP_2019,.tools.niche_models,NA,NA,NA,FALSE,
FL_SWAP_2019,.tools.climate_models,Threat #11: Climate Change (Terrestrial),1,TRUE,TRUE,"By the end of the century, annual average temperatures are projected to increase in Florida across a range of emissions scenarios."
FL_SWAP_2019,.tools.connectivity_models,Landscape Conservation Planning / CLIP,1,TRUE,TRUE,A foundation of Florida's recent conservation landscape planning has been the Critical Lands and Waters Identification Project (CLIP). It is a collection of spatial data that identifies statewide prio
FL_SWAP_2019,.context.management_scale.local,Foreword,1,TRUE,TRUE,"Therefore, this monitoring approach is flexible and targets multiple levels (i.e., species, guilds, habitats, conservation actions, and programs) as well as local, regional, and statewide scales."
FL_SWAP_2019,.context.management_scale.site,Statewide Habitat Maps,1,TRUE,TRUE,"Within each map is the approximate acreage of the habitat, including acres in private or conservation ownership and those with ecological significance (i.e., Strategic Habitat Conservation Areas and F"
FL_SWAP_2019,.context.management_scale.watershed,GEBF: National Fish and Wildlife Foundation Gulf Environmental Benefit Fund,1,TRUE,TRUE,The Strategy includes watershedspecific potential action lists mined from project proposals submitted to the online project portal as of July 2017.
FL_SWAP_2019,.context.management_scale.city,NA,NA,NA,FALSE,
FL_SWAP_2019,.context.management_scale.city,NA,NA,NA,FALSE,
FL_SWAP_2019,.context.management_scale.city,NA,NA,NA,FALSE,
FL_SWAP_2019,.context.management_scale.county,Featured Habitat: Lake Okeechobee,1,TRUE,TRUE,"It is located in the south-central portion of the Florida peninsula, divided among five counties -Glades, Okeechobee, Martin, Palm Beach, and Hendry."
FL_SWAP_2019,.context.management_scale.within_state_region,Foreword,1,TRUE,TRUE,Appendix A: Aligning FWC's Regional Assessments with the State Wildlife Action Plan outlines an approach taken by FWC to bring multiple planning documents to local implementation. This model features 
FL_SWAP_2019,.context.management_scale.state,Executive Summary / Chapter 1,1,TRUE,TRUE,"Florida's State Wildlife Action Plan (Action Plan) is a comprehensive, statewide plan for conserving the state's wildlife and vital natural areas for future generations."
FL_SWAP_2019,.context.management_scale.multistate,SECAS: Southeast Conservation Adaptation Strategy (figure),0.3476,FALSE,TRUE,"SECAS is a shared, longterm vision for lands and waters that sustain fish and wildlife populations and improve human quality of life across the southeastern United States and the Caribbean."
FL_SWAP_2019,.context.management_scale.national,Status Monitoring - Additional Information on Habitat Monitoring Initiatives,1,TRUE,TRUE,The Landscape Conservation Cooperative Network was launched by the U.S. Department of the Interior (USDOI) to provide science capacity and technical expertise for meeting shared natural and cultural r
FL_SWAP_2019,.context.management_scale.transnational,NA,NA,NA,FALSE,
FL_SWAP_2019,.context.management_scale.transnational,NA,NA,NA,FALSE,
FL_SWAP_2019,.context.management_scale.transnational,NA,NA,NA,FALSE,
FL_SWAP_2019,.context.management_scale.ecosystem,ASP: Agency Strategic Plan,1,TRUE,TRUE,the Action Plan has taken an ecosystem-based approach to conserving species by addressing the needs of their associated ecosystem. This chapter focuses on Florida's three major ecosystems and is divid
FL_SWAP_2019,.context.management_scale.ecoregion,NA,NA,NA,FALSE,
FL_SWAP_2019,.context.management_scale.ecoregion,NA,NA,NA,FALSE,
FL_SWAP_2019,.context.management_scale.ecoregion,NA,NA,NA,FALSE,
FL_SWAP_2019,.context.management_scale.province,NA,NA,NA,FALSE,
FL_SWAP_2019,.context.management_scale.province,NA,NA,NA,FALSE,
FL_SWAP_2019,.context.management_scale.province,NA,NA,NA,FALSE,
FL_SWAP_2019,.context.management_scale.section,NA,NA,NA,FALSE,
FL_SWAP_2019,.context.management_scale.section,NA,NA,NA,FALSE,
FL_SWAP_2019,.context.management_scale.section,NA,NA,NA,FALSE,
FL_SWAP_2019,.context.management_scale.subsection,NA,NA,NA,FALSE,
FL_SWAP_2019,.context.management_scale.subsection,NA,NA,NA,FALSE,
FL_SWAP_2019,.context.management_scale.subsection,NA,NA,NA,FALSE,
FL_SWAP_2019,.context.management_scale.lake,Featured Habitat: Lake Okeechobee,1,TRUE,TRUE,"Lake Okeechobee, its name meaning 'big water' in the Seminole Indian language, is the largest lake in the Southeast and the second largest in the contiguous U.S."
FL_SWAP_2019,.context.management_scale.river,Habitat Description: Rivers and Streams,1,TRUE,TRUE,"The Apalachicola River spans three states -Alabama, Georgia, and Florida. Its drainage system flows from the Flint and Chattahoochee rivers in the north and then converges into the Apalachicola River."
FL_SWAP_2019,.context.management_scale.district,NA,NA,NA,FALSE,
FL_SWAP_2019,.context.management_scale.district,NA,NA,NA,FALSE,
FL_SWAP_2019,.context.management_scale.district,NA,NA,NA,FALSE,
FL_SWAP_2019,.context.biological_unit_score,Florida's Climate,1,TRUE,TRUE,Changes in abiotic factors from a number of climate change-related drivers are likely to cause habitats and species to shift their ranges in response.
FL_SWAP_2019,.context.biological_unit_score,Threat #11: Climate Change (Marine),1,TRUE,TRUE,"Ecosystem encroachment is likely to cause major impacts to marine habitats in Florida such as inland migration of tidal wetlands in response to sea level rise, and the expansion or contraction of habi"
FL_SWAP_2019,.context.biological_unit_components.species,Threat #11: Climate Change (Chapter 4 SGCN),1,TRUE,TRUE,Florida's SGCN may be especially vulnerable to longterm climatic changes linked to sea level rise and other severe climatic or weather events outside the natural range of variation.
FL_SWAP_2019,.context.biological_unit_components.population,Threat #11: Climate Change (Chapter 4 SGCN),1,TRUE,TRUE,These impacts may be particularly severe in the Everglades and the Florida Keys where SGCN such as the Key deer and Florida Keys mole skink already face significant barriers to dispersal even without 
FL_SWAP_2019,.context.biological_unit_components.habitat,Threat #11: Climate Change (Marine),1,TRUE,TRUE,"Ecosystem encroachment is likely to cause major impacts to marine habitats in Florida such as inland migration of tidal wetlands in response to sea level rise, and the expansion or contraction of habi"
FL_SWAP_2019,.context.biological_unit_components.ecosystem,Threat #11: Climate Change (Terrestrial),1,TRUE,TRUE,Shifts in temperature and precipitation coupled with sea level rise are anticipated to result in ecosystem encroachment due to changes in species and habitat ranges.
FL_SWAP_2019,.context.biological_unit_components.community,Introduction: A Profile of Florida's Terrestrial Ecosystem,1,TRUE,TRUE,Land-dependent wildlife may move to new feeding and reproductive grounds as vegetative communities begin to shift (FWC 2016a).
FL_SWAP_2019,.context.biological_unit_components.genotype_phenotype,NA,NA,NA,FALSE,
FL_SWAP_2019,.context.biological_unit_components.genotype_phenotype,NA,NA,NA,FALSE,
FL_SWAP_2019,.context.biological_unit_components.genotype_phenotype,NA,NA,NA,FALSE,
FL_SWAP_2019,.context.partnerships_and_funding,Action Plan and Florida's Wildlife Legacy Initiative (figure/table),0.5274,FALSE,TRUE,"Since 2003, FWC has partnered with more than 50 unique entities on nearly 300 projects, which have resulted in more than $50 million to conserve SGCN."
FL_SWAP_2019,.context.partnerships_and_funding,Threat #11: Climate Change (Marine),1,TRUE,TRUE,"Action M11.1: Identify and conserve likely future migration corridors for habitats and species in the face of climate change and sea level rise (use a collaborative, partner-based process)."
FL_SWAP_2019,.context.climate_threat_habitat_degradation,Threat #11: Climate Change (Freshwater table),1,TRUE,TRUE,Freshwater areas will transition into brackish or marine waters causing changes in species ranges and available habitats. Increased air temperature along with decreased rainfall and droughts will lead
FL_SWAP_2019,.context.climate_threat_habitat_degradation,Habitat Description: Pine Flatwoods and Dry Prairie,1,TRUE,TRUE,Approximately 99% of total habitat is projected to be lost at three meters of sea level rise.
FL_SWAP_2019,.context.climate_threat_species_vital_rates,Introduction: Freshwater Ecosystem,1,TRUE,TRUE,Increased mortality of aquatic species due to extreme temperatures and range shifts are likely as warming occurs.
FL_SWAP_2019,.context.climate_threat_species_vital_rates,Threat #11: Climate Change (Freshwater table),1,TRUE,TRUE,"Climate variations will also directly impact freshwater species mortality, erosion and runoff, fire regimes, metabolic processes, water chemistry, and outbreaks of disease and harmful algal blooms."
FL_SWAP_2019,.context.climate_threat_biotic_stressors,Featured Habitat: Mangrove Swamp,1,TRUE,TRUE,black mangrove is expanding northward due to a decrease in the frequency of cold events in central and north Florida
FL_SWAP_2019,.context.climate_threat_biotic_stressors,Threat #11: Climate Change (Chapter 4 SGCN),1,TRUE,TRUE,"An increase in severe/extreme weather events is also expected as are altered fire regimes, metabolic processes, and pest and disease outbreaks."
FL_SWAP_2019,.actions.priority_habitat_identification,Threat #11: Climate Change (Terrestrial),1,TRUE,TRUE,"Action T11.2: Identify, restore, and/or conserve likely future migration corridors for habitats and species in the face of climate change and sea level rise."
FL_SWAP_2019,.actions.priority_habitat_identification,Statewide Habitat Maps,1,TRUE,TRUE,"Within each map is the approximate acreage of the habitat, including acres in private or conservation ownership and those with ecological significance (i.e., Strategic Habitat Conservation Areas and F"
FL_SWAP_2019,.actions.priority_habitat_identification,Status Monitoring - Additional Information on Habitat Monitoring Initiatives (table),0.9597,TRUE,TRUE,"Coastal habitats were prioritized due to the threat of sea level rise, and so expansion focused on supporting portions of the Seagrass Integrated Mapping and Monitoring Program (SIMM) and establishing"
FL_SWAP_2019,.actions.targeted_range_shift_actions,Threat #11: Climate Change (Terrestrial),1,TRUE,TRUE,"Action T11.2: Identify, restore, and/or conserve likely future migration corridors for habitats and species in the face of climate change and sea level rise."
FL_SWAP_2019,.actions.targeted_range_shift_actions,Habitat Description: Intertidal,1,TRUE,TRUE,Adapting development practices to changing sea levels and assisting inland migration of intertidal habitats may be required to conserve SGCN endemic to intertidal habitats in the future.
FL_SWAP_2019,.actions.time_bound_and_monitoring,Ecosystem Level Threats and Actions,1,TRUE,TRUE,"Conservation actions from the 2012 Action Plan were reviewed for continued relevancy and redesigning to fit within SMART criteria (Specific, Measurable, Achievable, Relevant, and Timely). The actions "
FL_SWAP_2019,.actions.time_bound_and_monitoring,Action Plan Implementation Goals 2012-2019,1,TRUE,TRUE,"Objective 3: By 2018, address comprehensive adaptation planning and incorporate these strategies into the Action Plan in response to the threat of climate change to SGCN and their habitats."
FL_SWAP_2019,.actions.time_bound_and_monitoring,Measuring the Effectiveness of the State and Tribal Wildlife Grants Program,1,TRUE,TRUE,"Starting in 2018, FWC will move toward incorporating effectiveness monitoring into future Florida SWG-funded projects and report on project outcomes when possible."
FL_SWAP_2019,.actions.evidence_of_efficacy,Identifying Conservation Actions for Florida's Ecosystems (Appendix D),1,TRUE,TRUE,Each action within the 2012 Action Plan was reviewed for continued relevancy. Actions that no longer pertained directly to Florida's wildlife or habitats were removed.
FL_SWAP_2019,.actions.adaptation_planning_frameworks,Threat #11: Climate Change (Chapter 4 SGCN),1,TRUE,TRUE,Action S11.3: Use decision support tools to select the most appropriate adaptation strategies and actions to implement to minimize impacts to SGCN and important habitats.
FL_SWAP_2019,.actions.adaptation_planning_frameworks,Threat #11: Climate Change (Chapter 4 SGCN),1,TRUE,TRUE,"Action S11.1: Conduct climate vulnerability assessments for SGCN species and incorporate results into species management, action, and recovery plans."
FL_SWAP_2019,.actions.adaptation_planning_frameworks,Action Plan Implementation Goals 2012-2019,1,TRUE,TRUE,"Objective 3: By 2018, address comprehensive adaptation planning and incorporate these strategies into the Action Plan in response to the threat of climate change to SGCN and their habitats."
GA_SWAP_2015,.concepts.climate_vulnerability,V. Statewide Wildlife Conservation Themes and Strategies / Climate Change / Tools and Resources table,1,TRUE,TRUE,"Vulnerability to climate change has three components: sensitivity, exposure, and adaptive capacity (Glick et al., 2011)."
GA_SWAP_2015,.concepts.climate_vulnerability,V. Statewide Wildlife Conservation Themes and Strategies / Fishes and Aquatic Invertebrates,1,TRUE,TRUE,"Species such as brook trout and holiday darters are restricted to higher elevation, cold water streams and may be particularly susceptible to climatic shifts."
GA_SWAP_2015,.concepts.climate_vulnerability,V. Statewide Wildlife Conservation Themes and Strategies / Mammals,1,TRUE,TRUE,"The ranges of these species might be particularly vulnerable to climate change. A small increase in average temperature would likely result in a northward retreat, reducing or eliminating occupied hab"
GA_SWAP_2015,.concepts.adaptive_capacity_specificity,V. Statewide Wildlife Conservation Themes and Strategies / Climate Change / Tools and Resources table,1,TRUE,TRUE,"Vulnerability to climate change has three components: sensitivity, exposure, and adaptive capacity (Glick et al., 2011)."
GA_SWAP_2015,.concepts.adaptive_capacity_specificity,V. Statewide Wildlife Conservation Themes and Strategies / Climate Change / Climate-Smart Conservation,0.3377,FALSE,TRUE,species with low adaptive capacity such as those with specialized habitat needs or limited dispersal ability face higher vulnerability to these changes
GA_SWAP_2015,.concepts.adaptive_capacity_components.demography,NA,NA,NA,FALSE,
GA_SWAP_2015,.concepts.adaptive_capacity_components.demography,NA,NA,NA,FALSE,
GA_SWAP_2015,.concepts.adaptive_capacity_components.demography,NA,NA,NA,FALSE,
GA_SWAP_2015,.concepts.adaptive_capacity_components.distribution,V. Statewide Wildlife Conservation Themes and Strategies / Birds,1,TRUE,TRUE,"A warming climate will likely cause the ranges of many species to shift northward, possibly leading to negative interactions with other species or less favorable"
GA_SWAP_2015,.concepts.adaptive_capacity_components.movement,V. Statewide Wildlife Conservation Themes and Strategies / Climate Change,1,TRUE,TRUE,"wildlife corridors allow species to migrate further inland as sea level rise inundates salt marshes and estuaries, or northward or to higher elevations as temperatures rise. Managing for habitat conne"
GA_SWAP_2015,.concepts.adaptive_capacity_components.evolutionary_potential,V. Statewide Wildlife Conservation Themes and Strategies / Mammals,1,TRUE,TRUE,maintenance of these range extremes could conserve a disproportionate amount of the species' genetic diversity because of isolation and adaptation.
GA_SWAP_2015,.concepts.adaptive_capacity_components.ecological_dependencies,V. Statewide Wildlife Conservation Themes and Strategies / Climate Change,1,TRUE,TRUE,Climate change can also cause trophic asynchrony when many species of migratory songbirds have been documented returning to their breeding grounds and nesting earlier in the season as the climate cont
GA_SWAP_2015,.concepts.adaptive_capacity_components.abiotic_niche,V. Statewide Wildlife Conservation Themes and Strategies / Fishes and Aquatic Invertebrates,1,TRUE,TRUE,"Species such as brook trout and holiday darters are restricted to higher elevation, cold water streams and may be particularly susceptible to climatic shifts."
GA_SWAP_2015,.concepts.adaptive_capacity_components.life_history,NA,NA,NA,FALSE,
GA_SWAP_2015,.concepts.adaptive_capacity_components.life_history,NA,NA,NA,FALSE,
GA_SWAP_2015,.concepts.adaptive_capacity_components.life_history,NA,NA,NA,FALSE,
GA_SWAP_2015,.concepts.connectivity,V. Statewide Wildlife Conservation Themes and Strategies / Climate Change,1,TRUE,TRUE,Adaptive land use strategies such as maintaining habitat connectivity can help minimize the impacts of climate change. Habitat connectivity provides for corridors along which species can migrate in th
GA_SWAP_2015,.concepts.connectivity,V. Statewide Wildlife Conservation Themes and Strategies / Climate Change / Climate-Smart Conservation,1,TRUE,TRUE,A highly permeable landscape promotes resilience by facilitating or accommodating range shifts and the reorganization of communities.
GA_SWAP_2015,.tools.vulnerability_models,V. Statewide Wildlife Conservation Themes and Strategies / Reptiles and Amphibians,1,TRUE,TRUE,"Researchers at UGA conducted an 'Amphibian and Reptile Climate Change Vulnerability Assessment' for select southeastern species, including ten that are considered high priority in Georgia, including f"
GA_SWAP_2015,.tools.vulnerability_models,V. Statewide Wildlife Conservation Themes and Strategies / Climate Change / Tools and Resources,0.6352,FALSE,TRUE,Conduct vulnerability assessments to inform the selection of SGCN and conservation actions. Use Scanning the Conservation Horizon: A Guide to Climate Change Vulnerability Assessment (Glick et al. 2011
GA_SWAP_2015,.tools.niche_models,V. Statewide Wildlife Conservation Themes and Strategies / Climate Change / Plants section,1,TRUE,TRUE,Incorporate climate change into distribution models for all high priority species.
GA_SWAP_2015,.tools.climate_models,V. Statewide Wildlife Conservation Themes and Strategies / Climate Change / Ecosystems/Habitat Mapping section,0.9918,TRUE,TRUE,"Use the Sea Level Rise-Affecting Marshes Model (SLAMM) based on high accuracy, LiDAR-derived elevations when considering coastal habitat response to sea level rise. This dataset projects various scena"
GA_SWAP_2015,.tools.climate_models,V. Statewide Wildlife Conservation Themes and Strategies / Climate Change / Tools and Resources table,1,TRUE,TRUE,The U.S. Forest Service (USFS) conducted an analysis of vegetation type change for every state. The analysis shows a map of historical vegetation and then the future changes for a single emission scen
GA_SWAP_2015,.tools.connectivity_models,II. Approach and Methods / High Priority Conservation Areas,1,TRUE,TRUE,"the ecosystem/habitat mapping technical team utilized a mapping approach that incorporated data from the Southeast Resilient Landscapes Project conducted by The Nature Conservancy, models of habitat c"
GA_SWAP_2015,.tools.connectivity_models,V. Statewide Wildlife Conservation Themes and Strategies / Climate Change / Climate-Smart Conservation,0.631,FALSE,TRUE,"Southeast Resilient Landscapes Model... An estimated resilience score is assigned based on scores of landscape diversity and local connectedness, and ranked relative to the geophysical setting and eco"
GA_SWAP_2015,.context.management_scale.local,Southern Coastal Plain Ecoregion / Problems Affecting Wildlife Diversity,1,TRUE,TRUE,"Conservation plans in this region must acknowledge the need to protect coastal uplands as well as wetlands, and provide opportunities for migration of habitats and species as sea levels and coastlines"
GA_SWAP_2015,.context.management_scale.site,Highest Priority Conservation Actions / Southwestern Appalachians/Ridge & Valley,1,TRUE,TRUE,Protect critical reaches of the Conasauga River system through targeted acquisition and easements with willing landowners.
GA_SWAP_2015,.context.management_scale.watershed,II. Approach and Methods / High Priority Conservation Areas,1,TRUE,TRUE,the Fishes and Aquatic Invertebrates Species Technical Team identified 165 high priority watersheds to protect the best known populations of 168 high priority aquatic species.
GA_SWAP_2015,.context.management_scale.city,NA,NA,NA,FALSE,
GA_SWAP_2015,.context.management_scale.city,NA,NA,NA,FALSE,
GA_SWAP_2015,.context.management_scale.city,NA,NA,NA,FALSE,
GA_SWAP_2015,.context.management_scale.county,NA,NA,NA,FALSE,
GA_SWAP_2015,.context.management_scale.county,NA,NA,NA,FALSE,
GA_SWAP_2015,.context.management_scale.county,NA,NA,NA,FALSE,
GA_SWAP_2015,.context.management_scale.within_state_region,III. State Overview-Ecological Framework / Ecoregions of the State,1,TRUE,TRUE,"The discussion of land use trends, high priority species and habitats, and conservation objectives in this report is organized by ecological region, or ecoregion. The major divisions used in this repo"
GA_SWAP_2015,.context.management_scale.state,I. Introduction and Purpose,1,TRUE,TRUE,The goal of this effort was to develop an updated wildlife conservation strategy based upon the best currently available data on the distribution and abundance of wildlife species in the state
GA_SWAP_2015,.context.management_scale.multistate,V. Statewide Wildlife Conservation Themes and Strategies / Terrestrial Invertebrates,1,TRUE,TRUE,"For high elevation species that will lose habitat in Georgia, work with neighboring states, Landscape Conservation Cooperatives, and other regional conservation partnerships to ensure that suitable ha"
GA_SWAP_2015,.context.management_scale.national,NA,NA,NA,FALSE,
GA_SWAP_2015,.context.management_scale.national,NA,NA,NA,FALSE,
GA_SWAP_2015,.context.management_scale.national,NA,NA,NA,FALSE,
GA_SWAP_2015,.context.management_scale.transnational,NA,NA,NA,FALSE,
GA_SWAP_2015,.context.management_scale.transnational,NA,NA,NA,FALSE,
GA_SWAP_2015,.context.management_scale.transnational,NA,NA,NA,FALSE,
GA_SWAP_2015,.context.management_scale.ecosystem,V. Statewide Wildlife Conservation Themes and Strategies / Climate Change,1,TRUE,TRUE,Meeting this goal requires intact forests and clean waterways with minimum flows maintained. Examples of conservation actions recommended in this plan emphasizing habitat connectivity include maintain
GA_SWAP_2015,.context.management_scale.ecoregion,V. Statewide Wildlife Conservation Themes and Strategies / Landscape Conservation Cooperatives,1,TRUE,TRUE,"By working with the other state agencies and conservation partners within these LCCs, conservation issues can be addressed at the appropriate regional scale. This approach is particularly important wh"
GA_SWAP_2015,.context.management_scale.province,NA,NA,NA,FALSE,
GA_SWAP_2015,.context.management_scale.province,NA,NA,NA,FALSE,
GA_SWAP_2015,.context.management_scale.province,NA,NA,NA,FALSE,
GA_SWAP_2015,.context.management_scale.section,NA,NA,NA,FALSE,
GA_SWAP_2015,.context.management_scale.section,NA,NA,NA,FALSE,
GA_SWAP_2015,.context.management_scale.section,NA,NA,NA,FALSE,
GA_SWAP_2015,.context.management_scale.subsection,NA,NA,NA,FALSE,
GA_SWAP_2015,.context.management_scale.subsection,NA,NA,NA,FALSE,
GA_SWAP_2015,.context.management_scale.subsection,NA,NA,NA,FALSE,
GA_SWAP_2015,.context.management_scale.lake,NA,NA,NA,FALSE,
GA_SWAP_2015,.context.management_scale.lake,NA,NA,NA,FALSE,
GA_SWAP_2015,.context.management_scale.lake,NA,NA,NA,FALSE,
GA_SWAP_2015,.context.management_scale.river,V. Statewide Wildlife Conservation Themes and Strategies / Fishes and Aquatic Invertebrates,1,TRUE,TRUE,"Protection of aquatic connectivity in free-flowing rivers and streams. Movements between feeding, breeding, and nursery habitats are essential for the persistence of many aquatic species."
GA_SWAP_2015,.context.management_scale.district,NA,NA,NA,FALSE,
GA_SWAP_2015,.context.management_scale.district,NA,NA,NA,FALSE,
GA_SWAP_2015,.context.management_scale.district,NA,NA,NA,FALSE,
GA_SWAP_2015,.context.biological_unit_score,V. Statewide Wildlife Conservation Themes and Strategies / Birds,1,TRUE,TRUE,"A warming climate will likely cause the ranges of many species to shift northward, possibly leading to negative interactions with other species or less favorable"
GA_SWAP_2015,.context.biological_unit_score,Southern Coastal Plain Ecoregion / Problems Affecting Wildlife Diversity,1,TRUE,TRUE,"Conservation plans in this region must acknowledge the need to protect coastal uplands as well as wetlands, and provide opportunities for migration of habitats and species as sea levels and coastlines"
GA_SWAP_2015,.context.biological_unit_components.species,V. Statewide Wildlife Conservation Themes and Strategies / Mammals,1,TRUE,TRUE,"The ranges of these species might be particularly vulnerable to climate change. A small increase in average temperature would likely result in a northward retreat, reducing or eliminating occupied hab"
GA_SWAP_2015,.context.biological_unit_components.population,V. Statewide Wildlife Conservation Themes and Strategies / Mammals,1,TRUE,TRUE,maintenance of these range extremes could conserve a disproportionate amount of the species' genetic diversity because of isolation and adaptation.
GA_SWAP_2015,.context.biological_unit_components.habitat,Southern Coastal Plain Ecoregion / Problems Affecting Wildlife Diversity,1,TRUE,TRUE,"Conservation plans in this region must acknowledge the need to protect coastal uplands as well as wetlands, and provide opportunities for migration of habitats and species as sea levels and coastlines"
GA_SWAP_2015,.context.biological_unit_components.ecosystem,Blue Ridge Ecoregion / High Priority Sites and Landscape Features / Blood Mountain/Coosa Bald/Sosebee Cove,1,TRUE,TRUE,"Perhaps the most significant long-term threat to these cool, moist environments and their associated species is global warming."
GA_SWAP_2015,.context.biological_unit_components.community,V. Statewide Wildlife Conservation Themes and Strategies / Climate Change / Climate-Smart Conservation,1,TRUE,TRUE,A highly permeable landscape promotes resilience by facilitating or accommodating range shifts and the reorganization of communities.
GA_SWAP_2015,.context.biological_unit_components.genotype_phenotype,NA,NA,NA,FALSE,
GA_SWAP_2015,.context.biological_unit_components.genotype_phenotype,NA,NA,NA,FALSE,
GA_SWAP_2015,.context.biological_unit_components.genotype_phenotype,NA,NA,NA,FALSE,
GA_SWAP_2015,.context.partnerships_and_funding,II. Approach and Methods / Coordination with Other Agencies,1,TRUE,TRUE,"Three Landscape Conservation Cooperatives intersect Georgia's boundaries: The South Atlantic, the Appalachian, and the Gulf Coastal Plain and Ozarks."
GA_SWAP_2015,.context.partnerships_and_funding,I. Introduction and Purpose,1,TRUE,TRUE,Funding for the current revision of Georgia's SWAP came from the State Wildlife Grants Program administered by the U.S. Fish & Wildlife Service; matching nonfederal funds came from the Nongame Wildlif
GA_SWAP_2015,.context.climate_threat_habitat_degradation,V. Statewide Wildlife Conservation Themes and Strategies / Fishes and Aquatic Invertebrates,1,TRUE,TRUE,"Climate change is expected to negatively impact Georgia's rich aquatic which ranks among the top U.S. states in diversity of key taxonomic groups such as fishes, mussels, and crayfishes. Potential imp"
GA_SWAP_2015,.context.climate_threat_species_vital_rates,V. Statewide Wildlife Conservation Themes and Strategies / Reptiles and Amphibians,1,TRUE,TRUE,"in the case of most of Georgia's turtle species and the American alligator, species that exhibit temperature-dependent sex determination, warming temperatures may skew sex ratios adversely."
GA_SWAP_2015,.context.climate_threat_biotic_stressors,V. Statewide Wildlife Conservation Themes and Strategies / Climate Change / Plants section,1,TRUE,TRUE,It is estimated that global warming will allow 48 percent of currently established invasive plants and animals to expand their ranges northward if current warming trends continue. This effect can alre
GA_SWAP_2015,.actions.priority_habitat_identification,II. Approach and Methods / High Priority Conservation Areas,1,TRUE,TRUE,"the ecosystem/habitat mapping technical team utilized a mapping approach that incorporated data from the Southeast Resilient Landscapes Project conducted by The Nature Conservancy, models of habitat c"
GA_SWAP_2015,.actions.priority_habitat_identification,Southern Coastal Plain Ecoregion / Problems Affecting Wildlife Diversity,1,TRUE,TRUE,"Conservation plans in this region must acknowledge the need to protect coastal uplands as well as wetlands, and provide opportunities for migration of habitats and species as sea levels and coastlines"
GA_SWAP_2015,.actions.targeted_range_shift_actions,V. Statewide Wildlife Conservation Themes and Strategies / Climate Change,1,TRUE,TRUE,"wildlife corridors allow species to migrate further inland as sea level rise inundates salt marshes and estuaries, or northward or to higher elevations as temperatures rise. Managing for habitat conne"
GA_SWAP_2015,.actions.time_bound_and_monitoring,VI. Procedures for SWAP Review and Revision,1,TRUE,TRUE,"The revision of the SWAP will be completed within two years of the start of the assessment, or no later than August 2025. In addition, informal annual assessments will be undertaken to assess changes "
GA_SWAP_2015,.actions.evidence_of_efficacy,V. Statewide Wildlife Conservation Themes and Strategies / Reptiles and Amphibians,0.621,FALSE,TRUE,"Researchers at UGA conducted an 'Amphibian and Reptile Climate Change Vulnerability Assessment' for select southeastern species, including ten that are considered high priority in Georgia... The predi"
GA_SWAP_2015,.actions.adaptation_planning_frameworks,V. Statewide Wildlife Conservation Themes and Strategies / Climate Change,1,TRUE,TRUE,"Climate-Smart Conservation. The 2015 Georgia SWAP incorporates the National Wildlife Federation's (NWF) Climate-Smart Conservation (Stein et al., 2014), which recommends paying attention to the follow"
GA_SWAP_2015,.actions.adaptation_planning_frameworks,V. Statewide Wildlife Conservation Themes and Strategies / Climate Change,1,TRUE,TRUE,Adaptive management is emphasized to help reduce the uncertainty of climate change in conservation planning and implementation. Adaptive management is an approach to natural resource management based 
GU_SWAP_2025_draft,.concepts.climate_vulnerability,Climate change (Threats section),1,TRUE,TRUE,"In supporting our SGCN, it is vital that we work towards long-term ecosystem resilience with proactive management, vulnerability assessments, habitat restoration and management, invasive species contr"
GU_SWAP_2025_draft,.concepts.climate_vulnerability,Climate change (Threats section),1,TRUE,TRUE,"Changing precipitation patterns and warming temperatures are affecting the range of plant and animal species, pushing them into smaller or less suitable habitats with limited access to resources."
GU_SWAP_2025_draft,.concepts.climate_vulnerability,Climate Change (Threat-Based Actions section),1,TRUE,TRUE,"The Pacific Islands are among the countries most vulnerable to climate change globally. Coastal communities are particularly vulnerable to even small changes in climatic variables, especially rainfall"
GU_SWAP_2025_draft,.concepts.adaptive_capacity_specificity,Climate change (Threats section),1,TRUE,TRUE,"In supporting our SGCN, it is vital that we work towards long-term ecosystem resilience with proactive management, vulnerability assessments, habitat restoration and management, invasive species contr"
GU_SWAP_2025_draft,.concepts.adaptive_capacity_components.demography,NA,NA,NA,FALSE,
GU_SWAP_2025_draft,.concepts.adaptive_capacity_components.demography,NA,NA,NA,FALSE,
GU_SWAP_2025_draft,.concepts.adaptive_capacity_components.demography,NA,NA,NA,FALSE,
GU_SWAP_2025_draft,.concepts.adaptive_capacity_components.distribution,Climate change (Threats section),1,TRUE,TRUE,"Changing precipitation patterns and warming temperatures are affecting the range of plant and animal species, pushing them into smaller or less suitable habitats with limited access to resources."
GU_SWAP_2025_draft,.concepts.adaptive_capacity_components.movement,NA,NA,NA,FALSE,
GU_SWAP_2025_draft,.concepts.adaptive_capacity_components.movement,NA,NA,NA,FALSE,
GU_SWAP_2025_draft,.concepts.adaptive_capacity_components.movement,NA,NA,NA,FALSE,
GU_SWAP_2025_draft,.concepts.adaptive_capacity_components.evolutionary_potential,NA,NA,NA,FALSE,
GU_SWAP_2025_draft,.concepts.adaptive_capacity_components.evolutionary_potential,NA,NA,NA,FALSE,
GU_SWAP_2025_draft,.concepts.adaptive_capacity_components.evolutionary_potential,NA,NA,NA,FALSE,
GU_SWAP_2025_draft,.concepts.adaptive_capacity_components.ecological_dependencies,NA,NA,NA,FALSE,
GU_SWAP_2025_draft,.concepts.adaptive_capacity_components.ecological_dependencies,NA,NA,NA,FALSE,
GU_SWAP_2025_draft,.concepts.adaptive_capacity_components.ecological_dependencies,NA,NA,NA,FALSE,
GU_SWAP_2025_draft,.concepts.adaptive_capacity_components.abiotic_niche,NA,NA,NA,FALSE,
GU_SWAP_2025_draft,.concepts.adaptive_capacity_components.abiotic_niche,NA,NA,NA,FALSE,
GU_SWAP_2025_draft,.concepts.adaptive_capacity_components.abiotic_niche,NA,NA,NA,FALSE,
GU_SWAP_2025_draft,.concepts.adaptive_capacity_components.life_history,NA,NA,NA,FALSE,
GU_SWAP_2025_draft,.concepts.adaptive_capacity_components.life_history,NA,NA,NA,FALSE,
GU_SWAP_2025_draft,.concepts.adaptive_capacity_components.life_history,NA,NA,NA,FALSE,
GU_SWAP_2025_draft,.concepts.connectivity,Threats to Biodiversity and Ecosystems / SWAP revision updates,1,TRUE,TRUE,"In these efforts, conservation managers identified priority species in the region to establish common goals to support species' habitats, population, and movement through the islands."
GU_SWAP_2025_draft,.tools.vulnerability_models,Climate Change (Threat-Based Actions section),1,TRUE,TRUE,"Assist in a Guam Vulnerability Assessment to Climate Change Plan (funded under TAP-Guam-2016-2, Grant No D16AP00023)"
GU_SWAP_2025_draft,.tools.niche_models,Climate Change (Threat-Based Actions section),1,TRUE,TRUE,Identify funding for utilizing the dynamically downscaled model of climate impacts in Guam (REF) with Software Assisted Habitat Modeling (SAHM) for VisTrails 1 in order to visualize impacts of climate
GU_SWAP_2025_draft,.tools.niche_models,Monitoring and Evaluation,1,TRUE,TRUE,"Develop habitat suitability models to identify and prioritize areas capable of supporting target species, providing a science-based foundation to guide conservation actions, habitat restoration, and m"
GU_SWAP_2025_draft,.tools.climate_models,Climate Change (Threat-Based Actions section),1,TRUE,TRUE,Identify funding for utilizing the dynamically downscaled model of climate impacts in Guam (REF) with Software Assisted Habitat Modeling (SAHM) for VisTrails 1 in order to visualize impacts of climate
GU_SWAP_2025_draft,.tools.connectivity_models,NA,NA,NA,FALSE,
GU_SWAP_2025_draft,.tools.connectivity_models,NA,NA,NA,FALSE,
GU_SWAP_2025_draft,.tools.connectivity_models,NA,NA,NA,FALSE,
GU_SWAP_2025_draft,.context.management_scale.local,Reintroduction and Restoration of SGCN to Designated Habitats,1,TRUE,TRUE,"Reintroduce native fauna and flora identified as SGCN into conservation lands, GNWR Overlay and other suitable areas (i.e., Safe Harbors)."
GU_SWAP_2025_draft,.context.management_scale.site,Terrestrial Conservation Areas,1,TRUE,TRUE,"The Government of Guam owns the Anao, Bolanos, and Cotal Conservation Areas. The land area covered by the three areas is 16.5 km2 (4077 acres)."
GU_SWAP_2025_draft,.context.management_scale.watershed,Marine (Ecosystem-Based Actions),1,TRUE,TRUE,"Expand watershed restoration in priority areas (Manell-Geus, Piti-Asan, Tumon Bay/Yigo-Tumon), and upgrade stormwater infrastructure in urban and tourism zones."
GU_SWAP_2025_draft,.context.management_scale.city,NA,NA,NA,FALSE,
GU_SWAP_2025_draft,.context.management_scale.city,NA,NA,NA,FALSE,
GU_SWAP_2025_draft,.context.management_scale.city,NA,NA,NA,FALSE,
GU_SWAP_2025_draft,.context.management_scale.county,NA,NA,NA,FALSE,
GU_SWAP_2025_draft,.context.management_scale.county,NA,NA,NA,FALSE,
GU_SWAP_2025_draft,.context.management_scale.county,NA,NA,NA,FALSE,
GU_SWAP_2025_draft,.context.management_scale.within_state_region,Savanna or Grassland,1,TRUE,TRUE,Savanna is a habitat type primarily found on hillsides with volcanic soils in southern Guam (Fosberg 1960).
GU_SWAP_2025_draft,.context.management_scale.state,Review of the Plan,1,TRUE,TRUE,The 2025 Guam SWAP will be fully reviewed by 2035 with interim performance reports (reviews) every year of projects funded by State Wildlife Grants.
GU_SWAP_2025_draft,.context.management_scale.multistate,Mariana Landscape-scale Conservation,1,TRUE,TRUE,"Collaboration with the CNMI Division of Fish and Wildlife (DFW) began in September 2024 when representatives from Guam DOAG-DAWR, UOG CIS and Sea Grant, and CNMI DFW began meeting to discuss the need "
GU_SWAP_2025_draft,.context.management_scale.national,NA,NA,NA,FALSE,
GU_SWAP_2025_draft,.context.management_scale.national,NA,NA,NA,FALSE,
GU_SWAP_2025_draft,.context.management_scale.national,NA,NA,NA,FALSE,
GU_SWAP_2025_draft,.context.management_scale.transnational,NA,NA,NA,FALSE,
GU_SWAP_2025_draft,.context.management_scale.transnational,NA,NA,NA,FALSE,
GU_SWAP_2025_draft,.context.management_scale.transnational,NA,NA,NA,FALSE,
GU_SWAP_2025_draft,.context.management_scale.ecosystem,Executive Summary,0.6382,FALSE,TRUE,The 2025 Guam SWAP outlines conservation strategies in major categories: • Conservation planning...• Habitat management and restoration...• Monitoring and research...
GU_SWAP_2025_draft,.context.management_scale.ecoregion,NA,NA,NA,FALSE,
GU_SWAP_2025_draft,.context.management_scale.ecoregion,NA,NA,NA,FALSE,
GU_SWAP_2025_draft,.context.management_scale.ecoregion,NA,NA,NA,FALSE,
GU_SWAP_2025_draft,.context.management_scale.province,NA,NA,NA,FALSE,
GU_SWAP_2025_draft,.context.management_scale.province,NA,NA,NA,FALSE,
GU_SWAP_2025_draft,.context.management_scale.province,NA,NA,NA,FALSE,
GU_SWAP_2025_draft,.context.management_scale.section,NA,NA,NA,FALSE,
GU_SWAP_2025_draft,.context.management_scale.section,NA,NA,NA,FALSE,
GU_SWAP_2025_draft,.context.management_scale.section,NA,NA,NA,FALSE,
GU_SWAP_2025_draft,.context.management_scale.subsection,NA,NA,NA,FALSE,
GU_SWAP_2025_draft,.context.management_scale.subsection,NA,NA,NA,FALSE,
GU_SWAP_2025_draft,.context.management_scale.subsection,NA,NA,NA,FALSE,
GU_SWAP_2025_draft,.context.management_scale.lake,Reservoirs (Freshwater Habitats),1,TRUE,TRUE,"The largest is Fena Lake (0.81 km2 or 200 acres), which still functions as an important reservoir for drinking water."
GU_SWAP_2025_draft,.context.management_scale.river,Rivers,1,TRUE,TRUE,"The island has 100 rivers and streams, ranging in length from less than 1 km to more than 5 km, all located in the volcanic southern half of the island (Best and Davidson 1981)."
GU_SWAP_2025_draft,.context.management_scale.district,NA,NA,NA,FALSE,
GU_SWAP_2025_draft,.context.management_scale.district,NA,NA,NA,FALSE,
GU_SWAP_2025_draft,.context.management_scale.district,NA,NA,NA,FALSE,
GU_SWAP_2025_draft,.context.biological_unit_score,Executive Summary,1,TRUE,TRUE,"Guam's SWAP identified 128 species including 60 terrestrial species (mammals-2, birds-14, reptiles-5, arthropods-1, snails-3, insects-2, and plants-33), 12 freshwater species (fish-4, eel-1, crustacea"
GU_SWAP_2025_draft,.context.biological_unit_score,Climate change (Threats section),1,TRUE,TRUE,"Changing precipitation patterns and warming temperatures are affecting the range of plant and animal species, pushing them into smaller or less suitable habitats with limited access to resources."
GU_SWAP_2025_draft,.context.biological_unit_components.species,Executive Summary,1,TRUE,TRUE,"Guam's SWAP identified 128 species including 60 terrestrial species (mammals-2, birds-14, reptiles-5, arthropods-1, snails-3, insects-2, and plants-33), 12 freshwater species."
GU_SWAP_2025_draft,.context.biological_unit_components.population,NA,NA,NA,FALSE,
GU_SWAP_2025_draft,.context.biological_unit_components.population,NA,NA,NA,FALSE,
GU_SWAP_2025_draft,.context.biological_unit_components.population,NA,NA,NA,FALSE,
GU_SWAP_2025_draft,.context.biological_unit_components.habitat,Climate change (Threats section),1,TRUE,TRUE,"Changing precipitation patterns and warming temperatures are affecting the range of plant and animal species, pushing them into smaller or less suitable habitats with limited access to resources."
GU_SWAP_2025_draft,.context.biological_unit_components.ecosystem,Climate change (Threats section),1,TRUE,TRUE,"Climate change is significantly altering Guam's natural ecosystems with effects being seen in all environments: terrestrial, marine, and freshwater."
GU_SWAP_2025_draft,.context.biological_unit_components.community,NA,NA,NA,FALSE,
GU_SWAP_2025_draft,.context.biological_unit_components.community,NA,NA,NA,FALSE,
GU_SWAP_2025_draft,.context.biological_unit_components.community,NA,NA,NA,FALSE,
GU_SWAP_2025_draft,.context.biological_unit_components.genotype_phenotype,NA,NA,NA,FALSE,
GU_SWAP_2025_draft,.context.biological_unit_components.genotype_phenotype,NA,NA,NA,FALSE,
GU_SWAP_2025_draft,.context.biological_unit_components.genotype_phenotype,NA,NA,NA,FALSE,
GU_SWAP_2025_draft,.context.partnerships_and_funding,Executive Summary,1,TRUE,TRUE,The strength of Guam's SWAP is the Department's ability to secure funding from the U.S. Congress through the State Wildlife Grant Program (SWGP) to carry out its plans.
GU_SWAP_2025_draft,.context.partnerships_and_funding,Acknowledgements / Funding section,0.9212,TRUE,TRUE,"Guam also receives federal funding through the Sport Fish and Wildlife Restoration Act, US ESA Section 6, Coral Reef Initiative, NOAA Pacific Islands Regional Office (PIRO), NOAA Pacific Island Fisher"
GU_SWAP_2025_draft,.context.partnerships_and_funding,Mariana Landscape-scale Conservation,1,TRUE,TRUE,"Collaboration with the CNMI Division of Fish and Wildlife (DFW) began in September 2024 when representatives from Guam DOAG-DAWR, UOG CIS and Sea Grant, and CNMI DFW began meeting to discuss the need "
GU_SWAP_2025_draft,.context.climate_threat_habitat_degradation,Climate change (Threats section),1,TRUE,TRUE,"Warming sea temperatures lead to coral bleaching, weakening reef structures and reducing habitat for fish and other marine species."
GU_SWAP_2025_draft,.context.climate_threat_habitat_degradation,Climate change (Threats section),1,TRUE,TRUE,Climate change further impacts mangrove systems and reduces the availability of freshwater through saltwater contamination of aquifers.
GU_SWAP_2025_draft,.context.climate_threat_habitat_degradation,Climate change (Threats section),1,TRUE,TRUE,"Changing precipitation patterns and warming temperatures are affecting the range of plant and animal species, pushing them into smaller or less suitable habitats with limited access to resources."
GU_SWAP_2025_draft,.context.climate_threat_species_vital_rates,Mariana swiftlet ACTION PLAN,1,TRUE,TRUE,Research climate change impacts on swiftlet colony at the Fachi cave during prolonged rain events (flooding) and other limiting factors of climate change that may affect the swiftlets.
GU_SWAP_2025_draft,.context.climate_threat_species_vital_rates,Climate change (Threats section),1,TRUE,TRUE,More frequent flooding and higher levels of erosion affect coastal communities and threaten nesting beaches for sea turtles.
GU_SWAP_2025_draft,.context.climate_threat_species_vital_rates,Corals (HISTORIC AND CURRENT STATUS),1,TRUE,TRUE,"Repeated disturbances such as mass bleaching events have led to drastic declines with average live coral cover at 25% or less (NOAA, 2021)."
GU_SWAP_2025_draft,.context.climate_threat_biotic_stressors,Reef Manta Ray (Mobula alfredi) THREATS,1,TRUE,TRUE,"both their feeding patterns and abundance are affected by climate change, which in turn impacts reef manta rays."
GU_SWAP_2025_draft,.context.climate_threat_biotic_stressors,Sicklefin devil ray (Mobula taracapana) THREATS,1,TRUE,TRUE,"Climate change also poses a serious threat, as rising ocean temperatures and acidification can disrupt their migratory patterns and affect the availability of prey."
GU_SWAP_2025_draft,.actions.priority_habitat_identification,Marine Preserves,1,TRUE,TRUE,"Over 10% of Guam's coastline has been designated as five marine preserves: Tumon Bay, Piti Bomb Holes, Sasa Bay, Achang Reef Flat, and Pati Point."
GU_SWAP_2025_draft,.actions.priority_habitat_identification,Terrestrial Conservation Areas,1,TRUE,TRUE,"The Government of Guam owns the Anao, Bolanos, and Cotal Conservation Areas. The land area covered by the three areas is 16.5 km2 (4077 acres)."
GU_SWAP_2025_draft,.actions.priority_habitat_identification,Monitoring Habitats and Conservation Areas,1,TRUE,TRUE,Develop a GIS map of historic and current distribution of SGCN for Guam. Objective 2: Develop maps that illustrate the reduction of habitat degradation and loss as control measures for invasive flora 
GU_SWAP_2025_draft,.actions.targeted_range_shift_actions,NA,NA,NA,FALSE,
GU_SWAP_2025_draft,.actions.targeted_range_shift_actions,NA,NA,NA,FALSE,
GU_SWAP_2025_draft,.actions.targeted_range_shift_actions,NA,NA,NA,FALSE,
GU_SWAP_2025_draft,.actions.time_bound_and_monitoring,Review of the Plan,1,TRUE,TRUE,The 2025 Guam SWAP will be fully reviewed by 2035 with interim performance reports (reviews) every year of projects funded by State Wildlife Grants.
GU_SWAP_2025_draft,.actions.time_bound_and_monitoring,Review of the Plan,1,TRUE,TRUE,"The countdown to revision shall commence on October 1, 2025, and the full revision shall be completed and submitted for review and approval by October 1, 2035."
GU_SWAP_2025_draft,.actions.time_bound_and_monitoring,Effectiveness of Measures,1,TRUE,TRUE,Level 1: Initial implementation of the conservation action Level 2: Evaluation and refinement of methods based on outcomes Level 3: Adaptive management to modify strategies and optimize success
GU_SWAP_2025_draft,.actions.evidence_of_efficacy,Islan Dåno' (Conservation Areas),0.4912,FALSE,TRUE,"On November 16, 2010, 16 captive-bred Guam rails were released on the government side of the island... Within 4 months, the first nest was located. In August 2012 another release of ten birds occurred"
GU_SWAP_2025_draft,.actions.evidence_of_efficacy,Birds (Mariana crow section),1,TRUE,TRUE,"The use of electrified barriers on tree trunks was found to be highly effective in preventing brown tree snake intrusion into active nests (Aguon et al., 2002), and eight fertile crow eggs were protec"
GU_SWAP_2025_draft,.actions.adaptation_planning_frameworks,Climate Change (Threat-Based Actions section),1,TRUE,TRUE,Participate in working groups to establish adaptive management goals and actions to help minimize threats and address impacts for climate change to SGCN and habitats.
GU_SWAP_2025_draft,.actions.adaptation_planning_frameworks,Executive Summary,1,TRUE,TRUE,"The success of the plan will rely on continued collaboration and adaptive management. Implementation will be led by DAWR with aligned efforts from other local and federal agencies, academic institutio"
HI_SWAP_2025,.concepts.climate_vulnerability,Species Vulnerability Assessments in Response to Changing Climate,1,TRUE,TRUE,"Vulnerability assessments are essentially syntheses of available information that are used to determine the potential impacts of a threat (e.g., climate change) on species of interest. Typically, vuln"
HI_SWAP_2025,.concepts.climate_vulnerability,Species Vulnerability Assessments in Response to Changing Climate,1,TRUE,TRUE,"Forest birds in Hawai'i face an uncertain future as the effects of climate change exacerbate existing threats caused by disease and the steady loss of habitat. Increases in mean temperature, declining"
HI_SWAP_2025,.concepts.climate_vulnerability,Disease (under Terrestrial Ecosystems),1,TRUE,TRUE,"Some populations of the 'amakihi have developed infection survival mechanisms to malaria and now are found again in lowland habitats (Foster et al. 2007, Eggert et al. 2008, Atkinson et al. 2013, Nedd"
HI_SWAP_2025,.concepts.adaptive_capacity_specificity,Species Vulnerability Assessments in Response to Changing Climate,1,TRUE,TRUE,"Vulnerability assessments attempt to determine species' vulnerability by estimating species' exposure to climate change, their sensitivity to such changes, and their adaptive capacity to respond to ch"
HI_SWAP_2025,.concepts.adaptive_capacity_specificity,Disease (under Terrestrial Ecosystems),0.2845,FALSE,TRUE,"Some populations of the 'amakihi have developed infection survival mechanisms to malaria and now are found again in lowland habitats, indicating disease resistance may evolve. This potential further e"
HI_SWAP_2025,.concepts.adaptive_capacity_components.demography,NA,NA,NA,FALSE,
HI_SWAP_2025,.concepts.adaptive_capacity_components.demography,NA,NA,NA,FALSE,
HI_SWAP_2025,.concepts.adaptive_capacity_components.demography,NA,NA,NA,FALSE,
HI_SWAP_2025,.concepts.adaptive_capacity_components.distribution,Habitat restriction,1,TRUE,TRUE,"Among the higher-elevation MHI, a significant portion of native plants are threatened by future climate conditions, owing to shifts or even complete losses of climatic niches of some species (Fortini "
HI_SWAP_2025,.concepts.adaptive_capacity_components.movement,Habitat restriction,1,TRUE,TRUE,"coastal communities will not be able to shift fast enough to stay ahead of sea level rise, given that coastal strand habitat is generally bounded by residential or commercial development"
HI_SWAP_2025,.concepts.adaptive_capacity_components.evolutionary_potential,Disease (under Terrestrial Ecosystems),1,TRUE,TRUE,"Some populations of the 'amakihi have developed infection survival mechanisms to malaria and now are found again in lowland habitats (Foster et al. 2007, Eggert et al. 2008, Atkinson et al. 2013, Nedd"
HI_SWAP_2025,.concepts.adaptive_capacity_components.ecological_dependencies,Drought,1,TRUE,TRUE,"Palila survival and reproduction are closely tied to the species' primary shelter and food source, māmane (Sophora chrysophylla). During the driest drought year, māmane seed pod production was reduced"
HI_SWAP_2025,.concepts.adaptive_capacity_components.abiotic_niche,Ecological Consequences of Climate Change,1,TRUE,TRUE,"Temperature increases will allow avian disease pathogens and vectors to expand their ranges to higher elevations, and will increasingly dry out wet forest habitat upon which kāhuli tree snails, pictur"
HI_SWAP_2025,.concepts.adaptive_capacity_components.life_history,NA,NA,NA,FALSE,
HI_SWAP_2025,.concepts.adaptive_capacity_components.life_history,NA,NA,NA,FALSE,
HI_SWAP_2025,.concepts.adaptive_capacity_components.life_history,NA,NA,NA,FALSE,
HI_SWAP_2025,.concepts.connectivity,VALUE OF HAWAI'I'S SWAP,0.749,FALSE,TRUE,"The SWAP focuses on landscape-scale actions to aid as many species as possible...By emphasizing measures that benefit multiple species groups and habitats in which they reside, the SWAP represents an "
HI_SWAP_2025,.tools.vulnerability_models,Species Vulnerability Assessments in Response to Changing Climate,1,TRUE,TRUE,Current research efforts focus on two main approaches to determine the potential impacts of climate change on individual species: estimating species vulnerabilities and projecting responses of species
HI_SWAP_2025,.tools.niche_models,Species Vulnerability Assessments in Response to Changing Climate,1,TRUE,TRUE,projecting responses of species to expected changes
HI_SWAP_2025,.tools.climate_models,Alteration of Hydrology,1,TRUE,TRUE,"Climate change models of rainfall for the Hawaiian Islands through the remainder of the century predict, on average, a decrease in rainfall and reduced availability of freshwater resources (Timm et al"
HI_SWAP_2025,.tools.climate_models,Laysan finch (Threats),1,TRUE,TRUE,Both the Intergovernmental Panel on Climate Change and the U.S. Environmental Protection Agency project sea level to increase 34-42 centimeters (13-16 inches) by 2100.
HI_SWAP_2025,.tools.connectivity_models,NA,NA,NA,FALSE,
HI_SWAP_2025,.tools.connectivity_models,NA,NA,NA,FALSE,
HI_SWAP_2025,.tools.connectivity_models,NA,NA,NA,FALSE,
HI_SWAP_2025,.context.management_scale.local,NA,NA,NA,FALSE,
HI_SWAP_2025,.context.management_scale.local,NA,NA,NA,FALSE,
HI_SWAP_2025,.context.management_scale.local,NA,NA,NA,FALSE,
HI_SWAP_2025,.context.management_scale.site,INADEQUATE FUNDING / Chapter 4,0.9668,TRUE,TRUE,the SWAP introduces a new approach to biodiversity conservation planning at the implementation level. The approach significantly advances effective conservation outcomes by developing a planning frame
HI_SWAP_2025,.context.management_scale.watershed,Social Overview,0.9464,TRUE,TRUE,"There are ten watershed partnerships on five islands, involving 74 public and private partners and covering over 890,308 hectares (2.2 million acres) of forested watershed"
HI_SWAP_2025,.context.management_scale.city,NA,NA,NA,FALSE,
HI_SWAP_2025,.context.management_scale.city,NA,NA,NA,FALSE,
HI_SWAP_2025,.context.management_scale.city,NA,NA,NA,FALSE,
HI_SWAP_2025,.context.management_scale.county,Social Overview,0.6212,FALSE,TRUE,Hawai'i has four local governments: the City and County of Honolulu...the County of Kaua'i...the County of Maui...and the County of Hawai'i.
HI_SWAP_2025,.context.management_scale.within_state_region,The Maui Nui Landscape Conservation Plan,1,TRUE,TRUE,"Initially focused on Maui Nui, the Maui Nui Landscape Conservation Plan (MNLCP) provides a systematic, climate-resilient approach to landscape-scale conservation."
HI_SWAP_2025,.context.management_scale.state,STRATEGY APPROACH AND DEVELOPMENT,1,TRUE,TRUE,"This plan assesses threats to species and their habitats and conservation needs at three levels: statewide, island-wide, and taxa-specific."
HI_SWAP_2025,.context.management_scale.multistate,NA,NA,NA,FALSE,
HI_SWAP_2025,.context.management_scale.multistate,NA,NA,NA,FALSE,
HI_SWAP_2025,.context.management_scale.multistate,NA,NA,NA,FALSE,
HI_SWAP_2025,.context.management_scale.national,NA,NA,NA,FALSE,
HI_SWAP_2025,.context.management_scale.national,NA,NA,NA,FALSE,
HI_SWAP_2025,.context.management_scale.national,NA,NA,NA,FALSE,
HI_SWAP_2025,.context.management_scale.transnational,NA,NA,NA,FALSE,
HI_SWAP_2025,.context.management_scale.transnational,NA,NA,NA,FALSE,
HI_SWAP_2025,.context.management_scale.transnational,NA,NA,NA,FALSE,
HI_SWAP_2025,.context.management_scale.ecosystem,Coral Reefs,1,TRUE,TRUE,"Coral reefs are threatened by human impacts, invasive species, disease and global climate change."
HI_SWAP_2025,.context.management_scale.ecoregion,NA,NA,NA,FALSE,
HI_SWAP_2025,.context.management_scale.ecoregion,NA,NA,NA,FALSE,
HI_SWAP_2025,.context.management_scale.ecoregion,NA,NA,NA,FALSE,
HI_SWAP_2025,.context.management_scale.province,NA,NA,NA,FALSE,
HI_SWAP_2025,.context.management_scale.province,NA,NA,NA,FALSE,
HI_SWAP_2025,.context.management_scale.province,NA,NA,NA,FALSE,
HI_SWAP_2025,.context.management_scale.section,NA,NA,NA,FALSE,
HI_SWAP_2025,.context.management_scale.section,NA,NA,NA,FALSE,
HI_SWAP_2025,.context.management_scale.section,NA,NA,NA,FALSE,
HI_SWAP_2025,.context.management_scale.subsection,NA,NA,NA,FALSE,
HI_SWAP_2025,.context.management_scale.subsection,NA,NA,NA,FALSE,
HI_SWAP_2025,.context.management_scale.subsection,NA,NA,NA,FALSE,
HI_SWAP_2025,.context.management_scale.lake,NA,NA,NA,FALSE,
HI_SWAP_2025,.context.management_scale.lake,NA,NA,NA,FALSE,
HI_SWAP_2025,.context.management_scale.lake,NA,NA,NA,FALSE,
HI_SWAP_2025,.context.management_scale.river,NA,NA,NA,FALSE,
HI_SWAP_2025,.context.management_scale.river,NA,NA,NA,FALSE,
HI_SWAP_2025,.context.management_scale.river,NA,NA,NA,FALSE,
HI_SWAP_2025,.context.management_scale.district,NA,NA,NA,FALSE,
HI_SWAP_2025,.context.management_scale.district,NA,NA,NA,FALSE,
HI_SWAP_2025,.context.management_scale.district,NA,NA,NA,FALSE,
HI_SWAP_2025,.context.biological_unit_score,Ecological Consequences of Climate Change,1,TRUE,TRUE,"Temperature increases will allow avian disease pathogens and vectors to expand their ranges to higher elevations, and will increasingly dry out wet forest habitat upon which kāhuli tree snails, pictur"
HI_SWAP_2025,.context.biological_unit_score,Habitat restriction,1,TRUE,TRUE,"Among the higher-elevation MHI, a significant portion of native plants are threatened by future climate conditions, owing to shifts or even complete losses of climatic niches of some species (Fortini "
HI_SWAP_2025,.context.biological_unit_components.species,Ecological Consequences of Climate Change,1,TRUE,TRUE,"Temperature increases will allow avian disease pathogens and vectors to expand their ranges to higher elevations, and will increasingly dry out wet forest habitat upon which kāhuli tree snails, pictur"
HI_SWAP_2025,.context.biological_unit_components.population,Disease (under Terrestrial Ecosystems),0.3081,FALSE,TRUE,"Some populations of the 'amakihi have developed infection survival mechanisms to malaria and now are found again in lowland habitats, indicating disease resistance may evolve."
HI_SWAP_2025,.context.biological_unit_components.habitat,Habitat restriction,1,TRUE,TRUE,"coastal communities will not be able to shift fast enough to stay ahead of sea level rise, given that coastal strand habitat is generally bounded by residential or commercial development"
HI_SWAP_2025,.context.biological_unit_components.ecosystem,Coral Reefs,1,TRUE,TRUE,"Coral reefs are threatened by human impacts, invasive species, disease and global climate change."
HI_SWAP_2025,.context.biological_unit_components.community,Habitat restriction,1,TRUE,TRUE,"Some native plant communities may be able to expand up to higher elevation ranges as temperatures warm, but those at the highest elevations may have no place to go."
HI_SWAP_2025,.context.biological_unit_components.genotype_phenotype,NA,NA,NA,FALSE,
HI_SWAP_2025,.context.biological_unit_components.genotype_phenotype,NA,NA,NA,FALSE,
HI_SWAP_2025,.context.biological_unit_components.genotype_phenotype,NA,NA,NA,FALSE,
HI_SWAP_2025,.context.partnerships_and_funding,STRATEGY APPROACH AND DEVELOPMENT,1,TRUE,TRUE,"Under this program, Hawai'i receives approximately $450,000-$500,000 per year to fund SWAP projects. To participate, all states and all U.S. territories are required to update their SWAP by October 1,"
HI_SWAP_2025,.context.partnerships_and_funding,Funding for Conservation,0.6873,FALSE,TRUE,Hawai'i ranks near the bottom (48th) in the nation for state spending on fisheries and wildlife...A conservative estimate of the amount of state funds actually dedicated solely to conservation of nati
HI_SWAP_2025,.context.partnerships_and_funding,HAWAI'I'S STATE WILDLIFE ACTION PLAN,1,TRUE,TRUE,"Implementation of the 2025 SWAP will continue to require an ongoing effort of local, state, and federal agencies, non-governmental organizations, communities, private landowners, and individual citize"
HI_SWAP_2025,.context.climate_threat_habitat_degradation,Ecological Consequences of Climate Change,1,TRUE,TRUE,"sea level rise (SLR) will inundate the Northwestern Hawaiian Islands (NWHI), reducing habitat for nesting seabirds, native passerines, monk seals, and sea turtles, and altering coastal habitats throug"
HI_SWAP_2025,.context.climate_threat_habitat_degradation,Fire,1,TRUE,TRUE,"Hawai'i is more prone to wildfire due to climate change, which is causing temperatures to increase and rainfall to decrease."
HI_SWAP_2025,.context.climate_threat_habitat_degradation,Drought,1,TRUE,TRUE,"Predicted drying conditions from climate change will increase the length and severity of drought and increase the risk of future wildland fire, affecting wildlife populations."
HI_SWAP_2025,.context.climate_threat_species_vital_rates,Drought,1,TRUE,TRUE,Chronic drought conditions on Maunakea have contributed to the recent decline of the endangered palila and other native birds (Banko et al. 2013). Palila survival and reproduction are closely tied to 
HI_SWAP_2025,.context.climate_threat_biotic_stressors,Montane wet communities,1,TRUE,TRUE,"climate change has the accelerated upslope invasion of mosquito-borne diseases, which threaten the persistence of many endangered birds."
HI_SWAP_2025,.context.climate_threat_biotic_stressors,Disease (under Terrestrial Ecosystems),1,TRUE,TRUE,"Increasing temperatures, moving up slope, will greatly expand the higher-elevation viability and thus range of mosquitoes and the diseases they transmit (Benning et al. 2002, Atkinson and LaPointe 200"
HI_SWAP_2025,.actions.priority_habitat_identification,The Maui Nui Landscape Conservation Plan,1,TRUE,TRUE,"the Hawaiʻi Department of Land and Natural Resources, in collaboration with a broad coalition of public and private agencies, organizations, landowners, and conservation experts, is developing an inno"
HI_SWAP_2025,.actions.priority_habitat_identification,STATEWIDE CONSERVATION OBJECTIVES (Obj. 1 strategies),0.3194,FALSE,TRUE,"Identifying priority lands for which protection and management is needed to further the goals of this SWAP. Acquire those lands through purchase, donation, or set aside to be designated and managed co"
HI_SWAP_2025,.actions.priority_habitat_identification,Disease (under Terrestrial Ecosystems),1,TRUE,TRUE,protect high elevation refugia for susceptible native birds and to conduct forms of mosquito control that reduce disease prevalence.
HI_SWAP_2025,.actions.targeted_range_shift_actions,"Hawaiian Land snails (multiple family sections, Conservation Actions)",1,TRUE,TRUE,"Conduct translocations of species outside of their historical ranges when recovery potential within their range is reduced due to, but limited to, climate change, predator load, or degradation of habi"
HI_SWAP_2025,.actions.targeted_range_shift_actions,ka'upu or black-footed albatross (Conservation Actions),1,TRUE,TRUE,Establish new colonies on high islands that are less vulnerable to climate change.
HI_SWAP_2025,.actions.time_bound_and_monitoring,ADAPTIVE MANAGEMENT AND THE TEN-YEAR REVISION,1,TRUE,TRUE,"As a part of the adaptive management process, the State DOFAW and DAR will conduct annual reviews to assess Hawai'i's SWAP program implementation and determine if any changes need to be made."
HI_SWAP_2025,.actions.time_bound_and_monitoring,ADAPTIVE MANAGEMENT AND THE TEN-YEAR REVISION,1,TRUE,TRUE,Each ten-year review and revision will be initiated by DLNR and will involve many of the same steps as were performed for this 2015 plan update
HI_SWAP_2025,.actions.evidence_of_efficacy,Nihoa millerbird (Conservation Actions),0.6185,FALSE,TRUE,In 2011 and 2012 a total of 50 Nihoa millerbirds were translocated from Nihoa Island to Laysan Island...The initial population of 50 birds has increased to more than 400 birds.
HI_SWAP_2025,.actions.evidence_of_efficacy,Puaiohi (Conservation Actions),1,TRUE,TRUE,"Between 1999 and 2012, 222 captive-bred puaiohi were released into the wild on Kaua'i. Initially, the program was successful, with several captive-raised birds documented successfully breeding, but in"
HI_SWAP_2025,.actions.evidence_of_efficacy,'Akiapōlā'au (Abundance),1,TRUE,TRUE,"ʻAkiapōlāʻau however have responded extremely well to koa reforestation, and populations at Hakalau forest have increased by more than 900% in the koa planting areas."
HI_SWAP_2025,.actions.adaptation_planning_frameworks,The Maui Nui Landscape Conservation Plan,1,TRUE,TRUE,"the Hawaiʻi Department of Land and Natural Resources, in collaboration with a broad coalition of public and private agencies, organizations, landowners, and conservation experts, is developing an inno"
HI_SWAP_2025,.actions.adaptation_planning_frameworks,STATEWIDE CONSERVATION OBJECTIVES (Obj. 1 strategies),1,TRUE,TRUE,Develop plans to respond to natural disasters and climate change
HI_SWAP_2025,.actions.adaptation_planning_frameworks,ADAPTIVE MANAGEMENT AND THE TEN-YEAR REVISION,0.7126,FALSE,TRUE,"As a part of the adaptive management process, the State DOFAW and DAR will conduct annual reviews...This review will include identification of new or altered threats; review of recent surveys, data, a"
IA_SWAP_2025_draft,.concepts.climate_vulnerability,"Chapter 5 IWAP Conservation Challenges.pdf, Table 5-4 (Terrestrial Wildlife)",1,TRUE,TRUE,11. Climate Change | VH | VH | VH | H | H | H
IA_SWAP_2025_draft,.concepts.climate_vulnerability,"Chapter 5 IWAP Conservation Challenges.pdf, Changes in Temperature Regimes",1,TRUE,TRUE,"Broad scale changes in temperature, fluctuations or extremes in temperatures in a geographical area. Even small increases in mean temperature are correlated with more frequent extreme temperature even"
IA_SWAP_2025_draft,.concepts.climate_vulnerability,"Chapter 5 IWAP Conservation Challenges.pdf, Changes in Physical and Chemical Regimes",1,TRUE,TRUE,"As ranges of plant species contract, expand or shift, the plant communities that wildlife inhabit will change, and could encroach upon adjacent systems."
IA_SWAP_2025_draft,.concepts.adaptive_capacity_specificity,"Chapter 8 IWAP 2025 Draft.pdf, Priorities for Vision Elements",1,TRUE,TRUE,"Establishing new habitats and restoring populations will extend the range of these species, provide the potential for greater genetic diversity and interaction between populations, and reduce the chan"
IA_SWAP_2025_draft,.concepts.adaptive_capacity_components.demography,NA,NA,NA,FALSE,
IA_SWAP_2025_draft,.concepts.adaptive_capacity_components.demography,NA,NA,NA,FALSE,
IA_SWAP_2025_draft,.concepts.adaptive_capacity_components.demography,NA,NA,NA,FALSE,
IA_SWAP_2025_draft,.concepts.adaptive_capacity_components.distribution,"Chapter 5 IWAP Conservation Challenges.pdf, Changes in Physical and Chemical Regimes",1,TRUE,TRUE,"As ranges of plant species contract, expand or shift, the plant communities that wildlife inhabit will change, and could encroach upon adjacent systems."
IA_SWAP_2025_draft,.concepts.adaptive_capacity_components.movement,"Chapter 8 IWAP 2025 Draft.pdf, Priorities for Vision Elements",1,TRUE,TRUE,"Establishing new habitats and restoring populations will extend the range of these species, provide the potential for greater genetic diversity and interaction between populations, and reduce the chan"
IA_SWAP_2025_draft,.concepts.adaptive_capacity_components.evolutionary_potential,"Chapter 8 IWAP 2025 Draft.pdf, Priorities for Vision Elements",1,TRUE,TRUE,"Establishing new habitats and restoring populations will extend the range of these species, provide the potential for greater genetic diversity and interaction between populations, and reduce the chan"
IA_SWAP_2025_draft,.concepts.adaptive_capacity_components.ecological_dependencies,NA,NA,NA,FALSE,
IA_SWAP_2025_draft,.concepts.adaptive_capacity_components.ecological_dependencies,NA,NA,NA,FALSE,
IA_SWAP_2025_draft,.concepts.adaptive_capacity_components.ecological_dependencies,NA,NA,NA,FALSE,
IA_SWAP_2025_draft,.concepts.adaptive_capacity_components.abiotic_niche,"Chapter 5 IWAP Conservation Challenges.pdf, Changes in Temperature Regimes",1,TRUE,TRUE,"Broad scale changes in temperature, fluctuations or extremes in temperatures in a geographical area. Even small increases in mean temperature are correlated with more frequent extreme temperature even"
IA_SWAP_2025_draft,.concepts.adaptive_capacity_components.life_history,NA,NA,NA,FALSE,
IA_SWAP_2025_draft,.concepts.adaptive_capacity_components.life_history,NA,NA,NA,FALSE,
IA_SWAP_2025_draft,.concepts.adaptive_capacity_components.life_history,NA,NA,NA,FALSE,
IA_SWAP_2025_draft,.concepts.connectivity,"Chapter 4 IWAP Revision.pdf, Priorities for Habitat Protection",1,TRUE,TRUE,Increasing connectivity -protecting and/or managing for wildlife use of areas between existing habitat core areas to facilitate movement between these areas.
IA_SWAP_2025_draft,.concepts.connectivity,"Chapter 11 IWAP Revision.pdf, Conclusion",1,TRUE,TRUE,Continuing to develop a diverse base of native ecosystems and movement corridors for wildlife is essential for the preservation of Iowa's wildlife populations.
IA_SWAP_2025_draft,.concepts.connectivity,"Chapter 6 IWAP Visions.pdf, Conservation Strategies and Actions",1,TRUE,TRUE,Fragmentation must be minimized by developing large blocks of habitat connected by corridors for the free exchange of organisms.
IA_SWAP_2025_draft,.tools.vulnerability_models,NA,NA,NA,FALSE,
IA_SWAP_2025_draft,.tools.vulnerability_models,NA,NA,NA,FALSE,
IA_SWAP_2025_draft,.tools.vulnerability_models,NA,NA,NA,FALSE,
IA_SWAP_2025_draft,.tools.niche_models,"Chapter 11 IWAP Revision.pdf, Putting Iowa SGCN on the map",1,TRUE,TRUE,"A collaboration between Iowa State University and the Iowa DNR used MSIM data and modern, sophisticated statistical procedures to create species distribution maps for more than 100 species of conserva"
IA_SWAP_2025_draft,.tools.niche_models,"Chapter 7 IWAP Res & Mon.pdf, Objective 3",1,TRUE,TRUE,"With funding from a State Wildlife Action Plan Enhancement State Wildlife Grant in 2015, we used the predictive mathematical models to create predictive species distribution maps similar to GAP."
IA_SWAP_2025_draft,.tools.niche_models,"Chapter 7 IWAP Res & Mon.pdf, Objective 3",1,TRUE,TRUE,"These spatial models, based upon landscape variables and microhabitat variables, will be beneficial in the implementation of the revision. Using these predictive maps, we should be able to more effect"
IA_SWAP_2025_draft,.tools.climate_models,NA,NA,NA,FALSE,
IA_SWAP_2025_draft,.tools.climate_models,NA,NA,NA,FALSE,
IA_SWAP_2025_draft,.tools.climate_models,NA,NA,NA,FALSE,
IA_SWAP_2025_draft,.tools.connectivity_models,NA,NA,NA,FALSE,
IA_SWAP_2025_draft,.tools.connectivity_models,NA,NA,NA,FALSE,
IA_SWAP_2025_draft,.tools.connectivity_models,NA,NA,NA,FALSE,
IA_SWAP_2025_draft,.context.management_scale.local,"Chapter 6 IWAP Visions.pdf, Conservation Strategies and Actions",1,TRUE,TRUE,"Coordinate with all government natural resource agencies and non-governmental organizations to identify areas at regional, state, and local scales."
IA_SWAP_2025_draft,.context.management_scale.site,"Chapter 11 IWAP Revision.pdf, Vision #3",1,TRUE,TRUE,The Grand River Unit in southern Iowa repurposed a large pile of unused riprap at the headquarters in order to construct a snake hibernaculum and basking area.
IA_SWAP_2025_draft,.context.management_scale.watershed,"Chapter 8 IWAP 2025 Draft.pdf, Priorities for Vision Elements",1,TRUE,TRUE,Targeting individual watersheds with a comprehensive conservation effort to improve the status of all SGCN and to serve as demonstration areas is the best initial approach
IA_SWAP_2025_draft,.context.management_scale.city,NA,NA,NA,FALSE,
IA_SWAP_2025_draft,.context.management_scale.city,NA,NA,NA,FALSE,
IA_SWAP_2025_draft,.context.management_scale.city,NA,NA,NA,FALSE,
IA_SWAP_2025_draft,.context.management_scale.county,"Chapter 10 IWAP Costs & Benefits.pdf, Other Funding Sources",1,TRUE,TRUE,"Iowa is fortunate to have a system of County Conservation Boards (CCBs). Across Iowa, CCBs own and/or manage almost 200,000 acres of parks, natural areas, preserves and trails."
IA_SWAP_2025_draft,.context.management_scale.within_state_region,"Chapter 8 IWAP 2025 Draft.pdf, Priorities for Vision Elements",1,TRUE,TRUE,The Des Moines Lobe currently has the greatest acreage of restored wetland-grassland complexes in the state and nearly unlimited opportunities for further conservation activities.
IA_SWAP_2025_draft,.context.management_scale.state,"Chapter 1-2 IWAP Revision.pdf, Iowa's Wildlife Action Plan",1,TRUE,TRUE,"Iowa's Plan was initially approved in 2006, modified in 2012, and fully revised in 2015 and 2025. This version represents the second comprehensive revision of Iowa's Plan."
IA_SWAP_2025_draft,.context.management_scale.multistate,"Chapter 8 IWAP 2025 Draft.pdf, Full Life Cycle Conservation",1,TRUE,TRUE,"Iowa's ecoregions extend past our boundaries and most SGCN have ranges beyond the borders of the state, requiring partnerships with neighboring states to accomplish needed actions to achieve shared co"
IA_SWAP_2025_draft,.context.management_scale.national,"Chapter 8 IWAP 2025 Draft.pdf, Landscape Scale Conservation",1,TRUE,TRUE,"At a national level, the existence of State Wildlife Action Plans (SWAPs) is a helpful building block to effecting range-wide conservation for rare and declining species."
IA_SWAP_2025_draft,.context.management_scale.transnational,"Chapter 8 IWAP 2025 Draft.pdf, Full Life Cycle Conservation",1,TRUE,TRUE,"Millions of migratory birds that breed across Canada and the U.S. rely on a relatively small geography within Mexico, Central America, South America, and the Caribbean (called the Neotropics) during m"
IA_SWAP_2025_draft,.context.management_scale.ecosystem,"Chapter 4 IWAP Revision.pdf, Landscape-Scale Prioritization",1,TRUE,TRUE,"Intact ecosystems tend to provide more benefits and are more resilient to outside stressors. Therefore, land protection efforts in Iowa should continue to focus on the following principles"
IA_SWAP_2025_draft,.context.management_scale.ecoregion,"Chapter 4 IWAP Revision.pdf, Ecoregions",1,TRUE,TRUE,"For more seamless collaboration across state and federal lines, this Plan utilizes the EPA ecoregional framework for describing terrestrial and aquatic resources and conservation management and planni"
IA_SWAP_2025_draft,.context.management_scale.province,NA,NA,NA,FALSE,
IA_SWAP_2025_draft,.context.management_scale.province,NA,NA,NA,FALSE,
IA_SWAP_2025_draft,.context.management_scale.province,NA,NA,NA,FALSE,
IA_SWAP_2025_draft,.context.management_scale.section,NA,NA,NA,FALSE,
IA_SWAP_2025_draft,.context.management_scale.section,NA,NA,NA,FALSE,
IA_SWAP_2025_draft,.context.management_scale.section,NA,NA,NA,FALSE,
IA_SWAP_2025_draft,.context.management_scale.subsection,NA,NA,NA,FALSE,
IA_SWAP_2025_draft,.context.management_scale.subsection,NA,NA,NA,FALSE,
IA_SWAP_2025_draft,.context.management_scale.subsection,NA,NA,NA,FALSE,
IA_SWAP_2025_draft,.context.management_scale.lake,"Chapter 8 IWAP 2025 Draft.pdf, Map 8-15",1,TRUE,TRUE,"127 of Iowa's principal public lakes were initially ranked to develop a priority list of 35 lakes for lake restoration suitability based upon a number of socio-economic, water quality, and watershed f"
IA_SWAP_2025_draft,.context.management_scale.river,"Chapter 4 IWAP Revision.pdf, Aquatic Habitat Classes",1,TRUE,TRUE,"Iowa has over 19,000 miles of interior rivers and streams. There are 87 cold water streams located in northeast Iowa with a combined length of 266 miles."
IA_SWAP_2025_draft,.context.management_scale.district,NA,NA,NA,FALSE,
IA_SWAP_2025_draft,.context.management_scale.district,NA,NA,NA,FALSE,
IA_SWAP_2025_draft,.context.management_scale.district,NA,NA,NA,FALSE,
IA_SWAP_2025_draft,.context.biological_unit_score,"Chapter 5 IWAP Conservation Challenges.pdf, Changes in Physical and Chemical Regimes",1,TRUE,TRUE,"As ranges of plant species contract, expand or shift, the plant communities that wildlife inhabit will change, and could encroach upon adjacent systems."
IA_SWAP_2025_draft,.context.biological_unit_score,"Chapter 1-2 IWAP Revision.pdf, Box 2-1 Seasonal Climate Trends",1,TRUE,TRUE,"These changing weather patterns can influence wildlife distribution, survival, disease, or the ecosystems they rely on."
IA_SWAP_2025_draft,.context.biological_unit_components.species,"Chapter 1-2 IWAP Revision.pdf, Box 2-1",1,TRUE,TRUE,"These changing weather patterns can influence wildlife distribution, survival, disease, or the ecosystems they rely on."
IA_SWAP_2025_draft,.context.biological_unit_components.population,"Chapter 8 IWAP 2025 Draft.pdf, Priorities for Vision Elements",1,TRUE,TRUE,reduce the chances of local population extinctions if travel corridors are also provided.
IA_SWAP_2025_draft,.context.biological_unit_components.habitat,"Chapter 6 IWAP Visions.pdf, Conservation Strategies and Actions",1,TRUE,TRUE,"Identify habitats, landscapes and travel corridors important to species of greatest conservation need in all regions of the state."
IA_SWAP_2025_draft,.context.biological_unit_components.ecosystem,"Chapter 1-2 IWAP Revision.pdf, Box 2-1",1,TRUE,TRUE,"These changing weather patterns can influence wildlife distribution, survival, disease, or the ecosystems they rely on."
IA_SWAP_2025_draft,.context.biological_unit_components.community,"Chapter 5 IWAP Conservation Challenges.pdf, Changes in Physical and Chemical Regimes",1,TRUE,TRUE,"As ranges of plant species contract, expand or shift, the plant communities that wildlife inhabit will change, and could encroach upon adjacent systems."
IA_SWAP_2025_draft,.context.biological_unit_components.genotype_phenotype,NA,NA,NA,FALSE,
IA_SWAP_2025_draft,.context.biological_unit_components.genotype_phenotype,NA,NA,NA,FALSE,
IA_SWAP_2025_draft,.context.biological_unit_components.genotype_phenotype,NA,NA,NA,FALSE,
IA_SWAP_2025_draft,.context.partnerships_and_funding,"Chapter 1-2 IWAP Revision.pdf, State and Tribal Wildlife Grants Program",1,TRUE,TRUE,"Iowa DNR has received approximately $17 million in WCRP and SWG funds from 2001-2025, with an average annual appropriation of ~$686,300. These funds have been used to implement this Plan through incre"
IA_SWAP_2025_draft,.context.partnerships_and_funding,"Chapter 10 IWAP Costs & Benefits.pdf, Table 10-1",1,TRUE,TRUE,"Annual Shortfall at current land protection pace $80,998,300"
IA_SWAP_2025_draft,.context.climate_threat_habitat_degradation,"Chapter 5 IWAP Conservation Challenges.pdf, Changes in Physical and Chemical Regimes",1,TRUE,TRUE,"In the Midwest, summertime precipitation is increasingly variable, leading to more frequent periods of drought and more frequent intense rainfall events. As ranges of plant species contract, expand or"
IA_SWAP_2025_draft,.context.climate_threat_species_vital_rates,"Chapter 5 IWAP Conservation Challenges.pdf, Changes in Temperature Regimes",1,TRUE,TRUE,"Broad scale changes in temperature, fluctuations or extremes in temperatures in a geographical area. Even small increases in mean temperature are correlated with more frequent extreme temperature even"
IA_SWAP_2025_draft,.context.climate_threat_biotic_stressors,"Chapter 5 IWAP Conservation Challenges.pdf, Changes in Physical and Chemical Regimes",1,TRUE,TRUE,"As ranges of plant species contract, expand or shift, the plant communities that wildlife inhabit will change, and could encroach upon adjacent systems."
IA_SWAP_2025_draft,.actions.priority_habitat_identification,"Chapter 8 IWAP 2025 Draft.pdf, Map 8-25",0.8581,TRUE,TRUE,Map 8-25. High Opportunity Areas for Cooperative Conservation Actions...The shaded areas on the map indicate areas identified as a priority for action by one or more of the plans referenced above. Dar
IA_SWAP_2025_draft,.actions.priority_habitat_identification,"Chapter 6 IWAP Visions.pdf, Conservation Strategies and Actions (Habitat Vision)",1,TRUE,TRUE,"Identify habitats, landscapes and travel corridors important to species of greatest conservation need in all regions of the state. a. Coordinate with all government natural resource agencies and non-g"
IA_SWAP_2025_draft,.actions.priority_habitat_identification,"Chapter 7 IWAP Res & Mon.pdf, Box 7-1 caption",0.3225,FALSE,TRUE,Iowa DNR partnered with Iowa State University to use data from the Multi-species Inventory and Monitoring (MSIM) Program and land cover to predict the distribution of species of conservation concern a
IA_SWAP_2025_draft,.actions.targeted_range_shift_actions,NA,NA,NA,FALSE,
IA_SWAP_2025_draft,.actions.targeted_range_shift_actions,NA,NA,NA,FALSE,
IA_SWAP_2025_draft,.actions.targeted_range_shift_actions,NA,NA,NA,FALSE,
IA_SWAP_2025_draft,.actions.time_bound_and_monitoring,"Chapter 1-2 IWAP Revision.pdf, The Eight Required Elements",1,TRUE,TRUE,"Provisions for periodic monitoring of SGCN and their habitats, for monitoring the effectiveness of conservation actions, and for adapting these conservation actions as appropriate to respond to new in"
IA_SWAP_2025_draft,.actions.time_bound_and_monitoring,"Chapter 6 IWAP Visions.pdf, A Vision for Wildlife Habitats",1,TRUE,TRUE,The amount of permanently protected wildlife habitat in Iowa will be doubled to 4% of the state's land area.
IA_SWAP_2025_draft,.actions.time_bound_and_monitoring,"Chapter 7 IWAP Res & Mon.pdf, Adapting Conservation Actions",1,TRUE,TRUE,A formal review of the IWAP will be conducted every 10 years as described in Chapter 9.
IA_SWAP_2025_draft,.actions.evidence_of_efficacy,"Chapter 8 IWAP 2025 Draft.pdf, Map 8-3 caption (Prairie Pothole Joint Venture)",0.2778,FALSE,TRUE,Research sponsored by DNR and Iowa State University has demonstrated that a variety of birds and other SGCN have successfully re-colonized these restored habitats.
IA_SWAP_2025_draft,.actions.evidence_of_efficacy,"Chapter 7 IWAP Res & Mon.pdf, Objective 5",1,TRUE,TRUE,"long-term research to evaluate the effects of a variety of pasture management regimes (e.g., patch-burn grazing, early-intensive grazing, etc.) has been conducted on public and private lands in the Gr"
IA_SWAP_2025_draft,.actions.adaptation_planning_frameworks,"Chapter 7 IWAP Res & Mon.pdf, Adaptive Resource Management",1,TRUE,TRUE,The inventory and monitoring programs and research projects described in this chapter will support efforts to implement this Plan in an Adaptive Resource Management (ARM) framework (Vision Element #3)
ID_SWAP_2023,.concepts.climate_vulnerability,3.11 Climate Change Overview,1,TRUE,TRUE,Climate influences the distribution and abundance of SGCN and their habitats. The ability of SGCN to adapt to a changing climate is not entirely understood due to high local temperature and precipitat
ID_SWAP_2023,.concepts.climate_vulnerability,Middle Rocky Mountain Steppe Province,1,TRUE,TRUE,Intensified drought due to increasing temperatures and changing precipitation patterns is increasing the vulnerability of the subalpine-high montane conifer forest by compounding the effects of changi
ID_SWAP_2023,.concepts.climate_vulnerability,3.11 Climate Change Overview,0.3046,FALSE,TRUE,Species with low adaptive capacity such as those with specialized habitat needs or limited dispersal ability face higher vulnerability to these changes.
ID_SWAP_2023,.concepts.adaptive_capacity_specificity,3.11 Climate Change Overview,0.3046,FALSE,TRUE,Species with low adaptive capacity such as those with specialized habitat needs or limited dispersal ability face higher vulnerability to these changes.
ID_SWAP_2023,.concepts.adaptive_capacity_specificity,"3.11 Climate Change, Temperate & Boreal Grassland & Shrubland",1,TRUE,TRUE,"Some SGCN associated with grasslands and shrublands might shift their ranges with changing habitat distributions. However, other SGCN on small and isolated remnants, like Palouse Prairie grasslands, a"
ID_SWAP_2023,.concepts.adaptive_capacity_components.demography,Table 3.11.8,0.4469,FALSE,TRUE,"Survival or reproduction is reduced by warming temperatures and less insulating snowpack. [cold-weather SGCN including American Pika, Hoary Marmot, Wolverine, Rocky Mountain Goat, Moose]"
ID_SWAP_2023,.concepts.adaptive_capacity_components.distribution,"3.11 Climate Change, Overarching Effects & Actions",1,TRUE,TRUE,"Facilitate SGCN movements to habitat with favorable climates (e.g., northward, higher elevation)."
ID_SWAP_2023,.concepts.adaptive_capacity_components.distribution,"3.11 Climate Change, Temperate & Boreal Grassland & Shrubland",1,TRUE,TRUE,"Some SGCN associated with grasslands and shrublands might shift their ranges with changing habitat distributions. However, other SGCN on small and isolated remnants, like Palouse Prairie grasslands, a"
ID_SWAP_2023,.concepts.adaptive_capacity_components.movement,3.11 Climate Change Overview,0.3046,FALSE,TRUE,Species with low adaptive capacity such as those with specialized habitat needs or limited dispersal ability face higher vulnerability to these changes.
ID_SWAP_2023,.concepts.adaptive_capacity_components.evolutionary_potential,"3.11 Climate Change, Voluntary Actions Related to Information and Knowledge Gaps",1,TRUE,TRUE,Assess SGCN genetics to inform conservation actions to increase connections and diversity among populations.
ID_SWAP_2023,.concepts.adaptive_capacity_components.ecological_dependencies,3.11 Climate Change Overview,1,TRUE,TRUE,"A changing climate can compound other stressors affecting natural resources such as increasing disease and insect outbreaks, the introduction and spread of invasive species (e.g., Cheatgrass, North Af"
ID_SWAP_2023,.concepts.adaptive_capacity_components.abiotic_niche,Subalpine-High Montane Forest,0.7419,FALSE,TRUE,"This habitat is particularly vulnerable to warming temperatures, reduced snow cover, and drought. [Subalpine-High Montane Forest]"
ID_SWAP_2023,.concepts.adaptive_capacity_components.life_history,NA,NA,NA,FALSE,
ID_SWAP_2023,.concepts.adaptive_capacity_components.life_history,NA,NA,NA,FALSE,
ID_SWAP_2023,.concepts.adaptive_capacity_components.life_history,NA,NA,NA,FALSE,
ID_SWAP_2023,.concepts.connectivity,"3.11 Climate Change, Habitat-specific Effects & Actions",0.954,TRUE,TRUE,Protect priority Alpine Tundra as a connected network that will help SGCN move as the distribution of high-elevation habitat with colder conditions shrinks and shifts upslope.
ID_SWAP_2023,.concepts.connectivity,"3.11 Climate Change, Overarching Effects & Actions",1,TRUE,TRUE,"Facilitate SGCN movements to habitat with favorable climates (e.g., northward, higher elevation)."
ID_SWAP_2023,.concepts.connectivity,Table 3.4.5,1,TRUE,TRUE,"Reconnect seasonal ranges where transportation systems have interrupted migration routes (e.g., crossing structures, wildlife-friendly fencing, and conservation easements as appropriate)."
ID_SWAP_2023,.tools.vulnerability_models,NA,NA,NA,FALSE,
ID_SWAP_2023,.tools.vulnerability_models,NA,NA,NA,FALSE,
ID_SWAP_2023,.tools.vulnerability_models,NA,NA,NA,FALSE,
ID_SWAP_2023,.tools.niche_models,"3.11 Climate Change, Voluntary Actions Related to Information and Knowledge Gaps",1,TRUE,TRUE,Model and predict future distribution and abundance of SGCN populations and habitats to inform potential actions to offset stressors.
ID_SWAP_2023,.tools.climate_models,3.11 Climate Change Overview,1,TRUE,TRUE,"Idaho is experiencing a changing climate, which is felt as stressors in the form of warming temperatures, prolonged and severe drought, changing precipitation and snowpack trends, and shifting seasona"
ID_SWAP_2023,.tools.connectivity_models,NA,NA,NA,FALSE,
ID_SWAP_2023,.tools.connectivity_models,NA,NA,NA,FALSE,
ID_SWAP_2023,.tools.connectivity_models,NA,NA,NA,FALSE,
ID_SWAP_2023,.context.management_scale.local,NA,NA,NA,FALSE,
ID_SWAP_2023,.context.management_scale.local,NA,NA,NA,FALSE,
ID_SWAP_2023,.context.management_scale.local,NA,NA,NA,FALSE,
ID_SWAP_2023,.context.management_scale.site,Chapter 3 Challenges & Actions,1,TRUE,TRUE,Key habitats were identified and prioritized for actions based on the estimated feasibility and effectiveness to address challenge-specific stressors likely to affect SGCN during the next 10 years.
ID_SWAP_2023,.context.management_scale.watershed,"3.11 Climate Change, Aquatic Vegetation & Freshwater Habitat",0.616,FALSE,TRUE,"Restore and maintain aquatic habitat to benefit SGCN and soil and water conservation (e.g., streamflow improvement, in-water and shoreline restoration, floodplain reconnection... BDAs/North American B"
ID_SWAP_2023,.context.management_scale.city,NA,NA,NA,FALSE,
ID_SWAP_2023,.context.management_scale.city,NA,NA,NA,FALSE,
ID_SWAP_2023,.context.management_scale.city,NA,NA,NA,FALSE,
ID_SWAP_2023,.context.management_scale.county,Residential & Commercial Development,1,TRUE,TRUE,"Madison, Kootenai, and Ada Counties (containing the cities of Rexburg, Coeur d'Alene, and Boise, respectively) were the 3 fastest growing counties from 2010 to 2020"
ID_SWAP_2023,.context.management_scale.within_state_region,Ecological Framework,1,TRUE,TRUE,We adopted the USDA Forest Service (FS) ECOMAP provinces (FS ECOMAP Team 2017) as the organizational framework for the SWAP because they provide a scale appropriate for broad-scale conservation
ID_SWAP_2023,.context.management_scale.state,Executive Summary,0.3608,FALSE,TRUE,"Designed to span 10 years, the Idaho SWAP is statewide in scope and targets the conservation of native fish, wildlife, and plant SGCN and SGIN and their habitats"
ID_SWAP_2023,.context.management_scale.multistate,How to Use the Idaho SWAP,1,TRUE,TRUE,"This framework likewise provides a mechanism for adjacent states that share a particular province (e.g., the Southern Rocky Mountain Steppe -Open Woodland -Coniferous Forest -Alpine Meadow Province sp"
ID_SWAP_2023,.context.management_scale.national,NA,NA,NA,FALSE,
ID_SWAP_2023,.context.management_scale.national,NA,NA,NA,FALSE,
ID_SWAP_2023,.context.management_scale.national,NA,NA,NA,FALSE,
ID_SWAP_2023,.context.management_scale.transnational,NA,NA,NA,FALSE,
ID_SWAP_2023,.context.management_scale.transnational,NA,NA,NA,FALSE,
ID_SWAP_2023,.context.management_scale.transnational,NA,NA,NA,FALSE,
ID_SWAP_2023,.context.management_scale.ecosystem,Southern Rocky Mountain Steppe Province,1,TRUE,TRUE,"This province includes a major component of the Greater Yellowstone Ecosystem (GYE), one of the largest intact ecosystems remaining in the temperate zones of the world"
ID_SWAP_2023,.context.management_scale.ecoregion,Ecological Framework,1,TRUE,TRUE,We adopted the USDA Forest Service (FS) ECOMAP provinces (FS ECOMAP Team 2017) as the organizational framework for the SWAP because they provide a scale appropriate for broad-scale conservation and ca
ID_SWAP_2023,.context.management_scale.province,How to Use the Idaho SWAP,1,TRUE,TRUE,We cross-reference these provinces to assist users in finding material relevant to their respective geographic region(s) or objectives.
ID_SWAP_2023,.context.management_scale.section,NA,NA,NA,FALSE,
ID_SWAP_2023,.context.management_scale.section,NA,NA,NA,FALSE,
ID_SWAP_2023,.context.management_scale.section,NA,NA,NA,FALSE,
ID_SWAP_2023,.context.management_scale.subsection,NA,NA,NA,FALSE,
ID_SWAP_2023,.context.management_scale.subsection,NA,NA,NA,FALSE,
ID_SWAP_2023,.context.management_scale.subsection,NA,NA,NA,FALSE,
ID_SWAP_2023,.context.management_scale.lake,NA,NA,NA,FALSE,
ID_SWAP_2023,.context.management_scale.lake,NA,NA,NA,FALSE,
ID_SWAP_2023,.context.management_scale.lake,NA,NA,NA,FALSE,
ID_SWAP_2023,.context.management_scale.river,NA,NA,NA,FALSE,
ID_SWAP_2023,.context.management_scale.river,NA,NA,NA,FALSE,
ID_SWAP_2023,.context.management_scale.river,NA,NA,NA,FALSE,
ID_SWAP_2023,.context.management_scale.district,NA,NA,NA,FALSE,
ID_SWAP_2023,.context.management_scale.district,NA,NA,NA,FALSE,
ID_SWAP_2023,.context.management_scale.district,NA,NA,NA,FALSE,
ID_SWAP_2023,.context.biological_unit_score,Executive Summary,1,TRUE,TRUE,"The following major taxonomic groups are included in the SWAP: amphibians, birds, mammals, reptiles, fishes, invertebrates, and plants"
ID_SWAP_2023,.context.biological_unit_score,Executive Summary,1,TRUE,TRUE,"In the context of this plan, the term 'species' includes taxonomic species as well as selected subspecies, populations, or other entities below the species level (hereafter species)."
ID_SWAP_2023,.context.biological_unit_score,Habitats,1,TRUE,TRUE,"We provide descriptions for 39 key or priority habitats and community types (terrestrial, aquatic, and subterranean) essential to the conservation of SWAP species, including their extent and condition"
ID_SWAP_2023,.context.biological_unit_components.species,Executive Summary,1,TRUE,TRUE,"The following major taxonomic groups are included in the SWAP: amphibians, birds, mammals, reptiles, fishes, invertebrates, and plants"
ID_SWAP_2023,.context.biological_unit_components.population,Executive Summary,1,TRUE,TRUE,"In the context of this plan, the term 'species' includes taxonomic species as well as selected subspecies, populations, or other entities below the species level (hereafter species)."
ID_SWAP_2023,.context.biological_unit_components.habitat,Habitats,1,TRUE,TRUE,"We provide descriptions for 39 key or priority habitats and community types (terrestrial, aquatic, and subterranean) essential to the conservation of SWAP species"
ID_SWAP_2023,.context.biological_unit_components.ecosystem,Southern Rocky Mountain Steppe Province,1,TRUE,TRUE,"This province includes a major component of the Greater Yellowstone Ecosystem (GYE), one of the largest intact ecosystems remaining in the temperate zones of the world"
ID_SWAP_2023,.context.biological_unit_components.community,Habitats,1,TRUE,TRUE,"We use the term 'habitat' here in its truest sense; that is, generally taken to embody both species assemblages and their interactions with the vegetation and geophysical environment."
ID_SWAP_2023,.context.biological_unit_components.genotype_phenotype,NA,NA,NA,FALSE,
ID_SWAP_2023,.context.biological_unit_components.genotype_phenotype,NA,NA,NA,FALSE,
ID_SWAP_2023,.context.biological_unit_components.genotype_phenotype,NA,NA,NA,FALSE,
ID_SWAP_2023,.context.partnerships_and_funding,Executive Summary,1,TRUE,TRUE,"To ensure an approved SWAP, and thus continue to remain eligible for State and Tribal Wildlife Grants Program (STWG) funding, all 8 elements must be adequately addressed."
ID_SWAP_2023,.context.partnerships_and_funding,Conservation Success Story: GREATER SAGE-GROUSE,1,TRUE,TRUE,IDFG partnered with state and federal agencies to incorporate the updated conservation strategy into BLM and FS management plans. The state continued to collaborate with federal agencies to develop so
ID_SWAP_2023,.context.partnerships_and_funding,Executive Summary,0.5087,FALSE,TRUE,"The SWAP establishes a strategic program to coordinate efforts of stakeholders engaged in the conservation of Idaho's fish, wildlife, and plants and the habitats they depend on. Fostering and incentiv"
ID_SWAP_2023,.context.climate_threat_habitat_degradation,Northern Rocky Mountain Forest-Steppe Province,1,TRUE,TRUE,"Climate change in northern Idaho may result in increased summer temperatures and drought, and warmer, slightly wetter winters. This will lead to more precipitation falling as rain, and shallower, earl"
ID_SWAP_2023,.context.climate_threat_habitat_degradation,Fire Management,1,TRUE,TRUE,"Changes in fuel amounts and types, coupled with changing temperatures and precipitation, have resulted in a new pattern of unnaturally frequent, large, intense, and destructive wildfires"
ID_SWAP_2023,.context.climate_threat_habitat_degradation,Alpine Tundra,0.8797,TRUE,TRUE,"However, this habitat is particularly vulnerable to warming temperatures, decreased snowpack, and changing snow conditions. [Alpine Tundra]"
ID_SWAP_2023,.context.climate_threat_species_vital_rates,Table 3.11.8,0.4469,FALSE,TRUE,"Survival or reproduction is reduced by warming temperatures and less insulating snowpack. [cold-weather SGCN including American Pika, Hoary Marmot, Wolverine, Rocky Mountain Goat, Moose]"
ID_SWAP_2023,.context.climate_threat_species_vital_rates,Table 3.11.8,0.4248,FALSE,TRUE,"Survival or spawning success is reduced by warming water, changing movement patterns, and spawning timing. [Fish SGCN]"
ID_SWAP_2023,.context.climate_threat_biotic_stressors,3.11 Climate Change Overview,1,TRUE,TRUE,"A changing climate can compound other stressors affecting natural resources such as increasing disease and insect outbreaks, the introduction and spread of invasive species (e.g., Cheatgrass, North Af"
ID_SWAP_2023,.actions.priority_habitat_identification,"3.11 Climate Change, Voluntary Actions Related to Information and Knowledge Gaps",1,TRUE,TRUE,"Identify areas resilient to climate-related stressors (e.g., cooler and moister) where SGCN have greater opportunities to persist long term (Fig. 3.11.3)."
ID_SWAP_2023,.actions.priority_habitat_identification,"3.11 Climate Change, Habitat-specific Effects & Actions",0.954,TRUE,TRUE,Protect priority Alpine Tundra as a connected network that will help SGCN move as the distribution of high-elevation habitat with colder conditions shrinks and shifts upslope.
ID_SWAP_2023,.actions.priority_habitat_identification,Table 3.11.8,0.7105,FALSE,TRUE,"Map, prioritize, and conserve movement and migration routes for migratory SGCN."
ID_SWAP_2023,.actions.targeted_range_shift_actions,"3.11 Climate Change, Overarching Effects & Actions",1,TRUE,TRUE,"Facilitate SGCN movements to habitat with favorable climates (e.g., northward, higher elevation)."
ID_SWAP_2023,.actions.targeted_range_shift_actions,Table 3.11.8,0.3259,FALSE,TRUE,"Identify, develop, prioritize, and implement feasible and practical actions to offset negative effects of changing climate conditions on fish SGCN (e.g., cold-water reservoir releases, trap and transp"
ID_SWAP_2023,.actions.time_bound_and_monitoring,Chapter 3 Challenges & Actions,1,TRUE,TRUE,Each habitat-specific and species-specific action proposed in Chapter 3 is a priority for implementation during the next 10 years based on estimates of feasibility and likelihood of being effective to
ID_SWAP_2023,.actions.time_bound_and_monitoring,Chapter 4 Monitoring & Evaluation,1,TRUE,TRUE,The main purpose of M&E is to understand whether conservation efforts are effective (and why or why not) so that we implement effective conservation actions and take what we have learned to improve th
ID_SWAP_2023,.actions.time_bound_and_monitoring,Chapter 4 Monitoring & Evaluation,1,TRUE,TRUE,"As part of our SWAP revision, we created a spreadsheet that summarizes existing and planned monitoring for species, habitats, climate, and effectiveness. We include the target for monitoring, monitori"
ID_SWAP_2023,.actions.evidence_of_efficacy,Conservation Success Stories,1,TRUE,TRUE,"The following wildlife summaries highlight a subset of conservation success stories that have occurred in part as a result of implementing actions identified in earlier SWAPs, and that provide example"
ID_SWAP_2023,.actions.evidence_of_efficacy,Conservation Success Story: COLUMBIA SPOTTED FROG,1,TRUE,TRUE,"As a result of these collaborative conservation efforts, this Columbia Spotted Frog population rebounded. In 2015, the FWS determined an ESA listing was not warranted due to a population rebound and e"
ID_SWAP_2023,.actions.evidence_of_efficacy,"3.11 Climate Change, Forest & Woodland",1,TRUE,TRUE,"Restore Whitebark Pine stands by planting seedlings resistant to White Pine Blister Rust, using prescribed burning and mechanical thinning (e.g., to remove Subalpine Fir), and focusing restoration in "
ID_SWAP_2023,.actions.adaptation_planning_frameworks,Scope / Plan Review & Revision,1,TRUE,TRUE,We considered and included additional climate-related actions in our plan following the updated AFWA voluntary guidance on incorporating climate change into SWAPs (AFWA 2022).
ID_SWAP_2023,.actions.adaptation_planning_frameworks,Chapter 4 Monitoring & Evaluation,1,TRUE,TRUE,The main purpose of M&E is to understand whether conservation efforts are effective (and why or why not) so that we implement effective conservation actions and take what we have learned to improve th
ID_SWAP_2023,.actions.adaptation_planning_frameworks,Plan Review & Revision,1,TRUE,TRUE,"We will also continue to coordinate with the USGS Climate Adaptation Science Centers (CASCs), a partnership-driven program that teams scientists with natural and cultural resource managers and local c"
IL_SWAP_2022,.concepts.climate_vulnerability,Streams Campaign - Climate Change,1,TRUE,TRUE,Walk et al. (2011) conducted 584 climate change vulnerability assessments for 162 SGCN in Natural Divisions and Watersheds of Illinois using NatureServe's Climate Change Vulnerability Index (CCVI; You
IL_SWAP_2022,.concepts.climate_vulnerability,Streams Campaign - Climate Change,1,TRUE,TRUE,"These assessments identified greater exposure, a limited ability to disperse, and increased sensitivity to thermal change (for coolwater species) as the primary factors associated with climate vulnera"
IL_SWAP_2022,.concepts.climate_vulnerability,Streams Campaign - Climate Change,1,TRUE,TRUE,"Freshwater habitats and species are consistently rated as highly vulnerable to climate change (e.g., Staudinger et al. 2015, Walk et al. 2011). Expected changes include increases in water temperature,"
IL_SWAP_2022,.concepts.adaptive_capacity_specificity,Streams Campaign - Climate Change,1,TRUE,TRUE,"These assessments identified greater exposure, a limited ability to disperse, and increased sensitivity to thermal change (for coolwater species) as the primary factors associated with climate vulnera"
IL_SWAP_2022,.concepts.adaptive_capacity_specificity,Streams Campaign - Focal Species: Climate Change,1,TRUE,TRUE,"While all aquatic SGCN may respond to changes in water temperature or altered hydrology those with restricted distributions, limited dispersal capacity, and thermal preferences near the edge of curren"
IL_SWAP_2022,.concepts.adaptive_capacity_components.demography,NA,NA,NA,FALSE,
IL_SWAP_2022,.concepts.adaptive_capacity_components.demography,NA,NA,NA,FALSE,
IL_SWAP_2022,.concepts.adaptive_capacity_components.demography,NA,NA,NA,FALSE,
IL_SWAP_2022,.concepts.adaptive_capacity_components.distribution,Streams Campaign - Focal Species: Climate Change,1,TRUE,TRUE,"those with restricted distributions, limited dispersal capacity, and thermal preferences near the edge of current conditions are expected to be more vulnerable to changes in climate."
IL_SWAP_2022,.concepts.adaptive_capacity_components.movement,Streams Campaign - Climate Change,1,TRUE,TRUE,"These assessments identified greater exposure, a limited ability to disperse, and increased sensitivity to thermal change (for coolwater species) as the primary factors associated with climate vulnera"
IL_SWAP_2022,.concepts.adaptive_capacity_components.evolutionary_potential,NA,NA,NA,FALSE,
IL_SWAP_2022,.concepts.adaptive_capacity_components.evolutionary_potential,NA,NA,NA,FALSE,
IL_SWAP_2022,.concepts.adaptive_capacity_components.evolutionary_potential,NA,NA,NA,FALSE,
IL_SWAP_2022,.concepts.adaptive_capacity_components.ecological_dependencies,NA,NA,NA,FALSE,
IL_SWAP_2022,.concepts.adaptive_capacity_components.ecological_dependencies,NA,NA,NA,FALSE,
IL_SWAP_2022,.concepts.adaptive_capacity_components.ecological_dependencies,NA,NA,NA,FALSE,
IL_SWAP_2022,.concepts.adaptive_capacity_components.abiotic_niche,Streams Campaign - Focal Species: Climate Change,1,TRUE,TRUE,"those with restricted distributions, limited dispersal capacity, and thermal preferences near the edge of current conditions are expected to be more vulnerable to changes in climate."
IL_SWAP_2022,.concepts.adaptive_capacity_components.life_history,NA,NA,NA,FALSE,
IL_SWAP_2022,.concepts.adaptive_capacity_components.life_history,NA,NA,NA,FALSE,
IL_SWAP_2022,.concepts.adaptive_capacity_components.life_history,NA,NA,NA,FALSE,
IL_SWAP_2022,.concepts.connectivity,Introduction,1,TRUE,TRUE,Develop resiliency and connectedness into habitats so species can adjust to landscape and environmental changes
IL_SWAP_2022,.concepts.connectivity,Green Cities - Description,1,TRUE,TRUE,Species previously outside city limits may need to migrate through urban areas as they adjust to a changing climate (Hellmann et al. 2010).
IL_SWAP_2022,.concepts.connectivity,Green Cities - Targeted Action Recommendations,0.75,FALSE,TRUE,Determine value of urban areas for migration and climate change adaptation for species located and utilizing urban areas.
IL_SWAP_2022,.tools.vulnerability_models,Streams Campaign - Climate Change,1,TRUE,TRUE,Walk et al. (2011) conducted 584 climate change vulnerability assessments for 162 SGCN in Natural Divisions and Watersheds of Illinois using NatureServe's Climate Change Vulnerability Index (CCVI; You
IL_SWAP_2022,.tools.niche_models,NA,NA,NA,FALSE,
IL_SWAP_2022,.tools.niche_models,NA,NA,NA,FALSE,
IL_SWAP_2022,.tools.niche_models,NA,NA,NA,FALSE,
IL_SWAP_2022,.tools.climate_models,Note on Climate Change,1,TRUE,TRUE,Climate models indicate a potential increase in mean annual temperature of 2 to 7 °F for this region. Projections for precipitation show an increase in winter and spring precipitation.
IL_SWAP_2022,.tools.climate_models,Farmland and Prairie Campaign - table/stressors section,1,TRUE,TRUE,"The effects, severity and rate of climate change is unknown, but models predict negative effects on many groups of species and native habitats.(Hall 2012, Staudinger et al 2015)"
IL_SWAP_2022,.tools.connectivity_models,NA,NA,NA,FALSE,
IL_SWAP_2022,.tools.connectivity_models,NA,NA,NA,FALSE,
IL_SWAP_2022,.tools.connectivity_models,NA,NA,NA,FALSE,
IL_SWAP_2022,.context.management_scale.local,Conservation Opportunity Areas - What are Conservation Opportunity Areas?,1,TRUE,TRUE,"Conservation Opportunity Areas are, quite simply, places in Illinois: where partners are willing to plan, implement, and evaluate conservation actions"
IL_SWAP_2022,.context.management_scale.site,Forest and Woodlands Campaign - Focus Areas,0.3596,FALSE,TRUE,"Focal Sites - The Forest and Woodland Campaign Implementation Team will to continue to focus on those sites where we've been working and are making progress. These include Oakwood Bottoms, Lake Shelby"
IL_SWAP_2022,.context.management_scale.watershed,Lake Michigan - Lake Plain Habitat Restoration Partnership,1,TRUE,TRUE,Coordination of Lake Plain restoration with upstream watershed improvement projects to develop a more comprehensive watershed management approach.
IL_SWAP_2022,.context.management_scale.city,Green Cities - Description,1,TRUE,TRUE,The Green Cities Campaign of the Illinois Wildlife Action Plan (IWAP) advances habitat conservation and restoration in support of wildlife and plant species within the state's developed metropolitan a
IL_SWAP_2022,.context.management_scale.county,Green Cities - Focus Areas,1,TRUE,TRUE,"Rockford Metropolitan Area: Boone, Winnebago, and Ogle Counties."
IL_SWAP_2022,.context.management_scale.within_state_region,Wetlands Campaign - Description,1,TRUE,TRUE,"The Wetlands Campaign focuses on the conservation of wetlands throughout Illinois, but with specific emphasis on priority Natural Divisions with the greatest wetland resources or potential"
IL_SWAP_2022,.context.management_scale.state,Introduction,1,TRUE,TRUE,"The Illinois Comprehensive Wildlife Conservation Plan & Strategy (CWCP) was developed in 2005, and amended in 2022, to better coordinate conservation efforts in the State of Illinois"
IL_SWAP_2022,.context.management_scale.multistate,Lake Michigan - Description,1,TRUE,TRUE,"Illinois shares Lake Michigan ownership with 3 other states: Indiana, Michigan, and Wisconsin. Management authority is shared by the states and a number of tribes"
IL_SWAP_2022,.context.management_scale.national,NA,NA,NA,FALSE,
IL_SWAP_2022,.context.management_scale.national,NA,NA,NA,FALSE,
IL_SWAP_2022,.context.management_scale.national,NA,NA,NA,FALSE,
IL_SWAP_2022,.context.management_scale.transnational,NA,NA,NA,FALSE,
IL_SWAP_2022,.context.management_scale.transnational,NA,NA,NA,FALSE,
IL_SWAP_2022,.context.management_scale.transnational,NA,NA,NA,FALSE,
IL_SWAP_2022,.context.management_scale.ecosystem,Lake Michigan - Description,1,TRUE,TRUE,"Lake Michigan is a deep-water, oligotrophic ecosystem comprised of nearshore and open water benthic and pelagic zones that support a diverse mix of native and non-native species."
IL_SWAP_2022,.context.management_scale.ecoregion,NA,NA,NA,FALSE,
IL_SWAP_2022,.context.management_scale.ecoregion,NA,NA,NA,FALSE,
IL_SWAP_2022,.context.management_scale.ecoregion,NA,NA,NA,FALSE,
IL_SWAP_2022,.context.management_scale.province,NA,NA,NA,FALSE,
IL_SWAP_2022,.context.management_scale.province,NA,NA,NA,FALSE,
IL_SWAP_2022,.context.management_scale.province,NA,NA,NA,FALSE,
IL_SWAP_2022,.context.management_scale.section,NA,NA,NA,FALSE,
IL_SWAP_2022,.context.management_scale.section,NA,NA,NA,FALSE,
IL_SWAP_2022,.context.management_scale.section,NA,NA,NA,FALSE,
IL_SWAP_2022,.context.management_scale.subsection,NA,NA,NA,FALSE,
IL_SWAP_2022,.context.management_scale.subsection,NA,NA,NA,FALSE,
IL_SWAP_2022,.context.management_scale.subsection,NA,NA,NA,FALSE,
IL_SWAP_2022,.context.management_scale.lake,Lake Michigan - Lake Michigan Migratory Flyway,1,TRUE,TRUE,Lake Michigan and the coastal area are located in the Mississippi Flyway.
IL_SWAP_2022,.context.management_scale.river,Green Cities - Rockford Metropolitan Area,1,TRUE,TRUE,"Riparian habitat in the Rockford metro area is abundant, with four major rivers flowing through the area."
IL_SWAP_2022,.context.management_scale.district,NA,NA,NA,FALSE,
IL_SWAP_2022,.context.management_scale.district,NA,NA,NA,FALSE,
IL_SWAP_2022,.context.management_scale.district,NA,NA,NA,FALSE,
IL_SWAP_2022,.context.biological_unit_score,Green Cities - Description,1,TRUE,TRUE,Species previously outside city limits may need to migrate through urban areas as they adjust to a changing climate (Hellmann et al. 2010).
IL_SWAP_2022,.context.biological_unit_score,Streams Campaign - Climate Change,1,TRUE,TRUE,Freshwater habitats and species are consistently rated as highly vulnerable to climate change
IL_SWAP_2022,.context.biological_unit_components.species,Streams Campaign - Climate Change,1,TRUE,TRUE,Walk et al. (2011) conducted 584 climate change vulnerability assessments for 162 SGCN in Natural Divisions and Watersheds of Illinois using NatureServe's Climate Change Vulnerability Index
IL_SWAP_2022,.context.biological_unit_components.population,NA,NA,NA,FALSE,
IL_SWAP_2022,.context.biological_unit_components.population,NA,NA,NA,FALSE,
IL_SWAP_2022,.context.biological_unit_components.population,NA,NA,NA,FALSE,
IL_SWAP_2022,.context.biological_unit_components.habitat,Streams Campaign - Climate Change,1,TRUE,TRUE,Freshwater habitats and species are consistently rated as highly vulnerable to climate change
IL_SWAP_2022,.context.biological_unit_components.ecosystem,NA,NA,NA,FALSE,
IL_SWAP_2022,.context.biological_unit_components.ecosystem,NA,NA,NA,FALSE,
IL_SWAP_2022,.context.biological_unit_components.ecosystem,NA,NA,NA,FALSE,
IL_SWAP_2022,.context.biological_unit_components.community,NA,NA,NA,FALSE,
IL_SWAP_2022,.context.biological_unit_components.community,NA,NA,NA,FALSE,
IL_SWAP_2022,.context.biological_unit_components.community,NA,NA,NA,FALSE,
IL_SWAP_2022,.context.biological_unit_components.genotype_phenotype,NA,NA,NA,FALSE,
IL_SWAP_2022,.context.biological_unit_components.genotype_phenotype,NA,NA,NA,FALSE,
IL_SWAP_2022,.context.biological_unit_components.genotype_phenotype,NA,NA,NA,FALSE,
IL_SWAP_2022,.context.partnerships_and_funding,Introduction,1,TRUE,TRUE,The Action Team includes members representing 26 different organizations including federal and state government and nonprofit organizations (Appendix 3).
IL_SWAP_2022,.context.partnerships_and_funding,Conservation Opportunity Areas - Ways to Accomplish the Work,1,TRUE,TRUE,"The biggest gaps between what Illinois conservationists have and what they need is in the realms of leadership and funding (Fidler, 2015)."
IL_SWAP_2022,.context.climate_threat_habitat_degradation,Lake Michigan - Stresses and Threats to Wildlife and Habitat,1,TRUE,TRUE,"Climate change alters water levels, water temperatures, shoreline stability (due to increased storm frequency and intensity), and effects habitat quality and species composition."
IL_SWAP_2022,.context.climate_threat_habitat_degradation,Wetlands Campaign - Stresses and Threats,0.5846,FALSE,TRUE,"Unseasonable flooding... Exacerbated by increased water volume entering the river systems more rapidly... increased weather and precipitation variability due to climate change, and stream channelizati"
IL_SWAP_2022,.context.climate_threat_species_vital_rates,NA,NA,NA,FALSE,
IL_SWAP_2022,.context.climate_threat_species_vital_rates,NA,NA,NA,FALSE,
IL_SWAP_2022,.context.climate_threat_species_vital_rates,NA,NA,NA,FALSE,
IL_SWAP_2022,.context.climate_threat_biotic_stressors,Note on Climate Change,0.5376,FALSE,TRUE,"There is high agreement among multiple lines of evidence that many invasive plants, insect pests, and pathogens will increase or become more severe... a warming climate may make conditions more favora"
IL_SWAP_2022,.actions.priority_habitat_identification,Introduction,1,TRUE,TRUE,"Based on the CWCP and new information, each Campaign has identified and mapped Focus Areas to target conservation actions."
IL_SWAP_2022,.actions.priority_habitat_identification,Forest and Woodlands Campaign - Focus Areas,1,TRUE,TRUE,"The IDNR conducted GIS analysis of topography, forest cover, and slope aspect to identify state sites that offer the best potential to meet campaign goals if restoration and management is applied"
IL_SWAP_2022,.actions.targeted_range_shift_actions,Introduction,1,TRUE,TRUE,Develop resiliency and connectedness into habitats so species can adjust to landscape and environmental changes
IL_SWAP_2022,.actions.targeted_range_shift_actions,Farmland and Prairie Campaign - Actions,1,TRUE,TRUE,"connect habitats via corridors and buffer strips where possible to facilitate movement of less mobile groups (herps, inverts, small mammals etc.)"
IL_SWAP_2022,.actions.time_bound_and_monitoring,Introduction,1,TRUE,TRUE,Establish desired number and distribution of viable populations for each SGCN and target Focal Species by 2025
IL_SWAP_2022,.actions.time_bound_and_monitoring,Introduction,1,TRUE,TRUE,"Two types of measures will be used to assess the effectiveness of conservation actions at improving the status of SGCN and their habitats. First, performance measures are included in this Implementati"
IL_SWAP_2022,.actions.evidence_of_efficacy,Forest and Woodlands Campaign - Research and Monitoring,1,TRUE,TRUE,Data from Oakwood Bottoms yielded results showing that tree thinning is having a positive effect on the relative abundance of several species of forest birds. Sixteen species of forest birds are showi
IL_SWAP_2022,.actions.evidence_of_efficacy,Forest and Woodlands Campaign - Research and Monitoring,1,TRUE,TRUE,Songbird nesting data from the Cache River watershed indicated that the reduction of forest fragmentation in the watershed has greatly reduced rates of cowbird parasitism (50% reduced to 20%) and marg
IL_SWAP_2022,.actions.adaptation_planning_frameworks,Forest and Woodlands Campaign - Status as of 2015,0.9211,TRUE,TRUE,"The Forest and Woodland Campaign Implementation Team's primary focus has been promoting forest management, particularly restoring open woodlands habitats, using an adaptive resource management approac"
IN_SWAP_2015,.concepts.climate_vulnerability,C. THREATS AND ACTIONS BY MAJOR HABITAT TYPE,1,TRUE,TRUE,Climate Change and Severe Weather: Threats from long-term climate changes that may be linked to global warming and other severe climatic or weather events outside the natural range of variation that c
IN_SWAP_2015,.concepts.adaptive_capacity_specificity,NA,NA,NA,FALSE,
IN_SWAP_2015,.concepts.adaptive_capacity_specificity,NA,NA,NA,FALSE,
IN_SWAP_2015,.concepts.adaptive_capacity_specificity,NA,NA,NA,FALSE,
IN_SWAP_2015,.concepts.adaptive_capacity_components.demography,NA,NA,NA,FALSE,
IN_SWAP_2015,.concepts.adaptive_capacity_components.demography,NA,NA,NA,FALSE,
IN_SWAP_2015,.concepts.adaptive_capacity_components.demography,NA,NA,NA,FALSE,
IN_SWAP_2015,.concepts.adaptive_capacity_components.distribution,NA,NA,NA,FALSE,
IN_SWAP_2015,.concepts.adaptive_capacity_components.distribution,NA,NA,NA,FALSE,
IN_SWAP_2015,.concepts.adaptive_capacity_components.distribution,NA,NA,NA,FALSE,
IN_SWAP_2015,.concepts.adaptive_capacity_components.movement,NA,NA,NA,FALSE,
IN_SWAP_2015,.concepts.adaptive_capacity_components.movement,NA,NA,NA,FALSE,
IN_SWAP_2015,.concepts.adaptive_capacity_components.movement,NA,NA,NA,FALSE,
IN_SWAP_2015,.concepts.adaptive_capacity_components.evolutionary_potential,NA,NA,NA,FALSE,
IN_SWAP_2015,.concepts.adaptive_capacity_components.evolutionary_potential,NA,NA,NA,FALSE,
IN_SWAP_2015,.concepts.adaptive_capacity_components.evolutionary_potential,NA,NA,NA,FALSE,
IN_SWAP_2015,.concepts.adaptive_capacity_components.ecological_dependencies,NA,NA,NA,FALSE,
IN_SWAP_2015,.concepts.adaptive_capacity_components.ecological_dependencies,NA,NA,NA,FALSE,
IN_SWAP_2015,.concepts.adaptive_capacity_components.ecological_dependencies,NA,NA,NA,FALSE,
IN_SWAP_2015,.concepts.adaptive_capacity_components.abiotic_niche,NA,NA,NA,FALSE,
IN_SWAP_2015,.concepts.adaptive_capacity_components.abiotic_niche,NA,NA,NA,FALSE,
IN_SWAP_2015,.concepts.adaptive_capacity_components.abiotic_niche,NA,NA,NA,FALSE,
IN_SWAP_2015,.concepts.adaptive_capacity_components.life_history,NA,NA,NA,FALSE,
IN_SWAP_2015,.concepts.adaptive_capacity_components.life_history,NA,NA,NA,FALSE,
IN_SWAP_2015,.concepts.adaptive_capacity_components.life_history,NA,NA,NA,FALSE,
IN_SWAP_2015,.concepts.connectivity,"Top Specific Actions in Ranked Order (multiple regions, e.g., Kankakee Region)",0.44,FALSE,TRUE,"Preserve currently existing corridors — top specific second-level conservation action, ranked among top habitat actions across multiple regions statewide"
IN_SWAP_2015,.concepts.connectivity,D. CONSERVATION OPPORTUNITY AREAS,1,TRUE,TRUE,Terrestrial habitat COA were primarily based around areas of existing conservation efforts and those with the potential for increased connectivity and large-scale habitat project potential throughout 
IN_SWAP_2015,.tools.vulnerability_models,NA,NA,NA,FALSE,
IN_SWAP_2015,.tools.vulnerability_models,NA,NA,NA,FALSE,
IN_SWAP_2015,.tools.vulnerability_models,NA,NA,NA,FALSE,
IN_SWAP_2015,.tools.niche_models,Landscape Modeling Efforts,1,TRUE,TRUE,Thirty-eight models were conducted using cover types from the 2011 NLCD to estimate the quality of current habitat conditions. The terrestrial models resulted in habitat suitability scores on maps for
IN_SWAP_2015,.tools.climate_models,NA,NA,NA,FALSE,
IN_SWAP_2015,.tools.climate_models,NA,NA,NA,FALSE,
IN_SWAP_2015,.tools.climate_models,NA,NA,NA,FALSE,
IN_SWAP_2015,.tools.connectivity_models,NA,NA,NA,FALSE,
IN_SWAP_2015,.tools.connectivity_models,NA,NA,NA,FALSE,
IN_SWAP_2015,.tools.connectivity_models,NA,NA,NA,FALSE,
IN_SWAP_2015,.context.management_scale.local,NA,NA,NA,FALSE,
IN_SWAP_2015,.context.management_scale.local,NA,NA,NA,FALSE,
IN_SWAP_2015,.context.management_scale.local,NA,NA,NA,FALSE,
IN_SWAP_2015,.context.management_scale.site,D. CONSERVATION OPPORTUNITY AREAS,1,TRUE,TRUE,COA were identified as a way to direct actions toward specific areas on Indiana's landscape.
IN_SWAP_2015,.context.management_scale.watershed,D. CONSERVATION OPPORTUNITY AREAS,1,TRUE,TRUE,The river corridors were identified for their unique aquatic habitat and species diversity but also for the opportunities to affect the habitats within the immediate 4-mile river corridors and ultimat
IN_SWAP_2015,.context.management_scale.city,NA,NA,NA,FALSE,
IN_SWAP_2015,.context.management_scale.city,NA,NA,NA,FALSE,
IN_SWAP_2015,.context.management_scale.city,NA,NA,NA,FALSE,
IN_SWAP_2015,.context.management_scale.county,REVISING THE ORIGINAL 2005 CWS,1,TRUE,TRUE,"Sorbo and Strube tracts in the Knobstone Escarpment/Knobs area, Floyd County (343 acres), and the Bloomington DFW Office (Girl Scout Office Complex), Monroe County"
IN_SWAP_2015,.context.management_scale.within_state_region,Development of Planning Regions,1,TRUE,TRUE,"Indiana's SWAP includes planning regions to better focus actions and priorities based on regional resources, needs, and threats."
IN_SWAP_2015,.context.management_scale.state,"REVISING THE ORIGINAL 2005 CWS TO INCREASE EFFECTIVENESS, APPLICABILITY, AND MAGNITUDE",1,TRUE,TRUE,The SWAP's overarching purpose is to unify conservation across the Indiana landscape.
IN_SWAP_2015,.context.management_scale.multistate,NA,NA,NA,FALSE,
IN_SWAP_2015,.context.management_scale.multistate,NA,NA,NA,FALSE,
IN_SWAP_2015,.context.management_scale.multistate,NA,NA,NA,FALSE,
IN_SWAP_2015,.context.management_scale.national,NA,NA,NA,FALSE,
IN_SWAP_2015,.context.management_scale.national,NA,NA,NA,FALSE,
IN_SWAP_2015,.context.management_scale.national,NA,NA,NA,FALSE,
IN_SWAP_2015,.context.management_scale.transnational,NA,NA,NA,FALSE,
IN_SWAP_2015,.context.management_scale.transnational,NA,NA,NA,FALSE,
IN_SWAP_2015,.context.management_scale.transnational,NA,NA,NA,FALSE,
IN_SWAP_2015,.context.management_scale.ecosystem,D. CONSERVATION OPPORTUNITY AREAS,1,TRUE,TRUE,"Concentrate actions on habitats, ecosystems, and landscapes"
IN_SWAP_2015,.context.management_scale.ecoregion,Development of Planning Regions,1,TRUE,TRUE,the Ohio River watershed was further divided using Omernik's level three ecoregions for southern Indiana
IN_SWAP_2015,.context.management_scale.province,NA,NA,NA,FALSE,
IN_SWAP_2015,.context.management_scale.province,NA,NA,NA,FALSE,
IN_SWAP_2015,.context.management_scale.province,NA,NA,NA,FALSE,
IN_SWAP_2015,.context.management_scale.section,NA,NA,NA,FALSE,
IN_SWAP_2015,.context.management_scale.section,NA,NA,NA,FALSE,
IN_SWAP_2015,.context.management_scale.section,NA,NA,NA,FALSE,
IN_SWAP_2015,.context.management_scale.subsection,NA,NA,NA,FALSE,
IN_SWAP_2015,.context.management_scale.subsection,NA,NA,NA,FALSE,
IN_SWAP_2015,.context.management_scale.subsection,NA,NA,NA,FALSE,
IN_SWAP_2015,.context.management_scale.lake,D. CONSERVATION OPPORTUNITY AREAS,1,TRUE,TRUE,Natural lake catchments were delineated for seven cold water and 22 cool water natural lakes.
IN_SWAP_2015,.context.management_scale.river,D. CONSERVATION OPPORTUNITY AREAS,1,TRUE,TRUE,The river corridors were identified for their unique aquatic habitat and species diversity but also for the opportunities to affect the habitats within the immediate 4-mile river corridors
IN_SWAP_2015,.context.management_scale.district,NA,NA,NA,FALSE,
IN_SWAP_2015,.context.management_scale.district,NA,NA,NA,FALSE,
IN_SWAP_2015,.context.management_scale.district,NA,NA,NA,FALSE,
IN_SWAP_2015,.context.biological_unit_score,"INDIANA'S SWAP: WHAT IT IS, AND WHAT IT ISN'T / C. THREATS AND ACTIONS BY MAJOR HABITAT TYPE",0.371,FALSE,TRUE,Indiana's SWAP provides an overview of conservation threats in Indiana and identifies needed actions... The plan is intended to emphasize threats and actions for key habitats and communities for SGCN 
IN_SWAP_2015,.context.biological_unit_score,B. STATEWIDE ASSESSMENT OF HABITATS,1,TRUE,TRUE,Habitat conditions are presented from the perspective of SGCN and from wildlife habitats in general.
IN_SWAP_2015,.context.biological_unit_components.species,A. DISTRIBUTION AND ABUNDANCE OF SGCN,1,TRUE,TRUE,Congressional guidelines dictate that the SWAP must identify and be focused on species in greatest need of conservation.
IN_SWAP_2015,.context.biological_unit_components.population,Changes to the SGCN List,1,TRUE,TRUE,the TACs reason that disjunct populations or populations at the edge of their range may represent distinct gene pools that warrant conservation.
IN_SWAP_2015,.context.biological_unit_components.habitat,C. THREATS AND ACTIONS BY MAJOR HABITAT TYPE,1,TRUE,TRUE,The SWAP identifies a habitat-centric perspective in order to manage for the conservation of species in Indiana.
IN_SWAP_2015,.context.biological_unit_components.ecosystem,D. CONSERVATION OPPORTUNITY AREAS,1,TRUE,TRUE,"Concentrate actions on habitats, ecosystems, and landscapes"
IN_SWAP_2015,.context.biological_unit_components.community,B. STATEWIDE ASSESSMENT OF HABITATS,1,TRUE,TRUE,Describe the location and relative condition of key habitats and community types essential to the conservation of Indiana's SGCN.
IN_SWAP_2015,.context.biological_unit_components.genotype_phenotype,NA,NA,NA,FALSE,
IN_SWAP_2015,.context.biological_unit_components.genotype_phenotype,NA,NA,NA,FALSE,
IN_SWAP_2015,.context.biological_unit_components.genotype_phenotype,NA,NA,NA,FALSE,
IN_SWAP_2015,.context.partnerships_and_funding,THE EFFECTIVENESS OF THE CONSERVATION ACTIONS TAKEN,0.9179,TRUE,TRUE,"Indiana has a large number of potential partners in the conservation community to assist in implementing the SWAP. The SWAP Advisory Team, whose members helped to develop the current plan, will contin"
IN_SWAP_2015,.context.partnerships_and_funding,Additional Efforts Needed,1,TRUE,TRUE,Inadequate funding was identified as a major barrier by the most respondents. Concerns about capacity to complete projects stemming from lack of personnel and volunteer labor were also often reported.
IN_SWAP_2015,.context.climate_threat_habitat_degradation,Threats Affecting Habitats Top Threat Categories (Interior Plateau Region),1,TRUE,TRUE,"Generally, changing frequency, duration, and intensity of drought and shifting and alteration of habitats due to climate change were identified as the top ranked threats for habitats in this region."
IN_SWAP_2015,.context.climate_threat_species_vital_rates,NA,NA,NA,FALSE,
IN_SWAP_2015,.context.climate_threat_species_vital_rates,NA,NA,NA,FALSE,
IN_SWAP_2015,.context.climate_threat_species_vital_rates,NA,NA,NA,FALSE,
IN_SWAP_2015,.context.climate_threat_biotic_stressors,NA,NA,NA,FALSE,
IN_SWAP_2015,.context.climate_threat_biotic_stressors,NA,NA,NA,FALSE,
IN_SWAP_2015,.context.climate_threat_biotic_stressors,NA,NA,NA,FALSE,
IN_SWAP_2015,.actions.priority_habitat_identification,D. CONSERVATION OPPORTUNITY AREAS,0.5729,FALSE,TRUE,Conservation Opportunity Areas (COA) are intended to guide conservation activities at a landscape level... These COA were identified as a way to direct actions toward specific areas on Indiana's lands
IN_SWAP_2015,.actions.priority_habitat_identification,D. CONSERVATION OPPORTUNITY AREAS,1,TRUE,TRUE,Terrestrial habitat COA were primarily based around areas of existing conservation efforts and those with the potential for increased connectivity and large-scale habitat project potential throughout 
IN_SWAP_2015,.actions.priority_habitat_identification,D. CONSERVATION OPPORTUNITY AREAS,NA,NA,FALSE,[FIGURE: Figure 5-22. Indiana conservation opportunity areas.]
IN_SWAP_2015,.actions.targeted_range_shift_actions,NA,NA,NA,FALSE,
IN_SWAP_2015,.actions.targeted_range_shift_actions,NA,NA,NA,FALSE,
IN_SWAP_2015,.actions.targeted_range_shift_actions,NA,NA,NA,FALSE,
IN_SWAP_2015,.actions.time_bound_and_monitoring,"INDIANA'S SWAP: WHAT IT IS, AND WHAT IT ISN'T",1,TRUE,TRUE,"The SWAP is not an operational plan. It does not identify specific tasks, assignments, or schedules for achieving conservation."
IN_SWAP_2015,.actions.time_bound_and_monitoring,THE EFFECTIVENESS OF THE CONSERVATION ACTIONS TAKEN,1,TRUE,TRUE,The effectiveness of the entire SWAP will be evaluated and addressed in subsequent reviews of this document (not to exceed ten years as delineated in Element six).
IN_SWAP_2015,.actions.evidence_of_efficacy,THE EFFECTIVENESS OF THE CONSERVATION ACTIONS TAKEN,1,TRUE,TRUE,Conservation actions should be based on the best available science. Element five of the Congressional guidelines for the SWAP revision address the need for adapting conservation actions in response to
IN_SWAP_2015,.actions.adaptation_planning_frameworks,NA,NA,NA,FALSE,
IN_SWAP_2015,.actions.adaptation_planning_frameworks,NA,NA,NA,FALSE,
IN_SWAP_2015,.actions.adaptation_planning_frameworks,NA,NA,NA,FALSE,
KS_SWAP_2022,.concepts.climate_vulnerability,NatureServe Climate Change Vulnerability Index (CCVI),1,TRUE,TRUE,"Vulnerability to climate change has three principle components; sensitivity (innate characteristics of a species or system, considers tolerance to changes temp, precip, fire etc), exposure (extrinsic "
KS_SWAP_2022,.concepts.climate_vulnerability,NatureServe Climate Change Vulnerability Index (CCVI),1,TRUE,TRUE,"The Index uses a scoring system that integrates a species' predicted exposure to climate change within an assessment area and three sets of factors associated with climate change sensitivity, each sup"
KS_SWAP_2022,.concepts.climate_vulnerability,Applying the CCVI to SGCN,1,TRUE,TRUE,"In general species most vulnerable to climate change are typically considered specialist. They are dependent on certain habitats, climate conditions, and interactions with other species. A species mob"
KS_SWAP_2022,.concepts.adaptive_capacity_specificity,NatureServe Climate Change Vulnerability Index (CCVI),1,TRUE,TRUE,"species-specific factors (including dispersal ability, temperature and precipitation sensitivity, physical habitat specificity, interspecific interactions and genetic factors)"
KS_SWAP_2022,.concepts.adaptive_capacity_specificity,Applying the CCVI to SGCN,1,TRUE,TRUE,A species mobility or ability to disperse also can greatly influence its vulnerability to climate change.
KS_SWAP_2022,.concepts.adaptive_capacity_components.demography,NA,NA,NA,FALSE,
KS_SWAP_2022,.concepts.adaptive_capacity_components.demography,NA,NA,NA,FALSE,
KS_SWAP_2022,.concepts.adaptive_capacity_components.demography,NA,NA,NA,FALSE,
KS_SWAP_2022,.concepts.adaptive_capacity_components.distribution,Applying the CCVI to SGCN,1,TRUE,TRUE,"The most common factors that influenced those fish species' vulnerability to climate change were; the distribution relative to barriers (anthropogenic and natural), impact of land use changes resultin"
KS_SWAP_2022,.concepts.adaptive_capacity_components.movement,Applying the CCVI to SGCN,1,TRUE,TRUE,A species mobility or ability to disperse also can greatly influence its vulnerability to climate change.
KS_SWAP_2022,.concepts.adaptive_capacity_components.movement,"Climate Change, Chapter 3 - Statewide Perspective",1,TRUE,TRUE,Species that have limited mobility or are unable to migrate may become extirpated or even extinct.
KS_SWAP_2022,.concepts.adaptive_capacity_components.evolutionary_potential,NatureServe Climate Change Vulnerability Index (CCVI),1,TRUE,TRUE,"species-specific factors (including dispersal ability, temperature and precipitation sensitivity, physical habitat specificity, interspecific interactions and genetic factors)"
KS_SWAP_2022,.concepts.adaptive_capacity_components.ecological_dependencies,Applying the CCVI to SGCN,1,TRUE,TRUE,"The vulnerable mussel species were influenced by the same factors as the fish, but their vulnerability to climate change was also influenced by their dependence on other species for propagule dispersa"
KS_SWAP_2022,.concepts.adaptive_capacity_components.ecological_dependencies,Applying the CCVI to SGCN,1,TRUE,TRUE,"In general species most vulnerable to climate change are typically considered specialist. They are dependent on certain habitats, climate conditions, and interactions with other species."
KS_SWAP_2022,.concepts.adaptive_capacity_components.abiotic_niche,Applying the CCVI to SGCN,1,TRUE,TRUE,"The most common factors that influenced those fish species' vulnerability to climate change were; the distribution relative to barriers (anthropogenic and natural), impact of land use changes resultin"
KS_SWAP_2022,.concepts.adaptive_capacity_components.life_history,NA,NA,NA,FALSE,
KS_SWAP_2022,.concepts.adaptive_capacity_components.life_history,NA,NA,NA,FALSE,
KS_SWAP_2022,.concepts.adaptive_capacity_components.life_history,NA,NA,NA,FALSE,
KS_SWAP_2022,.concepts.connectivity,Ecological Focus Areas - Identification of priority areas for conservation,1,TRUE,TRUE,CHAT connectivity: The Landscape Integrity workgroup of the CHAT produced a West-wide dataset on Important Connectivity Zones which represents buffered landscape pathways connected to core habitats of
KS_SWAP_2022,.concepts.connectivity,"Residential and commercial development, Chapter 3",1,TRUE,TRUE,Fragmentation can reduce the size of intact habitat below the threshold required by a species or negatively impact species ability to move between suitable habitats if adequate travel corridors are no
KS_SWAP_2022,.tools.vulnerability_models,NatureServe Climate Change Vulnerability Index (CCVI),1,TRUE,TRUE,"An assessment of the relative vulnerability, and the relative importance of factors contributing to that vulnerability was conducted for a number of the Species of Greatest Conservation Need (SGCN) us"
KS_SWAP_2022,.tools.vulnerability_models,Applying the CCVI to SGCN,1,TRUE,TRUE,"Assessments were completed for at least 30% of species in each taxonomic group, choosing species with a variation in geographic location and habitat uses. A total of 83 of the SWAP second edition 285 "
KS_SWAP_2022,.tools.niche_models,NA,NA,NA,FALSE,
KS_SWAP_2022,.tools.niche_models,NA,NA,NA,FALSE,
KS_SWAP_2022,.tools.niche_models,NA,NA,NA,FALSE,
KS_SWAP_2022,.tools.climate_models,"Climate Change, Chapter 3 - Statewide Perspective",1,TRUE,TRUE,Climate models predict changes in annual precipitation that vary geographically and temporally. The eastern half of the state could see increases in precipitation of up to 11 inches (28 cm) per year i
KS_SWAP_2022,.tools.connectivity_models,Ecological Focus Areas - Identification of priority areas for conservation,1,TRUE,TRUE,"Terrestrial EFAs were designed using several data layers including large natural areas from the Crucial Habitat Assessment Tool (CHAT), landscape connectivity (also from the CHAT)"
KS_SWAP_2022,.tools.connectivity_models,Ecological Focus Areas - Identification of priority areas for conservation,1,TRUE,TRUE,CHAT connectivity: The Landscape Integrity workgroup of the CHAT produced a West-wide dataset on Important Connectivity Zones which represents buffered landscape pathways connected to core habitats of
KS_SWAP_2022,.context.management_scale.local,NA,NA,NA,FALSE,
KS_SWAP_2022,.context.management_scale.local,NA,NA,NA,FALSE,
KS_SWAP_2022,.context.management_scale.local,NA,NA,NA,FALSE,
KS_SWAP_2022,.context.management_scale.site,Ecological Focus Areas - Identification of priority areas for conservation,1,TRUE,TRUE,Each EFA also includes one or more protected areas that can serve as demonstration sites for conservation actions.
KS_SWAP_2022,.context.management_scale.watershed,Ecological Focus Areas - Identification of priority areas for conservation,1,TRUE,TRUE,"Aquatic EFAs were based on The Nature Conservancy's priority streams and by the Special Aquatic Life Use (SALU) streams defined by the Kansas Department of Health and Environment, with some exclusions"
KS_SWAP_2022,.context.management_scale.city,NA,NA,NA,FALSE,
KS_SWAP_2022,.context.management_scale.city,NA,NA,NA,FALSE,
KS_SWAP_2022,.context.management_scale.city,NA,NA,NA,FALSE,
KS_SWAP_2022,.context.management_scale.county,"Arikaree Breaks, Chapter 4",1,TRUE,TRUE,The Arikaree Breaks Ecological Focus Area is located in the northwestern half of Cheyenne County.
KS_SWAP_2022,.context.management_scale.within_state_region,Executive Summary,1,TRUE,TRUE,"The SWAP uses a hierarchical classification system which divided Kansas into three conservation regions: (1) Shortgrass Prairie, (2) Central Mixed-Grass Prairie, and (3) Eastern Tallgrass Prairie."
KS_SWAP_2022,.context.management_scale.state,Ecological Focus Areas - Identification of priority areas for conservation,1,TRUE,TRUE,A set of statewide conservation actions that are somewhat general in nature have been designed to address issues that plague the entire state or are not associated with any particular priority area.
KS_SWAP_2022,.context.management_scale.multistate,NA,NA,NA,FALSE,
KS_SWAP_2022,.context.management_scale.multistate,NA,NA,NA,FALSE,
KS_SWAP_2022,.context.management_scale.multistate,NA,NA,NA,FALSE,
KS_SWAP_2022,.context.management_scale.national,NA,NA,NA,FALSE,
KS_SWAP_2022,.context.management_scale.national,NA,NA,NA,FALSE,
KS_SWAP_2022,.context.management_scale.national,NA,NA,NA,FALSE,
KS_SWAP_2022,.context.management_scale.transnational,NA,NA,NA,FALSE,
KS_SWAP_2022,.context.management_scale.transnational,NA,NA,NA,FALSE,
KS_SWAP_2022,.context.management_scale.transnational,NA,NA,NA,FALSE,
KS_SWAP_2022,.context.management_scale.ecosystem,"Climate Change, Chapter 3 - Statewide Perspective",1,TRUE,TRUE,"Climate changes are likely to influence species and ecosystems by altering fundamental interactions with other species and the physical environment, potentially creating a cascade of impacts throughou"
KS_SWAP_2022,.context.management_scale.ecoregion,"Habitats, Chapter 2 - Methods",1,TRUE,TRUE,The ecoregions defined by the North American Bird Conservation Initiative (2000) and refined by the Playa Lakes Joint Venture were adopted as the planning framework for this plan.
KS_SWAP_2022,.context.management_scale.province,NA,NA,NA,FALSE,
KS_SWAP_2022,.context.management_scale.province,NA,NA,NA,FALSE,
KS_SWAP_2022,.context.management_scale.province,NA,NA,NA,FALSE,
KS_SWAP_2022,.context.management_scale.section,NA,NA,NA,FALSE,
KS_SWAP_2022,.context.management_scale.section,NA,NA,NA,FALSE,
KS_SWAP_2022,.context.management_scale.section,NA,NA,NA,FALSE,
KS_SWAP_2022,.context.management_scale.subsection,NA,NA,NA,FALSE,
KS_SWAP_2022,.context.management_scale.subsection,NA,NA,NA,FALSE,
KS_SWAP_2022,.context.management_scale.subsection,NA,NA,NA,FALSE,
KS_SWAP_2022,.context.management_scale.lake,NA,NA,NA,FALSE,
KS_SWAP_2022,.context.management_scale.lake,NA,NA,NA,FALSE,
KS_SWAP_2022,.context.management_scale.lake,NA,NA,NA,FALSE,
KS_SWAP_2022,.context.management_scale.river,Ecological Focus Areas - Identification of priority areas for conservation,1,TRUE,TRUE,Aquatic EFAs were based on The Nature Conservancy's priority streams and by the Special Aquatic Life Use (SALU) streams defined by the Kansas Department of Health and Environment
KS_SWAP_2022,.context.management_scale.district,NA,NA,NA,FALSE,
KS_SWAP_2022,.context.management_scale.district,NA,NA,NA,FALSE,
KS_SWAP_2022,.context.management_scale.district,NA,NA,NA,FALSE,
KS_SWAP_2022,.context.biological_unit_score,"Climate Change, Chapter 3 - Statewide Perspective",1,TRUE,TRUE,"Species are already being significantly impacted by climate change. Effects such as shifts in species distributions, changes in phenology of species, and de-coupling of co-evolved interactions have be"
KS_SWAP_2022,.context.biological_unit_score,"Climate Change, Chapter 3 - Statewide Perspective",1,TRUE,TRUE,"Climate changes are likely to influence species and ecosystems by altering fundamental interactions with other species and the physical environment, potentially creating a cascade of impacts throughou"
KS_SWAP_2022,.context.biological_unit_components.species,"Climate Change, Chapter 3 - Statewide Perspective",1,TRUE,TRUE,Increasing temperatures may cause range shifts or contractions of flora and fauna. Species that have limited mobility or are unable to migrate may become extirpated or even extinct.
KS_SWAP_2022,.context.biological_unit_components.population,NA,NA,NA,FALSE,
KS_SWAP_2022,.context.biological_unit_components.population,NA,NA,NA,FALSE,
KS_SWAP_2022,.context.biological_unit_components.population,NA,NA,NA,FALSE,
KS_SWAP_2022,.context.biological_unit_components.habitat,"Climate Change, Chapter 3 - Statewide Perspective",1,TRUE,TRUE,Many species and habitats will be negatively affected by climate change and will require a special set of actions to ensure their survival.
KS_SWAP_2022,.context.biological_unit_components.ecosystem,"Climate Change, Chapter 3 - Statewide Perspective",1,TRUE,TRUE,"Climate changes are likely to influence species and ecosystems by altering fundamental interactions with other species and the physical environment, potentially creating a cascade of impacts throughou"
KS_SWAP_2022,.context.biological_unit_components.community,"Climate Change, Chapter 3 - Statewide Perspective",1,TRUE,TRUE,"In addition, the movement of species will create new communities of species for which there will be no previous examples and will require new management regimes."
KS_SWAP_2022,.context.biological_unit_components.genotype_phenotype,NA,NA,NA,FALSE,
KS_SWAP_2022,.context.biological_unit_components.genotype_phenotype,NA,NA,NA,FALSE,
KS_SWAP_2022,.context.biological_unit_components.genotype_phenotype,NA,NA,NA,FALSE,
KS_SWAP_2022,.context.partnerships_and_funding,Executive Summary,1,TRUE,TRUE,"KDWP continues to collaborate with our conservation partners in academia and other state/federal agencies. The feedback and assistance from these groups, their willingness to participate in all aspect"
KS_SWAP_2022,.context.partnerships_and_funding,Executive Summary,1,TRUE,TRUE,New funding will be focused on the priorities identified in this plan.
KS_SWAP_2022,.context.climate_threat_habitat_degradation,"Climate Change, Chapter 3 - Statewide Perspective",1,TRUE,TRUE,"An increase of extreme events such as floods, droughts, heat waves, and severe storms are expected, which can alter species habitats by increasing wildfires, pests, diseases, and invasive species."
KS_SWAP_2022,.context.climate_threat_species_vital_rates,"Climate Change, Chapter 3 - Statewide Perspective",1,TRUE,TRUE,"Many aquatic species will suffer due to reduced precipitation and increased temperatures in streams, rivers, and lakes. Altered flooding regimes will affect spawning and rearing habitat."
KS_SWAP_2022,.context.climate_threat_biotic_stressors,"Kansas Wildlife Resources, Chapter 3",1,TRUE,TRUE,"Climate change is also expected to provide additional challenges to pollinator populations, ranging from disruption of migratory paths of pollinators such as hummingbirds and bats, to decoupling of pl"
KS_SWAP_2022,.actions.priority_habitat_identification,Ecological Focus Areas - Identification of priority areas for conservation,1,TRUE,TRUE,The Ecological Focus Areas (EFA) represent landscapes where conservation actions can be applied for maximum benefit to all Kansas wildlife. Each EFA includes a suite of SGCN and priority habitats and 
KS_SWAP_2022,.actions.priority_habitat_identification,Ecological Focus Areas - Identification of priority areas for conservation,1,TRUE,TRUE,"Terrestrial EFAs were designed using several data layers including large natural areas from the Crucial Habitat Assessment Tool (CHAT), landscape connectivity (also from the CHAT), portfolio sites"
KS_SWAP_2022,.actions.targeted_range_shift_actions,NA,NA,NA,FALSE,
KS_SWAP_2022,.actions.targeted_range_shift_actions,NA,NA,NA,FALSE,
KS_SWAP_2022,.actions.targeted_range_shift_actions,NA,NA,NA,FALSE,
KS_SWAP_2022,.actions.time_bound_and_monitoring,Plan Review and Revision,1,TRUE,TRUE,KDWP proposes to implement an interim review every five years. This interim review will provide a foundation for the next required ten-year comprehensive review and allow for a periodic review of the 
KS_SWAP_2022,.actions.evidence_of_efficacy,Executive Summary,1,TRUE,TRUE,The plan also highlights past projects and success stories implemented through State Wildlife Grants since the initial plan was developed.
KS_SWAP_2022,.actions.evidence_of_efficacy,Success Story - Lincoln Street Dam - Fish Passage Construction,1,TRUE,TRUE,Post-construction monitoring of the fish community in the Arkansas River adjacent to the fish passage has documented 27 species of the fish using the passageway. The upstream fish assemblage more rese
KS_SWAP_2022,.actions.adaptation_planning_frameworks,NatureServe Climate Change Vulnerability Index (CCVI),1,TRUE,TRUE,"Possible adaptation approaches exists ranging from 1) building resistance to climate-related stressors 2) enhancing resilience in order to better change for accommodating change, and 3) anticipating a"
KS_SWAP_2022,.actions.adaptation_planning_frameworks,Table 1 (NFWP Climate Adaptation Strategy 2012),1,TRUE,TRUE,"1. Conserve habitat to support healthy fish, wildlife, and plant populations and ecosystem functions in a changing climate. 2. Manage species and habitats to protect ecosystem functions and provide su"
KY_SWAP_2023,.concepts.climate_vulnerability,APX 5.2 Impacts and Strategies for Addressing Climate Change / Overview,0.2723,FALSE,TRUE,Understanding why species and ecosystems are vulnerable or potentially less resilient is a critical first step in developing effective conservation strategies. This vulnerability is based on sensitivi
KY_SWAP_2023,.concepts.climate_vulnerability,APX 5.2 Impacts and Strategies for Addressing Climate Change,0.2989,FALSE,TRUE,"Some species are highly sensitive to temperature shifts or struggle with repeated exposure to habitat loss due to altered hydrological cycles, increased fire frequency, or sea level rise."
KY_SWAP_2023,.concepts.climate_vulnerability,APX 5.2 Impacts and Strategies for Addressing Climate Change,0.3245,FALSE,TRUE,Species with low adaptive capacity such as those with specialized habitat needs or limited dispersal ability face higher vulnerability to these changes.
KY_SWAP_2023,.concepts.adaptive_capacity_specificity,APX 5.2 Impacts and Strategies for Addressing Climate Change,0.3245,FALSE,TRUE,Species with low adaptive capacity such as those with specialized habitat needs or limited dispersal ability face higher vulnerability to these changes.
KY_SWAP_2023,.concepts.adaptive_capacity_specificity,APX 5.2 Impacts and Strategies for Addressing Climate Change / Overview,1,TRUE,TRUE,For some SGCN thought to be glacial relicts to Kentucky (like the Virginia Big-Eared Bat or Long-Tailed Shrew) or species with the southern extent of their range occurs in Kentucky (like the Burbot or
KY_SWAP_2023,.concepts.adaptive_capacity_components.demography,NA,NA,NA,FALSE,
KY_SWAP_2023,.concepts.adaptive_capacity_components.demography,NA,NA,NA,FALSE,
KY_SWAP_2023,.concepts.adaptive_capacity_components.demography,NA,NA,NA,FALSE,
KY_SWAP_2023,.concepts.adaptive_capacity_components.distribution,APX 5.2 Impacts and Strategies for Addressing Climate Change / Overview,0.691,FALSE,TRUE,For some SGCN thought to be glacial relicts to Kentucky (like the Virginia Big-Eared Bat or Long-Tailed Shrew) or species with the southern extent of their range occurs in Kentucky...a warming climate
KY_SWAP_2023,.concepts.adaptive_capacity_components.movement,APX 5.2 Impacts and Strategies for Addressing Climate Change,0.3245,FALSE,TRUE,Species with low adaptive capacity such as those with specialized habitat needs or limited dispersal ability face higher vulnerability to these changes.
KY_SWAP_2023,.concepts.adaptive_capacity_components.evolutionary_potential,NA,NA,NA,FALSE,
KY_SWAP_2023,.concepts.adaptive_capacity_components.evolutionary_potential,NA,NA,NA,FALSE,
KY_SWAP_2023,.concepts.adaptive_capacity_components.evolutionary_potential,NA,NA,NA,FALSE,
KY_SWAP_2023,.concepts.adaptive_capacity_components.ecological_dependencies,NA,NA,NA,FALSE,
KY_SWAP_2023,.concepts.adaptive_capacity_components.ecological_dependencies,NA,NA,NA,FALSE,
KY_SWAP_2023,.concepts.adaptive_capacity_components.ecological_dependencies,NA,NA,NA,FALSE,
KY_SWAP_2023,.concepts.adaptive_capacity_components.abiotic_niche,APX 5.2 Impacts and Strategies for Addressing Climate Change,0.2989,FALSE,TRUE,"Some species are highly sensitive to temperature shifts or struggle with repeated exposure to habitat loss due to altered hydrological cycles, increased fire frequency, or sea level rise."
KY_SWAP_2023,.concepts.adaptive_capacity_components.life_history,NA,NA,NA,FALSE,
KY_SWAP_2023,.concepts.adaptive_capacity_components.life_history,NA,NA,NA,FALSE,
KY_SWAP_2023,.concepts.adaptive_capacity_components.life_history,NA,NA,NA,FALSE,
KY_SWAP_2023,.concepts.connectivity,Plants: Threats / Actions and Needs,1,TRUE,TRUE,Creating protected corridors through watersheds and/or connecting fragmented remnant habitats is important for maintaining landscape-scale ecosystem processes. It is also crucial for species' long ter
KY_SWAP_2023,.concepts.connectivity,APX 5.2 Impacts and Strategies for Addressing Climate Change / Conclusion,1,TRUE,TRUE,"To effectively identify and conserve high-quality fish and wildlife corridors in Kentucky, we are in desperate need of funding and spending authority for land acquisition, conservation easements, and "
KY_SWAP_2023,.concepts.connectivity,APX 5.2 Impacts and Strategies for Addressing Climate Change / Figures,0.2383,FALSE,TRUE,"Figure 2. Climate Flow Zones are the most important areas for safeguarding biodiversity because they contain known locations of unique communities and rare species, yet also have large areas of intact"
KY_SWAP_2023,.tools.vulnerability_models,NA,NA,NA,FALSE,
KY_SWAP_2023,.tools.vulnerability_models,NA,NA,NA,FALSE,
KY_SWAP_2023,.tools.vulnerability_models,NA,NA,NA,FALSE,
KY_SWAP_2023,.tools.niche_models,Chapter 4: SGCN Distribution and Habitats / Habitat Use and SGCN Occurrence Modeling,1,TRUE,TRUE,"To further refine the habitat needs of SGCN, the GAP/LANDFIRE National Terrestrial Ecosystems dataset for Kentucky was utilized to model habitats for terrestrial and lentic SGCN that were not consider"
KY_SWAP_2023,.tools.climate_models,NA,NA,NA,FALSE,
KY_SWAP_2023,.tools.climate_models,NA,NA,NA,FALSE,
KY_SWAP_2023,.tools.climate_models,NA,NA,NA,FALSE,
KY_SWAP_2023,.tools.connectivity_models,Chapter 7: Conservation Actions for SGCN / Determining and Delineating COAs,1,TRUE,TRUE,"Utilizing the SECAS Southeast Conservation Blueprint, TNC's terrestrial and aquatic habitat priority models, and the United States Geologic Survey Protected Areas Dataset (PAD-US), the SWAP Advisory T"
KY_SWAP_2023,.tools.connectivity_models,APX 5.2 / Figure 2 caption context,0.3292,FALSE,TRUE,"A regional habitat connectivity plan provides spatial layers depicting structural connectivity, network importance, landscape permeability, and climate connectivity."
KY_SWAP_2023,.context.management_scale.local,Chapter 6: Habitat and Species Monitoring / Terrestrial Habitat Monitoring,0.7453,FALSE,TRUE,"Local-scale Terrestrial Habitat Monitoring... focused and direct monitoring of critical habitats, that are either rare or are disproportionally utilized, is warranted."
KY_SWAP_2023,.context.management_scale.site,Executive Summary,0.4204,FALSE,TRUE,We delineated eleven Conservation Opportunity Areas (COAs) that represent some of the best regions of the state to continue or initiate conservation objectives.
KY_SWAP_2023,.context.management_scale.watershed,Chapter 4: SGCN Distribution and Habitats / Delineating SGCN Ranges in Kentucky,1,TRUE,TRUE,"For aquatic species that utilize lotic habitats, watersheds (at the 12-digit, 10-digit, or 8-digit HUC) were often used to determine range boundaries."
KY_SWAP_2023,.context.management_scale.city,NA,NA,NA,FALSE,
KY_SWAP_2023,.context.management_scale.city,NA,NA,NA,FALSE,
KY_SWAP_2023,.context.management_scale.city,NA,NA,NA,FALSE,
KY_SWAP_2023,.context.management_scale.county,"Land Ownership, Population, and Economy",1,TRUE,TRUE,"The boundary of Kentucky encompasses roughly 39,491.61 square miles or 25.859 million acres. This area can be further segmented into 120 counties."
KY_SWAP_2023,.context.management_scale.within_state_region,Kentucky's Ecoregions,0.6378,FALSE,TRUE,Kentucky's landscapes are among the most varied in the eastern United States... Areas where ecosystems and environmental resources are generally similar are often referred to as ecoregions.
KY_SWAP_2023,.context.management_scale.state,Commissioner's Foreword,1,TRUE,TRUE,"Kentucky's State Wildlife Action Plan (SWAP, also referred to as the 'Plan') was developed to identify and conserve Kentucky's Species of Greatest Conservation Need (SGCN)."
KY_SWAP_2023,.context.management_scale.multistate,Comprehensive Review and Revision / Long-term Goals,1,TRUE,TRUE,"As a member of two different AFWA regions, we must balance initiatives and Plan-related guidance most relevant to Kentucky."
KY_SWAP_2023,.context.management_scale.national,NA,NA,NA,FALSE,
KY_SWAP_2023,.context.management_scale.national,NA,NA,NA,FALSE,
KY_SWAP_2023,.context.management_scale.national,NA,NA,NA,FALSE,
KY_SWAP_2023,.context.management_scale.transnational,NA,NA,NA,FALSE,
KY_SWAP_2023,.context.management_scale.transnational,NA,NA,NA,FALSE,
KY_SWAP_2023,.context.management_scale.transnational,NA,NA,NA,FALSE,
KY_SWAP_2023,.context.management_scale.ecosystem,Chapter 7: Conservation Actions for SGCN / Conservation Opportunity Areas,1,TRUE,TRUE,"The eleven COAs encompass roughly 9,146,350 acres (approximately 35% of Kentucky)."
KY_SWAP_2023,.context.management_scale.ecoregion,Kentucky's Ecoregions,1,TRUE,TRUE,"In Kentucky, ecological and biological diversity is very strongly related to regional physiographic, geologic, land use, and soil characteristics. Kentucky contains 7 Level III ecoregions and 25 Level"
KY_SWAP_2023,.context.management_scale.province,NA,NA,NA,FALSE,
KY_SWAP_2023,.context.management_scale.province,NA,NA,NA,FALSE,
KY_SWAP_2023,.context.management_scale.province,NA,NA,NA,FALSE,
KY_SWAP_2023,.context.management_scale.section,NA,NA,NA,FALSE,
KY_SWAP_2023,.context.management_scale.section,NA,NA,NA,FALSE,
KY_SWAP_2023,.context.management_scale.section,NA,NA,NA,FALSE,
KY_SWAP_2023,.context.management_scale.subsection,NA,NA,NA,FALSE,
KY_SWAP_2023,.context.management_scale.subsection,NA,NA,NA,FALSE,
KY_SWAP_2023,.context.management_scale.subsection,NA,NA,NA,FALSE,
KY_SWAP_2023,.context.management_scale.lake,NA,NA,NA,FALSE,
KY_SWAP_2023,.context.management_scale.lake,NA,NA,NA,FALSE,
KY_SWAP_2023,.context.management_scale.lake,NA,NA,NA,FALSE,
KY_SWAP_2023,.context.management_scale.river,Chapter 7: Conservation Actions for SGCN / Green River COA,0.8929,TRUE,TRUE,"The Green River COA... Considered one of the most biodiverse rivers in the world, the Green River is home to more than 150 fish species and 70 species of freshwater mussels."
KY_SWAP_2023,.context.management_scale.district,NA,NA,NA,FALSE,
KY_SWAP_2023,.context.management_scale.district,NA,NA,NA,FALSE,
KY_SWAP_2023,.context.management_scale.district,NA,NA,NA,FALSE,
KY_SWAP_2023,.context.biological_unit_score,APX 5.2 Impacts and Strategies for Addressing Climate Change / Overview,0.6076,FALSE,TRUE,For some SGCN thought to be glacial relicts to Kentucky (like the Virginia Big-Eared Bat or Long-Tailed Shrew) or species with the southern extent of their range occurs in Kentucky...a warming climate
KY_SWAP_2023,.context.biological_unit_score,Plants: Threats / Actions and Needs,1,TRUE,TRUE,Creating protected corridors through watersheds and/or connecting fragmented remnant habitats is important for maintaining landscape-scale ecosystem processes. It is also crucial for species' long ter
KY_SWAP_2023,.context.biological_unit_components.species,APX 5.2 Impacts and Strategies for Addressing Climate Change / Overview,0.6076,FALSE,TRUE,For some SGCN thought to be glacial relicts to Kentucky (like the Virginia Big-Eared Bat or Long-Tailed Shrew) or species with the southern extent of their range occurs in Kentucky...a warming climate
KY_SWAP_2023,.context.biological_unit_components.population,NA,NA,NA,FALSE,
KY_SWAP_2023,.context.biological_unit_components.population,NA,NA,NA,FALSE,
KY_SWAP_2023,.context.biological_unit_components.population,NA,NA,NA,FALSE,
KY_SWAP_2023,.context.biological_unit_components.habitat,Plants: Threats / Actions and Needs,1,TRUE,TRUE,Creating protected corridors through watersheds and/or connecting fragmented remnant habitats is important for maintaining landscape-scale ecosystem processes. It is also crucial for species' long ter
KY_SWAP_2023,.context.biological_unit_components.ecosystem,NA,NA,NA,FALSE,
KY_SWAP_2023,.context.biological_unit_components.ecosystem,NA,NA,NA,FALSE,
KY_SWAP_2023,.context.biological_unit_components.ecosystem,NA,NA,NA,FALSE,
KY_SWAP_2023,.context.biological_unit_components.community,NA,NA,NA,FALSE,
KY_SWAP_2023,.context.biological_unit_components.community,NA,NA,NA,FALSE,
KY_SWAP_2023,.context.biological_unit_components.community,NA,NA,NA,FALSE,
KY_SWAP_2023,.context.biological_unit_components.genotype_phenotype,NA,NA,NA,FALSE,
KY_SWAP_2023,.context.biological_unit_components.genotype_phenotype,NA,NA,NA,FALSE,
KY_SWAP_2023,.context.biological_unit_components.genotype_phenotype,NA,NA,NA,FALSE,
KY_SWAP_2023,.context.partnerships_and_funding,Partnerships for Plan Development and Implementation,1,TRUE,TRUE,"Traditional SWAP partners for Kentucky include state and federal agencies such as the Office of Kentucky Nature Preserves (OKNP), USDA Natural Resources Conservation Service (NRCS), USDA Forest Servic"
KY_SWAP_2023,.context.partnerships_and_funding,Mammals: Virginia big-eared bat CASE STUDY,1,TRUE,TRUE,This SWG funded project highlights how a variety of partnerships and long-term project funding from a variety of sources are needed to produce impactful results.
KY_SWAP_2023,.context.partnerships_and_funding,APX 5.2 Impacts and Strategies for Addressing Climate Change / Conclusion,1,TRUE,TRUE,"At current levels of funding (less than 1 million dollars per year in Kentucky), Kentucky will not be able to effectively implement this plan."
KY_SWAP_2023,.context.climate_threat_habitat_degradation,APX 5.2 Impacts and Strategies for Addressing Climate Change / Overview,1,TRUE,TRUE,"Over the past decade, changing climate has resulted in higher frequency of flooding, more frequent droughts, reduction of crop yields, and concern for competing demands for water in the Ohio, Tennesse"
KY_SWAP_2023,.context.climate_threat_species_vital_rates,APX 5.1b Threats Identified for Bird SGCN / Bonasa umbellus Ruffed Grouse,0.2714,FALSE,TRUE,"The frequency and severity of WNV have increased since 2012, with warming spring temperatures being an important driver of prevalence and severity (i.e., WNV is a climate change exacerbated avian dise"
KY_SWAP_2023,.context.climate_threat_biotic_stressors,APX 5.2 Impacts and Strategies for Addressing Climate Change / Overview,1,TRUE,TRUE,"Some southern species have already demonstrated range expansions throughout Kentucky over the past few decades (i.e. Nine-Banded Armadillo and Evening Bat). Similarly, invasive species common to the s"
KY_SWAP_2023,.actions.priority_habitat_identification,Executive Summary,0.4204,FALSE,TRUE,We delineated eleven Conservation Opportunity Areas (COAs) that represent some of the best regions of the state to continue or initiate conservation objectives.
KY_SWAP_2023,.actions.priority_habitat_identification,APX 5.2 Impacts and Strategies for Addressing Climate Change / A Strategy of Resilience,1,TRUE,TRUE,"Identify and protect refugia and concentrating habitats for SGCN, particularly subterranean systems and breeding areas. Identify and protect climatic refugia and associated biodiversity. 'Climatic ref"
KY_SWAP_2023,.actions.priority_habitat_identification,APX 5.2 Impacts and Strategies for Addressing Climate Change / Figures,0.2621,FALSE,TRUE,Figure 3. Climate resilient areas in Kentucky. This network represents areas of confirmed biodiversity which are resilient due to prevalence of intact natural habitats. Larger areas of natural habitat
KY_SWAP_2023,.actions.targeted_range_shift_actions,APX 5.2 / A Strategy of Resilience: Kentucky's Climate Change Action Items,0.9217,TRUE,TRUE,"Action 2b. Remove aquatic barriers for dispersal including dams and improperly constructed culverts, where applicable."
KY_SWAP_2023,.actions.time_bound_and_monitoring,Comprehensive Review and Revision,1,TRUE,TRUE,Kentucky will begin the third comprehensive review and revision process by early 2031 for completion no later than September 2033.
KY_SWAP_2023,.actions.evidence_of_efficacy,Freshwater Mussels: Recovering the Catspaw Mussel (CASE STUDY),1,TRUE,TRUE,"As of 2023, the CMC has released over 5,000 catspaw mussels into wild streams and staff have already observed evidence of reproduction at all five Kentucky release sites."
KY_SWAP_2023,.actions.evidence_of_efficacy,Insects: Rattlesnake Master Borer Moth (CASE STUDY),1,TRUE,TRUE,The extensive monitoring that took place during this large-scale partnership project fundamentally changed the way fire is implemented at rattlesnake master borer moth sites in Kentucky. Due to the sp
KY_SWAP_2023,.actions.evidence_of_efficacy,Amphibians / CASE STUDY: Northern Leopard Frog Recovery,1,TRUE,TRUE,WMA personnel used a small bulldozer to create three shallow vernal pools along the ditch channels that would hold water throughout the spring and early summer and create better breeding conditions fo
KY_SWAP_2023,.actions.adaptation_planning_frameworks,APX 5.2 Impacts and Strategies for Addressing Climate Change / Overview,1,TRUE,TRUE,Kentucky's SWAP adopts a strategy of increasing resilience through direct actions which will increase the probability that species and habitats of conservation concern will adapt to impacts of climate
KY_SWAP_2023,.actions.adaptation_planning_frameworks,APX 5.2 / A Strategy of Resilience,1,TRUE,TRUE,"Identify and protect refugia and concentrating habitats for SGCN, particularly subterranean systems and breeding areas. Identify and protect climatic refugia and associated biodiversity. 'Climatic ref"
LA_SWAP_2025,.concepts.climate_vulnerability,"Ch. 10: Louisiana: A Regional Perspective, SPECIES' RESPONSE TO CHANGES IN CLIMATE",1,TRUE,TRUE,"A species is considered vulnerable to climate change if it is both sensitive and exposed to climate change impacts (Williams et al. 2008). For example, a species may be exposed to climate change, beca"
LA_SWAP_2025,.concepts.climate_vulnerability,"Ch. 10: Louisiana: A Regional Perspective, TABLE 10.5",1,TRUE,TRUE,"CCVI is based on an evaluation of the species' direct and indirect exposure to climate change and its sensitivity to climate change. To date, several SEAFWA states (West Virginia DNR 2011; Tennessee S"
LA_SWAP_2025,.concepts.climate_vulnerability,"Ch. 10: Louisiana: A Regional Perspective, SPECIES' RESPONSE TO CHANGES IN CLIMATE",0.3046,FALSE,TRUE,Species with low adaptive capacity such as those with specialized habitat needs or limited dispersal ability face higher vulnerability to these changes.
LA_SWAP_2025,.concepts.adaptive_capacity_specificity,"Ch. 4: Species of Greatest Conservation Need, AMPHIBIAN AND REPTILE THREATS",1,TRUE,TRUE,"Turtles may be particularly vulnerable; long generation times, low hatchling survival, low dispersal rates, and temperature-dependent sex determination make them ill-adapted to climate change (Gibbons"
LA_SWAP_2025,.concepts.adaptive_capacity_specificity,"Ch. 10: Louisiana: A Regional Perspective, CASE STUDY",1,TRUE,TRUE,"However, species-specific traits and varying adaptive capacity of amphibians lead to species responding differently to changes in climatic conditions (Davis et al. 2017)."
LA_SWAP_2025,.concepts.adaptive_capacity_components.demography,"Ch. 4: Species of Greatest Conservation Need, AMPHIBIAN AND REPTILE THREATS",1,TRUE,TRUE,"Turtles may be particularly vulnerable; long generation times, low hatchling survival, low dispersal rates, and temperature-dependent sex determination make them ill-adapted to climate change (Gibbons"
LA_SWAP_2025,.concepts.adaptive_capacity_components.distribution,"Ch. 10: Louisiana: A Regional Perspective, CASE STUDY",1,TRUE,TRUE,"Future climate projections forecast more extreme temperatures and tropicalization of these habitats, which will further constrict the viable range of amphibian species distribution in the Southeast (S"
LA_SWAP_2025,.concepts.adaptive_capacity_components.movement,"Ch. 10: Louisiana: A Regional Perspective, SPECIES' RESPONSE TO CHANGES IN CLIMATE",0.3046,FALSE,TRUE,Species with low adaptive capacity such as those with specialized habitat needs or limited dispersal ability face higher vulnerability to these changes.
LA_SWAP_2025,.concepts.adaptive_capacity_components.evolutionary_potential,"Ch. 8: Threats, CLIMATE CHANGE, SEVERE AND EXTREME WEATHER EVENTS",1,TRUE,TRUE,h Action Strategy: Promote genetic diversity and local ecotypes to promote population resiliency to extreme weather events.
LA_SWAP_2025,.concepts.adaptive_capacity_components.ecological_dependencies,"Ch. 4: Species of Greatest Conservation Need, PLANT THREATS",1,TRUE,TRUE,"As the climate changes, organisms with mutualistic relationships with native species may decline as well, impacting pollination and seed dispersal for many plant species (Fontúrbel et al. 2021)."
LA_SWAP_2025,.concepts.adaptive_capacity_components.abiotic_niche,"Ch. 4: Species of Greatest Conservation Need, MOLLUSK THREATS",1,TRUE,TRUE,"Many mussels and their host fish, already living at the upper limits of their thermal tolerances (Khan et al. 2019), are susceptible to the clearing of vegetation in riparian zones and the resultant i"
LA_SWAP_2025,.concepts.adaptive_capacity_components.life_history,"Ch. 4: Species of Greatest Conservation Need, AMPHIBIAN AND REPTILE THREATS",1,TRUE,TRUE,"Turtles may be particularly vulnerable; long generation times, low hatchling survival, low dispersal rates, and temperature-dependent sex determination make them ill-adapted to climate change (Gibbons"
LA_SWAP_2025,.concepts.connectivity,"Ch. 10: Louisiana: A Regional Perspective, LOUISIANA AND THE SOUTHEAST CONSERVATION ADAPTATION STRATEGY (SECAS)",1,TRUE,TRUE,"The Blueprint also includes a connectivity analysis that identifies corridors that link coastal and inland areas and span climate gradients. Based on a least-cost path analysis, hubs provide anchors t"
LA_SWAP_2025,.concepts.connectivity,"Ch. 8: Threats, CLIMATE CHANGE, ECOSYSTEM ENCROACHMENT",1,TRUE,TRUE,"Resilient sites offer diversity in microhabitat and niche types to support biodiversity while remaining connected to other sites to facilitate migration opportunities. Typically, these sites feature m"
LA_SWAP_2025,.tools.vulnerability_models,"Ch. 10: Louisiana: A Regional Perspective, Summary of Available Climate Change Vulnerability Indices",1,TRUE,TRUE,"For Louisiana, 176 SGCN have been scored by 400 CCVI estimates to date by other institutions (Armsworth et al. 2025)."
LA_SWAP_2025,.tools.vulnerability_models,"Ch. 10: Louisiana: A Regional Perspective, TABLE 10.5",1,TRUE,TRUE,Two common tools that have been used to determine climate vulnerability of species are (1) the Climate Change Vulnerability Index (CCVIs)(Young et al. 2016) developed by NatureServe and (2) environmen
LA_SWAP_2025,.tools.niche_models,"Ch. 10: Louisiana: A Regional Perspective, Summary of Available Ecological Niche Models",1,TRUE,TRUE,"For Louisiana, 173 SGCN have been evaluated, which consists of ~450 vulnerability scores (note: some species have multiple scores for different future climate scenarios) across 12 academic research st"
LA_SWAP_2025,.tools.niche_models,"Ch. 10: Louisiana: A Regional Perspective, TABLE 10.5",1,TRUE,TRUE,"An ecological niche model (also called a species distribution model) is a common approach for evaluating a species' vulnerability to climate change. These models, typically created by the academic res"
LA_SWAP_2025,.tools.climate_models,"Ch. 10: Louisiana: A Regional Perspective, CLIMATE RESILIENCY",1,TRUE,TRUE,The climate projections used in the NCA5 were created using global climate models from the Coupled Model Intercomparison Project Phase 6 (CMIP6) that were statistically downscaled to translate large s
LA_SWAP_2025,.tools.climate_models,"Ch. 10: Louisiana: A Regional Perspective, CLIMATE RESILIENCY",1,TRUE,TRUE,"The most recent climate projections used in the NCA5 and associated climate parameters can be viewed on the National Climate Change Viewer. This tool, developed by USGS, allows for visualizations of c"
LA_SWAP_2025,.tools.connectivity_models,"Ch. 10: Louisiana: A Regional Perspective, LOUISIANA AND THE SOUTHEAST CONSERVATION ADAPTATION STRATEGY (SECAS)",1,TRUE,TRUE,"The Blueprint also includes a connectivity analysis that identifies corridors that link coastal and inland areas and span climate gradients. Based on a least-cost path analysis, hubs provide anchors t"
LA_SWAP_2025,.tools.connectivity_models,"Ch. 10: Louisiana: A Regional Perspective, LOUISIANA AND THE SOUTHEAST CONSERVATION ADAPTATION STRATEGY (SECAS)",1,TRUE,TRUE,"The Southeast Conservation Blueprint (v2024; Blueprint) is the primary product of SECAS and is a living, spatial plan that identifies priority areas where conservation action would make an impact, bas"
LA_SWAP_2025,.context.management_scale.local,NA,NA,NA,FALSE,
LA_SWAP_2025,.context.management_scale.local,NA,NA,NA,FALSE,
LA_SWAP_2025,.context.management_scale.local,NA,NA,NA,FALSE,
LA_SWAP_2025,.context.management_scale.site,"Ch. 10: Louisiana: A Regional Perspective, LOUISIANA AND THE SOUTHEAST CONSERVATION ADAPTATION STRATEGY (SECAS)",1,TRUE,TRUE,"About 13 million acres (39%) within Louisiana are considered hubs or corridors, providing many conservation opportunities to support species movement and migration, an important consideration for supp"
LA_SWAP_2025,.context.management_scale.watershed,"Ch. 7: Conservation Opportunity Areas, STEP 5: IDENTIFYING CONSERVATION OPPORTUNITY AREAS",1,TRUE,TRUE,"For most ecoregions of the state (Figure 2.2), there was minimal overlap of the sets of actions, and most of the boundaries closely conformed to watershed boundaries."
LA_SWAP_2025,.context.management_scale.city,NA,NA,NA,FALSE,
LA_SWAP_2025,.context.management_scale.city,NA,NA,NA,FALSE,
LA_SWAP_2025,.context.management_scale.city,NA,NA,NA,FALSE,
LA_SWAP_2025,.context.management_scale.county,NA,NA,NA,FALSE,
LA_SWAP_2025,.context.management_scale.county,NA,NA,NA,FALSE,
LA_SWAP_2025,.context.management_scale.county,NA,NA,NA,FALSE,
LA_SWAP_2025,.context.management_scale.within_state_region,"Ch. 7: Conservation Opportunity Areas, AMITE-TICKFAW",1,TRUE,TRUE,"Compared to the rest of the state, this area has somewhat lower terrestrial resilience to changes in climate. Further, as of 2021, 7.1% of the acres in this COA has been identified as urban"
LA_SWAP_2025,.context.management_scale.state,"Ch. 10: Louisiana: A Regional Perspective, LOUISIANA AND THE SOUTHEAST CONSERVATION ADAPTATION STRATEGY (SECAS)",1,TRUE,TRUE,"The Blueprint recognizes almost 22 million acres, or roughly 66% of the state, as a priority for connecting the region's lands and waters"
LA_SWAP_2025,.context.management_scale.multistate,"Ch. 10: Louisiana: A Regional Perspective, INTRODUCTION",1,TRUE,TRUE,"Addressing these threats effectively requires aligning conservation strategies across state boundaries. By using consistent regional information shared by other states to inform their SWAPs, Louisiana"
LA_SWAP_2025,.context.management_scale.national,NA,NA,NA,FALSE,
LA_SWAP_2025,.context.management_scale.national,NA,NA,NA,FALSE,
LA_SWAP_2025,.context.management_scale.national,NA,NA,NA,FALSE,
LA_SWAP_2025,.context.management_scale.transnational,NA,NA,NA,FALSE,
LA_SWAP_2025,.context.management_scale.transnational,NA,NA,NA,FALSE,
LA_SWAP_2025,.context.management_scale.transnational,NA,NA,NA,FALSE,
LA_SWAP_2025,.context.management_scale.ecosystem,"Ch. 10: Louisiana: A Regional Perspective, LOUISIANA AND THE SOUTHEAST CONSERVATION ADAPTATION STRATEGY (SECAS)",1,TRUE,TRUE,The Southeast Conservation Adaptation Strategy (SECAS) is a regional conservation initiative that spans the southeastern United States and the Caribbean. SECAS brings together diverse partners around 
LA_SWAP_2025,.context.management_scale.ecoregion,"Ch. 10: Louisiana: A Regional Perspective, IDENTIFYING SHARED PRIORITIES ACROSS THE LANDSCAPE TO SUPPORT REGIONAL SPECIES OF GREATEST CONSERVATION NEED",0.9747,TRUE,TRUE,Using species richness of reptile RSGCN that fall within the high concern category occur predominantly within the East Gulf Coastal Plain and Mississippi River Alluvial Plain ecoregions (Figure 10.13)
LA_SWAP_2025,.context.management_scale.province,NA,NA,NA,FALSE,
LA_SWAP_2025,.context.management_scale.province,NA,NA,NA,FALSE,
LA_SWAP_2025,.context.management_scale.province,NA,NA,NA,FALSE,
LA_SWAP_2025,.context.management_scale.section,NA,NA,NA,FALSE,
LA_SWAP_2025,.context.management_scale.section,NA,NA,NA,FALSE,
LA_SWAP_2025,.context.management_scale.section,NA,NA,NA,FALSE,
LA_SWAP_2025,.context.management_scale.subsection,NA,NA,NA,FALSE,
LA_SWAP_2025,.context.management_scale.subsection,NA,NA,NA,FALSE,
LA_SWAP_2025,.context.management_scale.subsection,NA,NA,NA,FALSE,
LA_SWAP_2025,.context.management_scale.lake,NA,NA,NA,FALSE,
LA_SWAP_2025,.context.management_scale.lake,NA,NA,NA,FALSE,
LA_SWAP_2025,.context.management_scale.lake,NA,NA,NA,FALSE,
LA_SWAP_2025,.context.management_scale.river,NA,NA,NA,FALSE,
LA_SWAP_2025,.context.management_scale.river,NA,NA,NA,FALSE,
LA_SWAP_2025,.context.management_scale.river,NA,NA,NA,FALSE,
LA_SWAP_2025,.context.management_scale.district,NA,NA,NA,FALSE,
LA_SWAP_2025,.context.management_scale.district,NA,NA,NA,FALSE,
LA_SWAP_2025,.context.management_scale.district,NA,NA,NA,FALSE,
LA_SWAP_2025,.context.biological_unit_score,"Ch. 10: Louisiana: A Regional Perspective, CASE STUDY",1,TRUE,TRUE,"Future climate projections forecast more extreme temperatures and tropicalization of these habitats, which will further constrict the viable range of amphibian species distribution in the Southeast (S"
LA_SWAP_2025,.context.biological_unit_score,"Ch. 5: Natural Communities, FRESHWATER MARSH, Threats",1,TRUE,TRUE,Increased storm frequency and intensity associated with climate change would subject Freshwater Marsh to a greater disturbance and potentially result in higher incidences of saltwater intrusion in con
LA_SWAP_2025,.context.biological_unit_components.species,"Ch. 10: Louisiana: A Regional Perspective, Comparing CCVI and Available Ecological Niche Models Results",1,TRUE,TRUE,Comparing the results of the ecological niche models to the CCVI estimates for SGCN within Louisiana reveals similar trends for taxa that were evaluated using both methods. All assessed taxa (includin
LA_SWAP_2025,.context.biological_unit_components.population,"Ch. 10: Louisiana: A Regional Perspective, CASE STUDY",1,TRUE,TRUE,"Many amphibians that inhabit these wetlands are consistently listed in the IUCN Red List as vulnerable, endangered, or critically endangered (Adams et al. 2013, Li et al. 2013, Halsted et al. 2022). S"
LA_SWAP_2025,.context.biological_unit_components.habitat,"Ch. 5: Natural Communities, FRESHWATER MARSH, Threats",1,TRUE,TRUE,Increased storm frequency and intensity associated with climate change would subject Freshwater Marsh to a greater disturbance and potentially result in higher incidences of saltwater intrusion in con
LA_SWAP_2025,.context.biological_unit_components.ecosystem,"Ch. 10: Louisiana: A Regional Perspective, CLIMATE RESILIENCY",1,TRUE,TRUE,"In the Southeast, climate change will have pervasive impacts on natural habitats, ecological processes, and ecosystem services, and regional efforts to mitigate or adapt to these impacts will be extre"
LA_SWAP_2025,.context.biological_unit_components.community,"Ch. 10: Louisiana: A Regional Perspective, CLIMATE RESILIENCY, Extreme Storms and Precipitation Events, Warmer Waters, and Altered Flows",1,TRUE,TRUE,"In general, temperature regimes of freshwater ecosystems are projected to increase in parallel with shifts in air temperatures, which, in turn, may alter plant and animal communities (Princé and Zucke"
LA_SWAP_2025,.context.biological_unit_components.genotype_phenotype,NA,NA,NA,FALSE,
LA_SWAP_2025,.context.biological_unit_components.genotype_phenotype,NA,NA,NA,FALSE,
LA_SWAP_2025,.context.biological_unit_components.genotype_phenotype,NA,NA,NA,FALSE,
LA_SWAP_2025,.context.partnerships_and_funding,Summary of Changes,1,TRUE,TRUE,LDWF worked with the USFWS Science Applications Migratory Birds Program and the Southeast Conservation Adaptation Strategy (SECAS) to redefine the 2015 Conservation Opportunity Areas (COAs). This resu
LA_SWAP_2025,.context.partnerships_and_funding,"Ch. 7: Conservation Opportunity Areas, IDENTIFYING COAs",1,TRUE,TRUE,"In 2020, LDWF partnered with U.S. Fish and Wildlife Service (USFWS) staff supporting the Southeast Conservation Adaptation Strategy to better target acquisition and management projects."
LA_SWAP_2025,.context.climate_threat_habitat_degradation,"Ch. 4: Species of Greatest Conservation Need, MARINE FISH THREATS",1,TRUE,TRUE,"Predicted alterations to ecosystems from climate change such as sea level rise, an increase in intensity and frequency of severe weather events, ocean acidification, alterations to ocean currents, and"
LA_SWAP_2025,.context.climate_threat_habitat_degradation,"Ch. 5: Natural Communities, FRESHWATER MARSH, Threats",1,TRUE,TRUE,Increased storm frequency and intensity associated with climate change would subject Freshwater Marsh to a greater disturbance and potentially result in higher incidences of saltwater intrusion in con
LA_SWAP_2025,.context.climate_threat_species_vital_rates,"Ch. 10: Louisiana: A Regional Perspective, CASE STUDY",1,TRUE,TRUE,"Shifting hydroperiods and variations in water availability due to climate change can influence amphibian breeding seasons, larval development, and body size, and have profound impacts on extinction ra"
LA_SWAP_2025,.context.climate_threat_species_vital_rates,"Ch. 8: Threats, CLIMATE CHANGE, SEVERE AND EXTREME WEATHER EVENTS",1,TRUE,TRUE,"In addition, extreme weather has been documented to cause high mortality events."
LA_SWAP_2025,.context.climate_threat_biotic_stressors,"Ch. 4: Species of Greatest Conservation Need, AMPHIBIAN AND REPTILE THREATS",1,TRUE,TRUE,"Warming temperatures resulting from climate change may facilitate the spread and establishment of non-native species, which can increase competition with native species (Hitt et al. 2016)."
LA_SWAP_2025,.context.climate_threat_biotic_stressors,"Ch. 4: Species of Greatest Conservation Need, PLANT THREATS",1,TRUE,TRUE,"A warming climate will also likely increase potential for invasive species to colonize new areas and to reach saturation levels in existing infestation, rendering these species impossible to manage an"
LA_SWAP_2025,.actions.priority_habitat_identification,List of Figures,1,TRUE,TRUE,The 2025 Louisiana Conservation Opportunity Areas. Figure 7.2. Conservation Opportunity Areas and Conservation Lands.
LA_SWAP_2025,.actions.priority_habitat_identification,"Ch. 7: Conservation Opportunity Areas, CONSERVATION OPPORTUNITY AREAS NEED AND OVERVIEW",1,TRUE,TRUE,Conservation Opportunity Areas (COAs) are geographies within Louisiana that have been identified as uniquely important for the conservation of SGCN. Conservation actions within these COAs will benefit
LA_SWAP_2025,.actions.priority_habitat_identification,"Ch. 7: Conservation Opportunity Areas, BARATARIA-TERREBONNE",1,TRUE,TRUE,NOAA sea level rise inundation data indicates nearly all the island acres evaluated would be affected by a 2.7' sea level rise by 2060.
LA_SWAP_2025,.actions.targeted_range_shift_actions,"Ch. 8: Threats, CLIMATE CHANGE, ECOSYSTEM ENCROACHMENT",1,TRUE,TRUE,h Action Strategy: Establish and protect habitat corridors to provide critical habitat for SGCN to mitigate impacts from climactic shifts. h Action Strategy: Acquire property to increase and support c
LA_SWAP_2025,.actions.time_bound_and_monitoring,"Ch. 3: Approach, PUBLIC AND PARTNER INVOLVEMENT",1,TRUE,TRUE,The Louisiana Department of Wildlife and Fisheries commits to a comprehensive review and revision of the 2025 SWAP by 1 October 2035.
LA_SWAP_2025,.actions.time_bound_and_monitoring,"Ch. 9: Monitoring, EFFECTIVENESS OF CONSERVATION ACTIONS",1,TRUE,TRUE,"TRACS also documents grant performance and standardizes reporting of accomplishments through numerical metrics identified by objectives that are specific, measureable, achievable, relevant, and time b"
LA_SWAP_2025,.actions.evidence_of_efficacy,"Ch. 10: Louisiana: A Regional Perspective, TABLE 10.5",1,TRUE,TRUE,"Niche model results can be used in tandem with CCVI estimates to enhance the understanding of a given species' vulnerability, as CCVIs and niche models have complementary strengths that can help land "
LA_SWAP_2025,.actions.evidence_of_efficacy,"Ch. 10: Louisiana: A Regional Perspective, Comparing CCVI and Available Ecological Niche Models Results",1,TRUE,TRUE,The comparison of these two methods supports focusing climate adaptation strategies on the conservation of amphibian and reptile species. SARP already considers identification and remediation of anthr
LA_SWAP_2025,.actions.adaptation_planning_frameworks,"Ch. 10: Louisiana: A Regional Perspective, ADAPTATION STRATEGIES",1,TRUE,TRUE,"Two well-known examples of frameworks include the Resist-Accept-Direct (RAD) Framework developed by the U.S. National Park Service and the Climate Adaptation in Practice: Resistance, Resilience and Tr"
LA_SWAP_2025,.actions.adaptation_planning_frameworks,"Ch. 10: Louisiana: A Regional Perspective, CLIMATE RESILIENCY",1,TRUE,TRUE,The AFWA 2022 (2nd Edition) Voluntary Guidance for States to Incorporate Climate Adaptation into State Wildlife Action Plans and Other Management Plans provides recommended steps for developing and im
MA_SWAP_2015,.concepts.climate_vulnerability,"Ch. 2, Climate Change table (Progress Since 2005)",1,TRUE,TRUE,"Since the 2005 SWAP, response to climate change by the Commonwealth of Massachusetts has centered on developing a better understanding of how climate change is likely to impact SGCN and their habitats"
MA_SWAP_2015,.concepts.climate_vulnerability,"Ch. 5, Section A – Effects of Climate Change",0.2851,FALSE,TRUE,Understanding why species and ecosystems are vulnerable or potentially less resilient is a critical first step in developing effective conservation strategies. This vulnerability is based on sensitivi
MA_SWAP_2015,.concepts.climate_vulnerability,"Ch. 5, Section B – Biological Responses of Northeast and Midwest Species",0.3046,FALSE,TRUE,Species with low adaptive capacity such as those with specialized habitat needs or limited dispersal ability face higher vulnerability to these changes.
MA_SWAP_2015,.concepts.adaptive_capacity_specificity,"Ch. 5, Section B – Biological Responses of Northeast and Midwest Species",0.3046,FALSE,TRUE,Species with low adaptive capacity such as those with specialized habitat needs or limited dispersal ability face higher vulnerability to these changes.
MA_SWAP_2015,.concepts.adaptive_capacity_specificity,"Ch. 2, Climate Change table (Progress Since 2005)",1,TRUE,TRUE,"Since the 2005 SWAP, response to climate change by the Commonwealth of Massachusetts has centered on developing a better understanding of how climate change is likely to impact SGCN and their habitats"
MA_SWAP_2015,.concepts.adaptive_capacity_components.demography,"Ch. 4, SWAP Habitats: Large Unfragmented Landscape Mosaics",0.3394,FALSE,TRUE,"Spotted and Blanding's turtles are long-lived reptiles, with delayed reproductive maturity (about 8 years for Spotted, 17.5 years for Blanding's), low annual reproductive output... These life-history "
MA_SWAP_2015,.concepts.adaptive_capacity_components.distribution,"Ch. 4, SWAP Habitats: Marine and Estuarine Habitats (IUCN Threat 11)",1,TRUE,TRUE,Warming coastal waters are causing suitable habitats of temperature-sensitive species to shift northward. Suitable habitats of other species may also shift because they cannot compete for limited reso
MA_SWAP_2015,.concepts.adaptive_capacity_components.distribution,"Ch. 4, SWAP Habitats: Pitch Pine-Oak Upland Forest (IUCN Threat 11)",1,TRUE,TRUE,"The Twilight Moth is at the southern extent of its geographic range in Massachusetts; this species may retreat northward with climate warming, resulting in its extirpation from the state."
MA_SWAP_2015,.concepts.adaptive_capacity_components.movement,"Ch. 5, Box 5-2: Regional Climate Change Vulnerability Assessment",1,TRUE,TRUE,"It is important to maintain high quality source breeding habitats and connectivity across habitats to facilitate species dispersal, migration, and maintenance; protect local connectivity for individua"
MA_SWAP_2015,.concepts.adaptive_capacity_components.movement,"Ch. 5, Section B – Biological Responses of Northeast and Midwest Species",0.3046,FALSE,TRUE,Species with low adaptive capacity such as those with specialized habitat needs or limited dispersal ability face higher vulnerability to these changes.
MA_SWAP_2015,.concepts.adaptive_capacity_components.evolutionary_potential,NA,NA,NA,FALSE,
MA_SWAP_2015,.concepts.adaptive_capacity_components.evolutionary_potential,NA,NA,NA,FALSE,
MA_SWAP_2015,.concepts.adaptive_capacity_components.evolutionary_potential,NA,NA,NA,FALSE,
MA_SWAP_2015,.concepts.adaptive_capacity_components.ecological_dependencies,"Ch. 5, Section B – Biological Responses of Northeast and Midwest Species",0.9454,TRUE,TRUE,"Ecological interactions and land use change could exacerbate the impacts of climate change. A focus on habitat connectivity, water quality, and invasive species is among the many options."
MA_SWAP_2015,.concepts.adaptive_capacity_components.abiotic_niche,"Ch. 5, Section B – Biological Responses of Northeast and Midwest Species",1,TRUE,TRUE,"Some wildlife groups in the Northeast and the Midwest, including montane birds, salamanders, cold-adapted fish, and freshwater mussels, could be particularly affected by changing temperatures, precipi"
MA_SWAP_2015,.concepts.adaptive_capacity_components.abiotic_niche,"Ch. 5, Section A – Effects of Climate Change",0.3158,FALSE,TRUE,"Species' physiological limits are tested as shifting temperatures, altered hydrology, and changing seasonal cues affect survival, reproduction, and migration."
MA_SWAP_2015,.concepts.adaptive_capacity_components.life_history,"Ch. 4, SWAP Habitats: Large Unfragmented Landscape Mosaics",0.3313,FALSE,TRUE,"Spotted and Blanding's turtles are long-lived reptiles, with delayed reproductive maturity (about 8 years for Spotted, 17.5 years for Blanding's), low annual reproductive output (2-7 eggs/year for Spo"
MA_SWAP_2015,.concepts.connectivity,"Ch. 5, Box 5-2: Regional Climate Change Vulnerability Assessment",1,TRUE,TRUE,"It is important to maintain high quality source breeding habitats and connectivity across habitats to facilitate species dispersal, migration, and maintenance; protect local connectivity for individua"
MA_SWAP_2015,.concepts.connectivity,"Ch. 5, Section C – BioMap2 and Climate Change",0.3584,FALSE,TRUE,"Salt Marsh Migration: A special case for connectivity... BioMap2 includes an analysis of low lying, undeveloped and ecologically connected upland areas adjacent to salt marshes and coastal habitat to "
MA_SWAP_2015,.concepts.connectivity,"Ch. 4, SWAP Habitats: Shrub Swamps (IUCN Threat 7)",1,TRUE,TRUE,Climate change poses significant threats to local populations of SGCN that currently rely on smaller shrub swamps in landscapes having poor connectivity with larger swamps and/or open-water wetlands.
MA_SWAP_2015,.tools.vulnerability_models,"Ch. 2, Linking Landscapes section",1,TRUE,TRUE,"In 2010, the Manomet Center for Conservation Sciences, in Plymouth, MA, worked with the DFW to conduct a Climate Change Vulnerability Assessment of many of the habitats identified in the 2005 SWAP. Th"
MA_SWAP_2015,.tools.vulnerability_models,"Ch. 2, Linking Landscapes section (CCVA reports)",0.6966,FALSE,TRUE,Volume 2 -Habitat and Species Vulnerability. This volume reports the results of the work assessing the likely vulnerabilities of fish and wildlife and their habitats to climate change... Which vertebr
MA_SWAP_2015,.tools.vulnerability_models,"Ch. 5, Box 5-2: Regional Climate Change Vulnerability Assessment",1,TRUE,TRUE,The NEAFWA Habitat Vulnerability Assessment Model is now being used by 6 states to complete their state vulnerability assessments.
MA_SWAP_2015,.tools.niche_models,"Ch. 4, SWAP Habitats: Marine and Estuarine Habitats – Planning",0.2628,FALSE,TRUE,Develop and document distribution-model methods for under-studied focal species that can incorporate the agency's institutional data sets.
MA_SWAP_2015,.tools.climate_models,"Ch. 2, Linking Landscapes section (CCVA)",1,TRUE,TRUE,Climate change projections were derived using two emission scenarios. Dr. Galbraith summarized the results from these question and answer sessions.
MA_SWAP_2015,.tools.connectivity_models,"Ch. 4, Section D – Highest Priority Habitat Areas",1,TRUE,TRUE,"BioMap2 also integrates TNC's assessment of large, well-connected, and intact ecosystems and landscapes across the state, incorporating concepts of ecosystem resilience to address anticipated climate-"
MA_SWAP_2015,.context.management_scale.local,"Ch. 2, Section D – Partnerships",1,TRUE,TRUE,"Biodiversity conservation in Massachusetts is often a cooperative effort. Depending on the scale of the project, these efforts may involve local groups -for example, a small land trust pairing with a "
MA_SWAP_2015,.context.management_scale.site,"Ch. 4, SWAP Habitats: Conservation Actions for Upland Forests – Planning",1,TRUE,TRUE,Habitat management site plans for high-priority sites have been and will continue to be developed.
MA_SWAP_2015,.context.management_scale.watershed,"Ch. 2, Section A – Protectedness Analysis (Subwatersheds)",1,TRUE,TRUE,"Of the 27 major watersheds in Massachusetts, the percent of protectedness ranges from 6.6% for the Blackstone to 35.4% for the Westfield."
MA_SWAP_2015,.context.management_scale.city,NA,NA,NA,FALSE,
MA_SWAP_2015,.context.management_scale.city,NA,NA,NA,FALSE,
MA_SWAP_2015,.context.management_scale.city,NA,NA,NA,FALSE,
MA_SWAP_2015,.context.management_scale.county,NA,NA,NA,FALSE,
MA_SWAP_2015,.context.management_scale.county,NA,NA,NA,FALSE,
MA_SWAP_2015,.context.management_scale.county,NA,NA,NA,FALSE,
MA_SWAP_2015,.context.management_scale.within_state_region,"Ch. 2, Linking Landscapes section",1,TRUE,TRUE,"Road densities are greatest in the eastern region and in areas of high population densities within portions of the Connecticut River Valley in Franklin, Hampshire, and Hampden counties."
MA_SWAP_2015,.context.management_scale.state,Foreword / What are the SWAP's main components,1,TRUE,TRUE,"The Massachusetts Division of Fisheries and Wildlife plans to review the SWAP on a 10-year timetable, which means the next update will be due in 2025."
MA_SWAP_2015,.context.management_scale.multistate,"Ch. 5, Section A – Regional Climate Change Vulnerability Assessment project",1,TRUE,TRUE,"In a project extending from Maine to the Virginias, the Northeastern Association of Fish and Wildlife Agencies (NEAFWA), Manomet Center for Conservation Sciences (Manomet), and the National Wildlife F"
MA_SWAP_2015,.context.management_scale.national,NA,NA,NA,FALSE,
MA_SWAP_2015,.context.management_scale.national,NA,NA,NA,FALSE,
MA_SWAP_2015,.context.management_scale.national,NA,NA,NA,FALSE,
MA_SWAP_2015,.context.management_scale.transnational,NA,NA,NA,FALSE,
MA_SWAP_2015,.context.management_scale.transnational,NA,NA,NA,FALSE,
MA_SWAP_2015,.context.management_scale.transnational,NA,NA,NA,FALSE,
MA_SWAP_2015,.context.management_scale.ecosystem,"Ch. 5, Box 5-1: Natural Resources and Habitats: Guiding Principles",1,TRUE,TRUE,"Limit ecosystem stressors. Strategies that focus on reducing threats, such as habitat conversion and fragmentation (i.e., development), invasive species, and airborne and waterborne pollutants, can ma"
MA_SWAP_2015,.context.management_scale.ecoregion,"Ch. 5, Section C – BioMap2 and Climate Change",0.6503,FALSE,TRUE,BioMap2 includes the largest examples of high-quality forest and wetland ecosystems... across the full range of ecoregions and ecological settings.
MA_SWAP_2015,.context.management_scale.province,NA,NA,NA,FALSE,
MA_SWAP_2015,.context.management_scale.province,NA,NA,NA,FALSE,
MA_SWAP_2015,.context.management_scale.province,NA,NA,NA,FALSE,
MA_SWAP_2015,.context.management_scale.section,NA,NA,NA,FALSE,
MA_SWAP_2015,.context.management_scale.section,NA,NA,NA,FALSE,
MA_SWAP_2015,.context.management_scale.section,NA,NA,NA,FALSE,
MA_SWAP_2015,.context.management_scale.subsection,NA,NA,NA,FALSE,
MA_SWAP_2015,.context.management_scale.subsection,NA,NA,NA,FALSE,
MA_SWAP_2015,.context.management_scale.subsection,NA,NA,NA,FALSE,
MA_SWAP_2015,.context.management_scale.lake,NA,NA,NA,FALSE,
MA_SWAP_2015,.context.management_scale.lake,NA,NA,NA,FALSE,
MA_SWAP_2015,.context.management_scale.lake,NA,NA,NA,FALSE,
MA_SWAP_2015,.context.management_scale.river,NA,NA,NA,FALSE,
MA_SWAP_2015,.context.management_scale.river,NA,NA,NA,FALSE,
MA_SWAP_2015,.context.management_scale.river,NA,NA,NA,FALSE,
MA_SWAP_2015,.context.management_scale.district,NA,NA,NA,FALSE,
MA_SWAP_2015,.context.management_scale.district,NA,NA,NA,FALSE,
MA_SWAP_2015,.context.management_scale.district,NA,NA,NA,FALSE,
MA_SWAP_2015,.context.biological_unit_score,"Ch. 4, SWAP Habitats: Marine and Estuarine Habitats (IUCN Threat 11)",1,TRUE,TRUE,Warming coastal waters are causing suitable habitats of temperature-sensitive species to shift northward.
MA_SWAP_2015,.context.biological_unit_score,"Ch. 5, Section C – BioMap2 and Climate Change",0.3584,FALSE,TRUE,"Salt Marsh Migration: A special case for connectivity... BioMap2 includes an analysis of low lying, undeveloped and ecologically connected upland areas adjacent to salt marshes and coastal habitat to "
MA_SWAP_2015,.context.biological_unit_components.species,"Ch. 4, SWAP Habitats: Marine and Estuarine Habitats (IUCN Threat 11)",1,TRUE,TRUE,Warming coastal waters are causing suitable habitats of temperature-sensitive species to shift northward. Suitable habitats of other species may also shift because they cannot compete for limited reso
MA_SWAP_2015,.context.biological_unit_components.population,"Ch. 4, SWAP Habitats: Shrub Swamps (IUCN Threat 7)",1,TRUE,TRUE,Climate change poses significant threats to local populations of SGCN that currently rely on smaller shrub swamps in landscapes having poor connectivity with larger swamps and/or open-water wetlands.
MA_SWAP_2015,.context.biological_unit_components.habitat,"Ch. 5, Section C – BioMap2 and Climate Change",0.3584,FALSE,TRUE,"Salt Marsh Migration: A special case for connectivity... BioMap2 includes an analysis of low lying, undeveloped and ecologically connected upland areas adjacent to salt marshes and coastal habitat to "
MA_SWAP_2015,.context.biological_unit_components.ecosystem,"Ch. 5, Section C – BioMap2 and Climate Change",0.3477,FALSE,TRUE,"Transformation: The transition of an ecosystem or population to another ecological state in response to climate change and other stressors. BioMap2, recognizing such transformations are particularly l"
MA_SWAP_2015,.context.biological_unit_components.community,"Ch. 5, Section F – Forestry Management on Montague Plains WMA",0.2963,FALSE,TRUE,DFW identified the Montague sandplain... as a refugia for natural communities and species that are likely to exhibit a markedly different response to predicted climate change than other vegetation typ
MA_SWAP_2015,.context.biological_unit_components.genotype_phenotype,NA,NA,NA,FALSE,
MA_SWAP_2015,.context.biological_unit_components.genotype_phenotype,NA,NA,NA,FALSE,
MA_SWAP_2015,.context.biological_unit_components.genotype_phenotype,NA,NA,NA,FALSE,
MA_SWAP_2015,.context.partnerships_and_funding,"Ch. 5, Section A – Regional CCVA project description",1,TRUE,TRUE,"In a project extending from Maine to the Virginias, the Northeastern Association of Fish and Wildlife Agencies (NEAFWA), Manomet Center for Conservation Sciences (Manomet), and the National Wildlife F"
MA_SWAP_2015,.context.partnerships_and_funding,"Ch. 2, Linking Landscapes section",1,TRUE,TRUE,The Northeast Association of Fish and Wildlife Agencies provided funding through the Regional Conservation Needs Grant Program for Manomet Center for Conservation Sciences and the National Wildlife Fe
MA_SWAP_2015,.context.partnerships_and_funding,"Ch. 4, SWAP Habitats: Shrub Swamps – Planning",1,TRUE,TRUE,"MassWildlife is a partner in the Rangewide New England Cottontail Initiative with the U.S. Fish and Wildlife Service, other state agencies, the Wildlife Management Institute, and the Natural Resources"
MA_SWAP_2015,.context.climate_threat_habitat_degradation,"Ch. 4, SWAP Habitats: Salt Marsh (IUCN Threat 11)",1,TRUE,TRUE,A rise in sea level is predicted to result in loss of salt marshes as they become permanently inundated with seawater.
MA_SWAP_2015,.context.climate_threat_habitat_degradation,"Ch. 5, Section A – Effects of Climate Change / Ch. 4 Coastal Dunes (IUCN Threat 11)",0.3952,FALSE,TRUE,"Sea level is rising at an accelerating rate... Coastal dunes, beaches, and small islands may be lost, reduced in extent, or adversely modified by a rise in sea level, endangering species that depend u"
MA_SWAP_2015,.context.climate_threat_habitat_degradation,"Ch. 4, SWAP Habitats: Large and Mid-sized Rivers (IUCN Threat 11)",0.4118,FALSE,TRUE,"Increased periodicity and intensity of drought may cause loss of aquatic habitat through short-term drying, but may also concentrate effects of pollutants."
MA_SWAP_2015,.context.climate_threat_species_vital_rates,"Ch. 4, SWAP Habitats: Large Unfragmented Landscape Mosaics (IUCN Threat 11)",0.8829,TRUE,TRUE,"Increases in climate temperatures would lead to increased heat-stress on Moose in the spring, summer, and fall, and more importantly, an increase in disease and parasites that can have a detrimental e"
MA_SWAP_2015,.context.climate_threat_species_vital_rates,"Ch. 4, SWAP Habitats: Vernal Pools (IUCN Threat 11)",1,TRUE,TRUE,"If climate change causes basins to fill later, and Marbled Salamanders do not adjust the onset of breeding accordingly, then a reduction in the presumed benefits of egg-brooding would be expected, as "
MA_SWAP_2015,.context.climate_threat_biotic_stressors,"Ch. 4, SWAP Habitats: Marine and Estuarine Habitats (IUCN Threat 11)",1,TRUE,TRUE,Invasive species that had not been able to establish populations in colder environments may now be able to survive and start competing with native species (Karl et al. 2009).
MA_SWAP_2015,.context.climate_threat_biotic_stressors,"Ch. 4, SWAP Habitats: Upland Forests – General Habitat Description",1,TRUE,TRUE,"Climate change appears to be at least partially responsible for the recent and rapid spread of native insect pests, such as the Southern Pine Beetle, into more northern climes (Gan 2004). Southern Pin"
MA_SWAP_2015,.actions.priority_habitat_identification,"Ch. 6, Section B – Proactive Habitat Protection",0.5223,FALSE,TRUE,"BioMap2 Core Habitat and Critical Natural Landscape cover 2.1 million acres, about 40% of the state... areas vulnerable to sea level rise caused by climate change."
MA_SWAP_2015,.actions.priority_habitat_identification,"Ch. 4, Section D – Highest Priority Habitat Areas",0.4054,FALSE,TRUE,Figure 4-42: Key Sites. Data from NHESP.
MA_SWAP_2015,.actions.priority_habitat_identification,"Ch. 4, SWAP Habitats: Large Unfragmented Landscape Mosaics – Conservation Actions",1,TRUE,TRUE,"Protect areas of high-elevation conifer cover that Moose rely on as refuges from heat and deep snow, which are crucial for sustaining Moose populations in Massachusetts."
MA_SWAP_2015,.actions.targeted_range_shift_actions,"Ch. 4, SWAP Habitats: Conservation Actions for Upland Forests – Planning",1,TRUE,TRUE,DFW is researching the potential for assisted migration of common tree species within the state on the basis of climate changes.
MA_SWAP_2015,.actions.targeted_range_shift_actions,Executive Summary – Species Reintroduction and Stocking (Coastal Plain Ponds),1,TRUE,TRUE,Populations imperiled by climate change should be evaluated to determine if translocation is recommended.
MA_SWAP_2015,.actions.targeted_range_shift_actions,"Ch. 4, SWAP Habitats: Salt Marsh – Land and Water Rights Acquisition and Protection",1,TRUE,TRUE,"Protect salt marshes supporting populations of SGCN animals and plants, with particular emphasis on adjacent uplands buffering salt marshes, to provide for potential upslope salt marsh under climate c"
MA_SWAP_2015,.actions.time_bound_and_monitoring,Foreword / What are the SWAP's main components,1,TRUE,TRUE,"The Massachusetts Division of Fisheries and Wildlife plans to review the SWAP on a 10-year timetable, which means the next update will be due in 2025."
MA_SWAP_2015,.actions.time_bound_and_monitoring,Multiple habitat sections – Planning subsections,1,TRUE,TRUE,"Conservation plans should include detailed needs, actions, and schedules specific to each SGCN, as well as metrics to determine the effectiveness of each action and the overall impact on these SGCN po"
MA_SWAP_2015,.actions.evidence_of_efficacy,"Ch. 2, Linking Landscapes section",1,TRUE,TRUE,"MassDOT has installed barrier fencing at the highest ranking site identified by the Turtle Road Mortality Monitoring Program, and surveys in subsequent years indicated a 90 percent reduction in mortal"
MA_SWAP_2015,.actions.evidence_of_efficacy,"Ch. 4, SWAP Habitats: Lakes and Ponds – Data Collection and Analysis",1,TRUE,TRUE,"Continue research into the efficacy of the Red-bellied Cooter headstarting program, which is believed to be the largest and longest-running program of its kind."
MA_SWAP_2015,.actions.evidence_of_efficacy,"Ch. 2, New England Cottontail section",0.384,FALSE,TRUE,The Conservation Strategy for the New England Cottontail is based on the adaptive management concept; it can and will be changed as scientists learn new facts about this rare cottontail and as new thr
MA_SWAP_2015,.actions.adaptation_planning_frameworks,"Ch. 5, Box 5-1 (Scale-Appropriate Adaptation Strategies)",0.7971,FALSE,TRUE,"There are a range of decision support tools and processes to aid climate change adaptation. This document highlights several including the Adaptation Workbook, Climate Change Vulnerability Assessments"
MA_SWAP_2015,.actions.adaptation_planning_frameworks,"Ch. 5, Section F – Forestry Management on Montague Plains WMA",0.754,FALSE,TRUE,The Massachusetts DFW is working with the Northern Institute of Applied Climate Science to apply the USDA Forest Service's tools to plan for climate change adaptation and response (Swanston and Janowi
MA_SWAP_2015,.actions.adaptation_planning_frameworks,"Ch. 5, Section A – Massachusetts Climate Change Adaptation Report",0.3246,FALSE,TRUE,"At the state level, the DFW participated in the development of the State Climate Change Adaptation Report, Massachusetts Climate Change Adaptation Report, which was released in September of 2011."
MD_SWAP_2025_draft,.concepts.climate_vulnerability,"Chapter 5, Regional Threat: Climate Change",0.2851,FALSE,TRUE,Understanding why species and ecosystems are vulnerable or potentially less resilient is a critical first step in developing effective conservation strategies. This vulnerability is based on sensitivi
MD_SWAP_2025_draft,.concepts.climate_vulnerability,"Chapter 5, Regional Threat: Climate Change",0.618,FALSE,TRUE,"Climate Change is a rapidly growing concern in the region, impacting 73% (305 species) of the RSGCN and Proposed RSGCN. All species in the stonefly, reptile, mayfly, marine invertebrate, mammal, and c"
MD_SWAP_2025_draft,.concepts.climate_vulnerability,"Chapter 3, Table 3.2 Additional Selection Criteria",0.298,FALSE,TRUE,Species with low adaptive capacity such as those with specialized habitat needs or limited dispersal ability face higher vulnerability to these changes.
MD_SWAP_2025_draft,.concepts.adaptive_capacity_specificity,"Chapter 3, Table 3.2 Additional Selection Criteria",1,TRUE,TRUE,"Vulnerable species (to a variety of threats, particularly impacts from climate change and invasive species impacting host plant species)… Species with limited dispersal… Species with fragmented or iso"
MD_SWAP_2025_draft,.concepts.adaptive_capacity_specificity,"Chapter 3, Table 3.2 Additional Selection Criteria",0.298,FALSE,TRUE,Species with low adaptive capacity such as those with specialized habitat needs or limited dispersal ability face higher vulnerability to these changes.
MD_SWAP_2025_draft,.concepts.adaptive_capacity_components.demography,"MD_SWAP_2025_draft_Appendices.pdf, Appendix 6a (Freshwater Mussels)",1,TRUE,TRUE,11.3 Changes in Temperature Regimes 11.3.1 Heat waves — Heat waves could cause mussel die-offs — Conduct expansive studies to evaluate potential effects on population dynamics.
MD_SWAP_2025_draft,.concepts.adaptive_capacity_components.distribution,"Chapter 3, Threats to Invertebrate SGCN",1,TRUE,TRUE,"In addition, many invertebrate species, particularly in Garrett County, are likely to experience range shifts that may result in their extirpation from Maryland, while other species are expected to ex"
MD_SWAP_2025_draft,.concepts.adaptive_capacity_components.movement,"Chapter 3, Table 3.2 Additional Selection Criteria",1,TRUE,TRUE,Species with limited dispersal… Species with fragmented or isolated populations
MD_SWAP_2025_draft,.concepts.adaptive_capacity_components.movement,"Chapter 6, Case Study: SLAMM, WAAs and the HCN",1,TRUE,TRUE,"Habitat connectivity is particularly important with regards to climate change because it allows species to adapt to the changing environment around them, facilitating necessary movements such as migra"
MD_SWAP_2025_draft,.concepts.adaptive_capacity_components.evolutionary_potential,NA,NA,NA,FALSE,
MD_SWAP_2025_draft,.concepts.adaptive_capacity_components.evolutionary_potential,NA,NA,NA,FALSE,
MD_SWAP_2025_draft,.concepts.adaptive_capacity_components.evolutionary_potential,NA,NA,NA,FALSE,
MD_SWAP_2025_draft,.concepts.adaptive_capacity_components.ecological_dependencies,"Chapter 3, Threats to Bird SGCN",0.554,FALSE,TRUE,"climate change has led to phenological mismatches for a number of bird species, aerial insectivores in particular...Climate change has altered the timeframes of both insect and bird ecological functio"
MD_SWAP_2025_draft,.concepts.adaptive_capacity_components.abiotic_niche,"MD_SWAP_2025_draft_Appendices.pdf, Appendix 6a (Freshwater Fishes)",1,TRUE,TRUE,"11.3 Changes in Temperature Regimes — Evaluate predicted habitat change and loss due to changes in thermal regime and precipitation patterns. Stonecat, brook trout, longnose sucker, striped shiner, Al"
MD_SWAP_2025_draft,.concepts.adaptive_capacity_components.life_history,"Chapter 3, Threats to Reptile and Amphibian SGCN",1,TRUE,TRUE,"The life history characteristics of turtles in particular make them at risk of population declines, as they are slow to reach reproductive maturity and have incredibly low egg and juvenile survival."
MD_SWAP_2025_draft,.concepts.connectivity,"Chapter 6, Case Study: SLAMM, WAAs and the HCN",1,TRUE,TRUE,"Habitat connectivity is particularly important with regards to climate change because it allows species to adapt to the changing environment around them, facilitating necessary movements such as migra"
MD_SWAP_2025_draft,.concepts.connectivity,"Chapter 5, Priority Threat: Habitat Loss and Fragmentation",1,TRUE,TRUE,"fragmentation include the loss of large-scale habitat connectivity and corridors, which makes it more difficult for species to migrate and shift their ranges in response to climate change"
MD_SWAP_2025_draft,.tools.vulnerability_models,"Chapter 6, Regional Action: Address Climate Change Impacts",1,TRUE,TRUE,Use existing climate vulnerability data when possible and conduct Climate Change Vulnerability Assessments to assess risk.
MD_SWAP_2025_draft,.tools.vulnerability_models,"Chapter 3, State Assessment Priority Species (SAPS)",1,TRUE,TRUE,"ensuring that species most in need of information (e.g., life history, population distribution, threat assessment, climate vulnerability) do not get overshadowed by the SGCN list"
MD_SWAP_2025_draft,.tools.niche_models,"MD_SWAP_2025_draft_Appendices.pdf, Appendix 6a (Freshwater Mussels)",1,TRUE,TRUE,"To help target surveys, use Maryland Biological Stream Survey (MBSS) stream monitoring records, recent and historical mussel distribution data, Species Distribution Models (SDMs), and eDNA sampling, w"
MD_SWAP_2025_draft,.tools.niche_models,"MD_SWAP_2025_draft_Appendices.pdf, Appendix 6a (Butterflies, IUCN 11.3.4)",1,TRUE,TRUE,Species distribution models (SDMs) show declines due to increased annual temperatures — Assess the impact(s) of climate change on these populations.
MD_SWAP_2025_draft,.tools.climate_models,"Chapter 6, Case Study: SLAMM, WAAs and the HCN",1,TRUE,TRUE,"Sea-Level Affecting Marsh Model (SLAMM) was run for all 16 coastal counties and Baltimore City. Using elevation, sea-level, erosion rates, and other input data, SLAMM attempts to predict where certain"
MD_SWAP_2025_draft,.tools.climate_models,"Chapter 7, Monitoring Species of Greatest Conservation Need",0.523,FALSE,TRUE,Staudinger et al. (2024)...A regional synthesis of climate data to inform the 2025 State Wildlife Action Plans in the Northeast U.S. DOI Northeast Climate Adaptation Science Center
MD_SWAP_2025_draft,.tools.connectivity_models,"Chapter 6, Case Study: SLAMM, WAAs and the HCN",0.7686,FALSE,TRUE,"the Maryland Habitat Connectivity Network (HCN) data (previously known as Green Infrastructure) was created. This data layer maps upland forest, wetland, and aquatic hubs; upland forest and aquatic co"
MD_SWAP_2025_draft,.tools.connectivity_models,"Chapter 6, Case Study: SLAMM, WAAs and the HCN",0.9583,TRUE,TRUE,"Habitat connectivity is particularly important with regards to climate change because it allows species to adapt to the changing environment around them, facilitating necessary movements such as migra"
MD_SWAP_2025_draft,.context.management_scale.local,"Chapter 3, Conservation Actions and Information Needs for Invertebrate SGCN",1,TRUE,TRUE,Maintaining connectivity between metapopulations through habitat corridors by working with private landowners to establish 'stepping stones' on agricultural or urban lands.
MD_SWAP_2025_draft,.context.management_scale.site,"Chapter 3, Case Study: Planting Trees and 'Planting' Mussels",0.9892,TRUE,TRUE,"In summer of 2020, staff 'planted' 116 individually marked, hatchery-propagated brook floater in stream bottom enclosures in portions of the creek where riparian buffers had been established."
MD_SWAP_2025_draft,.context.management_scale.watershed,"MD_SWAP_2025_draft_Appendices.pdf, Appendix 6a (Freshwater Mussels)",1,TRUE,TRUE,Develop holistic watershed conservation and restoration plans to protect or rehabilitate habitat of extant populations.
MD_SWAP_2025_draft,.context.management_scale.city,NA,NA,NA,FALSE,
MD_SWAP_2025_draft,.context.management_scale.city,NA,NA,NA,FALSE,
MD_SWAP_2025_draft,.context.management_scale.city,NA,NA,NA,FALSE,
MD_SWAP_2025_draft,.context.management_scale.county,"Chapter 3, Threats to Invertebrate SGCN",1,TRUE,TRUE,"In addition, many invertebrate species, particularly in Garrett County, are likely to experience range shifts that may result in their extirpation from Maryland, while other species are expected to ex"
MD_SWAP_2025_draft,.context.management_scale.within_state_region,"Chapter 5, Priority Threat: Climate Change / Chapter 2",0.7742,FALSE,TRUE,"Climate change impacts are most commonly tied to water-related issues such as sea-level rise, saltwater intrusion, increased storm severity, and increased flooding...western Maryland is facing an incr"
MD_SWAP_2025_draft,.context.management_scale.state,"Chapter 6, Case Study: SLAMM, WAAs and the HCN",1,TRUE,TRUE,Sea-Level Affecting Marsh Model (SLAMM) was run for all 16 coastal counties and Baltimore City.
MD_SWAP_2025_draft,.context.management_scale.multistate,"Chapter 1, Introduction",1,TRUE,TRUE,Conservation agencies in the Northeast region have made an effort to coordinate their SWAPs in the interest of strengthening conservation work throughout the region.
MD_SWAP_2025_draft,.context.management_scale.national,"Chapter 6, Regional Action: Address Climate Change Impacts",1,TRUE,TRUE,"Develop a regional Climate Adaptation Strategy guided by the 2021 national plan, NE CASC, and other key partners' expertise and resources."
MD_SWAP_2025_draft,.context.management_scale.transnational,NA,NA,NA,FALSE,
MD_SWAP_2025_draft,.context.management_scale.transnational,NA,NA,NA,FALSE,
MD_SWAP_2025_draft,.context.management_scale.transnational,NA,NA,NA,FALSE,
MD_SWAP_2025_draft,.context.management_scale.ecosystem,"Chapter 3, Threats to Invertebrate SGCN",1,TRUE,TRUE,"Changes in precipitation patterns and water temperatures are expected to alter hydrology, host fish populations, and habitat availability (Hastie et al. 2003; Galbraith et al. 2010). As lower reaches "
MD_SWAP_2025_draft,.context.management_scale.ecoregion,"Chapter 4, Key Wildlife Habitat Classification: Regional Context",1,TRUE,TRUE,All 57 KWHs have been cross referenced with the 24 regional habitat types to better facilitate cross-state collaboration.
MD_SWAP_2025_draft,.context.management_scale.province,"Chapter 3, Distribution of Maryland's Wildlife",0.8207,FALSE,TRUE,"many species are restricted to a particular region, watershed, or habitat. For example, species like the seal salamander (Desmognathus monticola) and nesting Canada warbler are limited to high-elevati"
MD_SWAP_2025_draft,.context.management_scale.section,NA,NA,NA,FALSE,
MD_SWAP_2025_draft,.context.management_scale.section,NA,NA,NA,FALSE,
MD_SWAP_2025_draft,.context.management_scale.section,NA,NA,NA,FALSE,
MD_SWAP_2025_draft,.context.management_scale.subsection,NA,NA,NA,FALSE,
MD_SWAP_2025_draft,.context.management_scale.subsection,NA,NA,NA,FALSE,
MD_SWAP_2025_draft,.context.management_scale.subsection,NA,NA,NA,FALSE,
MD_SWAP_2025_draft,.context.management_scale.lake,NA,NA,NA,FALSE,
MD_SWAP_2025_draft,.context.management_scale.lake,NA,NA,NA,FALSE,
MD_SWAP_2025_draft,.context.management_scale.lake,NA,NA,NA,FALSE,
MD_SWAP_2025_draft,.context.management_scale.river,"Chapter 2, Plants of the Appalachian Plateau",1,TRUE,TRUE,"The North Branch of the Potomac River contains Maryland's only viable populations of pipevine (Isotrema macrophyllum), an endemic to the Appalachian Mountains that is found in Maryland near its northe"
MD_SWAP_2025_draft,.context.management_scale.district,NA,NA,NA,FALSE,
MD_SWAP_2025_draft,.context.management_scale.district,NA,NA,NA,FALSE,
MD_SWAP_2025_draft,.context.management_scale.district,NA,NA,NA,FALSE,
MD_SWAP_2025_draft,.context.biological_unit_score,"Chapter 3, Threats to Invertebrate SGCN",1,TRUE,TRUE,"In addition, many invertebrate species, particularly in Garrett County, are likely to experience range shifts that may result in their extirpation from Maryland, while other species are expected to ex"
MD_SWAP_2025_draft,.context.biological_unit_score,"Chapter 3, Threats to Invertebrate SGCN",0.7301,FALSE,TRUE,"Changes in precipitation patterns and water temperatures are expected to alter hydrology, host fish populations, and habitat availability. As lower reaches of coastal streams become increasingly salin"
MD_SWAP_2025_draft,.context.biological_unit_components.species,"Chapter 3, Threats to Invertebrate SGCN",1,TRUE,TRUE,"In addition, many invertebrate species, particularly in Garrett County, are likely to experience range shifts that may result in their extirpation from Maryland, while other species are expected to ex"
MD_SWAP_2025_draft,.context.biological_unit_components.population,"MD_SWAP_2025_draft_Appendices.pdf, Appendix 6a (Marine/Tidal Species)",1,TRUE,TRUE,"Identify populations most vulnerable to sea-level rise impacts, and identify which are not resilient."
MD_SWAP_2025_draft,.context.biological_unit_components.habitat,"Chapter 3, Threats to Invertebrate SGCN",1,TRUE,TRUE,"As lower reaches of coastal streams become increasingly saline due to sea-level rise, freshwater mussel habitat is likely to contract toward the Fall Line and may eventually disappear altogether."
MD_SWAP_2025_draft,.context.biological_unit_components.ecosystem,"Chapter 5, Regional Threat: Climate Change",0.9663,TRUE,TRUE,"All species in the stonefly, reptile, mayfly, marine invertebrate, mammal, and caddisfly taxonomic groups are considered vulnerable to climate change impacts, highlighting these groups' sensitivity to"
MD_SWAP_2025_draft,.context.biological_unit_components.community,"Chapter 4, What are Key Wildlife Habitats?",1,TRUE,TRUE,"A natural community may be considered rare for a number of reasons: it might represent a habitat on the northern or southern extent of its range, be particularly sensitive to anthropogenic threats, or"
MD_SWAP_2025_draft,.context.biological_unit_components.genotype_phenotype,NA,NA,NA,FALSE,
MD_SWAP_2025_draft,.context.biological_unit_components.genotype_phenotype,NA,NA,NA,FALSE,
MD_SWAP_2025_draft,.context.biological_unit_components.genotype_phenotype,NA,NA,NA,FALSE,
MD_SWAP_2025_draft,.context.partnerships_and_funding,"Chapter 6, Case Study: SLAMM, WAAs and the HCN",1,TRUE,TRUE,The SLAMM project was funded by the National Oceanic and Atmospheric Administration (NOAA) and was run in collaboration with George Mason University and The Nature Conservancy.
MD_SWAP_2025_draft,.context.partnerships_and_funding,"Chapter 6, Regional Actions",0.4749,FALSE,TRUE,The RCN Program formalizes a cooperative approach to address SGCN needs across multiple states...The RCN program utilizes a funding mechanism that is equitable to all Northeast states and the District
MD_SWAP_2025_draft,.context.climate_threat_habitat_degradation,"Chapter 3, Threats to Bird SGCN",1,TRUE,TRUE,"Climate change has also severely impacted coastal marsh habitats through sea-level rise, combined with an increase in frequency and severity of storms and tidal surges in coastal areas during the nest"
MD_SWAP_2025_draft,.context.climate_threat_habitat_degradation,"Chapter 2, Appalachian Plateau",1,TRUE,TRUE,"combined with increased storm volatility as a result of climate change, this means that—even though sea-level rise and saltwater intrusion is not an issue in this region of the state—western Maryland "
MD_SWAP_2025_draft,.context.climate_threat_species_vital_rates,"Chapter 3, Threats to Invertebrate SGCN",1,TRUE,TRUE,The Baltimore checkerspot butterfly experiences high mortality during winter heat waves (Abarca et al. 2019).
MD_SWAP_2025_draft,.context.climate_threat_species_vital_rates,"MD_SWAP_2025_draft_Appendices.pdf, Appendix 6a (Freshwater Mussels)",1,TRUE,TRUE,11.3 Changes in Temperature Regimes 11.3.1 Heat waves — Heat waves could cause mussel die-offs — Conduct expansive studies to evaluate potential effects on population dynamics.
MD_SWAP_2025_draft,.context.climate_threat_biotic_stressors,"Chapter 3, Threats to Bird SGCN",0.554,FALSE,TRUE,"climate change has led to phenological mismatches for a number of bird species, aerial insectivores in particular...Climate change has altered the timeframes of both insect and bird ecological functio"
MD_SWAP_2025_draft,.context.climate_threat_biotic_stressors,"Chapter 6, Table 6.14 Statewide conservation actions",0.9179,TRUE,TRUE,Prepare for new invasive species and pathogens that are likely to establish themselves in Maryland due to changing climatic conditions.
MD_SWAP_2025_draft,.actions.priority_habitat_identification,"Chapter 6, Case Study: SLAMM, WAAs and the HCN",1,TRUE,TRUE,"a conservation model (the Wetland Adaptation Areas Index, or WAA) was developed to prioritize the most important areas for wetland adaptation for the year 2100. Conservation criteria used include area"
MD_SWAP_2025_draft,.actions.priority_habitat_identification,"Chapter 6, Case Study: SLAMM, WAAs and the HCN",0.516,FALSE,TRUE,"the Maryland Habitat Connectivity Network (HCN) data...was created. This data layer maps upland forest, wetland, and aquatic hubs; upland forest and aquatic corridors; and potentially restorable gaps "
MD_SWAP_2025_draft,.actions.priority_habitat_identification,"MD_SWAP_2025_draft_Appendices.pdf, Appendix 6a (Freshwater Mussels)",1,TRUE,TRUE,"Improve understanding of where sea-level rise poses the greatest threat to mussel habitat and to what species. Dwarf wedgemussel, alewife floater, yellow lampmussel, eastern lampmussel, tidewater muck"
MD_SWAP_2025_draft,.actions.targeted_range_shift_actions,"Chapter 6, Case Study: SLAMM, WAAs and the HCN",0.9583,TRUE,TRUE,"Habitat connectivity is particularly important with regards to climate change because it allows species to adapt to the changing environment around them, facilitating necessary movements such as migra"
MD_SWAP_2025_draft,.actions.time_bound_and_monitoring,"Chapter 9, Review and Revision",0.584,FALSE,TRUE,MD DNR will coordinate and complete a comprehensive revision of this SWAP by October 2035 (Element #6). Between major revisions...Annual reporting for SWG funding and other Federal Aid grant requireme
MD_SWAP_2025_draft,.actions.evidence_of_efficacy,"Chapter 3, Case Study: Planting Trees and 'Planting' Mussels",0.992,TRUE,TRUE,"In summer of 2020, staff 'planted' 116 individually marked, hatchery-propagated brook floater in stream bottom enclosures in portions of the creek where riparian buffers had been established. After tw"
MD_SWAP_2025_draft,.actions.evidence_of_efficacy,"Chapter 3, Fish SGCN / Conservation Actions",1,TRUE,TRUE,"Extensive restoration efforts including hatchery propagation and the removal of stream blockages, such as the removal of the Patapso River's Bloede Dam in 2018, have been largely successful at increas"
MD_SWAP_2025_draft,.actions.adaptation_planning_frameworks,"Chapter 6, Regional Action: Address Climate Change Impacts",1,TRUE,TRUE,"Develop a regional Climate Adaptation Strategy guided by the 2021 national plan, NE CASC, and other key partners' expertise and resources."
MD_SWAP_2025_draft,.actions.adaptation_planning_frameworks,"Chapter 6, Regional Action: Address Climate Change Impacts",1,TRUE,TRUE,Use existing climate vulnerability data when possible and conduct Climate Change Vulnerability Assessments to assess risk.
MD_SWAP_2025_draft,.actions.adaptation_planning_frameworks,"Chapter 7, Monitoring to Improve Conservation Outcomes",0.6618,FALSE,TRUE,"Monitoring is fundamental in the process of evaluating how conservation actions affect targeted species and habitats...Adaptive management includes the process of hypothesizing how ecosystems work, an"
ME_SWAP_2025,.concepts.climate_vulnerability,"SGCN chapter, Abstract",1,TRUE,TRUE,"Secondary themes for SGCN prioritization include climate change vulnerability, survey knowledge, and indigenous cultural significance."
ME_SWAP_2025,.concepts.climate_vulnerability,"SGCN chapter, Designation Criteria (Priority 2/3 subcriteria)",1,TRUE,TRUE,High Climate Change Vulnerability -A species identified as highly vulnerable by Whitman et al. 2013 or Galbraith et al. 2014 (or other published source).
ME_SWAP_2025,.concepts.climate_vulnerability,"Threats chapter, Threats to Habitats section",0.3377,FALSE,TRUE,Species with low adaptive capacity such as those with specialized habitat needs or limited dispersal ability face higher vulnerability to these changes.
ME_SWAP_2025,.concepts.adaptive_capacity_specificity,"SGCN chapter, Inland Reptiles and Amphibians Conservation Overview",0.3015,FALSE,TRUE,"The effect of climate change on the status of Maine's reptiles and amphibians is uncertain, but given the group's limited dispersal capability and sensitivity to temperature and humidity gradients it "
ME_SWAP_2025,.concepts.adaptive_capacity_specificity,"Conservation Actions chapter, Programmatic Conservation Actions section (caption)",1,TRUE,TRUE,Wood turtles are long-lived and may have a limited capacity to adapt with the fast pace of climate change. Habitat protection remains one of the best conservation tools for this species.
ME_SWAP_2025,.concepts.adaptive_capacity_components.demography,NA,NA,NA,FALSE,
ME_SWAP_2025,.concepts.adaptive_capacity_components.demography,NA,NA,NA,FALSE,
ME_SWAP_2025,.concepts.adaptive_capacity_components.demography,NA,NA,NA,FALSE,
ME_SWAP_2025,.concepts.adaptive_capacity_components.distribution,"Introduction chapter, Welcome to Maine",1,TRUE,TRUE,"Maine straddles an ecological transition zone, with much of its biota approaching the northern or southern limit of their ranges."
ME_SWAP_2025,.concepts.adaptive_capacity_components.distribution,"Conservation Actions chapter, Table/Climate Change section",0.9336,TRUE,TRUE,"since there has been new research into the effects of climate change on Maine's wildlife and habitats, documenting significant changes in species ranges, distributions, population levels, and landscap"
ME_SWAP_2025,.concepts.adaptive_capacity_components.movement,"SGCN chapter, Inland Reptiles and Amphibians Conservation Overview",0.3015,FALSE,TRUE,"The effect of climate change on the status of Maine's reptiles and amphibians is uncertain, but given the group's limited dispersal capability and sensitivity to temperature and humidity gradients it "
ME_SWAP_2025,.concepts.adaptive_capacity_components.movement,"Threats chapter, Threats to Habitats section",0.3377,FALSE,TRUE,Species with low adaptive capacity such as those with specialized habitat needs or limited dispersal ability face higher vulnerability to these changes.
ME_SWAP_2025,.concepts.adaptive_capacity_components.evolutionary_potential,NA,NA,NA,FALSE,
ME_SWAP_2025,.concepts.adaptive_capacity_components.evolutionary_potential,NA,NA,NA,FALSE,
ME_SWAP_2025,.concepts.adaptive_capacity_components.evolutionary_potential,NA,NA,NA,FALSE,
ME_SWAP_2025,.concepts.adaptive_capacity_components.ecological_dependencies,"SGCN chapter, Birds Conservation Overview",1,TRUE,TRUE,"The steep declines of aerial insectivores are likely driven by a combination of factors including declines of aerial insect abundance, habitat loss, exposure to environmental contaminants, phenologica"
ME_SWAP_2025,.concepts.adaptive_capacity_components.abiotic_niche,"SGCN chapter, Inland Reptiles and Amphibians Conservation Overview",0.3333,FALSE,TRUE,given the group's limited dispersal capability and sensitivity to temperature and humidity gradients it is safe to expect significant changes in local distribution and abundance.
ME_SWAP_2025,.concepts.adaptive_capacity_components.life_history,"Conservation Actions chapter, Programmatic Conservation Actions section (caption)",1,TRUE,TRUE,Wood turtles are long-lived and may have a limited capacity to adapt with the fast pace of climate change. Habitat protection remains one of the best conservation tools for this species.
ME_SWAP_2025,.concepts.connectivity,"Conservation Actions chapter, 2025 Update of Habitat Themes",1,TRUE,TRUE,Connectivity: This super-theme addresses terrestrial and aquatic habitat connectivity and includes facilitating the persistence and range expansion of SGCN and their habitats in the face of climate ch
ME_SWAP_2025,.concepts.connectivity,"Conservation Actions chapter, Terrestrial and Freshwater Wetland Habitat Conservation Action Theme, Connectivity theme",1,TRUE,TRUE,Facilitate the persistence and range migration of SGCN in Maine in the face of a changing climate by ensuring landscape connectivity (both terrestrial and aquatic) through reducing habitat fragmentati
ME_SWAP_2025,.tools.vulnerability_models,"Conservation Actions chapter, Landscape-level table (Table 4-7)",0.6552,FALSE,TRUE,Incorporate information from regional climate change vulnerability assessments into SGCN and habitat management plans. Conduct an updated climate change vulnerability assessment of habitat groups in M
ME_SWAP_2025,.tools.vulnerability_models,"SGCN chapter, Designation Criteria (Priority 2 subcriteria)",1,TRUE,TRUE,High Climate Change Vulnerability -A species identified as highly vulnerable by Whitman et al. 2013 or Galbraith et al. 2014 (or other published source).
ME_SWAP_2025,.tools.niche_models,"Conservation Actions appendix, marine guild section",1,TRUE,TRUE,Conduct species distribution modeling to understand how species distributions are changing due to environmental change.
ME_SWAP_2025,.tools.climate_models,"Key Habitats chapter, Coastal section",1,TRUE,TRUE,"Over the next 100 years, it is likely that we will see between 1.2 and 6.1 feet of sea level rise in Maine. The Maine Climate Council recently recommended that the state consider committing to manage "
ME_SWAP_2025,.tools.connectivity_models,"Key Habitats chapter, Habitat and Landscape Connectivity section",1,TRUE,TRUE,"The Beginning with Habitat Program (BwH) within MDIFW works with partners at MNAP, MDACF, MDMR, MDEP, and others to aggregate and share species and habitat information for implementation of conservati"
ME_SWAP_2025,.tools.connectivity_models,"Key Habitats chapter, Habitat and Landscape Connectivity section",0.3665,FALSE,TRUE,"A regional habitat connectivity plan provides spatial layers depicting structural connectivity, network importance, landscape permeability, and climate connectivity."
ME_SWAP_2025,.context.management_scale.local,"Conservation Actions chapter, Introduction",1,TRUE,TRUE,"For example, each individual culvert that reconnects previously fragmented habitats has broader implications than just at that site."
ME_SWAP_2025,.context.management_scale.site,"Conservation Actions appendix, plant guild entries",1,TRUE,TRUE,"Identify and protect populations that are in good-excellent condition, robust, or in potential refugia."
ME_SWAP_2025,.context.management_scale.watershed,"Conservation Actions chapter, Summary of Habitat Conservation Actions, landscape priorities",1,TRUE,TRUE,"Encourage conservation of native fish species through a variety of methods including strategically eliminating barriers to fish passage (e.g. dams, undersized culverts), and other restoration measures"
ME_SWAP_2025,.context.management_scale.city,NA,NA,NA,FALSE,
ME_SWAP_2025,.context.management_scale.city,NA,NA,NA,FALSE,
ME_SWAP_2025,.context.management_scale.city,NA,NA,NA,FALSE,
ME_SWAP_2025,.context.management_scale.county,NA,NA,NA,FALSE,
ME_SWAP_2025,.context.management_scale.county,NA,NA,NA,FALSE,
ME_SWAP_2025,.context.management_scale.county,NA,NA,NA,FALSE,
ME_SWAP_2025,.context.management_scale.within_state_region,"Key Habitats chapter, Ecoregions section",1,TRUE,TRUE,"In general, they are a logical way of stratifying the landscape at a coarse scale and are referenced in the Plan's SGCN species distribution maps for plants. The ecoregions referenced here are at the "
ME_SWAP_2025,.context.management_scale.state,"Conservation Actions chapter, Introduction",0.6992,FALSE,TRUE,"Conservation actions are non-regulatory, initiated voluntarily by agencies and other conservation partners...Maine's 2025 Plan consists of complementary coarse-and fine-filter conservation actions tha"
ME_SWAP_2025,.context.management_scale.multistate,"Conservation Actions chapter, Landscape-level table (Table 4-7)",0.3467,FALSE,TRUE,"Continue to participate in the NEAFWA Northeast Landscape Wildlife Conservation Committee, the Regional Conservation Needs Program (RCN) and other multi-state/ international landscape and watershed sc"
ME_SWAP_2025,.context.management_scale.national,NA,NA,NA,FALSE,
ME_SWAP_2025,.context.management_scale.national,NA,NA,NA,FALSE,
ME_SWAP_2025,.context.management_scale.national,NA,NA,NA,FALSE,
ME_SWAP_2025,.context.management_scale.transnational,"Conservation Actions chapter, Landscape-level table (Table 4-7)",0.3467,FALSE,TRUE,"Continue to participate in the NEAFWA Northeast Landscape Wildlife Conservation Committee, the Regional Conservation Needs Program (RCN) and other multi-state/ international landscape and watershed sc"
ME_SWAP_2025,.context.management_scale.ecosystem,"Conservation Actions chapter, Introduction",1,TRUE,TRUE,"Coarse-filter conservation actions are those applied broadly at large spatial scales (e.g., habitats, landscape, region) and benefit most species associated with that habitat or group of habitats."
ME_SWAP_2025,.context.management_scale.ecoregion,"Key Habitats chapter, Ecoregions section",1,TRUE,TRUE,The ecoregions referenced here are at the section level (Figure 2-2) and are informed by various national and state classification efforts
ME_SWAP_2025,.context.management_scale.province,NA,NA,NA,FALSE,
ME_SWAP_2025,.context.management_scale.province,NA,NA,NA,FALSE,
ME_SWAP_2025,.context.management_scale.province,NA,NA,NA,FALSE,
ME_SWAP_2025,.context.management_scale.section,"Key Habitats chapter, Ecoregions section",1,TRUE,TRUE,The ecoregions referenced here are at the section level (Figure 2-2) and are informed by various national and state classification efforts
ME_SWAP_2025,.context.management_scale.subsection,NA,NA,NA,FALSE,
ME_SWAP_2025,.context.management_scale.subsection,NA,NA,NA,FALSE,
ME_SWAP_2025,.context.management_scale.subsection,NA,NA,NA,FALSE,
ME_SWAP_2025,.context.management_scale.lake,"Conservation Actions chapter, Climate Change section (new actions list)",1,TRUE,TRUE,"Need for more temperature and biomonitoring of lakes, ponds, and higher order streams and as early indicators of where we need to prioritize water quality protection actions."
ME_SWAP_2025,.context.management_scale.river,"Conservation Actions chapter, Climate Change section (new actions list)",1,TRUE,TRUE,Better incorporate aquatic connectivity and riparian habitats into mapping and conservation planning.
ME_SWAP_2025,.context.management_scale.district,NA,NA,NA,FALSE,
ME_SWAP_2025,.context.management_scale.district,NA,NA,NA,FALSE,
ME_SWAP_2025,.context.management_scale.district,NA,NA,NA,FALSE,
ME_SWAP_2025,.context.biological_unit_score,"Conservation Actions chapter, 2025 Update of Habitat Themes",1,TRUE,TRUE,Connectivity: This super-theme addresses terrestrial and aquatic habitat connectivity and includes facilitating the persistence and range expansion of SGCN and their habitats in the face of climate ch
ME_SWAP_2025,.context.biological_unit_score,"Conservation Actions chapter, Climate Change table section",0.9336,TRUE,TRUE,"since there has been new research into the effects of climate change on Maine's wildlife and habitats, documenting significant changes in species ranges, distributions, population levels, and landscap"
ME_SWAP_2025,.context.biological_unit_components.species,"Conservation Actions appendix, High Elevation birds guild",1,TRUE,TRUE,"All members of the high-elevation guild are vulnerable to climate-driven shifts in treeline, snowpack, and vegetation structure. Modeling future habitat changes and identifying potential climate refug"
ME_SWAP_2025,.context.biological_unit_components.population,"Conservation Actions chapter, Climate Change table section",0.9336,TRUE,TRUE,"since there has been new research into the effects of climate change on Maine's wildlife and habitats, documenting significant changes in species ranges, distributions, population levels, and landscap"
ME_SWAP_2025,.context.biological_unit_components.habitat,"Threats chapter, Threats to Habitats section",1,TRUE,TRUE,"As the state warms, a combination of warmer temperatures, and changing precipitation are causing vegetation communities to shift their ranges. Some SGCN are able to shift with the habitats, such as ma"
ME_SWAP_2025,.context.biological_unit_components.ecosystem,"Conservation Actions chapter, 2025 Update of Habitat Themes, Climate Change super-theme",1,TRUE,TRUE,"Changes to habitat features driven by local temperature and rain/snowfall timing and amounts, shifts in forest/plant composition, and shifting dominant air and water currents are also addressed."
ME_SWAP_2025,.context.biological_unit_components.community,"Conservation Actions chapter, Introduction",1,TRUE,TRUE,"Coarse-filter conservation actions are those applied broadly at large spatial scales (e.g., habitats, landscape, region) and benefit most species associated with that habitat or group of habitats. Coa"
ME_SWAP_2025,.context.biological_unit_components.genotype_phenotype,NA,NA,NA,FALSE,
ME_SWAP_2025,.context.biological_unit_components.genotype_phenotype,NA,NA,NA,FALSE,
ME_SWAP_2025,.context.biological_unit_components.genotype_phenotype,NA,NA,NA,FALSE,
ME_SWAP_2025,.context.partnerships_and_funding,"Coordination with Partners chapter, Section 7/8.2",0.8483,FALSE,TRUE,"The Coordination Team invited 214 conservation partners to participate in the revision of Maine's 2025 Plan, representing 118 unique organizations and key members of the conservation public. This incl"
ME_SWAP_2025,.context.partnerships_and_funding,"Conservation Actions chapter, Table 4-14, Programmatic Action 4",1,TRUE,TRUE,Secure stable and additional sources of federal and state funding for SGCN and habitat conservation.
ME_SWAP_2025,.context.partnerships_and_funding,"Conservation Actions chapter, Funding and Tracking section",1,TRUE,TRUE,Programmatic Action 5: Consider establishing a competitive small grants program to make a portion of State Wildlife Grant (SWG) or other conservation funds available to partners implementing priority 
ME_SWAP_2025,.context.climate_threat_habitat_degradation,"Conservation Actions chapter, 2025 Update of Habitat Themes, Climate Change super-theme",1,TRUE,TRUE,"These include impacts from sea level rise; changes in the timing, frequency, and size of storms; and changes to water temperature, stratification, and chemistry."
ME_SWAP_2025,.context.climate_threat_species_vital_rates,"Threats chapter, Case Study figure caption (Black Tern)",0.2967,FALSE,TRUE,Rising water in June of 2023 caused nest failure due to flooding at all know breeding sites.
ME_SWAP_2025,.context.climate_threat_biotic_stressors,"Key Habitats chapter, Intertidal Shores and Flats section",0.699,FALSE,TRUE,"Warming waters have also driven the expansion of the invasive European green crab (Carcinus maenas), an intertidal predator considered to be a major factor in the statewide decline in soft shell clam "
ME_SWAP_2025,.actions.priority_habitat_identification,"Key Habitats chapter, Focus Areas of Statewide Ecological Significance",0.9939,TRUE,TRUE,"BwH's Focus Areas of Statewide Ecological Significance (Focus Areas) are areas to prioritize collaborative, non-regulatory conservation actions that benefit biodiversity in Maine. Focus Areas were map"
ME_SWAP_2025,.actions.priority_habitat_identification,"Conservation Actions chapter, Climate Change section (new actions list)",1,TRUE,TRUE,Identify conservation priorities in areas that may serve as climate refugia.
ME_SWAP_2025,.actions.priority_habitat_identification,"Conservation Actions chapter, Programmatic Action 10",1,TRUE,TRUE,Maine will not retain its biodiversity without considering how species may move across the landscape in response to a changing climate. Building on the Focus Areas of Statewide Ecological Significance
ME_SWAP_2025,.actions.targeted_range_shift_actions,"Conservation Actions chapter, Terrestrial and Freshwater Wetland Habitat Conservation Action Theme, Connectivity theme",1,TRUE,TRUE,Facilitate the persistence and range migration of SGCN in Maine in the face of a changing climate by ensuring landscape connectivity (both terrestrial and aquatic) through reducing habitat fragmentati
ME_SWAP_2025,.actions.targeted_range_shift_actions,"Conservation Actions appendix, Saltmarsh birds guild",1,TRUE,TRUE,"Secure opportunities for inland marsh migration. Collaborate with landowners and municipalities to preserve adjacent uplands and remove barriers to inland marsh migration, reducing the impacts of coas"
ME_SWAP_2025,.actions.time_bound_and_monitoring,"Conservation Actions chapter, Programmatic Conservation Actions",1,TRUE,TRUE,"Target initiation dates for each programmatic action were also assigned: short-term- within the first few years of Plan implementation, mid-term -within the first half of Plan implementation, and long"
ME_SWAP_2025,.actions.evidence_of_efficacy,"Conservation Actions chapter, Case Study: Predator Nest Exclosures Aid Piping Plover Recovery",1,TRUE,TRUE,"Maine Audubon, in coordination with MDIFW, construct nest exclosures (left) to protect eggs. This action increases nest success (right) and has helped Maine reach a record number of breeding plovers."
ME_SWAP_2025,.actions.evidence_of_efficacy,"Conservation Actions chapter, Case Study: Wildlife crossing structure for turtles",0.4976,FALSE,TRUE,"A highway in southern Maine, hosting over 16,000 vehicles per day was identified as one of the state's deadliest roadways for turtles...Since installation, nearly all turtle mortality of any species h"
ME_SWAP_2025,.actions.adaptation_planning_frameworks,"Conservation Actions chapter, General Considerations section",1,TRUE,TRUE,"We wrote conservation action descriptions broadly enough to allow adaptive management over the next ten years, but with enough specificity to help assess performance (AFWA 2012)."
ME_SWAP_2025,.actions.adaptation_planning_frameworks,"Conservation Actions chapter, Table 4-14, Programmatic Action 9",1,TRUE,TRUE,"This action relates to creating SMART (Specific, Measurable, Achievable, Results-oriented, and Time-bound) objectives for high priority SGCN and habitat conservation actions."
ME_SWAP_2025,.actions.adaptation_planning_frameworks,"Conservation Actions chapter, Climate Change section",1,TRUE,TRUE,A crosswalk was developed to connect the 2025 Plan conservation actions to the priority actions identified in Maine Won't Wait (see Appendix 4 -17).
MI_SWAP_2025_draft,.concepts.climate_vulnerability,Appendix 3. Adaptive Capacity report.pdf – EXECUTIVE SUMMARY,1,TRUE,TRUE,"Adaptive capacity (AC) can be defined as a species' ability to tolerate or adapt to climate change, whether that be through shifting in space or persisting in place. Evaluating a species' AC may allow"
MI_SWAP_2025_draft,.concepts.climate_vulnerability,2025 SWAP Introduction Chapter.pdf – Aquatic Species Vulnerability Assessments,0.7181,FALSE,TRUE,"For most aquatic focal SGCN, climate vulnerability was based on Cooper et al. (2022). These models were then used to predict the amount of change in suitable habitat and consequently species distribut"
MI_SWAP_2025_draft,.concepts.climate_vulnerability,Appendix 3. Adaptive Capacity report.pdf – DISCUSSION,1,TRUE,TRUE,AC is one component of a species' climate vulnerability; exposure and sensitivity must also be considered when determining how SGCN will respond to climate change.
MI_SWAP_2025_draft,.concepts.adaptive_capacity_specificity,Appendix 3. Adaptive Capacity report.pdf – Rapid Adaptive Capacity Assessment Tool,1,TRUE,TRUE,"The AC assessment tool/framework consists of 37 species-or population-level attributes organized into seven attribute groups: distribution, movement, evolutionary potential, ecological role, abiotic n"
MI_SWAP_2025_draft,.concepts.adaptive_capacity_specificity,2025 SWAP Introduction Chapter.pdf – Threats to SGCN,1,TRUE,TRUE,"This tool evaluates how well a species may be able to cope with environmental changes based on 37 key life history traits, such as reproductive strategy, habitat use, and dispersal ability."
MI_SWAP_2025_draft,.concepts.adaptive_capacity_components.demography,Appendix 3. Adaptive Capacity report.pdf – Table 1. AC assessment groups and descriptions,1,TRUE,TRUE,"Demography – Life Span, Generation Time, Age of Sexual Maturity, Age Structure, Recruitment – How populations of the species are composed. How old they can live and how likely juveniles are to survive"
MI_SWAP_2025_draft,.concepts.adaptive_capacity_components.distribution,Appendix 3. Adaptive Capacity report.pdf – Table 1. AC assessment groups and descriptions,1,TRUE,TRUE,"Distribution – Extent of Occupancy, Area of Occupancy, Habitat Specialization, Commensalism with Humans, Geographic Rarity – Where the species is found, how common the species is across the landscape."
MI_SWAP_2025_draft,.concepts.adaptive_capacity_components.movement,Appendix 3. Adaptive Capacity report.pdf – Table 1. AC assessment groups and descriptions,1,TRUE,TRUE,"Movement – Dispersal Syndrome, Dispersal Distance, Dispersal Phase, Site Fidelity, Migration Phenology, Migration Distance – How far and how often the species moves, how likely the species is to move "
MI_SWAP_2025_draft,.concepts.adaptive_capacity_components.evolutionary_potential,Appendix 3. Adaptive Capacity report.pdf – Table 1. AC assessment groups and descriptions,1,TRUE,TRUE,"Evolutionary Potential – Genetic Diversity, Population Size, Hybridization Potential – How genetically viable the species is, how likely is inbreeding to occur."
MI_SWAP_2025_draft,.concepts.adaptive_capacity_components.ecological_dependencies,Appendix 3. Adaptive Capacity report.pdf – Table 1. AC assessment groups and descriptions,1,TRUE,TRUE,"Ecological Role – Enemies, Diet Breadth, Diversity of Obligate Species – What the species eats, how dependent it is on other species, and other biotic interactions or relationships that impact the spe"
MI_SWAP_2025_draft,.concepts.adaptive_capacity_components.abiotic_niche,Appendix 3. Adaptive Capacity report.pdf – Table 1. AC assessment groups and descriptions,1,TRUE,TRUE,"Abiotic Niche – Seasonal Phenology, Climatic Niche Breadth, Physiological Tolerances, Behavioral Regulation of Physiology, Disturbance Tolerances – What range of climatic conditions the species can to"
MI_SWAP_2025_draft,.concepts.adaptive_capacity_components.life_history,Appendix 3. Adaptive Capacity report.pdf – Table 1. AC assessment groups and descriptions,1,TRUE,TRUE,"Life History – Reproductive Phenology, Reproductive Mode, Mating System, Fecundity, Parity, Sex Ratio, Sex Determination, Parental Investment – How the species reproduces. How often, how many offsprin"
MI_SWAP_2025_draft,.concepts.connectivity,SWAP Forested_Wetlands_FinalDraft.pdf – Enhance and connect forested wetlands,1,TRUE,TRUE,"Forested wetlands, especially those along river corridors, serve as critical habitat and migration pathways across multi-county and multi-state landscapes, supporting species movement and range shifts"
MI_SWAP_2025_draft,.concepts.connectivity,SWAP Boreal Forest Chapter_FinalDraft.pdf – Snowshoe Hare Threats,1,TRUE,TRUE,Loss of dispersal pathways may inhibit recolonization of sites along the southern range boundary and result in permanent loss of these populations.
MI_SWAP_2025_draft,.tools.vulnerability_models,2025 SWAP Introduction Chapter.pdf – Threats to SGCN,0.875,TRUE,TRUE,"The evaluation of Adaptive Capacity for SGCN was supported by funding from Competitive State Wildlife Grants and made use of a science-based tool developed by Thurman et al. (2020, 2022). This tool ev"
MI_SWAP_2025_draft,.tools.vulnerability_models,Appendix 3. Adaptive Capacity report.pdf – INTRODUCTION,1,TRUE,TRUE,"In preparation for the previous SWAP revisions in 2015, several states in the Midwest conducted vulnerability assessments to inform their SWAPs using NatureServe's Climate Change Vulnerability Index ("
MI_SWAP_2025_draft,.tools.vulnerability_models,2025 SWAP Introduction Chapter.pdf – Threats to SGCN,1,TRUE,TRUE,"The 2024 assessment prioritized species from Michigan's 2015-2025 list of SGCN, with approximately 200 Michigan species being selected for assessment, reflecting a broad diversity of taxa."
MI_SWAP_2025_draft,.tools.niche_models,2025 SWAP Introduction Chapter.pdf – Aquatic Species Vulnerability Assessments,1,TRUE,TRUE,"For most aquatic focal SGCN, climate vulnerability was based on Cooper et al. (2022). For this analysis, habitat suitability models were constructed for each species under current climate conditions. "
MI_SWAP_2025_draft,.tools.niche_models,SWAP_Coldwater Inland Lakes_FinalDraft.pdf – Conservation Actions,1,TRUE,TRUE,"H14. Refine species maps, habitat suitability models and priority maps based on field data, updated GIS layers and updated downscaled climate projections."
MI_SWAP_2025_draft,.tools.climate_models,2025 SWAP Introduction Chapter.pdf – Aquatic Species Vulnerability Assessments,1,TRUE,TRUE,These models were then used to predict the amount of change in suitable habitat and consequently species distributions by 2050 based on regionally down-scaled climate projections.
MI_SWAP_2025_draft,.tools.climate_models,SWAP_Coldwater Inland Lakes_FinalDraft.pdf – What is the health of coldwater inland lakes?,1,TRUE,TRUE,approximately 60% of Michigan's coldwater inland lakes suitable for cisco will decline to marginal status by 2050 (Hansen et al. 2022).
MI_SWAP_2025_draft,.tools.connectivity_models,Appendix 3. Adaptive Capacity report.pdf – DISCUSSION,1,TRUE,TRUE,"the seven attribute groups can be linked directly to management strategies included in the wildlife adaptation menu (C. Hoving, Michigan Department of Natural Resources, unpublished data; Table 11)."
MI_SWAP_2025_draft,.context.management_scale.local,2025 SWAP Introduction Chapter.pdf – Places for Partnerships to Implement Conservation Actions,0.2947,FALSE,TRUE,"Maps were developed through an iterative process with partners to identify priority areas to implement conservation actions. Therefore, maps are based on areas that were most valuable for focal SGCN, "
MI_SWAP_2025_draft,.context.management_scale.site,SWAP Bedrock Communities_FinalDraft.pdf – Blunt-lobed Woodsia Monitoring,1,TRUE,TRUE,"Every 5 years or less, collect count-based and potentially density population measurements in a manner so that the data is interoperable with that collected by other states and agencies."
MI_SWAP_2025_draft,.context.management_scale.watershed,2025 SWAP Introduction Chapter.pdf – Key Habitats & Relative Condition,1,TRUE,TRUE,"For streams and inland lakes, habitat condition was determined using a GIS-based assessment of watershed disturbance and fragmentation (Cooper et al. 2022)."
MI_SWAP_2025_draft,.context.management_scale.city,NA,NA,NA,FALSE,
MI_SWAP_2025_draft,.context.management_scale.city,NA,NA,NA,FALSE,
MI_SWAP_2025_draft,.context.management_scale.city,NA,NA,NA,FALSE,
MI_SWAP_2025_draft,.context.management_scale.county,NA,NA,NA,FALSE,
MI_SWAP_2025_draft,.context.management_scale.county,NA,NA,NA,FALSE,
MI_SWAP_2025_draft,.context.management_scale.county,NA,NA,NA,FALSE,
MI_SWAP_2025_draft,.context.management_scale.within_state_region,SWAP Boreal Forest Chapter_FinalDraft.pdf – What is the health of boreal forests?,1,TRUE,TRUE,"Boreal forests are uncommon features of the northern Great Lakes region, occurring sporadically in the northern Lower Peninsula and infrequently in the Upper Peninsula."
MI_SWAP_2025_draft,.context.management_scale.state,2025 SWAP Introduction Chapter.pdf – Threats to SGCN,1,TRUE,TRUE,"The 2024 assessment prioritized species from Michigan's 2015-2025 list of SGCN, with approximately 200 Michigan species being selected for assessment, reflecting a broad diversity of taxa."
MI_SWAP_2025_draft,.context.management_scale.multistate,2025 SWAP Introduction Chapter.pdf – Threats to SGCN,1,TRUE,TRUE,"Unlike past assessments that were limited by state boundaries, this regional effort evaluated species across their entire geographic ranges. This offers two important benefits: (1) it increases the re"
MI_SWAP_2025_draft,.context.management_scale.national,NA,NA,NA,FALSE,
MI_SWAP_2025_draft,.context.management_scale.national,NA,NA,NA,FALSE,
MI_SWAP_2025_draft,.context.management_scale.national,NA,NA,NA,FALSE,
MI_SWAP_2025_draft,.context.management_scale.transnational,SWAP_Great_Lakes_Ciscoes_FinalDraft.pdf – Conservation Actions,1,TRUE,TRUE,Focal species are present in waters shared by the United States and Canada. Conservation efforts should be coordinated and implemented through existing collaborative groups such as the Great Lakes Fis
MI_SWAP_2025_draft,.context.management_scale.ecosystem,2025 SWAP Introduction Chapter.pdf – Focal Species and Key Habitats,0.7984,FALSE,TRUE,"These are described in each chapter, under the What are 'habitat'? section. Key habitats include a diverse range of systems, from terrestrial habitats like Grasslands to Peatlands, and aquatic habitat"
MI_SWAP_2025_draft,.context.management_scale.ecoregion,NA,NA,NA,FALSE,
MI_SWAP_2025_draft,.context.management_scale.ecoregion,NA,NA,NA,FALSE,
MI_SWAP_2025_draft,.context.management_scale.ecoregion,NA,NA,NA,FALSE,
MI_SWAP_2025_draft,.context.management_scale.province,NA,NA,NA,FALSE,
MI_SWAP_2025_draft,.context.management_scale.province,NA,NA,NA,FALSE,
MI_SWAP_2025_draft,.context.management_scale.province,NA,NA,NA,FALSE,
MI_SWAP_2025_draft,.context.management_scale.section,NA,NA,NA,FALSE,
MI_SWAP_2025_draft,.context.management_scale.section,NA,NA,NA,FALSE,
MI_SWAP_2025_draft,.context.management_scale.section,NA,NA,NA,FALSE,
MI_SWAP_2025_draft,.context.management_scale.subsection,NA,NA,NA,FALSE,
MI_SWAP_2025_draft,.context.management_scale.subsection,NA,NA,NA,FALSE,
MI_SWAP_2025_draft,.context.management_scale.subsection,NA,NA,NA,FALSE,
MI_SWAP_2025_draft,.context.management_scale.lake,SWAP_Coldwater Inland Lakes_FinalDraft.pdf – What are coldwater lakes?,1,TRUE,TRUE,"Coldwater inland lakes are unique, high quality and relatively fragile resources that are characterized as cold and deep with exceptional water quality, allowing them to support species that other lak"
MI_SWAP_2025_draft,.context.management_scale.river,SWAP_Big_Rivers_FinalDraft.pdf – Why are big rivers important?,1,TRUE,TRUE,"Michigan's Big Rivers have played a vital role in the state's development, serving as an essential pathway for transportation, trade and settlement."
MI_SWAP_2025_draft,.context.management_scale.district,NA,NA,NA,FALSE,
MI_SWAP_2025_draft,.context.management_scale.district,NA,NA,NA,FALSE,
MI_SWAP_2025_draft,.context.management_scale.district,NA,NA,NA,FALSE,
MI_SWAP_2025_draft,.context.biological_unit_score,SWAP Boreal Forest Chapter_FinalDraft.pdf – Snowshoe Hare,1,TRUE,TRUE,Snowshoe hares reach their southern distributional limit in Michigan and this southern range boundary has shifted northwards in recent years.
MI_SWAP_2025_draft,.context.biological_unit_score,SWAP Forested_Wetlands_FinalDraft.pdf – Enhance and connect forested wetlands,1,TRUE,TRUE,"Forested wetlands, especially those along river corridors, serve as critical habitat and migration pathways across multi-county and multi-state landscapes, supporting species movement and range shifts"
MI_SWAP_2025_draft,.context.biological_unit_components.species,SWAP Dynamic Forests_FinalDraft.pdf – Golden-winged Warbler,1,TRUE,TRUE,"Since the mid-1900s, there continues to be a substantial range contraction and shift northward, and Michigan's breeding population is now largely found in the northern Lower and Upper Peninsulas. This"
MI_SWAP_2025_draft,.context.biological_unit_components.population,SWAP Boreal Forest Chapter_FinalDraft.pdf – Snowshoe Hare Threats,1,TRUE,TRUE,Loss of dispersal pathways may inhibit recolonization of sites along the southern range boundary and result in permanent loss of these populations.
MI_SWAP_2025_draft,.context.biological_unit_components.habitat,SWAP Forested_Wetlands_FinalDraft.pdf – Enhance and connect forested wetlands,1,TRUE,TRUE,"Forested wetlands, especially those along river corridors, serve as critical habitat and migration pathways across multi-county and multi-state landscapes, supporting species movement and range shifts"
MI_SWAP_2025_draft,.context.biological_unit_components.ecosystem,SWAP Boreal Forest Chapter_FinalDraft.pdf – Protecting boreal forest refugia,1,TRUE,TRUE,"Boreal forests in the region represent the southern edge of a cold-adapted ecosystem, supporting species that rely on persistent snow cover, cooler temperatures and high moisture levels. These forests"
MI_SWAP_2025_draft,.context.biological_unit_components.community,SWAP Dynamic Forests_FinalDraft.pdf – Changing Weather Patterns,1,TRUE,TRUE,"Warmer temperatures will be less favorable to species at the southern edge of their range in Michigan, such as northern and boreal tree species. This will lead to declines and a northern shift in rang"
MI_SWAP_2025_draft,.context.biological_unit_components.genotype_phenotype,SWAP Dynamic Forests_FinalDraft.pdf – Strengthen forest resilience,1,TRUE,TRUE,Forest resilience to a changing environment depends on two key factors: species diversity and the presence of tree populations that are genetically adapted to warmer and drier conditions. Enhancing ec
MI_SWAP_2025_draft,.context.partnerships_and_funding,2025 SWAP Introduction Chapter.pdf – Conserving SGCN and their Habitats,1,TRUE,TRUE,"Since 2015, the DNR and its partners have been awarded 11 Competitive State Wildlife Grants totaling $2.8 million for habitat management, research and surveys for SGCN."
MI_SWAP_2025_draft,.context.partnerships_and_funding,Appendix 3. Adaptive Capacity report.pdf – ACKNOWLEDGEMENTS,1,TRUE,TRUE,This project would not have been possible without funding provided by a Competitive State Wildlife Grant from the U.S. Fish and Wildlife Service. Thank you to Tony Henehan and Chris Hoving at the Mich
MI_SWAP_2025_draft,.context.climate_threat_habitat_degradation,SWAP Boreal Forest Chapter_FinalDraft.pdf – Changing Weather Patterns,1,TRUE,TRUE,"Drought stress, changes in hydrology and flood regime, changes in wildfire frequency and severity, altered nutrient cycling and changes in invasive species, pests and pathogens."
MI_SWAP_2025_draft,.context.climate_threat_habitat_degradation,SWAP Dry Forests Savannas Barrens Chapter_FinalDraft.pdf – Changing Weather Patterns and Severe Weather,1,TRUE,TRUE,"A warmer, dryer climate can threaten ecosystems with increased chances for drought and wildfire, altering these systems beyond management abilities."
MI_SWAP_2025_draft,.context.climate_threat_species_vital_rates,SWAP Peatlands_FinalDraft.pdf – Eastern Massasauga Threats – Changing Weather Patterns,1,TRUE,TRUE,"Increases in temperature fluctuations, extreme weather events, flooding and growing season droughts, longer active seasons and reduced winter snow cover may cause increased predation, decreases in pre"
MI_SWAP_2025_draft,.context.climate_threat_species_vital_rates,SWAP Dynamic Forests_FinalDraft.pdf – Small-mouthed Salamander Threats,1,TRUE,TRUE,"Increased air temperatures and increased frequency and severity of drought due to climate change can reduce water levels and duration of water in breeding pools, which could result in breeding pools d"
MI_SWAP_2025_draft,.context.climate_threat_biotic_stressors,SWAP Dynamic Forests_FinalDraft.pdf – Invasive & Other Problematic Species,1,TRUE,TRUE,"Warmer winters allow for range expansion of invasive species and pests. Allows for extra life cycle of pests, leading to longer and more intense impacts on tree species."
MI_SWAP_2025_draft,.context.climate_threat_biotic_stressors,SWAP Grasslands_FinalDraft.pdf – Changing Weather Patterns,1,TRUE,TRUE,Phenological mismatch is a major concern that involves disruptions in the timing of life cycle events between interacting species. Examples include earlier migrations by bird species before food sourc
MI_SWAP_2025_draft,.actions.priority_habitat_identification,2025 SWAP Introduction Chapter.pdf – Places for Partnerships to Implement Conservation Actions,0.2978,FALSE,TRUE,Maps were developed through an iterative process with partners to identify priority areas to implement conservation actions. This process was guided by a common goal of achieving the greatest impact f
MI_SWAP_2025_draft,.actions.priority_habitat_identification,SWAP Boreal Forest Chapter_FinalDraft.pdf – Protecting boreal forest refugia,1,TRUE,TRUE,Protecting and managing these climate refuges will be essential for maintaining biodiversity and ecological function in boreal forest systems.
MI_SWAP_2025_draft,.actions.targeted_range_shift_actions,SWAP Dry Forests Savannas Barrens Chapter_FinalDraft.pdf – Karner Blue Butterfly Conservation Actions,1,TRUE,TRUE,KBB4. Investigate experimental lupine populations in northern Michigan for assisted migration planning.
MI_SWAP_2025_draft,.actions.targeted_range_shift_actions,SWAP Great Lakes Coastal Systems_FinalDraft.pdf – Pitcher's Thistle Conservation Actions,1,TRUE,TRUE,PT2. Investigate potential assisted migration sites and plans (Vitt et al. 2024).
MI_SWAP_2025_draft,.actions.time_bound_and_monitoring,2025 SWAP Introduction Chapter.pdf – Goals,1,TRUE,TRUE,Delineates 10-year goals for each focal SGCN and the key habitat. These are goals the plan contributors felt were realistic given available resources for conservation work over the next 10 years.
MI_SWAP_2025_draft,.actions.time_bound_and_monitoring,SWAP Bedrock Communities_FinalDraft.pdf – Blunt-lobed Woodsia Monitoring,1,TRUE,TRUE,"Every 5 years or less, collect count-based and potentially density population measurements in a manner so that the data is interoperable with that collected by other states and agencies."
MI_SWAP_2025_draft,.actions.evidence_of_efficacy,SWAP Dry Forests Savannas Barrens Chapter_FinalDraft.pdf,1,TRUE,TRUE,"Scientific research has shown that prescribed burns can boost native bee diversity and abundance (Lettow et al. 2018), attract more insect-eating songbirds (Skogen 2025), and support higher numbers of"
MI_SWAP_2025_draft,.actions.evidence_of_efficacy,SWAP Boreal Forest Chapter_FinalDraft.pdf – Conservation Actions for Snowshoe Hare,0.912,TRUE,TRUE,An Experimental Translocation Identifies Habitat Features That Buffer Camouflage Mismatch in Snowshoe Hares (Wilson et al. 2019).
MI_SWAP_2025_draft,.actions.adaptation_planning_frameworks,Appendix 3. Adaptive Capacity report.pdf – DISCUSSION,1,TRUE,TRUE,"Effective climate-adaptation strategies often require a regional approach. Therefore, states are increasingly discussing ways to share information and create more uniform content among State Wildlife "
MI_SWAP_2025_draft,.actions.adaptation_planning_frameworks,Appendix 3. Adaptive Capacity report.pdf – DISCUSSION,1,TRUE,TRUE,"the seven attribute groups can be linked directly to management strategies included in the wildlife adaptation menu (C. Hoving, Michigan Department of Natural Resources, unpublished data; Table 11)."
MN_SWAP_2015,.concepts.climate_vulnerability,Forest Ecosystems,0.7784,FALSE,TRUE,"As part of the Northwoods Climate Change Response Framework project (Handler et al. 2014), the vulnerability of forest ecosystems in the Laurentian Mixed Forest Province of Minnesota was assessed unde"
MN_SWAP_2015,.concepts.climate_vulnerability,Wildlife Vulnerability to Climate Change,1,TRUE,TRUE,Wildlife Vulnerability to Climate Change • highly specialized habitat requirements • dependencies on interspecific interactions (host plants or animals) • temperature limits or having narrow environme
MN_SWAP_2015,.concepts.climate_vulnerability,Glossary of Terms and Acronyms,1,TRUE,TRUE,vulnerability assessment. A tool used in adaptation planning for informing the development and implementation of resource management practices. Vulnerability assessment as it pertains to climate chang
MN_SWAP_2015,.concepts.adaptive_capacity_specificity,Forest Ecosystems,0.8801,TRUE,TRUE,"This system generally contains a larger number of plant species than some forest systems, which may increase its adaptive capacity. Species diversity along with warming temperatures may allow this sys"
MN_SWAP_2015,.concepts.adaptive_capacity_specificity,Prairie and Surrogate Grasslands,1,TRUE,TRUE,"Prairie communities with higher biological diversity and connectivity are expected to have a greater capacity to respond to changes in precipitation, moisture, and temperature than are lower-diversity"
MN_SWAP_2015,.concepts.adaptive_capacity_components.demography,Wildlife Vulnerability to Climate Change,1,TRUE,TRUE,"long generation times, low fecundity, or reproductive potential"
MN_SWAP_2015,.concepts.adaptive_capacity_components.distribution,Addressing Large-Scale Stressors,1,TRUE,TRUE,"Species are already moving in response to climate change, and it is expected that the ranges of many more plant and animal species will shift and habitats will change."
MN_SWAP_2015,.concepts.adaptive_capacity_components.movement,Wildlife Vulnerability to Climate Change,1,TRUE,TRUE,"isolated, rare, or declining populations with poor dispersal abilities"
MN_SWAP_2015,.concepts.adaptive_capacity_components.movement,The Identification of Stressors Contributing to Population Declines of Species in Greatest Conservation Need,1,TRUE,TRUE,"Increasing connectivity within sites for species that have limited dispersal ability, and among sites for species that require multiple habitats throughout their life history may increase opportunitie"
MN_SWAP_2015,.concepts.adaptive_capacity_components.evolutionary_potential,Forest Ecosystems,1,TRUE,TRUE,"Red pine plantations typically have very little genetic, structural, and species diversity, which may result in low resilience to future disturbance or changing conditions."
MN_SWAP_2015,.concepts.adaptive_capacity_components.evolutionary_potential,Forest Ecosystems,1,TRUE,TRUE,they have lower adaptive capacity in areas where they exist as isolated pockets on the landscape that may limit migration and gene flow.
MN_SWAP_2015,.concepts.adaptive_capacity_components.ecological_dependencies,Wildlife Vulnerability to Climate Change,1,TRUE,TRUE,dependencies on interspecific interactions (host plants or animals)
MN_SWAP_2015,.concepts.adaptive_capacity_components.ecological_dependencies,The Identification of Stressors Contributing to Population Declines of Species in Greatest Conservation Need,1,TRUE,TRUE,Root and Schneider (2002) summarized evidence from 45 studies that indicated significant changes in the timing of life-cycle events for a wide range of plant and animal species. These changes could re
MN_SWAP_2015,.concepts.adaptive_capacity_components.abiotic_niche,Wildlife Vulnerability to Climate Change,1,TRUE,TRUE,temperature limits or having narrow environmental tolerances
MN_SWAP_2015,.concepts.adaptive_capacity_components.life_history,The Identification of Stressors Contributing to Population Declines of Species in Greatest Conservation Need,1,TRUE,TRUE,"Life-History Traits Table 3.2 lists the life-history traits that were considered during the SGCN identification process. These traits may increase the vulnerability of species to stressors, including "
MN_SWAP_2015,.concepts.connectivity,Addressing Large-Scale Stressors,1,TRUE,TRUE,"The Wildlife Action Network will facilitate adaptation to these changes by identifying core areas large enough to contain a diversity of ecotones and habitats to allow for local shifts (e.g., dry to m"
MN_SWAP_2015,.concepts.connectivity,Introduction,1,TRUE,TRUE,Minnesota's changing climate may also make it more difficult to effectively implement single-species management and is driving a greater focus on landscape-scale conservation. These changes are requir
MN_SWAP_2015,.tools.vulnerability_models,Addressing Climate Change,1,TRUE,TRUE,updating the plan involved conducting a habitat climate change vulnerability assessment and reviewing habitat and species vulnerability assessments and other information about the changing climate.
MN_SWAP_2015,.tools.vulnerability_models,Forest Ecosystems,0.7784,FALSE,TRUE,"As part of the Northwoods Climate Change Response Framework project (Handler et al. 2014), the vulnerability of forest ecosystems in the Laurentian Mixed Forest Province of Minnesota was assessed unde"
MN_SWAP_2015,.tools.niche_models,The Habitat Approach,1,TRUE,TRUE,habitat modeling data were used for some species
MN_SWAP_2015,.tools.climate_models,Mammals,1,TRUE,TRUE,summer temperatures are projected to increase 10-11°F statewide during the same period. This would equate southern Minnesota's 2060-69 summer average temperatures with the current summer averages of O
MN_SWAP_2015,.tools.connectivity_models,Wildlife Action Network,1,TRUE,TRUE,Marxan outputs from the Scientific and Natural Area strategic plan (Figure E7e). Development of the Scientific and Natural Area (SNA) Strategic Land Protection Plan (SNA 2014) utilized Marxan conserva
MN_SWAP_2015,.tools.connectivity_models,Wildlife Action Network,0.9866,TRUE,TRUE,"new Marxan runs were completed in the Agassiz Lowlands, Border Lakes, Chippewa Plains, Pine Moraines, St. Louis Moraines, and Tamarack Lowlands subsections."
MN_SWAP_2015,.context.management_scale.local,Prioritizing the Work of the Wildlife Action Plan: Conservation Focus Areas,1,TRUE,TRUE,"These are priority areas for working with partners to identify, design, and implement conservation actions and report on the effectiveness toward achieving the goals and objectives defined in Wildlife"
MN_SWAP_2015,.context.management_scale.site,Regional Partnership Meetings,1,TRUE,TRUE,considering how management objectives and actions at the site level can be coordinated across sites to sustain or enhance landscape-scale biological diversity
MN_SWAP_2015,.context.management_scale.watershed,Prioritizing the Work of the Wildlife Action Plan: Conservation Focus Areas,1,TRUE,TRUE,"In general, the boundary was extended if the target of the Conservation Focus Area was an aquatic habitat that necessitates a watershed approach."
MN_SWAP_2015,.context.management_scale.city,NA,NA,NA,FALSE,
MN_SWAP_2015,.context.management_scale.city,NA,NA,NA,FALSE,
MN_SWAP_2015,.context.management_scale.city,NA,NA,NA,FALSE,
MN_SWAP_2015,.context.management_scale.county,Wildlife Action Plan Foundation,1,TRUE,TRUE,This information was used by counties to inform revisions to their land-use standards and identify important areas for protection and restoration.
MN_SWAP_2015,.context.management_scale.within_state_region,Regional Partnership Meetings,1,TRUE,TRUE,Biennial regional meetings with partners from within the DNR divisions and other agencies and organizations will be held in each DNR region beginning in early 2016.
MN_SWAP_2015,.context.management_scale.state,Addressing Large-Scale Stressors,1,TRUE,TRUE,"The Wildlife Action Network will facilitate adaptation to these changes by identifying core areas large enough to contain a diversity of ecotones and habitats to allow for local shifts (e.g., dry to m"
MN_SWAP_2015,.context.management_scale.multistate,"Participate in Multistate, Ecoregional, and International Conservation Partnerships",1,TRUE,TRUE,"Wildlife Action Plan staff will participate to the extent resources allow in conservation initiatives directed at the implementation of Wildlife Action Plans at multistate, ecoregional, and internatio"
MN_SWAP_2015,.context.management_scale.national,Addressing Climate Change,1,TRUE,TRUE,"The Wildlife Action Plan addresses many of the strategies recommended in the National Fish, Wildlife and Plants Climate Adaptation Strategy (2012)."
MN_SWAP_2015,.context.management_scale.transnational,NA,NA,NA,FALSE,
MN_SWAP_2015,.context.management_scale.transnational,NA,NA,NA,FALSE,
MN_SWAP_2015,.context.management_scale.transnational,NA,NA,NA,FALSE,
MN_SWAP_2015,.context.management_scale.ecosystem,Forest Ecosystems,1,TRUE,TRUE,"As part of the Northwoods Climate Change Response Framework project (Handler et al. 2014), the vulnerability of forest ecosystems in the Laurentian Mixed Forest Province of Minnesota was assessed unde"
MN_SWAP_2015,.context.management_scale.ecoregion,"Participate in Multistate, Ecoregional, and International Conservation Partnerships",1,TRUE,TRUE,"conservation initiatives directed at the implementation of Wildlife Action Plans at multistate, ecoregional, and international scales"
MN_SWAP_2015,.context.management_scale.province,Forest Ecosystems,1,TRUE,TRUE,the vulnerability of forest ecosystems in the Laurentian Mixed Forest Province of Minnesota was assessed under a range of future climate scenarios.
MN_SWAP_2015,.context.management_scale.section,Ranking guidelines for SGCN populations,1,TRUE,TRUE,The population represents the only population in the region (ECS section or HUC 4 watershed) or one of three or fewer populations in the state regardless of viability/persistence.
MN_SWAP_2015,.context.management_scale.subsection,Wildlife Action Network,0.9866,TRUE,TRUE,"new Marxan runs were completed in the Agassiz Lowlands, Border Lakes, Chippewa Plains, Pine Moraines, St. Louis Moraines, and Tamarack Lowlands subsections."
MN_SWAP_2015,.context.management_scale.lake,"Goals, Objectives, Conservation Actions, and Performance Measures",1,TRUE,TRUE,priority cold-water cisco lakes
MN_SWAP_2015,.context.management_scale.river,Wildlife Action Plan Foundation,1,TRUE,TRUE,"Releasing more than 5,200 captive-reared mussels, including the federally endangered Higgins eye, into the Mississippi River gorge"
MN_SWAP_2015,.context.management_scale.district,NA,NA,NA,FALSE,
MN_SWAP_2015,.context.management_scale.district,NA,NA,NA,FALSE,
MN_SWAP_2015,.context.management_scale.district,NA,NA,NA,FALSE,
MN_SWAP_2015,.context.biological_unit_score,Addressing Large-Scale Stressors,1,TRUE,TRUE,"Species are already moving in response to climate change, and it is expected that the ranges of many more plant and animal species will shift and habitats will change."
MN_SWAP_2015,.context.biological_unit_score,Occurrence and Distribution of SGCN Populations and Richness Hotspots,1,TRUE,TRUE,"It is likely that future functional and biological diversity will be made up of both existing native species and newly immigrated species, and the intent of the Wildlife Action Network is to allow for"
MN_SWAP_2015,.context.biological_unit_components.species,Addressing Large-Scale Stressors,1,TRUE,TRUE,"Species are already moving in response to climate change, and it is expected that the ranges of many more plant and animal species will shift and habitats will change."
MN_SWAP_2015,.context.biological_unit_components.population,Occurrence and Distribution of SGCN Populations and Richness Hotspots,1,TRUE,TRUE,the viable population mapping provides a useful benchmark to track changes over time and evaluate functional and biological diversity.
MN_SWAP_2015,.context.biological_unit_components.habitat,"Goals, Objectives, Conservation Actions, and Performance Measures",1,TRUE,TRUE,"Objective 1.1. Sustain and enhance species, habitat, and landscape biological diversity within the Wildlife Action Network, giving priority to the following eight ecological communities, which are tho"
MN_SWAP_2015,.context.biological_unit_components.ecosystem,The Identification of Stressors Contributing to Population Declines of Species in Greatest Conservation Need,1,TRUE,TRUE,there is evidence that major changes in species composition and ecological system structure and functions (primary productivity and nutrient cycling) are occurring as a result of plant and animal rang
MN_SWAP_2015,.context.biological_unit_components.community,The Identification of Stressors Contributing to Population Declines of Species in Greatest Conservation Need,1,TRUE,TRUE,"Significant changes in ecosystems could occur if climate change, along with current stressors, accelerates that loss."
MN_SWAP_2015,.context.biological_unit_components.genotype_phenotype,NA,NA,NA,FALSE,
MN_SWAP_2015,.context.biological_unit_components.genotype_phenotype,NA,NA,NA,FALSE,
MN_SWAP_2015,.context.biological_unit_components.genotype_phenotype,NA,NA,NA,FALSE,
MN_SWAP_2015,.context.partnerships_and_funding,Wildlife Action Plan Foundation,1,TRUE,TRUE,"Since 2005, Minnesota has received over $10 million in State Wildlife Grant funds to invest directly in the implementation of the Wildlife Action Plan. Many successful projects and partnerships have b"
MN_SWAP_2015,.context.partnerships_and_funding,Implementation of the Minnesota Wildlife Action Plan,1,TRUE,TRUE,"An Executive Partnership Committee made up of representatives from The Nature Conservancy, the US Fish and Wildlife Service, Audubon Minnesota, Natural Resources Conservation Service, and the DNR assi"
MN_SWAP_2015,.context.climate_threat_habitat_degradation,Aquatic Systems,1,TRUE,TRUE,"Warming air temperatures, reduction in groundwater inputs (as a result of higher air temperatures and evaporation), altered and more extreme precipitation patterns, increased impervious surface, agric"
MN_SWAP_2015,.context.climate_threat_habitat_degradation,Wetland Systems,1,TRUE,TRUE,"Minnesota's globally significant boreal peatland system that covers more than 2,400,000 hectares of northern Minnesota may experience the most radical changes. An important carbon sink, the drying of "
MN_SWAP_2015,.context.climate_threat_species_vital_rates,The Identification of Stressors Contributing to Population Declines of Species in Greatest Conservation Need,1,TRUE,TRUE,Root and Schneider (2002) summarized evidence from 45 studies that indicated significant changes in the timing of life-cycle events for a wide range of plant and animal species. These changes could re
MN_SWAP_2015,.context.climate_threat_biotic_stressors,The Identification of Stressors Contributing to Population Declines of Species in Greatest Conservation Need,1,TRUE,TRUE,"Climate change further stresses the system, creating conditions conducive for invasive species to colonize new areas or expand in existing areas."
MN_SWAP_2015,.context.climate_threat_biotic_stressors,Aquatic Systems,1,TRUE,TRUE,Climate change may reduce habitat suitability for native species and open up new niches for invasive species to exploit
MN_SWAP_2015,.actions.priority_habitat_identification,"Goals, Objectives, Conservation Actions, and Performance Measures",1,TRUE,TRUE,"Objective 1.1. Sustain and enhance species, habitat, and landscape biological diversity within the Wildlife Action Network, giving priority to the following eight ecological communities, which are tho"
MN_SWAP_2015,.actions.priority_habitat_identification,Wildlife Action Plan Foundation,1,TRUE,TRUE,"This evaluation resulted in 36 Conservation Focus Areas, of which at least 6 will be targeted for specific projects over the next 10 years"
MN_SWAP_2015,.actions.targeted_range_shift_actions,Addressing Large-Scale Stressors,1,TRUE,TRUE,"The Wildlife Action Network will facilitate adaptation to these changes by identifying core areas large enough to contain a diversity of ecotones and habitats to allow for local shifts (e.g., dry to m"
MN_SWAP_2015,.actions.targeted_range_shift_actions,"Goals, Objectives, Conservation Actions, and Performance Measures",1,TRUE,TRUE,"Develop strategies for sustaining or restoring terrestrial and aquatic connections among conservation lands within the Wildlife Action Network, where appropriate."
MN_SWAP_2015,.actions.time_bound_and_monitoring,"Goals, Objectives, Conservation Actions, and Performance Measures",1,TRUE,TRUE,"Performance measures for each Conservation Focus Area will be developed by Conservation Focus Area teams and will include shorter-term measures (number of acres protected or restored, or number of dem"
MN_SWAP_2015,.actions.time_bound_and_monitoring,Conservation Focus Area Monitoring,1,TRUE,TRUE,"All Conservation Focus Areas implemented in the years 2015-25 should have some level of adaptive management capacity built into implementation, especially given the unknowns presented by climate chang"
MN_SWAP_2015,.actions.evidence_of_efficacy,Addressing Large-Scale Stressors,1,TRUE,TRUE,"Current research finds little evidence of the potential negative consequences of connections, such as the spread of predators and pathogens (Haddad et al. 2014), and strong evidence of positive effect"
MN_SWAP_2015,.actions.evidence_of_efficacy,Addressing Large-Scale Stressors,1,TRUE,TRUE,Increased native biological diversity has generally been found to decrease the invasability of invasive plants (Levine and D'Antonio 1999; Hooper et al. 2005; Fridley et al. 2007; Yan et al. 2015).
MN_SWAP_2015,.actions.adaptation_planning_frameworks,Addressing Climate Change,1,TRUE,TRUE,"The Wildlife Action Plan addresses many of the strategies recommended in the National Fish, Wildlife and Plants Climate Adaptation Strategy (2012)."
MN_SWAP_2015,.actions.adaptation_planning_frameworks,Conservation Focus Area Monitoring,1,TRUE,TRUE,"The adaptive management framework consists of assessing the problem, designing strategies to address the problem, implementing selected strategies, monitoring results, evaluating what those results me"
MO_SWAP_2015,.concepts.climate_vulnerability,Elements 3 and 4 (Continued) [table],1,TRUE,TRUE,The assessment evaluated the vulnerability of terrestrial ecosystems in the Central Hardwoods Region to a range of future climates.
MO_SWAP_2015,.concepts.climate_vulnerability,Elements 3 and 4 (Continued) [table],0.9818,TRUE,TRUE,"Mesic upland forests were determined to be the most vulnerable, whereas many systems adapted to fire and drought, such as open woodlands, savannas, and glades, were perceived as less vulnerable to pro"
MO_SWAP_2015,.concepts.climate_vulnerability,Elements 3 and 4 (Continued) [table],0.6331,FALSE,TRUE,Many fish species in the region are sensitive to even slight changes in water temperatures and experience negative effects on growth at extremely high water temperatures.
MO_SWAP_2015,.concepts.adaptive_capacity_specificity,ELEMENTS 3 AND 4: THREATS AND ACTIONS / Climate Change,1,TRUE,TRUE,"Increasing resilience has been identified as a primary method for minimizing the impacts of climate change on fish, forest and wildlife resources."
MO_SWAP_2015,.concepts.adaptive_capacity_components.demography,NA,NA,NA,FALSE,
MO_SWAP_2015,.concepts.adaptive_capacity_components.demography,NA,NA,NA,FALSE,
MO_SWAP_2015,.concepts.adaptive_capacity_components.demography,NA,NA,NA,FALSE,
MO_SWAP_2015,.concepts.adaptive_capacity_components.distribution,ELEMENTS 3 AND 4: THREATS AND ACTIONS / Climate Change,1,TRUE,TRUE,Improving connectivity will facilitate range adjustments that may occur in many species adapting to climate change.
MO_SWAP_2015,.concepts.adaptive_capacity_components.movement,ELEMENTS 3 AND 4: THREATS AND ACTIONS / Climate Change,1,TRUE,TRUE,Improving connectivity will facilitate range adjustments that may occur in many species adapting to climate change.
MO_SWAP_2015,.concepts.adaptive_capacity_components.evolutionary_potential,NA,NA,NA,FALSE,
MO_SWAP_2015,.concepts.adaptive_capacity_components.evolutionary_potential,NA,NA,NA,FALSE,
MO_SWAP_2015,.concepts.adaptive_capacity_components.evolutionary_potential,NA,NA,NA,FALSE,
MO_SWAP_2015,.concepts.adaptive_capacity_components.ecological_dependencies,NA,NA,NA,FALSE,
MO_SWAP_2015,.concepts.adaptive_capacity_components.ecological_dependencies,NA,NA,NA,FALSE,
MO_SWAP_2015,.concepts.adaptive_capacity_components.ecological_dependencies,NA,NA,NA,FALSE,
MO_SWAP_2015,.concepts.adaptive_capacity_components.abiotic_niche,Elements 3 and 4 (Continued) [table],0.6331,FALSE,TRUE,Many fish species in the region are sensitive to even slight changes in water temperatures and experience negative effects on growth at extremely high water temperatures.
MO_SWAP_2015,.concepts.adaptive_capacity_components.life_history,NA,NA,NA,FALSE,
MO_SWAP_2015,.concepts.adaptive_capacity_components.life_history,NA,NA,NA,FALSE,
MO_SWAP_2015,.concepts.adaptive_capacity_components.life_history,NA,NA,NA,FALSE,
MO_SWAP_2015,.concepts.connectivity,ELEMENTS 3 AND 4: THREATS AND ACTIONS / Climate Change,0.9266,TRUE,TRUE,"Missouri's approach also promotes connectivity within and among habitat systems by prioritizing those areas that are larger, more intact, nearer to other conservation areas, and/or where there is more"
MO_SWAP_2015,.tools.vulnerability_models,Elements 3 and 4 (Continued) [table],1,TRUE,TRUE,The assessment evaluated the vulnerability of terrestrial ecosystems in the Central Hardwoods Region to a range of future climates.
MO_SWAP_2015,.tools.niche_models,Elements 3 and 4 (Continued) [table],0.9932,TRUE,TRUE,"Model projections suggest that northern mesic species such as sugar maple, American beech, and white ash may fare worse under future conditions compared to current climate conditions, but other specie"
MO_SWAP_2015,.tools.climate_models,Elements 3 and 4 (Continued) [table],0.2753,FALSE,TRUE,Climate trends projected for the next 100 years by using downscaled global climate model data indicate a potential increase in mean annual temperature of 2 to 7 °F for this region.
MO_SWAP_2015,.tools.connectivity_models,NA,NA,NA,FALSE,
MO_SWAP_2015,.tools.connectivity_models,NA,NA,NA,FALSE,
MO_SWAP_2015,.tools.connectivity_models,NA,NA,NA,FALSE,
MO_SWAP_2015,.context.management_scale.local,PREFACE / Document Organization,0.373,FALSE,TRUE,Each chapter contains Case Studies that feature specific examples of conservation actions being applied to benefit that system.
MO_SWAP_2015,.context.management_scale.site,ELEMENT 5: MONITORING AND EVALUATION,1,TRUE,TRUE,"The CHI models are developed for sites ranging in size from one to about 5,000 (mapped typically at the 1:24,000 scale)."
MO_SWAP_2015,.context.management_scale.watershed,ELEMENT 2: HABITAT SYSTEMS,1,TRUE,TRUE,"Sixteen-digit hydrologic unit codes (HUC16s) were used as planning units for all habitat systems, because HUC16s are small enough to approximate land condition, but still large enough to be ecological"
MO_SWAP_2015,.context.management_scale.city,NA,NA,NA,FALSE,
MO_SWAP_2015,.context.management_scale.city,NA,NA,NA,FALSE,
MO_SWAP_2015,.context.management_scale.city,NA,NA,NA,FALSE,
MO_SWAP_2015,.context.management_scale.county,NA,NA,NA,FALSE,
MO_SWAP_2015,.context.management_scale.county,NA,NA,NA,FALSE,
MO_SWAP_2015,.context.management_scale.county,NA,NA,NA,FALSE,
MO_SWAP_2015,.context.management_scale.within_state_region,ELEMENT 2: HABITAT SYSTEMS,1,TRUE,TRUE,"Missouri is made up of four major ecological regions, or ecoregions-large geographic areas having distinctive topography, geology, soils, vegetation, and climate patterns."
MO_SWAP_2015,.context.management_scale.state,Element 1: Species of Greatest Conservation Need,1,TRUE,TRUE,The Plan provides a statewide and landscape-level perspective for identifying and prioritizing conservation opportunities
MO_SWAP_2015,.context.management_scale.multistate,Elements 3 and 4 (Continued) [table],1,TRUE,TRUE,"in 2011 the U.S. Forest Service, Northern Research Station began a project to incorporate climate change considerations into forest management for the Central Hardwoods Region, which includes the ungl"
MO_SWAP_2015,.context.management_scale.national,NA,NA,NA,FALSE,
MO_SWAP_2015,.context.management_scale.national,NA,NA,NA,FALSE,
MO_SWAP_2015,.context.management_scale.national,NA,NA,NA,FALSE,
MO_SWAP_2015,.context.management_scale.transnational,NA,NA,NA,FALSE,
MO_SWAP_2015,.context.management_scale.transnational,NA,NA,NA,FALSE,
MO_SWAP_2015,.context.management_scale.transnational,NA,NA,NA,FALSE,
MO_SWAP_2015,.context.management_scale.ecosystem,Elements 3 and 4 (Continued) [table],0.9818,TRUE,TRUE,"Mesic upland forests were determined to be the most vulnerable, whereas many systems adapted to fire and drought, such as open woodlands, savannas, and glades, were perceived as less vulnerable to pro"
MO_SWAP_2015,.context.management_scale.ecoregion,ELEMENT 2: HABITAT SYSTEMS,1,TRUE,TRUE,"Missouri is made up of four major ecological regions, or ecoregions-large geographic areas having distinctive topography, geology, soils, vegetation, and climate patterns"
MO_SWAP_2015,.context.management_scale.province,NA,NA,NA,FALSE,
MO_SWAP_2015,.context.management_scale.province,NA,NA,NA,FALSE,
MO_SWAP_2015,.context.management_scale.province,NA,NA,NA,FALSE,
MO_SWAP_2015,.context.management_scale.section,NA,NA,NA,FALSE,
MO_SWAP_2015,.context.management_scale.section,NA,NA,NA,FALSE,
MO_SWAP_2015,.context.management_scale.section,NA,NA,NA,FALSE,
MO_SWAP_2015,.context.management_scale.subsection,NA,NA,NA,FALSE,
MO_SWAP_2015,.context.management_scale.subsection,NA,NA,NA,FALSE,
MO_SWAP_2015,.context.management_scale.subsection,NA,NA,NA,FALSE,
MO_SWAP_2015,.context.management_scale.lake,NA,NA,NA,FALSE,
MO_SWAP_2015,.context.management_scale.lake,NA,NA,NA,FALSE,
MO_SWAP_2015,.context.management_scale.lake,NA,NA,NA,FALSE,
MO_SWAP_2015,.context.management_scale.river,RIVER AND STREAM CONSERVATION / Overview,1,TRUE,TRUE,"The Missouri River dissects the state into north and south, and the Mississippi River runs along the state's eastern border."
MO_SWAP_2015,.context.management_scale.district,NA,NA,NA,FALSE,
MO_SWAP_2015,.context.management_scale.district,NA,NA,NA,FALSE,
MO_SWAP_2015,.context.management_scale.district,NA,NA,NA,FALSE,
MO_SWAP_2015,.context.biological_unit_score,Elements 3 and 4 (Continued) [table],0.9818,TRUE,TRUE,"Mesic upland forests were determined to be the most vulnerable, whereas many systems adapted to fire and drought, such as open woodlands, savannas, and glades, were perceived as less vulnerable to pro"
MO_SWAP_2015,.context.biological_unit_score,Elements 3 and 4 (Continued) [table],1,TRUE,TRUE,"Model projections suggest that northern mesic species such as sugar maple, American beech, and white ash may fare worse under future conditions compared to current climate conditions"
MO_SWAP_2015,.context.biological_unit_components.species,Elements 3 and 4 (Continued) [table],1,TRUE,TRUE,"Model projections suggest that northern mesic species such as sugar maple, American beech, and white ash may fare worse under future conditions compared to current climate conditions"
MO_SWAP_2015,.context.biological_unit_components.population,NA,NA,NA,FALSE,
MO_SWAP_2015,.context.biological_unit_components.population,NA,NA,NA,FALSE,
MO_SWAP_2015,.context.biological_unit_components.population,NA,NA,NA,FALSE,
MO_SWAP_2015,.context.biological_unit_components.habitat,ELEMENTS 3 AND 4: THREATS AND ACTIONS / Climate Change,1,TRUE,TRUE,Efforts to restore and maintain healthy habitat systems in these areas may result in more resilient habitat systems and floral and faunal communities.
MO_SWAP_2015,.context.biological_unit_components.ecosystem,Elements 3 and 4 (Continued) [table],0.9818,TRUE,TRUE,"Mesic upland forests were determined to be the most vulnerable, whereas many systems adapted to fire and drought, such as open woodlands, savannas, and glades, were perceived as less vulnerable to pro"
MO_SWAP_2015,.context.biological_unit_components.community,ELEMENTS 3 AND 4: THREATS AND ACTIONS / Climate Change,1,TRUE,TRUE,Efforts to restore and maintain healthy habitat systems in these areas may result in more resilient habitat systems and floral and faunal communities.
MO_SWAP_2015,.context.biological_unit_components.genotype_phenotype,NA,NA,NA,FALSE,
MO_SWAP_2015,.context.biological_unit_components.genotype_phenotype,NA,NA,NA,FALSE,
MO_SWAP_2015,.context.biological_unit_components.genotype_phenotype,NA,NA,NA,FALSE,
MO_SWAP_2015,.context.partnerships_and_funding,Elements 7 and 8: Partner and Public Input,0.9882,TRUE,TRUE,"Through the use of cooperative agreements and memorandums of understanding, the Department is able to engage in cost-share opportunities with partners and private citizens."
MO_SWAP_2015,.context.partnerships_and_funding,WETLAND CONSERVATION / Habitat Management Actions,1,TRUE,TRUE,"To date, partnerships have secured $117 million through the North American Wetlands Conservation Act to restore and improve over 97,000 acres of wetland habitat nationwide"
MO_SWAP_2015,.context.climate_threat_habitat_degradation,FOREST AND WOODLAND CONSERVATION / Weather Events and Climate Change,1,TRUE,TRUE,"Changes in global climate and conditions, and the frequency of extreme weather events (i.e., tornadoes, ice storms, etc.) can have direct impacts like tree mortality and damage, but they can also affe"
MO_SWAP_2015,.context.climate_threat_species_vital_rates,Elements 3 and 4 (Continued) [table],0.6331,FALSE,TRUE,Many fish species in the region are sensitive to even slight changes in water temperatures and experience negative effects on growth at extremely high water temperatures.
MO_SWAP_2015,.context.climate_threat_biotic_stressors,ELEMENTS 3 AND 4: THREATS AND ACTIONS / Climate Change,1,TRUE,TRUE,Changes in climate will also create additional management challenges as conditions become more favorable for invasive plant species not currently prevalent in the assessment area.
MO_SWAP_2015,.actions.priority_habitat_identification,ELEMENT 2: HABITAT SYSTEMS,1,TRUE,TRUE,"Figure 3, 2015 State Wildlife Action Plan Conservation Opportunity Areas, on page 31, is a combination of all team and partner inputs, and represents the greatest opportunities for sustainable conserv"
MO_SWAP_2015,.actions.priority_habitat_identification,ELEMENT 2: HABITAT SYSTEMS,1,TRUE,TRUE,Conservation Opportunity Areas were identified for each of the primary habitat systems using both professional knowledge and GIS prioritization.
MO_SWAP_2015,.actions.targeted_range_shift_actions,ELEMENTS 3 AND 4: THREATS AND ACTIONS / Climate Change,0.9266,TRUE,TRUE,"Missouri's approach also promotes connectivity within and among habitat systems by prioritizing those areas that are larger, more intact, nearer to other conservation areas, and/or where there is more"
MO_SWAP_2015,.actions.time_bound_and_monitoring,ELEMENT 5: MONITORING AND EVALUATION,1,TRUE,TRUE,"An adaptive management approach to the restoration and management of natural communities requires that we define what we are monitoring, why we are monitoring and how we are monitoring with specific o"
MO_SWAP_2015,.actions.evidence_of_efficacy,WETLAND CONSERVATION [figure],0.2639,FALSE,TRUE,Recent research has shown that efforts to restore connectivity to floodplains have also been beneficial to specific riverine fish species (Missouri Department of Conservation 2015). Other research sho
MO_SWAP_2015,.actions.evidence_of_efficacy,GLADE CONSERVATION [figure - Danville Conservation Area case study],0.3492,FALSE,TRUE,Long-term glade vegetation monitoring data indicates increased numbers of geocarpon as a result of these management activities.
MO_SWAP_2015,.actions.adaptation_planning_frameworks,PREFACE,1,TRUE,TRUE,"The CWCS was designed to be adaptive, and this is reflected in the current State Wildlife Action Plan (Plan)."
MS_SWAP_2025_draft,.concepts.climate_vulnerability,Species' responses to changing environmental conditions,1,TRUE,TRUE,"A species may be considered vulnerable if it is both sensitive to changing environmental conditions and also exposed to the impacts of that change (Williams et al., 2008)."
MS_SWAP_2025_draft,.concepts.climate_vulnerability,Climate Resilience,1,TRUE,TRUE,"Objectives of a vulnerability assessment include: 1) determining if a species or a particular group of species would be vulnerable to climate change, 2) describing how exposure to climate change might"
MS_SWAP_2025_draft,.concepts.climate_vulnerability,Climate Resilience,0.3841,FALSE,TRUE,Species with low adaptive capacity such as those with specialized habitat needs or limited dispersal ability face higher vulnerability to these changes.
MS_SWAP_2025_draft,.concepts.adaptive_capacity_specificity,Climate Resilience,0.6732,FALSE,TRUE,"Does the species require a specialized habitat? Is the species only capable of tolerating narrow environmental thresholds, and are those thresholds likely to be exceeded as climate change progresses? "
MS_SWAP_2025_draft,.concepts.adaptive_capacity_specificity,Climate Resilience,0.3841,FALSE,TRUE,Species with low adaptive capacity such as those with specialized habitat needs or limited dispersal ability face higher vulnerability to these changes.
MS_SWAP_2025_draft,.concepts.adaptive_capacity_components.demography,NA,NA,NA,FALSE,
MS_SWAP_2025_draft,.concepts.adaptive_capacity_components.demography,NA,NA,NA,FALSE,
MS_SWAP_2025_draft,.concepts.adaptive_capacity_components.demography,NA,NA,NA,FALSE,
MS_SWAP_2025_draft,.concepts.adaptive_capacity_components.distribution,Species' responses to changing environmental conditions,1,TRUE,TRUE,"The CCVI is a worksheet-based tool where users apply readily available information about a species' natural history, distribution, landscape circumstances, and expert opinions to predict whether it wi"
MS_SWAP_2025_draft,.concepts.adaptive_capacity_components.movement,Climate Resilience,1,TRUE,TRUE,What are the dispersal capabilities of the species?
MS_SWAP_2025_draft,.concepts.adaptive_capacity_components.evolutionary_potential,NA,NA,NA,FALSE,
MS_SWAP_2025_draft,.concepts.adaptive_capacity_components.evolutionary_potential,NA,NA,NA,FALSE,
MS_SWAP_2025_draft,.concepts.adaptive_capacity_components.evolutionary_potential,NA,NA,NA,FALSE,
MS_SWAP_2025_draft,.concepts.adaptive_capacity_components.ecological_dependencies,Climate Resilience,1,TRUE,TRUE,Does the species have a dependent interaction with another species which may be disrupted under climate change?
MS_SWAP_2025_draft,.concepts.adaptive_capacity_components.abiotic_niche,Climate Resilience,1,TRUE,TRUE,"Is the species only capable of tolerating narrow environmental thresholds, and are those thresholds likely to be exceeded as climate change progresses?"
MS_SWAP_2025_draft,.concepts.adaptive_capacity_components.life_history,NA,NA,NA,FALSE,
MS_SWAP_2025_draft,.concepts.adaptive_capacity_components.life_history,NA,NA,NA,FALSE,
MS_SWAP_2025_draft,.concepts.adaptive_capacity_components.life_history,NA,NA,NA,FALSE,
MS_SWAP_2025_draft,.concepts.connectivity,Mississippi and the Southeast Conservation Adaptation Strategy (SECAS),1,TRUE,TRUE,The Southeast Blueprint also includes a least-cost path connectivity analysis that identifies corridors that link coastal and inland areas and span climate gradients.
MS_SWAP_2025_draft,.concepts.connectivity,Mississippi and the Southeast Conservation Adaptation Strategy (SECAS),1,TRUE,TRUE,"Ensuring landscape connectivity across jurisdictional boundaries is becoming increasingly important for species management as changes in land use, climate, and weather patterns shift species distribut"
MS_SWAP_2025_draft,.tools.vulnerability_models,Summary of available vulnerability indices for Mississippi SGCN,1,TRUE,TRUE,"For Mississippi, 124 SGCN have been evaluated to date using the NatureServe's CCVI tool across nine organizations"
MS_SWAP_2025_draft,.tools.vulnerability_models,Climate Resilience,1,TRUE,TRUE,"The Gulf of America Alliance, released a Gulf Coast Vulnerability Assessment (GCVA) in 2015 (Watson et al. 2015) with the USFWS. The goal of the GCVA is to enhance conservation and restoration plannin"
MS_SWAP_2025_draft,.tools.niche_models,Summary of available ecological niche models,1,TRUE,TRUE,"For Mississippi, 159 SGCN have been evaluated to date, which consists of vulnerability scores (note: some species have multiple scores for different future projected scenarios) across 13 studies"
MS_SWAP_2025_draft,.tools.niche_models,Species' responses to changing environmental conditions,1,TRUE,TRUE,"Ecological niche models (also called species distribution models) start by identifying shared environmental conditions (i.e., the species' niche) at sites where a species is known to have occurred and"
MS_SWAP_2025_draft,.tools.climate_models,"Hotter days, warmer nights, and more intense droughts",1,TRUE,TRUE,"The table summarizes projected future number of days for low, moderate, and high Shared Socioeconomic Pathways (SSPs) using CMIP6-LOCA2 threshold and extreme event metric projections (Alder, 2024) sum"
MS_SWAP_2025_draft,.tools.climate_models,Mississippi's Resiliency in a Changing World,1,TRUE,TRUE,"For the remainder of this chapter, existing data collections of both historical climatology and future projections were summarized by EPA Ecoregion Level III, including the creation of maps derived fr"
MS_SWAP_2025_draft,.tools.connectivity_models,Mississippi and the Southeast Conservation Adaptation Strategy (SECAS),1,TRUE,TRUE,The Southeast Blueprint also includes a least-cost path connectivity analysis that identifies corridors that link coastal and inland areas and span climate gradients. The corridors connect hubs across
MS_SWAP_2025_draft,.tools.connectivity_models,Mississippi and the Southeast Conservation Adaptation Strategy (SECAS),1,TRUE,TRUE,"About 8.4 million acres (27%) within Mississippi are considered a hub or corridor, providing many conservation opportunities to support species movement and migration-an important strategy for helping"
MS_SWAP_2025_draft,.context.management_scale.local,NA,NA,NA,FALSE,
MS_SWAP_2025_draft,.context.management_scale.local,NA,NA,NA,FALSE,
MS_SWAP_2025_draft,.context.management_scale.local,NA,NA,NA,FALSE,
MS_SWAP_2025_draft,.context.management_scale.site,Chapter 7 Conservation Opportunity Areas,1,TRUE,TRUE,"COAs are large, loosely defined, geographic areas based within the state that have been identified as priority areas for management. They may contain priority habitats or SGCN or may represent areas t"
MS_SWAP_2025_draft,.context.management_scale.watershed,SWAP Update,1,TRUE,TRUE,"These COAs are priority areas and are important for SGCN, but should not exclude work in other areas of the state. The COAs were chosen to help direct limited resources to the most critical areas."
MS_SWAP_2025_draft,.context.management_scale.city,NA,NA,NA,FALSE,
MS_SWAP_2025_draft,.context.management_scale.city,NA,NA,NA,FALSE,
MS_SWAP_2025_draft,.context.management_scale.city,NA,NA,NA,FALSE,
MS_SWAP_2025_draft,.context.management_scale.county,NA,NA,NA,FALSE,
MS_SWAP_2025_draft,.context.management_scale.county,NA,NA,NA,FALSE,
MS_SWAP_2025_draft,.context.management_scale.county,NA,NA,NA,FALSE,
MS_SWAP_2025_draft,.context.management_scale.within_state_region,Mississippi and the Southeast Conservation Adaptation Strategy (SECAS),1,TRUE,TRUE,"Ensuring landscape connectivity across jurisdictional boundaries is becoming increasingly important for species management as changes in land use, climate, and weather patterns shift species distribut"
MS_SWAP_2025_draft,.context.management_scale.state,Mississippi and the Southeast Conservation Adaptation Strategy (SECAS),1,TRUE,TRUE,"The Southeast Blueprint recognizes more than 13.1 million acres, or roughly 42.5% of the state of Mississippi, as a priority for connecting the region's lands and waters"
MS_SWAP_2025_draft,.context.management_scale.multistate,Mississippi and the Southeast Conservation Adaptation Strategy (SECAS),1,TRUE,TRUE,"Collaborating with the neighboring states of Alabama, Louisiana, Arkansas, and Tennessee to identify cross-boundary species migration and habitat pathways can increase regional connectivity for state "
MS_SWAP_2025_draft,.context.management_scale.national,NA,NA,NA,FALSE,
MS_SWAP_2025_draft,.context.management_scale.national,NA,NA,NA,FALSE,
MS_SWAP_2025_draft,.context.management_scale.national,NA,NA,NA,FALSE,
MS_SWAP_2025_draft,.context.management_scale.transnational,NA,NA,NA,FALSE,
MS_SWAP_2025_draft,.context.management_scale.transnational,NA,NA,NA,FALSE,
MS_SWAP_2025_draft,.context.management_scale.transnational,NA,NA,NA,FALSE,
MS_SWAP_2025_draft,.context.management_scale.ecosystem,Mississippi and the Southeast Conservation Adaptation Strategy (SECAS),1,TRUE,TRUE,"SECAS brings together diverse partners around an ambitious goal: a 10% or greater improvement in the health, function, and connectivity of Southeastern ecosystems by 2060."
MS_SWAP_2025_draft,.context.management_scale.ecoregion,Mississippi ecoregions,0.9489,TRUE,TRUE,"For the 2025 SWAP update, we have elected to adopt EPA's ecoregional framework to organize our presentation of habitats and SGCN. The Level III and Level IV EPA ecoregions are described in Chapter 5: "
MS_SWAP_2025_draft,.context.management_scale.province,NA,NA,NA,FALSE,
MS_SWAP_2025_draft,.context.management_scale.province,NA,NA,NA,FALSE,
MS_SWAP_2025_draft,.context.management_scale.province,NA,NA,NA,FALSE,
MS_SWAP_2025_draft,.context.management_scale.section,NA,NA,NA,FALSE,
MS_SWAP_2025_draft,.context.management_scale.section,NA,NA,NA,FALSE,
MS_SWAP_2025_draft,.context.management_scale.section,NA,NA,NA,FALSE,
MS_SWAP_2025_draft,.context.management_scale.subsection,NA,NA,NA,FALSE,
MS_SWAP_2025_draft,.context.management_scale.subsection,NA,NA,NA,FALSE,
MS_SWAP_2025_draft,.context.management_scale.subsection,NA,NA,NA,FALSE,
MS_SWAP_2025_draft,.context.management_scale.lake,NA,NA,NA,FALSE,
MS_SWAP_2025_draft,.context.management_scale.lake,NA,NA,NA,FALSE,
MS_SWAP_2025_draft,.context.management_scale.lake,NA,NA,NA,FALSE,
MS_SWAP_2025_draft,.context.management_scale.river,NA,NA,NA,FALSE,
MS_SWAP_2025_draft,.context.management_scale.river,NA,NA,NA,FALSE,
MS_SWAP_2025_draft,.context.management_scale.river,NA,NA,NA,FALSE,
MS_SWAP_2025_draft,.context.management_scale.district,NA,NA,NA,FALSE,
MS_SWAP_2025_draft,.context.management_scale.district,NA,NA,NA,FALSE,
MS_SWAP_2025_draft,.context.management_scale.district,NA,NA,NA,FALSE,
MS_SWAP_2025_draft,.context.biological_unit_score,Climate Resilience,1,TRUE,TRUE,"Changes in species composition, richness, and relative abundance-as well as shifts in distribution-could accompany such shifts in environmental conditions and habitat."
MS_SWAP_2025_draft,.context.biological_unit_score,Climate Resilience,1,TRUE,TRUE,"In Mississippi, tidal emergent marsh was ranked as highly vulnerable, mostly from inundation due to sea level rise, fragmentation, and constraints on range shifts due to urbanization."
MS_SWAP_2025_draft,.context.biological_unit_components.species,Climate Resilience,1,TRUE,TRUE,"Some species, particularly those with specialized habitat requirements (e.g. shorebirds like the Wilson's plover; wetland species like the mottled duck and the Mississippi gopher frog), may face extir"
MS_SWAP_2025_draft,.context.biological_unit_components.population,Species' responses to changing environmental conditions,1,TRUE,TRUE,"The CCVI is a worksheet-based tool where users apply readily available information about a species' natural history, distribution, landscape circumstances, and expert opinions to predict whether it wi"
MS_SWAP_2025_draft,.context.biological_unit_components.habitat,"Threats and Actions for Maritime, Estuarine Fringe and Marine Habitats",1,TRUE,TRUE,Habitat shifting/alteration and storms/flooding resulting from climate change are major threats to this region.
MS_SWAP_2025_draft,.context.biological_unit_components.ecosystem,Climate Resilience,1,TRUE,TRUE,"In Mississippi, tidal emergent marsh was ranked as highly vulnerable, mostly from inundation due to sea level rise, fragmentation, and constraints on range shifts due to urbanization."
MS_SWAP_2025_draft,.context.biological_unit_components.community,Climate Resilience,1,TRUE,TRUE,"Changes in species composition, richness, and relative abundance-as well as shifts in distribution-could accompany such shifts in environmental conditions and habitat."
MS_SWAP_2025_draft,.context.biological_unit_components.genotype_phenotype,NA,NA,NA,FALSE,
MS_SWAP_2025_draft,.context.biological_unit_components.genotype_phenotype,NA,NA,NA,FALSE,
MS_SWAP_2025_draft,.context.biological_unit_components.genotype_phenotype,NA,NA,NA,FALSE,
MS_SWAP_2025_draft,.context.partnerships_and_funding,Mississippi's SWAP in Action,1,TRUE,TRUE,"From 2001 -2025, over $1 billion has been allocated to state wildlife agencies across the U.S. using a formula based on population and land area to the SWG program. During that period, MDWFP has recei"
MS_SWAP_2025_draft,.context.partnerships_and_funding,"Chapter 9 Implementation, Review and Revision of Mississippi's SWAP",0.9264,TRUE,TRUE,The following are just a few of the many regional partnerships that will be important in ongoing implementation of the SWAP recommendations over the next ten years.
MS_SWAP_2025_draft,.context.partnerships_and_funding,"A Regional Perspective for Mississippi's Land, Waters and Species",1,TRUE,TRUE,The following information and analysis were provided for this 2025MS SWAP by the USFWS Southeast Conservation Blueprint and the USGS's Southeast Climate Adaptation Science Center to assist us in descr
MS_SWAP_2025_draft,.context.climate_threat_habitat_degradation,Sea-level rise,1,TRUE,TRUE,"As sea levels continue to rise, some coastal ecosystems may be submerged and converted to open water, and saltwater intrusion may allow salt-tolerant coastal ecosystems to move inland at the expense o"
MS_SWAP_2025_draft,.context.climate_threat_habitat_degradation,"Threats and Actions for Maritime, Estuarine Fringe and Marine Habitats",1,TRUE,TRUE,Habitat shifting/alteration and storms/flooding resulting from climate change are major threats to this region.
MS_SWAP_2025_draft,.context.climate_threat_species_vital_rates,Extreme weather events and altered flows,1,TRUE,TRUE,Impacts on rare species of fish and mussels are of particular concern in the context of changing environmental conditions
MS_SWAP_2025_draft,.context.climate_threat_species_vital_rates,Extreme weather events and altered flows,1,TRUE,TRUE,Flooding and large amounts of surface water runoff from extreme precipitation events and tropical storms could negatively impact wildlife including increased sediment and contaminated floodwater drain
MS_SWAP_2025_draft,.context.climate_threat_biotic_stressors,Extreme weather events and altered flows,1,TRUE,TRUE,"In general, temperature regimes of freshwater ecosystems are projected to increase in parallel with shifts in air temperatures, which in turn may alter plant and animal communities including migratory"
MS_SWAP_2025_draft,.context.climate_threat_biotic_stressors,Climate Resilience,1,TRUE,TRUE,"Altered environmental and seasonal conditions could also trigger a cascade of phenological changes, including changes in patterns and timing of species migrations, reproduction, and seasonally-depende"
MS_SWAP_2025_draft,.actions.priority_habitat_identification,Chapter 7 Conservation Opportunity Areas,1,TRUE,TRUE,"The following eight COAs resulted from the MS SWAP team's collaboration with the Southeast Blueprint team. COA descriptions include a map, short geographic description, lists of SGCN and priority habi"
MS_SWAP_2025_draft,.actions.priority_habitat_identification,Mississippi and the Southeast Conservation Adaptation Strategy (SECAS),1,TRUE,TRUE,"About 8.4 million acres (27%) within Mississippi are considered a hub or corridor, providing many conservation opportunities to support species movement and migration-an important strategy for helping"
MS_SWAP_2025_draft,.actions.targeted_range_shift_actions,Conservation Actions to Address Climate Resilience,1,TRUE,TRUE,"Working with tribal representatives and stakeholders such as local, state, or federal agencies, Joint Venture Partnerships, NGOs identify and conserve tracts of land that would maintain or restore hab"
MS_SWAP_2025_draft,.actions.targeted_range_shift_actions,Urban Sprawl,1,TRUE,TRUE,Significant urbanization along the Gulf Coast could inhibit the inland migration of coastal wetland habitats and species as sea levels rise
MS_SWAP_2025_draft,.actions.time_bound_and_monitoring,"Chapter 9 Implementation, Review and Revision of Mississippi's SWAP",1,TRUE,TRUE,"The next comprehensive update of Mississippi SWAP will be completed by September 30, 2035, with an interim five-year review for certain species and habitats identified by the MDWFP SWAP Technical Comm"
MS_SWAP_2025_draft,.actions.time_bound_and_monitoring,"Chapter 9 Implementation, Review and Revision of Mississippi's SWAP",1,TRUE,TRUE,"SWG Coordinator and SWAP Technical Committee will conduct an annual, five and ten year assessment using the original eight elements, along with other guidance and criteria provided by the USFWS."
MS_SWAP_2025_draft,.actions.evidence_of_efficacy,Species' responses to changing environmental conditions,1,TRUE,TRUE,These previous assessments can serve as references for what has been done before and to shape planning and conservation efforts (Armsworth et al. 2025a).
MS_SWAP_2025_draft,.actions.evidence_of_efficacy,Summary of available vulnerability indices for Mississippi SGCN,1,TRUE,TRUE,"Many of these CCVI assessments indicate that while some bird species may be vulnerable, a larger proportion may remain stable or increase under changing environmental conditions (Figure 2.20)."
MS_SWAP_2025_draft,.actions.adaptation_planning_frameworks,Conservation Actions to Address Climate Resilience,1,TRUE,TRUE,"Due to these uncertainties, the Association of Fish and Wildlife Agencies (AFWA) suggests using adaptive management strategies to address conservation issues related to climate. Adaptive management st"
MS_SWAP_2025_draft,.actions.adaptation_planning_frameworks,Conservation Actions to Address Climate Resilience,1,TRUE,TRUE,Use vulnerability and risk assessments to identify species vulnerable to transition under climate change and develop management strategies for adaptation.
MT_SWAP_2025_draft,.concepts.climate_vulnerability,Changes in Temperature Regimes (Bull Trout Threats),1,TRUE,TRUE,Increases in stream temperatures are expected to reduce the amount of thermally suitable habitat.
MT_SWAP_2025_draft,.concepts.climate_vulnerability,Changes in Temperature Regimes (Sedge Wren / grassland bird threats),1,TRUE,TRUE,"Audubon's Survival by Degrees project predicts minor loss of breeding habitat across various warming scenarios (1.5-3C) (MNHP, 2025)."
MT_SWAP_2025_draft,.concepts.climate_vulnerability,CHAPTER 8: WILDLIFE CONNECTIVITY,1,TRUE,TRUE,connectivity maintains genetic diversity by preventing populations from becoming isolated and allows species to shift their ranges to track suitable conditions in response to changing environmental co
MT_SWAP_2025_draft,.concepts.adaptive_capacity_specificity,CHAPTER 8: WILDLIFE CONNECTIVITY,1,TRUE,TRUE,connectivity maintains genetic diversity by preventing populations from becoming isolated and allows species to shift their ranges to track suitable conditions in response to changing environmental co
MT_SWAP_2025_draft,.concepts.adaptive_capacity_specificity,CHAPTER 8: WILDLIFE CONNECTIVITY,1,TRUE,TRUE,"Most non-avian nongame species have lower mobility than wide-ranging mammals and can be highly affected by roads, fences, or minor development barriers"
MT_SWAP_2025_draft,.concepts.adaptive_capacity_components.demography,NA,NA,NA,FALSE,
MT_SWAP_2025_draft,.concepts.adaptive_capacity_components.demography,NA,NA,NA,FALSE,
MT_SWAP_2025_draft,.concepts.adaptive_capacity_components.demography,NA,NA,NA,FALSE,
MT_SWAP_2025_draft,.concepts.adaptive_capacity_components.distribution,Changes in Temperature Regimes (grassland bird threats),1,TRUE,TRUE,"Changes in temperature can lengthen growing seasons, increase non-native vegetation monocultures, and impact the timing of the breeding season of grassland birds and cause their range to expand or con"
MT_SWAP_2025_draft,.concepts.adaptive_capacity_components.movement,CHAPTER 8: WILDLIFE CONNECTIVITY,1,TRUE,TRUE,"Most non-avian nongame species have lower mobility than wide-ranging mammals and can be highly affected by roads, fences, or minor development barriers"
MT_SWAP_2025_draft,.concepts.adaptive_capacity_components.movement,CHAPTER 8: WILDLIFE CONNECTIVITY,1,TRUE,TRUE,connectivity maintains genetic diversity by preventing populations from becoming isolated and allows species to shift their ranges to track suitable conditions in response to changing environmental co
MT_SWAP_2025_draft,.concepts.adaptive_capacity_components.evolutionary_potential,CHAPTER 8: WILDLIFE CONNECTIVITY,1,TRUE,TRUE,connectivity maintains genetic diversity by preventing populations from becoming isolated and allows species to shift their ranges to track suitable conditions in response to changing environmental co
MT_SWAP_2025_draft,.concepts.adaptive_capacity_components.ecological_dependencies,NA,NA,NA,FALSE,
MT_SWAP_2025_draft,.concepts.adaptive_capacity_components.ecological_dependencies,NA,NA,NA,FALSE,
MT_SWAP_2025_draft,.concepts.adaptive_capacity_components.ecological_dependencies,NA,NA,NA,FALSE,
MT_SWAP_2025_draft,.concepts.adaptive_capacity_components.abiotic_niche,Changes in Temperature Regimes (Bull Trout Threats),1,TRUE,TRUE,Increases in stream temperatures are expected to reduce the amount of thermally suitable habitat.
MT_SWAP_2025_draft,.concepts.adaptive_capacity_components.life_history,NA,NA,NA,FALSE,
MT_SWAP_2025_draft,.concepts.adaptive_capacity_components.life_history,NA,NA,NA,FALSE,
MT_SWAP_2025_draft,.concepts.adaptive_capacity_components.life_history,NA,NA,NA,FALSE,
MT_SWAP_2025_draft,.concepts.connectivity,CHAPTER 8: WILDLIFE CONNECTIVITY,1,TRUE,TRUE,connectivity maintains genetic diversity by preventing populations from becoming isolated and allows species to shift their ranges to track suitable conditions in response to changing environmental co
MT_SWAP_2025_draft,.concepts.connectivity,CHAPTER 8: WILDLIFE CONNECTIVITY,1,TRUE,TRUE,"Connectivity is fundamental for biodiversity conservation in an era of accelerating environmental change (Heller and Zavaleta 2009). As the landscape becomes increasingly fragmented, maintaining or re"
MT_SWAP_2025_draft,.concepts.connectivity,CHAPTER 8: WILDLIFE CONNECTIVITY,1,TRUE,TRUE,"Generally, strategies should include protecting lands that include intact habitats consisting of elevation gradients, diverse vegetation structure, functional disturbance regimes, a high proportion of"
MT_SWAP_2025_draft,.tools.vulnerability_models,NA,NA,NA,FALSE,
MT_SWAP_2025_draft,.tools.vulnerability_models,NA,NA,NA,FALSE,
MT_SWAP_2025_draft,.tools.vulnerability_models,NA,NA,NA,FALSE,
MT_SWAP_2025_draft,.tools.niche_models,Geographic Range Polygons (Chapter 3 Methods),1,TRUE,TRUE,Range polygons are refined over time with assistance of additional survey and observation data and predicted habitat suitability models.
MT_SWAP_2025_draft,.tools.niche_models,Predicted Suitable Habitat Models (Chapter 3 Methods),0.3066,FALSE,TRUE,Develop and document distribution-model methods for under-studied focal species that can incorporate the agency's institutional data sets.
MT_SWAP_2025_draft,.tools.climate_models,NA,NA,NA,FALSE,
MT_SWAP_2025_draft,.tools.climate_models,NA,NA,NA,FALSE,
MT_SWAP_2025_draft,.tools.climate_models,NA,NA,NA,FALSE,
MT_SWAP_2025_draft,.tools.connectivity_models,NA,NA,NA,FALSE,
MT_SWAP_2025_draft,.tools.connectivity_models,NA,NA,NA,FALSE,
MT_SWAP_2025_draft,.tools.connectivity_models,NA,NA,NA,FALSE,
MT_SWAP_2025_draft,.context.management_scale.local,CHAPTER 6: FOCAL AREAS,1,TRUE,TRUE,"partners that work within a specific jurisdiction in the state can still identify the most impactful places to implement a conservation action to benefit SGCN and HGCN, even if those places may not be"
MT_SWAP_2025_draft,.context.management_scale.site,Greater Short-horned Lizard Threats and Conservation Actions,1,TRUE,TRUE,Prioritize habitat restoration projects that would benefit Greater Short-horned Lizards in important habitat areas such as population connectivity corridors or sites with concentrated populations (e.g
MT_SWAP_2025_draft,.context.management_scale.watershed,North American Beaver,1,TRUE,TRUE,The impacts of thousands of beaver dams across a watershed can greatly enhance natural water storage and dampen annual hydrographs
MT_SWAP_2025_draft,.context.management_scale.city,NA,NA,NA,FALSE,
MT_SWAP_2025_draft,.context.management_scale.city,NA,NA,NA,FALSE,
MT_SWAP_2025_draft,.context.management_scale.city,NA,NA,NA,FALSE,
MT_SWAP_2025_draft,.context.management_scale.county,Botulism (Presence in Montana),1,TRUE,TRUE,"Outbreaks in the early 2000s in Montana killed thousands of ducks, pelicans, and gulls, and a more recent outbreak in 2019 caused die-offs in ducks and shorebirds"
MT_SWAP_2025_draft,.context.management_scale.within_state_region,Selecting Aquatic HGCN,0.4874,FALSE,TRUE,"The SWAP Habitat Team decided to use the NVC to identify terrestrial HGCN for the 2025 SWAP... Flowing water communities were categorized using: geographic areas (Statewide, Northern Rockies, Middle R"
MT_SWAP_2025_draft,.context.management_scale.state,EXECUTIVE SUMMARY,1,TRUE,TRUE,Montana's 2025 SWAP identifies 375 Species of Greatest Conservation Need (SGCN) and 98 Species of Greatest Information Need (SGIN).
MT_SWAP_2025_draft,.context.management_scale.multistate,CHAPTER 8: WILDLIFE CONNECTIVITY,1,TRUE,TRUE,"Many avian species migrate at a continental scale, emphasizing the need for full life-cycle species conservation that may cross state and international boundaries."
MT_SWAP_2025_draft,.context.management_scale.national,NA,NA,NA,FALSE,
MT_SWAP_2025_draft,.context.management_scale.national,NA,NA,NA,FALSE,
MT_SWAP_2025_draft,.context.management_scale.national,NA,NA,NA,FALSE,
MT_SWAP_2025_draft,.context.management_scale.transnational,CHAPTER 8: WILDLIFE CONNECTIVITY,1,TRUE,TRUE,cross-boundary management and conservation issues that can be at the international scale for some species
MT_SWAP_2025_draft,.context.management_scale.ecosystem,CHAPTER 8: WILDLIFE CONNECTIVITY,1,TRUE,TRUE,connectivity maintains genetic diversity by preventing populations from becoming isolated and allows species to shift their ranges to track suitable conditions in response to changing environmental co
MT_SWAP_2025_draft,.context.management_scale.ecoregion,Selecting Aquatic HGCN,0.3182,FALSE,TRUE,The plan addresses both site-level habitat stewardship and landscape-level connectivity across nine ecoregions.
MT_SWAP_2025_draft,.context.management_scale.province,NA,NA,NA,FALSE,
MT_SWAP_2025_draft,.context.management_scale.province,NA,NA,NA,FALSE,
MT_SWAP_2025_draft,.context.management_scale.province,NA,NA,NA,FALSE,
MT_SWAP_2025_draft,.context.management_scale.section,NA,NA,NA,FALSE,
MT_SWAP_2025_draft,.context.management_scale.section,NA,NA,NA,FALSE,
MT_SWAP_2025_draft,.context.management_scale.section,NA,NA,NA,FALSE,
MT_SWAP_2025_draft,.context.management_scale.subsection,NA,NA,NA,FALSE,
MT_SWAP_2025_draft,.context.management_scale.subsection,NA,NA,NA,FALSE,
MT_SWAP_2025_draft,.context.management_scale.subsection,NA,NA,NA,FALSE,
MT_SWAP_2025_draft,.context.management_scale.lake,Selecting Aquatic HGCN,1,TRUE,TRUE,"large lakes, small lakes/ponds, alpine lakes with fish, alpine lakes without fish, large reservoirs, small permanent reservoirs, and small seasonal reservoirs"
MT_SWAP_2025_draft,.context.management_scale.river,Rivers and Streams,1,TRUE,TRUE,"Montana is covered in a network of stream and river drainages that can take the form of everything from a small, crystal-clear seep or spring with barely a trickle of water to a giant muddy river"
MT_SWAP_2025_draft,.context.management_scale.district,NA,NA,NA,FALSE,
MT_SWAP_2025_draft,.context.management_scale.district,NA,NA,NA,FALSE,
MT_SWAP_2025_draft,.context.management_scale.district,NA,NA,NA,FALSE,
MT_SWAP_2025_draft,.context.biological_unit_score,EXECUTIVE SUMMARY,1,TRUE,TRUE,Montana's 2025 SWAP identifies 375 Species of Greatest Conservation Need (SGCN) and 98 Species of Greatest Information Need (SGIN).
MT_SWAP_2025_draft,.context.biological_unit_score,EXECUTIVE SUMMARY,1,TRUE,TRUE,Montana's 2025 SWAP identifies 52 Habitats of Greatest Conservation Need (HGCN).
MT_SWAP_2025_draft,.context.biological_unit_components.species,Changes in Temperature Regimes (grassland bird threats),1,TRUE,TRUE,"Changes in temperature can lengthen growing seasons, increase non-native vegetation monocultures, and impact the timing of the breeding season of grassland birds and cause their range to expand or con"
MT_SWAP_2025_draft,.context.biological_unit_components.population,CHAPTER 8: WILDLIFE CONNECTIVITY,0.9861,TRUE,TRUE,"Many nongame animals often exist in metapopulations-partially isolated groups connected through dispersal. Their movements may span long distances, linking between protected areas, riparian corridors,"
MT_SWAP_2025_draft,.context.biological_unit_components.habitat,EXECUTIVE SUMMARY,1,TRUE,TRUE,Montana's 2025 SWAP identifies 52 Habitats of Greatest Conservation Need (HGCN). Terrestrial HGCN were identified by selecting categories from the U.S. National Vegetation Classification
MT_SWAP_2025_draft,.context.biological_unit_components.ecosystem,CHAPTER 8: WILDLIFE CONNECTIVITY,1,TRUE,TRUE,connectivity maintains genetic diversity by preventing populations from becoming isolated and allows species to shift their ranges to track suitable conditions in response to changing environmental co
MT_SWAP_2025_draft,.context.biological_unit_components.community,Changes in Temperature Regimes (Green-tailed Towhee threats),1,TRUE,TRUE,Shifts in bioclimatic envelopes need to be considered in the context of land cover to determine if suitable habitat will be available in the future.
MT_SWAP_2025_draft,.context.biological_unit_components.genotype_phenotype,NA,NA,NA,FALSE,
MT_SWAP_2025_draft,.context.biological_unit_components.genotype_phenotype,NA,NA,NA,FALSE,
MT_SWAP_2025_draft,.context.biological_unit_components.genotype_phenotype,NA,NA,NA,FALSE,
MT_SWAP_2025_draft,.context.partnerships_and_funding,EXECUTIVE SUMMARY,1,TRUE,TRUE,"FWP is responsible for leading the development of the SWAP, but the 2025 revision was a collaborative effort, involving 95 individuals and staff from 15 organizations, as well as hundreds of partners "
MT_SWAP_2025_draft,.context.partnerships_and_funding,Roadmap to the Eight Required Elements,1,TRUE,TRUE,"FWP also received more data and information to inform this SWAP revision than any past revision, and the combined work of the SWAP coordinator and another new position, the nongame biometrician, allow"
MT_SWAP_2025_draft,.context.partnerships_and_funding,Monitoring the Effectiveness of Montana's SWAP,1,TRUE,TRUE,"FWP is working in collaboration with MTNHP to build a forthcoming SWAP dashboard, which we will use to track conservation actions implemented in relation to SGCN, HGCN, and other SWAP objectives."
MT_SWAP_2025_draft,.context.climate_threat_habitat_degradation,"Changes in Temperature Regimes (HGCN threats — Grasslands, Shrublands, Forest)",1,TRUE,TRUE,"Habitat alteration due to rapid changes in hydrological and temperature regimes (e.g., changes in plant phenology creating a mismatch between arrival/emergence of wildlife/pollinators and flowering, s"
MT_SWAP_2025_draft,.context.climate_threat_habitat_degradation,Fire & Fire Suppression (White-tailed Ptarmigan / riparian section),1,TRUE,TRUE,Severe wildfires outside the normal range of variation driven by long-term fire suppression and a drier climate directly destroy habitat in valley bottoms and along streams.
MT_SWAP_2025_draft,.context.climate_threat_habitat_degradation,Piping Plover Threats and Conservation Actions,1,TRUE,TRUE,"Decreased waterflow from climate change can decrease or alter nesting habitat (e.g., decreased space, proximity to vegetation). Draining of wetlands in the Prairie Pothole Region, often in connection "
MT_SWAP_2025_draft,.context.climate_threat_species_vital_rates,Changes in Temperature Regimes (bat species threats),1,TRUE,TRUE,"Negative impacts to survival and/or reproduction due to climate change-driven processes such as warming temperatures, extreme weather events (e.g., heat-induced pup die offs at maternity colonies) and"
MT_SWAP_2025_draft,.context.climate_threat_species_vital_rates,Changes in Temperature Regimes (Eastern Screech-Owl threats),1,TRUE,TRUE,"Climate change can increase beetle/pest outbreaks and loss of canopy cover. Hotter, drier summers can increase fire risk, especially high-severity fires, and loss of canopy cover, and can increase str"
MT_SWAP_2025_draft,.context.climate_threat_species_vital_rates,Proliferative Kidney Disease (Climate Sensitivity section),1,TRUE,TRUE,Warming waters and changes in precipitation patterns in the Northern hemisphere have led to an increase in PKD outbreaks and disease severity
MT_SWAP_2025_draft,.context.climate_threat_biotic_stressors,Changes in Precipitation & Hydrological Regimes (grassland bird threats),1,TRUE,TRUE,"Increased precipitation in the spring could increase nonnative vegetation monocultures (Cheatgrass, Sweatclover, Kentucky Bluegrass, Smooth Brome) and woody vegetation expansion."
MT_SWAP_2025_draft,.context.climate_threat_biotic_stressors,CHAPTER 9: WILDLIFE DISEASE (Introduction),1,TRUE,TRUE,"Climate variability, species range expansions, biodiversity loss, habitat change, and human activities (e.g., agriculture, recreation, transportation) can alter the distribution of hosts and pathogens"
MT_SWAP_2025_draft,.context.climate_threat_biotic_stressors,Changes in Temperature Regimes (grassland bird threats),1,TRUE,TRUE,"Changes in temperature can lengthen growing seasons, increase non-native vegetation monocultures, and impact the timing of the breeding season of grassland birds and cause their range to expand or con"
MT_SWAP_2025_draft,.actions.priority_habitat_identification,Bull Trout Threats and Conservation Actions,1,TRUE,TRUE,Identify and prioritize conservation areas that are less vulnerable to climate-driven stream changes.
MT_SWAP_2025_draft,.actions.priority_habitat_identification,CHAPTER 6: FOCAL AREAS,1,TRUE,TRUE,"For the 2025 SWAP, we are developing a suite of focal areas maps that are focused on conservation actions that can be taken to address threats to HGCN. We will do this by integrating spatial distribut"
MT_SWAP_2025_draft,.actions.priority_habitat_identification,North American Porcupine Threats and Conservation Actions,0.3884,FALSE,TRUE,Work with land management agencies to identify priority areas that would provide potential climate refugia for porcupines.
MT_SWAP_2025_draft,.actions.targeted_range_shift_actions,Bull Trout Threats and Conservation Actions,1,TRUE,TRUE,Explore opportunities to introduce Bull Trout into novel habitats that are predicted to remain suitable long-term in the face of climate change. Explore reintroductions into areas where limiting facto
MT_SWAP_2025_draft,.actions.targeted_range_shift_actions,CHAPTER 8: WILDLIFE CONNECTIVITY,1,TRUE,TRUE,connectivity maintains genetic diversity by preventing populations from becoming isolated and allows species to shift their ranges to track suitable conditions in response to changing environmental co
MT_SWAP_2025_draft,.actions.time_bound_and_monitoring,Roadmap to the Eight Required Elements,0.9712,TRUE,TRUE,Prioritization will happen outside of the 10-year life of the SWAP in a separate SWAP Implementation Plan that is updated on a 3-year cycle.
MT_SWAP_2025_draft,.actions.time_bound_and_monitoring,Monitoring the Effectiveness of Montana's SWAP,1,TRUE,TRUE,"FWP is working in collaboration with MTNHP to build a forthcoming SWAP dashboard, which we will use to track conservation actions implemented in relation to SGCN, HGCN, and other SWAP objectives. By t"
MT_SWAP_2025_draft,.actions.time_bound_and_monitoring,EXECUTIVE SUMMARY,1,TRUE,TRUE,"Monitoring is therefore a major component of the 2025 SWAP. While it is impossible to monitor the effects of all the different forms of conservation work in the state, we provide a strategy for tracki"
MT_SWAP_2025_draft,.actions.evidence_of_efficacy,North American Beaver (Threats and Conservation Actions),1,TRUE,TRUE,"beavers can also restore degraded habitats, and they can do it faster and cheaper than humans working alone (Pollock et al. 2014, 2017, Wheaton et al. 2019)."
MT_SWAP_2025_draft,.actions.evidence_of_efficacy,Monitoring the Effectiveness of Conservation Actions,1,TRUE,TRUE,"For some actions, there is reasonable evidence to support their effectiveness (e.g., https://www.conservationevidence.com/), so project-specific effectiveness monitoring would not provide enough addit"
MT_SWAP_2025_draft,.actions.evidence_of_efficacy,North American Beaver (Chapter 7),1,TRUE,TRUE,"In 2022, biologists with FWP and the Montana Natural Heritage Program (MTNHP) conducted a literature review and expert analysis on the impacts of beaver activity on the 128 SGCN identified in the 2015"
MT_SWAP_2025_draft,.actions.adaptation_planning_frameworks,CHAPTER 9: WILDLIFE DISEASE (Conservation Actions section),1,TRUE,TRUE,Using adaptive management frameworks will increase the capacity and ability to respond to shifting conditions.
MT_SWAP_2025_draft,.actions.adaptation_planning_frameworks,Elements 3 & 4: Threats/Stressors and Actions (Table 3),1,TRUE,TRUE,Added information on adapting conservation actions to respond to changing conditions. Conditions could change within the lifespan of a SWAP that could affect the recommendations in the document and so
NC_SWAP_2025,.concepts.climate_vulnerability,"Chapter 3, Introduction",0.2979,FALSE,TRUE,Understanding why species and ecosystems are vulnerable or potentially less resilient is a critical first step in developing effective conservation strategies. This vulnerability is based on sensitivi
NC_SWAP_2025,.concepts.climate_vulnerability,"Chapter 4, Spruce-Fir Forests, Climate Change Compared to Other Threats",1,TRUE,TRUE,"This ecosystem is among the most vulnerable to the effects of climate change of any in the state. Given the high number of endemic and disjunct species, it is also the ecosystem where threats to biodi"
NC_SWAP_2025,.concepts.climate_vulnerability,"Chapter 3, Reptiles, Conservation Concerns (and paralleled in multiple chapters)",0.3113,FALSE,TRUE,Species with low adaptive capacity such as those with specialized habitat needs or limited dispersal ability face higher vulnerability to these changes.
NC_SWAP_2025,.concepts.adaptive_capacity_specificity,"Chapter 4, Coldwater Systems, Impacts to Wildlife",1,TRUE,TRUE,"Trout populations in our state are already at the southern end of their range, and the native Brook Trout should be a species considered vulnerable to extinction in this ecosystem group. They typicall"
NC_SWAP_2025,.concepts.adaptive_capacity_specificity,"Chapter 3, Mammals, Threats and Problems",1,TRUE,TRUE,high-elevation forests inhabited by Carolina Northern Flying Squirrel (CNFS) are threatened by climate change and mortality of Fraser Fir and Eastern Hemlock. The Southern Flying Squirrel's range has 
NC_SWAP_2025,.concepts.adaptive_capacity_components.demography,"Chapter 4, Coldwater Systems (implied framing throughout freshwater mussel discussions)",0.3333,FALSE,TRUE,Low reproductive output combined with high adult mortality reduces this species' demographic capacity to absorb climate-driven losses.
NC_SWAP_2025,.concepts.adaptive_capacity_components.distribution,"Chapter 3, Mammals, Threats and Problems",1,TRUE,TRUE,"the Southern Flying Squirrel's range has expanded into higher elevations, likely due to changes in seasonal temperatures and changes in habitat structure and composition."
NC_SWAP_2025,.concepts.adaptive_capacity_components.movement,"Chapter 4, Coldwater Systems, Recommendations",1,TRUE,TRUE,"As water temperatures change and become warmer at lower elevations, many species that require colder temperature streams may not be able to migrate if there are barriers to movement."
NC_SWAP_2025,.concepts.adaptive_capacity_components.evolutionary_potential,"Chapter 3, Taxa Team SGCN Evaluation Process",1,TRUE,TRUE,Conservation priorities need to include the greatest variety of biological diversity possible as a means of ensuring that genetic diversity and ecosystem services remain viable as our environment is c
NC_SWAP_2025,.concepts.adaptive_capacity_components.ecological_dependencies,"Chapter 4, Large Creeks/Small Rivers, Impacts to Wildlife",1,TRUE,TRUE,"There is a life history link between freshwater mussels and fish, and the mechanisms or effects of phenological disruptions are unknown at this time. Freshwater mussel larvae (glochidia) are dependent"
NC_SWAP_2025,.concepts.adaptive_capacity_components.abiotic_niche,"Chapter 4, Coldwater Systems (paraphrased from multiple habitat sections)",0.3092,FALSE,TRUE,"Species' physiological limits are tested as shifting temperatures, altered hydrology, and changing seasonal cues affect survival, reproduction, and migration."
NC_SWAP_2025,.concepts.adaptive_capacity_components.abiotic_niche,"Chapter 4, Coldwater Systems, Impacts to Wildlife",1,TRUE,TRUE,"Typically, trout are unable to survive in waters where temperatures rise above 20°C-24°C during summer. Because of the already limited range of trout in North Carolina, it is unlikely these fish will "
NC_SWAP_2025,.concepts.adaptive_capacity_components.life_history,"Chapter 3, Reptiles (American Alligator discussion—growth rates and reproduction referenced as climate-sensitive)",0.3186,FALSE,TRUE,"Long-lived, late-maturing species have less capacity to track rapid climate change through evolutionary adaptation."
NC_SWAP_2025,.concepts.connectivity,"Chapter 4, Statewide Aquatic Community Recommendations, Management Practices",1,TRUE,TRUE,Protect potential migration corridors and preserve connectivity that allows for species and ecosystem migration.
NC_SWAP_2025,.concepts.connectivity,"Chapter 6, Conservation Opportunity Areas, 2025 COAs",1,TRUE,TRUE,the Blueprint connectivity analysis ensures North Carolina's 2025 SWAP COAs do not become isolated islands of conservation but instead provide opportunities for species movement. This approach is cons
NC_SWAP_2025,.concepts.connectivity,"Chapter 6, Southeast Conservation Blueprint",0.4951,FALSE,TRUE,The Blueprint is based on a suite of natural and cultural resource indicators... It also includes a connectivity analysis that identifies corridors that link coastal and inland areas and span climate 
NC_SWAP_2025,.tools.vulnerability_models,"Chapter 4, Introduction",1,TRUE,TRUE,The community descriptions incorporate a subset of the climate change vulnerability assessments conducted by the NC Natural Heritage Program (NCNHP) with other resource agencies in 2010 and updates dr
NC_SWAP_2025,.tools.vulnerability_models,"Appendix 5, Reference Document 5-2, A Closer Look at Appalachian Species",0.6944,FALSE,TRUE,The first of these assessment approaches for climate vulnerability are NatureServe Climate Change Vulnerability Index (CCVI) assessments. CCVI assessments combine a worksheet-based exercise informed b
NC_SWAP_2025,.tools.niche_models,"Appendix 5, Reference Document 5-2",0.67490000000000006,FALSE,TRUE,Ecological niche models (also called species distribution models) are a common approach for evaluating a species' vulnerability to climate change by the academic research community... these models all
NC_SWAP_2025,.tools.climate_models,"Chapter 4, Spruce-Fir Forests, Climate Change Compared to Other Threats",0.346,FALSE,TRUE,"Annual average temperatures are projected to increase at least 2 to 4°F by 2050. By the end of the century (2100), annual average temperatures are projected to increase 5 to 10°F under a higher emissi"
NC_SWAP_2025,.tools.connectivity_models,"Appendix 6, Reference Document 6-2",0.3442,FALSE,TRUE,"Using hubs and corridors from the Southeast Conservation Blueprint connectivity analysis ensures that the NC COAs do not become isolated islands of conservation, but instead provide opportunities for "
NC_SWAP_2025,.tools.connectivity_models,"Chapter 6, Southeast Conservation Blueprint",1,TRUE,TRUE,"The Blueprint is based on a suite of natural and cultural resource indicators representing terrestrial, freshwater, and marine ecosystems. It also includes a connectivity analysis that identifies corr"
NC_SWAP_2025,.context.management_scale.local,NA,NA,NA,FALSE,
NC_SWAP_2025,.context.management_scale.local,NA,NA,NA,FALSE,
NC_SWAP_2025,.context.management_scale.local,NA,NA,NA,FALSE,
NC_SWAP_2025,.context.management_scale.site,"Chapter 4, multiple sections, Monitoring",1,TRUE,TRUE,Long-term monitoring sites need to be identified and monitoring protocols developed for all priority species.
NC_SWAP_2025,.context.management_scale.watershed,"Chapter 4, Coldwater Systems, Conservation Programs and Partnerships",0.9231,TRUE,TRUE,Plant riparian areas with native vegetation with a broad elevational range within a particular watershed and with broad hydrologic tolerance to promote resiliency from climate change.
NC_SWAP_2025,.context.management_scale.city,NA,NA,NA,FALSE,
NC_SWAP_2025,.context.management_scale.city,NA,NA,NA,FALSE,
NC_SWAP_2025,.context.management_scale.city,NA,NA,NA,FALSE,
NC_SWAP_2025,.context.management_scale.county,NA,NA,NA,FALSE,
NC_SWAP_2025,.context.management_scale.county,NA,NA,NA,FALSE,
NC_SWAP_2025,.context.management_scale.county,NA,NA,NA,FALSE,
NC_SWAP_2025,.context.management_scale.within_state_region,"Chapter 4, Broad River Basin",1,TRUE,TRUE,"The NCNHP has identified numerous Significant Natural Heritage Areas, Dedicated Nature Preserves, and Managed Areas in the basin that represent exceptionally rare natural communities and features that"
NC_SWAP_2025,.context.management_scale.state,"Chapter 1, Report Organization and Format",1,TRUE,TRUE,"North Carolina's SWAP not only fulfills the requirements set forth by Congress, but it also serves as a practical and essential resource for planning and implementing future fish and wildlife conserva"
NC_SWAP_2025,.context.management_scale.multistate,"Chapter 4, Large Creeks/Small Rivers, Conservation Programs and Partnerships",0.3011,FALSE,TRUE,Participating in mutual planning with adjacent states for regional species concerns because some priority species are likely to expand their range due to climate change impacts.
NC_SWAP_2025,.context.management_scale.national,"Appendix 6, Reference Document 6-1",1,TRUE,TRUE,"SECAS brings together state and federal agencies, nonprofit organizations, private landowners and businesses, Tribes, partnerships, and universities around a shared vision: a connected network of land"
NC_SWAP_2025,.context.management_scale.transnational,NA,NA,NA,FALSE,
NC_SWAP_2025,.context.management_scale.transnational,NA,NA,NA,FALSE,
NC_SWAP_2025,.context.management_scale.transnational,NA,NA,NA,FALSE,
NC_SWAP_2025,.context.management_scale.ecosystem,"Chapter 4, Spruce-Fir Forests",1,TRUE,TRUE,This ecosystem is among the most vulnerable to the effects of climate change of any in the state.
NC_SWAP_2025,.context.management_scale.ecoregion,"Chapter 3, Species and Habitat Associations",0.3519,FALSE,TRUE,"A species-habitat matrix is organized by ecoregions of the state (Mountain, Piedmont, Sandhills, and Coastal Plain) for the aquatic, wetland, and terrestrial communities"
NC_SWAP_2025,.context.management_scale.province,NA,NA,NA,FALSE,
NC_SWAP_2025,.context.management_scale.province,NA,NA,NA,FALSE,
NC_SWAP_2025,.context.management_scale.province,NA,NA,NA,FALSE,
NC_SWAP_2025,.context.management_scale.section,NA,NA,NA,FALSE,
NC_SWAP_2025,.context.management_scale.section,NA,NA,NA,FALSE,
NC_SWAP_2025,.context.management_scale.section,NA,NA,NA,FALSE,
NC_SWAP_2025,.context.management_scale.subsection,NA,NA,NA,FALSE,
NC_SWAP_2025,.context.management_scale.subsection,NA,NA,NA,FALSE,
NC_SWAP_2025,.context.management_scale.subsection,NA,NA,NA,FALSE,
NC_SWAP_2025,.context.management_scale.lake,"Chapter 6, State-owned Public Lands",0.9057,TRUE,TRUE,"Lake Waccamaw State Park in the Coastal Plain ecoregion features one of the largest natural Carolina bays in the state, and it is home to several unique plants and animals-some of which exist only at "
NC_SWAP_2025,.context.management_scale.river,"Chapter 6, Cape Fear River Partnership",1,TRUE,TRUE,"The Cape Fear River Partnership was formed in 2011 to restore and demonstrate the value of robust, productive, and self-sustaining stocks of migratory fish in the Cape Fear River."
NC_SWAP_2025,.context.management_scale.district,NA,NA,NA,FALSE,
NC_SWAP_2025,.context.management_scale.district,NA,NA,NA,FALSE,
NC_SWAP_2025,.context.management_scale.district,NA,NA,NA,FALSE,
NC_SWAP_2025,.context.biological_unit_score,"Chapter 1, Report Organization and Format",1,TRUE,TRUE,"Chapter 4 contains descriptions of aquatic, wetland, and terrestrial communities based on four primary ecoregions with a list of priority natural communities for conservation."
NC_SWAP_2025,.context.biological_unit_score,"Chapter 3, Statewide Priority Recommendations for All Species",1,TRUE,TRUE,Conservation and management actions that result in a large and diverse pool of populations will ensure that species will be able to survive future stressors and adapt to changing climate conditions.
NC_SWAP_2025,.context.biological_unit_components.species,"Chapter 3, Amphibians, Conservation Concerns",1,TRUE,TRUE,Climate change is recognized as a major threat to amphibian biodiversity and the Amphibian Conservation Action Plan identifies gaps in scientific knowledge and general management actions for amphibian
NC_SWAP_2025,.context.biological_unit_components.population,"Chapter 3, Statewide Priority Recommendations for All Species",1,TRUE,TRUE,Conservation and management actions that result in a large and diverse pool of populations will ensure that species will be able to survive future stressors and adapt to changing climate conditions.
NC_SWAP_2025,.context.biological_unit_components.habitat,"Chapter 4, Introduction",1,TRUE,TRUE,The community descriptions incorporate a subset of the climate change vulnerability assessments conducted by the NC Natural Heritage Program (NCNHP) with other resource agencies in 2010 and updates dr
NC_SWAP_2025,.context.biological_unit_components.ecosystem,"Chapter 4, Spruce-Fir Forests",1,TRUE,TRUE,"This ecosystem is among the most vulnerable to the effects of climate change of any in the state. Given the high number of endemic and disjunct species, it is also the ecosystem where threats to biodi"
NC_SWAP_2025,.context.biological_unit_components.community,"Chapter 4, Estuarine Wetland Communities",1,TRUE,TRUE,Coastal marshes in North Carolina are not gaining in elevation at a pace sufficient to keep up with sea level rise
NC_SWAP_2025,.context.biological_unit_components.genotype_phenotype,NA,NA,NA,FALSE,
NC_SWAP_2025,.context.biological_unit_components.genotype_phenotype,NA,NA,NA,FALSE,
NC_SWAP_2025,.context.biological_unit_components.genotype_phenotype,NA,NA,NA,FALSE,
NC_SWAP_2025,.context.partnerships_and_funding,"Chapter 3, Mammals, Additional Information",1,TRUE,TRUE,"In 2025, the NCWRC and USFWS completed an MOU outlining how the two agencies will collaborate in a North Carolina Red Wolf Team to further the purposes of the Red Wolf Recovery Plan and Red Wolf Imple"
NC_SWAP_2025,.context.partnerships_and_funding,"Chapter 3, Amphibians, Monitoring",1,TRUE,TRUE,NCWRC biologists and partners have been collecting and analyzing skin swabs from more than 30 different salamander and six frog species in the Mountain ecoregion as a means of detecting the presence o
NC_SWAP_2025,.context.partnerships_and_funding,"Chapter 6, Southeast Conservation Blueprint",0.6325,FALSE,TRUE,"The Southeast Conservation Adaptation Strategy (SECAS) develops and supports the Southeast Conservation Blueprint... So far, more than 2,500 people from over 650 different organizations have actively "
NC_SWAP_2025,.context.climate_threat_habitat_degradation,"Chapter 4, Estuarine Wetland Communities, Climate Change Compared to Other Threats",0.8006,FALSE,TRUE,"Coastal marshes in North Carolina are not gaining in elevation at a pace sufficient to keep up with sea level rise. Further, eutrophication of salt marshes can increase aboveground biomass and decreas"
NC_SWAP_2025,.context.climate_threat_habitat_degradation,"Chapter 4, Estuarine Wetland Communities, Climate Change Compared to Other Threats",1,TRUE,TRUE,"Saltwater intrusion has created 'ghost' forests, acres of dead trees that were associated with freshwaters that have been infiltrated by higher salinity waters."
NC_SWAP_2025,.context.climate_threat_habitat_degradation,"Chapter 4, Spruce-Fir Forests, Problems Affecting Habitats",1,TRUE,TRUE,Wildfires have carried through the otherwise mesic spruce zone during periods of extreme drought.
NC_SWAP_2025,.context.climate_threat_species_vital_rates,"Chapter 3, Birds, Marsh Birds",1,TRUE,TRUE,Their populations have experienced a 90% decline since the 1990s. They are declining at a rate of 9% per year likely due to loss of high-elevation coastal marsh habitat from a high rate of sea level r
NC_SWAP_2025,.context.climate_threat_species_vital_rates,"Chapter 3, Marine Species, Threats and Problems (implied from heatwave discussion)",0.35,FALSE,TRUE,Mass mortality events have been observed in intertidal communities following recent marine heatwaves.
NC_SWAP_2025,.context.climate_threat_biotic_stressors,"Chapter 3, Crayfishes, Threats and Problems",1,TRUE,TRUE,"factors that can increase water temperatures (e.g., urbanization, climate change, increasing groundwater temperatures) can facilitate movement of invasive species into waters not previously occupied"
NC_SWAP_2025,.context.climate_threat_biotic_stressors,"Chapter 4, Spruce-Fir Forests, Climate Change Compared to Other Threats",0.9762,TRUE,TRUE,Mild winters presumably will lead to invasion by species from lower elevation. This will eventually lead to competitive exclusion of distinctive Spruce-Fir species from the lower parts of their elevat
NC_SWAP_2025,.context.climate_threat_biotic_stressors,"Chapter 3, Mammals, Threats and Problems",1,TRUE,TRUE,"the Southern Flying Squirrel's range has expanded into higher elevations, likely due to changes in seasonal temperatures and changes in habitat structure and composition. Southern Flying Squirrels pos"
NC_SWAP_2025,.actions.priority_habitat_identification,"Chapter 6, Section 6.3.1, Conservation Opportunity Areas",1,TRUE,TRUE,Figure 6.3-1. Map depicting NC and adjacent state COAs developed by SECAS for 2025 SWAPs
NC_SWAP_2025,.actions.priority_habitat_identification,"Chapter 6, Conservation Opportunity Areas, 2025 COAs",1,TRUE,TRUE,"The 2025 COAs identified in this analysis span 16.8 million acres, covering about 52% of the state's inland landscapes"
NC_SWAP_2025,.actions.priority_habitat_identification,"Chapter 6, Conservation Opportunity Areas, 2025 COAs",1,TRUE,TRUE,"The results of the 2025 COA analysis are classified into three tiers of priority based on the known presence of SGCN and established aquatic focus areas (e.g., 2015 riparian COAs), ecological connecti"
NC_SWAP_2025,.actions.targeted_range_shift_actions,"Chapter 4, Statewide Aquatic Community Recommendations, Management Practices",1,TRUE,TRUE,Protect potential migration corridors and preserve connectivity that allows for species and ecosystem migration.
NC_SWAP_2025,.actions.targeted_range_shift_actions,"Chapter 4, Estuarine Aquatic Communities, Conservation Programs and Partnerships",1,TRUE,TRUE,Protect conservation corridors that run from shorelines inland to facilitate habitat migration
NC_SWAP_2025,.actions.targeted_range_shift_actions,"Chapter 4, Estuarine Wetland Communities, Management Practices",1,TRUE,TRUE,"Allow barrier islands to migrate, as it increases their chance of survival and reduces the chance of sudden and drastic changes in tidal regime in the estuaries."
NC_SWAP_2025,.actions.time_bound_and_monitoring,"Chapter 4, multiple aquatic community sections, Monitoring",0.9238,TRUE,TRUE,Long-term monitoring is critical to assessing species and ecosystem health and gauging the resilience of organisms to a changing climate. These monitoring efforts will inform future decisions on how t
NC_SWAP_2025,.actions.time_bound_and_monitoring,"Chapter 4, Spruce-Fir Forests, Monitoring",1,TRUE,TRUE,Monitor phenology of priority species and Spruce-Fir communities in relation to climate change. Monitor microhabitat and microclimate characteristics in Spruce-Fir salamander communities in relation t
NC_SWAP_2025,.actions.evidence_of_efficacy,"Chapter 3, Amphibians, Management Needs",1,TRUE,TRUE,two wetlands restored in the Sandhills by the NCWRC exhibited greater numbers of species after restoration than before. One pond supported only three species of amphibians prior to restoration efforts
NC_SWAP_2025,.actions.evidence_of_efficacy,"Appendix 2, Success Story - Wood Stork",0.7445,FALSE,TRUE,"Wood Storks were first detected in North Carolina in 2005 during an aerial survey by NCWRC biologists for Bald Eagle nests. Since then, NCWRC has been providing annual updates on Wood Stork population"
NC_SWAP_2025,.actions.evidence_of_efficacy,"Chapter 3, Amphibians, Knowledge Gaps",1,TRUE,TRUE,Studies that assess the effectiveness of specific actions and application of general adaptation management principles for amphibian SGCN should be targeted at high-risk areas as well as resilient loca
NC_SWAP_2025,.actions.adaptation_planning_frameworks,"Chapter 5, Climate Change, Incorporating Climate Change",0.9104,TRUE,TRUE,The AFWA 2022 (2nd Edition) Voluntary Guidance for States to Incorporate Climate Adaptation in State Wildlife Action Plans provides recommended steps for developing and implementing adaptation strateg
NC_SWAP_2025,.actions.adaptation_planning_frameworks,"Chapter 5, Climate Change, Incorporating Climate Change",1,TRUE,TRUE,"In 2024, the NCWRC developed its first Climate Resiliency Strategy (herein referred to as 'the Strategy') to ensure the responsible management and protection of the state's ecosystems and species"
NC_SWAP_2025,.actions.adaptation_planning_frameworks,"Appendix 5, Reference Document 5-2, Adaptation Strategies",1,TRUE,TRUE,"Two well-known examples of frameworks include the Resist-Accept-Direct (RAD) Framework developed by the U.S. National Park Service and the Climate Adaptation in Practice: Resistance, Resilience and Tr"
ND_SWAP_2025,.concepts.climate_vulnerability,Adapting to a Changing Climate,1,TRUE,TRUE,"Climate change can impact fish, wildlife, and the habitats they depend on in significant ways: shifts in species ranges, changes in behavioral or morphological traits, shifts in phenology, changes in "
ND_SWAP_2025,.concepts.climate_vulnerability,Adapting to a Changing Climate,0.2848,FALSE,TRUE,Species with low adaptive capacity such as those with specialized habitat needs or limited dispersal ability face higher vulnerability to these changes.
ND_SWAP_2025,.concepts.climate_vulnerability,Baird's Sparrow Centronyx bairdii,1,TRUE,TRUE,"Classified as climate-endangered, Baird's Sparrow is projected to lose more than half of its current distribution by 2050, with no net gains of new areas (Audubon)."
ND_SWAP_2025,.concepts.adaptive_capacity_specificity,Adapting to a Changing Climate,0.2848,FALSE,TRUE,Species with low adaptive capacity such as those with specialized habitat needs or limited dispersal ability face higher vulnerability to these changes.
ND_SWAP_2025,.concepts.adaptive_capacity_specificity,Dakota Skipper (Threats),1,TRUE,TRUE,This species does not have the ability to move great distance so suitable sites may be absent of Dakota Skipper from lack of immigration from other populations.
ND_SWAP_2025,.concepts.adaptive_capacity_components.demography,NA,NA,NA,FALSE,
ND_SWAP_2025,.concepts.adaptive_capacity_components.demography,NA,NA,NA,FALSE,
ND_SWAP_2025,.concepts.adaptive_capacity_components.demography,NA,NA,NA,FALSE,
ND_SWAP_2025,.concepts.adaptive_capacity_components.distribution,Effects of climate change on the distribution of Dakota skippers,1,TRUE,TRUE,"Their analysis showed that by the year 2100, most of the suitable habitat for Dakota skipper in the Northern Great Plains, including North Dakota, will be lost and shifted further north"
ND_SWAP_2025,.concepts.adaptive_capacity_components.movement,Adapting to a Changing Climate,0.2848,FALSE,TRUE,Species with low adaptive capacity such as those with specialized habitat needs or limited dispersal ability face higher vulnerability to these changes.
ND_SWAP_2025,.concepts.adaptive_capacity_components.movement,Dakota Skipper (Threats),1,TRUE,TRUE,This species does not have the ability to move great distance so suitable sites may be absent of Dakota Skipper from lack of immigration from other populations.
ND_SWAP_2025,.concepts.adaptive_capacity_components.evolutionary_potential,NA,NA,NA,FALSE,
ND_SWAP_2025,.concepts.adaptive_capacity_components.evolutionary_potential,NA,NA,NA,FALSE,
ND_SWAP_2025,.concepts.adaptive_capacity_components.evolutionary_potential,NA,NA,NA,FALSE,
ND_SWAP_2025,.concepts.adaptive_capacity_components.ecological_dependencies,Indiscriminate Cuckoo Bumble Bee (Threats),0.7962,FALSE,TRUE,Specialist pollinators with single host plant species... Cuckoo bees are kleptoparasitic and depend on other bee species to host their young. Declines of host species play a large role in the declines
ND_SWAP_2025,.concepts.adaptive_capacity_components.abiotic_niche,Effects of climate change on the distribution of regal fritillaries,0.5541,FALSE,TRUE,"under a moderate warming scenario, regal fritillary distributions would be expected to shift northward... However, when considering more extreme climate warming scenarios, the habitat use of this butt"
ND_SWAP_2025,.concepts.adaptive_capacity_components.life_history,NA,NA,NA,FALSE,
ND_SWAP_2025,.concepts.adaptive_capacity_components.life_history,NA,NA,NA,FALSE,
ND_SWAP_2025,.concepts.adaptive_capacity_components.life_history,NA,NA,NA,FALSE,
ND_SWAP_2025,.concepts.connectivity,Climate Case Study: Climate Resiliency and Management Planning,1,TRUE,TRUE,Climate resiliency identifies lands and waters that can properly function under changing climate conditions. These areas are prioritized based on landscape diversity and connectedness. Components of t
ND_SWAP_2025,.concepts.connectivity,"RIVERS, STREAMS AND RIPARIAN THREATS AND ACTIONS (Table entry under 11.1 Ecosystem Encroachment)",1,TRUE,TRUE,provide habitat connectivity to ease species shifts
ND_SWAP_2025,.concepts.connectivity,Climate Case Study: Climate Resiliency and Management Planning,1,TRUE,TRUE,Area's that are most resilient are comprised of healthy native communities and restoring areas adjacent to these parcels can expand and/or connect these areas of refugia and will likely have much grea
ND_SWAP_2025,.tools.vulnerability_models,NA,NA,NA,FALSE,
ND_SWAP_2025,.tools.vulnerability_models,NA,NA,NA,FALSE,
ND_SWAP_2025,.tools.vulnerability_models,NA,NA,NA,FALSE,
ND_SWAP_2025,.tools.niche_models,Effects of climate change on the distribution of Dakota skippers,1,TRUE,TRUE,Barnes et al. (9) specifically modeled the influence of climate conditions on Dakota skipper habitat use. Their modeling efforts allowed them to map future distributions of the species under different
ND_SWAP_2025,.tools.niche_models,Effects of climate change on the distribution of Dakota skippers,1,TRUE,TRUE,Climate envelopes were defined as the range of bioclimatic conditions that were associated with suitable Dakota skipper habitat. The green polygons show where suitable bioclimatic conditions occur ass
ND_SWAP_2025,.tools.niche_models,Effects of climate change on the distribution of regal fritillaries,1,TRUE,TRUE,"Post van der Burg et al. (10) found that habitat use by regal fritillaries was controlled by the availability of grassland habitat and spring weather conditions. Therefore, under a moderate warming sc"
ND_SWAP_2025,.tools.climate_models,Justification for Approach,1,TRUE,TRUE,A combination of 20 global circulation models CMIP5 (GCMs) for two emission scenarios (RCP4. 5 RCP 8.5) were used to select the representative potential climate futures
ND_SWAP_2025,.tools.climate_models,Justification for Approach,1,TRUE,TRUE,The time-period used for all climate projections is a mid-century planning period centered around 2055 (2040 -2069); this time period allows the incorporation of climate change into both short-term an
ND_SWAP_2025,.tools.climate_models,Effects of climate change on the distribution of Dakota skippers,1,TRUE,TRUE,"These panels were created assuming a SSP2-4.5 warming scenario, which is regarded as a middle-of-the-road scenario in terms of warming."
ND_SWAP_2025,.tools.connectivity_models,Climate Case Study: Climate Resiliency and Management Planning,0.7366,FALSE,TRUE,"The Midwest Landscape Initiative, using data from The Nature Conservancy, has mapped areas throughout the Midwest that are climate resilient... Components of the dataset include data from the resilien"
ND_SWAP_2025,.tools.connectivity_models,Climate Case Study: Climate Resiliency and Management Planning,1,TRUE,TRUE,"The map in Figure 13 shows the least resilient to the most resilient lands based on these data. Using this information, land managers can make better decisions on where to prioritize restoration proje"
ND_SWAP_2025,.context.management_scale.local,NA,NA,NA,FALSE,
ND_SWAP_2025,.context.management_scale.local,NA,NA,NA,FALSE,
ND_SWAP_2025,.context.management_scale.local,NA,NA,NA,FALSE,
ND_SWAP_2025,.context.management_scale.site,ELEMENT 2 (SWAP Summary Template),1,TRUE,TRUE,"boundaries of specific Level IV ecoregions were selected and adjusted (digitized) based on existing native vegetation and key biological data, highlighting areas where the highest concentration of SGC"
ND_SWAP_2025,.context.management_scale.watershed,"RIVERS, STREAMS AND RIPARIAN THREATS AND ACTIONS (Wetlands case study)",1,TRUE,TRUE,coordinated watershed-scale conservation activities can mitigate the water level increases from climate change
ND_SWAP_2025,.context.management_scale.city,NA,NA,NA,FALSE,
ND_SWAP_2025,.context.management_scale.city,NA,NA,NA,FALSE,
ND_SWAP_2025,.context.management_scale.city,NA,NA,NA,FALSE,
ND_SWAP_2025,.context.management_scale.county,NA,NA,NA,FALSE,
ND_SWAP_2025,.context.management_scale.county,NA,NA,NA,FALSE,
ND_SWAP_2025,.context.management_scale.county,NA,NA,NA,FALSE,
ND_SWAP_2025,.context.management_scale.within_state_region,FOCUS AREAS,0.9527,TRUE,TRUE,Twenty Focus Areas are identified in the 2025 SWAP (Figure 28). Wetlands are considered a key component within these Focus Areas where they are present.
ND_SWAP_2025,.context.management_scale.state,EXECUTIVE SUMMARY,1,TRUE,TRUE,"The 2025 North Dakota State Wildlife Action Plan (SWAP) is a strategy to conserve fish, wildlife, and their habitats with a focus on preventing species from becoming endangered."
ND_SWAP_2025,.context.management_scale.multistate,Effects of climate change on the distribution of Dakota skippers,1,TRUE,TRUE,"Their analysis showed that by the year 2100, most of the suitable habitat for Dakota skipper in the Northern Great Plains, including North Dakota, will be lost and shifted further north"
ND_SWAP_2025,.context.management_scale.national,NA,NA,NA,FALSE,
ND_SWAP_2025,.context.management_scale.national,NA,NA,NA,FALSE,
ND_SWAP_2025,.context.management_scale.national,NA,NA,NA,FALSE,
ND_SWAP_2025,.context.management_scale.transnational,Effects of climate change on the distribution of Dakota skippers,1,TRUE,TRUE,Figure 1 shows that the regions where suitable climate conditions may exist in the future are mainly in central Canada.
ND_SWAP_2025,.context.management_scale.ecosystem,CHAPTER 4 HABITAT AND COMMUNITY TYPES,1,TRUE,TRUE,"This approach enhances the ability to address conservation needs at a broader, landscape level, ensuring that management actions are more effective and aligned with ecological realities."
ND_SWAP_2025,.context.management_scale.ecoregion,FOCUS AREAS,1,TRUE,TRUE,The EPA's Level IV ecoregions served as the foundation for identifying these Focus Areas in the 2015 SWAP.
ND_SWAP_2025,.context.management_scale.province,NA,NA,NA,FALSE,
ND_SWAP_2025,.context.management_scale.province,NA,NA,NA,FALSE,
ND_SWAP_2025,.context.management_scale.province,NA,NA,NA,FALSE,
ND_SWAP_2025,.context.management_scale.section,NA,NA,NA,FALSE,
ND_SWAP_2025,.context.management_scale.section,NA,NA,NA,FALSE,
ND_SWAP_2025,.context.management_scale.section,NA,NA,NA,FALSE,
ND_SWAP_2025,.context.management_scale.subsection,NA,NA,NA,FALSE,
ND_SWAP_2025,.context.management_scale.subsection,NA,NA,NA,FALSE,
ND_SWAP_2025,.context.management_scale.subsection,NA,NA,NA,FALSE,
ND_SWAP_2025,.context.management_scale.lake,"RIVERS, STREAMS AND RIPARIAN THREATS AND ACTIONS (Wetlands case study)",1,TRUE,TRUE,"These historically semipermanent wetlands that have shifted to lakes are generally not being replaced by shifts in smaller wetlands, resulting in losses to this important wetland class."
ND_SWAP_2025,.context.management_scale.river,Missouri River System/Breaks (Focus Areas),0.5673,FALSE,TRUE,"The Missouri River, the longest river in the United States... forms the largest river system in North Dakota."
ND_SWAP_2025,.context.management_scale.district,NA,NA,NA,FALSE,
ND_SWAP_2025,.context.management_scale.district,NA,NA,NA,FALSE,
ND_SWAP_2025,.context.management_scale.district,NA,NA,NA,FALSE,
ND_SWAP_2025,.context.biological_unit_score,Adapting to a Changing Climate,1,TRUE,TRUE,"Climate change can impact fish, wildlife, and the habitats they depend on in significant ways: shifts in species ranges, changes in behavioral or morphological traits, shifts in phenology, changes in "
ND_SWAP_2025,.context.biological_unit_score,Baird's Sparrow Centronyx bairdii,1,TRUE,TRUE,"Classified as climate-endangered, Baird's Sparrow is projected to lose more than half of its current distribution by 2050, with no net gains of new areas (Audubon)."
ND_SWAP_2025,.context.biological_unit_components.species,Effects of climate change on the distribution of Dakota skippers,1,TRUE,TRUE,Barnes et al. (9) specifically modeled the influence of climate conditions on Dakota skipper habitat use. Their modeling efforts allowed them to map future distributions of the species under different
ND_SWAP_2025,.context.biological_unit_components.population,CLIMATE ADAPTATION CASE STUDY (butterflies),1,TRUE,TRUE,local populations of two butterfly species in North Dakota could possibly disappear over time as the climate changes.
ND_SWAP_2025,.context.biological_unit_components.habitat,Nelson's Sparrow Ammospiza nelsoni (Threats),1,TRUE,TRUE,"Hydrologic shifts in wetlands of the PPR due to wetland consolidation and drainage, climate and land use changes (i.e. lakeification)."
ND_SWAP_2025,.context.biological_unit_components.ecosystem,Adapting to a Changing Climate,1,TRUE,TRUE,"changes in species composition ... increased pressure from non-native species, changes in predator/prey dynamics"
ND_SWAP_2025,.context.biological_unit_components.community,Adapting to a Changing Climate,0.5625,FALSE,TRUE,changes in species composition ... changes in predator/prey dynamics
ND_SWAP_2025,.context.biological_unit_components.genotype_phenotype,NA,NA,NA,FALSE,
ND_SWAP_2025,.context.biological_unit_components.genotype_phenotype,NA,NA,NA,FALSE,
ND_SWAP_2025,.context.biological_unit_components.genotype_phenotype,NA,NA,NA,FALSE,
ND_SWAP_2025,.context.partnerships_and_funding,STATE WILDLIFE ACTION PLAN PARTNER SUCCESS STORY (Meadowlark Initiative),1,TRUE,TRUE,"In 2021, the Meadowlark Initiative Regional Conservation Partnership Program (RCPP) was approved by the USDA Natural Resources Conservation Service. Fourteen partner organizations have committed to co"
ND_SWAP_2025,.context.partnerships_and_funding,COORDINATING WITH PARTNERS,1,TRUE,TRUE,"Over the past two decades, nearly 75 SWG partner projects have been completed, encompassing all taxa and providing valuable research and conservation implementation based on the SWAP."
ND_SWAP_2025,.context.partnerships_and_funding,CHAPTER 1 INTRODUCTION,1,TRUE,TRUE,"The average annual federal apportionment the Department received from FY15-FY24 is $599,051 (Figure 1) and provided North Dakota with approximately $6 million in federal funding (Figure 2) during that"
ND_SWAP_2025,.context.climate_threat_habitat_degradation,A Changing Climate,0.9799,TRUE,TRUE,"Flash droughts driven by warmer temperatures may increase in North Dakota. Heavier rainfall, combined with changes in land use and other factors is leading to increasing flood damage in the region (NC"
ND_SWAP_2025,.context.climate_threat_habitat_degradation,"RIVERS, STREAMS AND RIPARIAN THREATS AND ACTIONS (Wetlands case study)",0.9755,TRUE,TRUE,"The climate has shifted to a wetter period in North Dakota, evident since the early 1990s. This wetter period has resulted in more surface water runoff into wetlands."
ND_SWAP_2025,.context.climate_threat_habitat_degradation,Nelson's Sparrow Ammospiza nelsoni (Threats),1,TRUE,TRUE,"Hydrologic shifts in wetlands of the PPR due to wetland consolidation and drainage, climate and land use changes (i.e. lakeification)."
ND_SWAP_2025,.context.climate_threat_species_vital_rates,NA,NA,NA,FALSE,
ND_SWAP_2025,.context.climate_threat_species_vital_rates,NA,NA,NA,FALSE,
ND_SWAP_2025,.context.climate_threat_species_vital_rates,NA,NA,NA,FALSE,
ND_SWAP_2025,.context.climate_threat_biotic_stressors,THREATS AND ACTIONS (Prescribed fire case study),1,TRUE,TRUE,"Moreover, warming climate may bring new invasive species with growth patterns that overlap natives' to the region"
ND_SWAP_2025,.context.climate_threat_biotic_stressors,THREATS AND ACTIONS (Prescribed fire case study),0.9805,TRUE,TRUE,"Warming climate brings earlier springs and, when moisture is sufficient, extends plant growth later into the fall; plant and animal adjustments to these changes are species-specific and not always pre"
ND_SWAP_2025,.actions.priority_habitat_identification,Climate Case Study: Climate Resiliency and Management Planning,1,TRUE,TRUE,"The map in Figure 13 shows the least resilient to the most resilient lands based on these data. Using this information, land managers can make better decisions on where to prioritize restoration proje"
ND_SWAP_2025,.actions.priority_habitat_identification,Climate Case Study: Climate Resiliency and Management Planning,1,TRUE,TRUE,Area's that are most resilient are comprised of healthy native communities and restoring areas adjacent to these parcels can expand and/or connect these areas of refugia and will likely have much grea
ND_SWAP_2025,.actions.priority_habitat_identification,KEY NATIVE WILDLIFE AND HABITAT AREAS,0.9883,TRUE,TRUE,"The KNWHA spatial layer was developed using the ND State Wildlife Action Plan Focus Areas, landscapes where unbroken grassland is ≥ 40% within a 4 square mile area, and landscapes where the accessibil"
ND_SWAP_2025,.actions.targeted_range_shift_actions,"RIVERS, STREAMS AND RIPARIAN THREATS AND ACTIONS (Table entry under 11.1 Ecosystem Encroachment)",1,TRUE,TRUE,provide habitat connectivity to ease species shifts
ND_SWAP_2025,.actions.targeted_range_shift_actions,Climate Case Study: Climate Resiliency and Management Planning,1,TRUE,TRUE,Area's that are most resilient are comprised of healthy native communities and restoring areas adjacent to these parcels can expand and/or connect these areas of refugia and will likely have much grea
ND_SWAP_2025,.actions.time_bound_and_monitoring,CHAPTER 7 REVIEWING THE STATE WILDLIFE ACTION PLAN,1,TRUE,TRUE,The Department commits to a Major Revision of the SWAP in 2035.
ND_SWAP_2025,.actions.time_bound_and_monitoring,MONITORING CONSERVATION ACTIONS,1,TRUE,TRUE,"As SWG funded conservation actions are implemented, monitoring the effectiveness of the actions will be a requirement of each project. Each project will identify specific objectives, deliverables, and"
ND_SWAP_2025,.actions.evidence_of_efficacy,CLIMATE ADAPTATION CASE STUDY (butterflies),1,TRUE,TRUE,The analyses by Barnes et al (9) and Post van der Burg et al. (11) provide insights into how uncertainty can be harnessed to inform managers about potential futures.
ND_SWAP_2025,.actions.evidence_of_efficacy,THREATS/STRESSORS,1,TRUE,TRUE,The conservation actions identified in Tables 29 to 33 are either proven to be effective in North Dakota or represent practical solutions to help address the identified threats.
ND_SWAP_2025,.actions.evidence_of_efficacy,Greater Sage-Grouse (Research and Monitoring),1,TRUE,TRUE,The recent translocation of sage-grouse from Wyoming to ND to augment the population was mostly unsuccessful.
ND_SWAP_2025,.actions.adaptation_planning_frameworks,Justification for Approach,1,TRUE,TRUE,A climate change scenario planning approach was used to select a set of plausible yet contrasting future conditions that encompass the range of critical uncertainties for the climate variables of inte
ND_SWAP_2025,.actions.adaptation_planning_frameworks,CLIMATE ADAPTATION CASE STUDY (butterflies),1,TRUE,TRUE,"To address uncertainties when considering climate change, it may be especially useful to craft multiple divergent scenarios to explore what plausible futures might look like and then design management"
ND_SWAP_2025,.actions.adaptation_planning_frameworks,"RIVERS, STREAMS AND RIPARIAN THREATS AND ACTIONS (Wetlands case study)",1,TRUE,TRUE,better information on the relative rate and magnitude of effects of changing landscape conditions across different watersheds could help to inform where an approach of resisting the loss of semiperman
NE_SWAP_2025,.concepts.climate_vulnerability,Facilitate Species and Ecosystem Adaptation and Resiliency to Environmental Changes,1,TRUE,TRUE,"Some species distributions and abundance are shifting in response to changing environmental conditions. These shifts may alter fundamental interactions with other species and the physical environment,"
NE_SWAP_2025,.concepts.adaptive_capacity_specificity,Facilitate Species and Ecosystem Adaptation and Resiliency to Environmental Changes,1,TRUE,TRUE,Managing for resilient populations and ensuring ecological connectivity will be essential for conserving biodiversity in the coming decades.
NE_SWAP_2025,.concepts.adaptive_capacity_components.demography,NA,NA,NA,FALSE,
NE_SWAP_2025,.concepts.adaptive_capacity_components.demography,NA,NA,NA,FALSE,
NE_SWAP_2025,.concepts.adaptive_capacity_components.demography,NA,NA,NA,FALSE,
NE_SWAP_2025,.concepts.adaptive_capacity_components.distribution,Facilitate Species and Ecosystem Adaptation and Resiliency to Environmental Changes,1,TRUE,TRUE,"One way that species have historically responded to major environmental shifts, such as those following the last ice age, has been to shift their distribution to higher elevations or latitudes. Simila"
NE_SWAP_2025,.concepts.adaptive_capacity_components.movement,Habitat Fragmentation,1,TRUE,TRUE,"Many wildlife species' ranges are shifting as habitats are altered or lost. However, such shifts are only possible if appropriate habitat is available. For less mobile species, habitat fragmentation l"
NE_SWAP_2025,.concepts.adaptive_capacity_components.evolutionary_potential,Biologically Unique Ecoregion: A New Designation,1,TRUE,TRUE,This genetic diversity can make populations more resilient to changing conditions.
NE_SWAP_2025,.concepts.adaptive_capacity_components.ecological_dependencies,Facilitate Species and Ecosystem Adaptation and Resiliency to Environmental Changes,1,TRUE,TRUE,"Earlier onset of spring, for instance, has altered the timing of breeding, hibernation, migration, and insect emergence, sometimes decoupling interdependent species like pollinators and their host pla"
NE_SWAP_2025,.concepts.adaptive_capacity_components.abiotic_niche,NA,NA,NA,FALSE,
NE_SWAP_2025,.concepts.adaptive_capacity_components.abiotic_niche,NA,NA,NA,FALSE,
NE_SWAP_2025,.concepts.adaptive_capacity_components.abiotic_niche,NA,NA,NA,FALSE,
NE_SWAP_2025,.concepts.adaptive_capacity_components.life_history,NA,NA,NA,FALSE,
NE_SWAP_2025,.concepts.adaptive_capacity_components.life_history,NA,NA,NA,FALSE,
NE_SWAP_2025,.concepts.adaptive_capacity_components.life_history,NA,NA,NA,FALSE,
NE_SWAP_2025,.concepts.connectivity,Adaptation Strategies to Increase Species Resilience,1,TRUE,TRUE,Restore and maintain habitat and landscape connectivity: Conservation planning must prioritize connectivity to enable species relocation. For specific actions to reduce habitat fragmentation and enhan
NE_SWAP_2025,.concepts.connectivity,Habitat Fragmentation,0.7987,FALSE,TRUE,"One approach to offset the impacts of habitat fragmentation is to identify, restore, and conserve migration corridors. Identifying corridors can be challenging, as species do not always move in straig"
NE_SWAP_2025,.tools.vulnerability_models,Adaptation Strategies to Increase Species Resilience,1,TRUE,TRUE,"Filling these knowledge gaps through vulnerability assessments, monitoring, experiments, and modeling is important for improving conservation effectiveness."
NE_SWAP_2025,.tools.niche_models,Biological Inventory - Species,1,TRUE,TRUE,Develop predictive models of species distribution for at-risk species to guide survey work and increase inventory efficiency.
NE_SWAP_2025,.tools.niche_models,Habitat suitability models and management plans,0.8106,FALSE,TRUE,"Combining historic data with recent data, researchers have begun to develop early models for predicting estimated occupancy and likelihood for species presence, while also determining environmental fa"
NE_SWAP_2025,.tools.climate_models,NA,NA,NA,FALSE,
NE_SWAP_2025,.tools.climate_models,NA,NA,NA,FALSE,
NE_SWAP_2025,.tools.climate_models,NA,NA,NA,FALSE,
NE_SWAP_2025,.tools.connectivity_models,BUL Boundary Changes (2026),0.9868,TRUE,TRUE,"The review process was facilitated with supplementary information from sources, such as the Midwest Landscape Initiative's Conservation Blueprint, The Nature Conservancy's Resilient Lands Mapping Tool"
NE_SWAP_2025,.context.management_scale.local,Actions Needed to Focus Conservation on the Best Opportunities,1,TRUE,TRUE,"Conduct inventories of at-risk species and plant communities to identify additional BULs, or modify existing BUL boundaries, and to prioritize areas within BULs for conservation efforts."
NE_SWAP_2025,.context.management_scale.site,Demonstrate Success,1,TRUE,TRUE,Natural Legacy Demonstration Sites should capture Nebraska's representative habitat types and management that is currently fostering the mission of the Natural Legacy Project.
NE_SWAP_2025,.context.management_scale.watershed,Eight Required Elements of the State Wildlife Action Plan,1,TRUE,TRUE,"Twenty priority watersheds, consisting of 63 Hydrologic Unit Code (HUC) 10s and three HUC 12s, were identified to prioritize conservation of aquatic SGCN."
NE_SWAP_2025,.context.management_scale.city,NA,NA,NA,FALSE,
NE_SWAP_2025,.context.management_scale.city,NA,NA,NA,FALSE,
NE_SWAP_2025,.context.management_scale.city,NA,NA,NA,FALSE,
NE_SWAP_2025,.context.management_scale.county,Southeast Prairies - Biologically Unique Landscape Description,1,TRUE,TRUE,"This landscape encompasses the rolling hills of western Richardson, Pawnee, southern Johnson, and southern Gage counties."
NE_SWAP_2025,.context.management_scale.within_state_region,Public Involvement,1,TRUE,TRUE,"These teams determined it would be best to carry on the tradition of hosting in-person meetings across the state representing each of the four ecoregions (Tallgrass Prairie, Mixed-grass Prairie, Sandh"
NE_SWAP_2025,.context.management_scale.state,Selecting Biologically Unique Landscapes,1,TRUE,TRUE,The goal of this process was to identify a set of landscapes that offer some of the best opportunities for conserving the full array of biological diversity in Nebraska.
NE_SWAP_2025,.context.management_scale.multistate,Actions Needed to Advance Collaboration and Communication,1,TRUE,TRUE,Continue to seek out and develop opportunities with neighboring states to implement conservation strategies for at-risk species across state lines and regionally.
NE_SWAP_2025,.context.management_scale.national,NA,NA,NA,FALSE,
NE_SWAP_2025,.context.management_scale.national,NA,NA,NA,FALSE,
NE_SWAP_2025,.context.management_scale.national,NA,NA,NA,FALSE,
NE_SWAP_2025,.context.management_scale.transnational,NA,NA,NA,FALSE,
NE_SWAP_2025,.context.management_scale.transnational,NA,NA,NA,FALSE,
NE_SWAP_2025,.context.management_scale.transnational,NA,NA,NA,FALSE,
NE_SWAP_2025,.context.management_scale.ecosystem,Biologically Unique Ecoregion: A New Designation,1,TRUE,TRUE,"The Sandhills Biologically Unique Ecoregion, on the other hand, has remained largely intact due to the area's land-use practices and limited urban development."
NE_SWAP_2025,.context.management_scale.ecoregion,Public Involvement,1,TRUE,TRUE,"These teams determined it would be best to carry on the tradition of hosting in-person meetings across the state representing each of the four ecoregions (Tallgrass Prairie, Mixed-grass Prairie, Sandh"
NE_SWAP_2025,.context.management_scale.province,NA,NA,NA,FALSE,
NE_SWAP_2025,.context.management_scale.province,NA,NA,NA,FALSE,
NE_SWAP_2025,.context.management_scale.province,NA,NA,NA,FALSE,
NE_SWAP_2025,.context.management_scale.section,NA,NA,NA,FALSE,
NE_SWAP_2025,.context.management_scale.section,NA,NA,NA,FALSE,
NE_SWAP_2025,.context.management_scale.section,NA,NA,NA,FALSE,
NE_SWAP_2025,.context.management_scale.subsection,NA,NA,NA,FALSE,
NE_SWAP_2025,.context.management_scale.subsection,NA,NA,NA,FALSE,
NE_SWAP_2025,.context.management_scale.subsection,NA,NA,NA,FALSE,
NE_SWAP_2025,.context.management_scale.lake,Sandhills Biologically Unique Ecoregion - Introduction,1,TRUE,TRUE,"Nearly 2,000 shallow lakes and over a million acres of marshes and wet meadows have formed."
NE_SWAP_2025,.context.management_scale.river,Chapter 9: Aquatic Conservation,1,TRUE,TRUE,"Over 16,000 miles of rivers and streams flow through Nebraska supporting a diverse array of aquatic species."
NE_SWAP_2025,.context.management_scale.district,NA,NA,NA,FALSE,
NE_SWAP_2025,.context.management_scale.district,NA,NA,NA,FALSE,
NE_SWAP_2025,.context.management_scale.district,NA,NA,NA,FALSE,
NE_SWAP_2025,.context.biological_unit_score,Facilitate Species and Ecosystem Adaptation and Resiliency to Environmental Changes,1,TRUE,TRUE,"Unlike in the past, species today are migrating at different rates and along different routes, rather than as intact natural communities. Thus, we are likely to see natural communities disaggregate, d"
NE_SWAP_2025,.context.biological_unit_score,Facilitate Species and Ecosystem Adaptation and Resiliency to Environmental Changes,1,TRUE,TRUE,Some species distributions and abundance are shifting in response to changing environmental conditions.
NE_SWAP_2025,.context.biological_unit_components.species,Facilitate Species and Ecosystem Adaptation and Resiliency to Environmental Changes,1,TRUE,TRUE,Some species distributions and abundance are shifting in response to changing environmental conditions.
NE_SWAP_2025,.context.biological_unit_components.population,Facilitate Species and Ecosystem Adaptation and Resiliency to Environmental Changes,1,TRUE,TRUE,Managing for resilient populations and ensuring ecological connectivity will be essential for conserving biodiversity in the coming decades.
NE_SWAP_2025,.context.biological_unit_components.habitat,Adaptation Strategies to Increase Species Resilience,1,TRUE,TRUE,Protect and maintain a network of conservation areas: Increase the extent and quality of protected terrestrial and aquatic habitats. This supports species movement and dispersal under changing environ
NE_SWAP_2025,.context.biological_unit_components.ecosystem,Adaptation Strategies to Increase Species Resilience,1,TRUE,TRUE,"Restore and maintain ecological processes and ecosystem function: Natural systems are dependent on a variety of ecological processes including disturbance and hydrologic regimes (e.g., fire, flooding)"
NE_SWAP_2025,.context.biological_unit_components.community,Facilitate Species and Ecosystem Adaptation and Resiliency to Environmental Changes,1,TRUE,TRUE,"Unlike in the past, species today are migrating at different rates and along different routes, rather than as intact natural communities. Thus, we are likely to see natural communities disaggregate, d"
NE_SWAP_2025,.context.biological_unit_components.genotype_phenotype,NA,NA,NA,FALSE,
NE_SWAP_2025,.context.biological_unit_components.genotype_phenotype,NA,NA,NA,FALSE,
NE_SWAP_2025,.context.biological_unit_components.genotype_phenotype,NA,NA,NA,FALSE,
NE_SWAP_2025,.context.partnerships_and_funding,Nebraska's State Wildlife Action Plan,1,TRUE,TRUE,"While this was a necessary first measure in implementing these conservation actions, the roughly $65 million provided annually fell far short of the estimated $1.3 billion needed annually to successfu"
NE_SWAP_2025,.context.partnerships_and_funding,Continue to Advance Collaboration and Communication,1,TRUE,TRUE,"No single government agency or private organization has the authority, financial resources, or staff to assume the entire responsibility for conserving Nebraska's biological diversity. Effective imple"
NE_SWAP_2025,.context.climate_threat_habitat_degradation,Altered Hydrology,0.8203,FALSE,TRUE,"Beyond these local pressures, broader shifts in hydrological patterns across the region are expected to influence water availability and flow timing. Prolonged droughts, increased evapotranspiration r"
NE_SWAP_2025,.context.climate_threat_habitat_degradation,Fire Management Systems,1,TRUE,TRUE,"In the past few decades, the wildfire season has lengthened, and the number of acres burned has significantly increased. In the Great Plains, the total acreage burned by large wildfires increased by 4"
NE_SWAP_2025,.context.climate_threat_species_vital_rates,Increased severity and frequency of floods and droughts,1,TRUE,TRUE,"Shifts in precipitation and temperature affect flow timing and water temperature, respectively, altering aquatic Species of Greatest Conservation Need (SGCN) migration and reproduction cycles."
NE_SWAP_2025,.context.climate_threat_biotic_stressors,Facilitate Species and Ecosystem Adaptation and Resiliency to Environmental Changes,1,TRUE,TRUE,"Documented effects of a changing environment include: shifts in species distributions, changes in phenology of species, and decoupling of co-evolved interactions. In addition, these changes are expect"
NE_SWAP_2025,.actions.priority_habitat_identification,Selecting Biologically Unique Landscapes,0.309,FALSE,TRUE,The goal of this process was to identify a set of landscapes that offer some of the best opportunities for conserving the full array of biological diversity in Nebraska. This process began with the fi
NE_SWAP_2025,.actions.priority_habitat_identification,Adaptation Strategies to Increase Species Resilience,1,TRUE,TRUE,Protect and maintain a network of conservation areas: Increase the extent and quality of protected terrestrial and aquatic habitats. This supports species movement and dispersal under changing environ
NE_SWAP_2025,.actions.targeted_range_shift_actions,Adaptation Strategies to Increase Species Resilience,1,TRUE,TRUE,Restore and maintain habitat and landscape connectivity: Conservation planning must prioritize connectivity to enable species relocation. For specific actions to reduce habitat fragmentation and enhan
NE_SWAP_2025,.actions.targeted_range_shift_actions,Actions Needed to Reduce Habitat Fragmentation,1,TRUE,TRUE,"Use prairie, woodland and wetland restoration to reduce fragmentation and create migration corridors."
NE_SWAP_2025,.actions.time_bound_and_monitoring,Eight Required Elements of the State Wildlife Action Plan - Element 6,1,TRUE,TRUE,"Within the next 10 years, a comprehensive review of the plan will be conducted."
NE_SWAP_2025,.actions.evidence_of_efficacy,Adaptive Management - mountain plover example,0.8599,TRUE,TRUE,"From 2005 to 2007, the nest marking program was evaluated and was successful, with less than 3% (7/246) of marked nests failing because of tillage (20% total nest failure rate). In 2007, 65% (34/52) o"
NE_SWAP_2025,.actions.adaptation_planning_frameworks,Adaptive Management,0.6727,FALSE,TRUE,Adaptive management is the process of continually improving management policies and practices by learning from the outcome of management actions... Adaptive management can be a powerful tool for adapt
NE_SWAP_2025,.actions.adaptation_planning_frameworks,Adaptation Strategies to Increase Species Resilience,1,TRUE,TRUE,Utilize an adaptive management approach in implementing adaptation strategies: Any strategy for conserving species and ecosystems should be implemented within an adaptive management framework. This al
NH_SWAP_2025,.concepts.climate_vulnerability,Climate Change (Chapter 4 threats section),1,TRUE,TRUE,"In general, there are three broad responses of species to the impacts of climate change: move, adapt, or go extinct (Karmalkar et al., 2024). Recent research suggests that many taxa are already shifti"
NH_SWAP_2025,.concepts.climate_vulnerability,Assessment Need Species (Chapter 2),1,TRUE,TRUE,"Watchlist: These are species that are presently secure in New Hampshire but are of concern elsewhere in the Northeast. Many of these species are suspected to be at risk due to emerging threats, such a"
NH_SWAP_2025,.concepts.climate_vulnerability,Climate Change (Chapter 4 threats section),1,TRUE,TRUE,"Some level of adaptation to a changing climate is likely for many species; however, species are more quickly shifting the timing of important parts of their life history (phenology; discussed in Appen"
NH_SWAP_2025,.concepts.adaptive_capacity_specificity,Climate Change (Chapter 4 threats section),1,TRUE,TRUE,"Some level of adaptation to a changing climate is likely for many species; however, species are more quickly shifting the timing of important parts of their life history (phenology; discussed in Appen"
NH_SWAP_2025,.concepts.adaptive_capacity_specificity,Climate Change (Chapter 4 threats section),1,TRUE,TRUE,"These predictions involve many dimensions of change, from physiological tolerances to phenology and interspecific interactions (Karmalkar et al., 2024)."
NH_SWAP_2025,.concepts.adaptive_capacity_components.demography,NA,NA,NA,FALSE,
NH_SWAP_2025,.concepts.adaptive_capacity_components.demography,NA,NA,NA,FALSE,
NH_SWAP_2025,.concepts.adaptive_capacity_components.demography,NA,NA,NA,FALSE,
NH_SWAP_2025,.concepts.adaptive_capacity_components.distribution,Climate Change (Chapter 4 threats section),1,TRUE,TRUE,"Recent research suggests that many taxa are already shifting higher in elevation and latitude, but results are inconsistent (Rubenstein et al., 2023), and marine taxa appear to track temperature shift"
NH_SWAP_2025,.concepts.adaptive_capacity_components.movement,Land Conservation (Chapter 5),1,TRUE,TRUE,"In the face of a changing climate, conserved lands enable species to adapt to shifting conditions and help maintain ecological connectivity."
NH_SWAP_2025,.concepts.adaptive_capacity_components.movement,Chapter 3: Variables Used for Condition Analysis,1,TRUE,TRUE,"Landscape connectivity is essential for gene flow, migration, and dispersal of organisms."
NH_SWAP_2025,.concepts.adaptive_capacity_components.evolutionary_potential,NA,NA,NA,FALSE,
NH_SWAP_2025,.concepts.adaptive_capacity_components.evolutionary_potential,NA,NA,NA,FALSE,
NH_SWAP_2025,.concepts.adaptive_capacity_components.evolutionary_potential,NA,NA,NA,FALSE,
NH_SWAP_2025,.concepts.adaptive_capacity_components.ecological_dependencies,Climate Change (Chapter 4 threats section),1,TRUE,TRUE,"These predictions involve many dimensions of change, from physiological tolerances to phenology and interspecific interactions (Karmalkar et al., 2024)."
NH_SWAP_2025,.concepts.adaptive_capacity_components.abiotic_niche,Climate Change (Chapter 4 threats section),1,TRUE,TRUE,"These predictions involve many dimensions of change, from physiological tolerances to phenology and interspecific interactions (Karmalkar et al., 2024)."
NH_SWAP_2025,.concepts.adaptive_capacity_components.life_history,Climate Change (Chapter 4 threats section),1,TRUE,TRUE,species are more quickly shifting the timing of important parts of their life history (phenology; discussed in Appendix N) than they are their morphology or physiology. It remains to be seen if these 
NH_SWAP_2025,.concepts.connectivity,Land Conservation (Chapter 5),1,TRUE,TRUE,"In the face of a changing climate, conserved lands enable species to adapt to shifting conditions and help maintain ecological connectivity."
NH_SWAP_2025,.concepts.connectivity,Goal 3.1: Permanently Conserve High-Priority Habitats (Chapter 5),1,TRUE,TRUE,3.1.6 -Incorporate ecological resilience and connectivity data when identifying conservation priorities to support biodiversity in a changing landscape.
NH_SWAP_2025,.concepts.connectivity,Goal 1.1: Manage And Restore Forests And Other Upland And Wetland Habitats (Chapter 5),1,TRUE,TRUE,1.1.7 -Enhance landscape connectivity for wildlife movement through habitat management.
NH_SWAP_2025,.tools.vulnerability_models,NA,NA,NA,FALSE,
NH_SWAP_2025,.tools.vulnerability_models,NA,NA,NA,FALSE,
NH_SWAP_2025,.tools.vulnerability_models,NA,NA,NA,FALSE,
NH_SWAP_2025,.tools.niche_models,NA,NA,NA,FALSE,
NH_SWAP_2025,.tools.niche_models,NA,NA,NA,FALSE,
NH_SWAP_2025,.tools.niche_models,NA,NA,NA,FALSE,
NH_SWAP_2025,.tools.climate_models,Climate Change (Chapter 4 threats section),1,TRUE,TRUE,The Northeast Climate Adaptation Science Center (NE CASC) led the development of a Regional Synthesis on Climate Data to inform the 2025 State Wildlife Action Plans in the Northeast U.S. (referred to 
NH_SWAP_2025,.tools.climate_models,Climate Change (Chapter 4 threats section),1,TRUE,TRUE,"According to the Regional Climate Synthesis, New Hampshire will continue to experience increasing temperatures, with an estimated warming of 7°F (relative to the current climate) by the end of the cen"
NH_SWAP_2025,.tools.climate_models,Climate Change (Chapter 4 threats section),0.9182,TRUE,TRUE,"Current models predict that relative sea-level rise in coastal New Hampshire is estimated to be 2.2 feet by 2100 if climatic pressures stabilize, with a likely range of 1.5-3.1 feet and a very likely "
NH_SWAP_2025,.tools.connectivity_models,Chapter 3: Variables Used for Condition Analysis (Landscape Context),1,TRUE,TRUE,"local connectedness (Compton, 2023), a dataset that estimates the degree of permeability surrounding each habitat patch (i.e., how easily an animal might move through a habitat). Landscape connectivit"
NH_SWAP_2025,.tools.connectivity_models,Chapter 3: Step 3: Comparing Conditions Across the Landscape,1,TRUE,TRUE,"The condition of a top-ranked habitat patch may deteriorate if the surrounding area is degraded, so a third tier of Supporting Landscapes was identified by including the top 50% of all habitats in the"
NH_SWAP_2025,.tools.connectivity_models,Goal 3.2: Maintain And Enhance Landscape Connectivity To Support Wildlife Movement (Chapter 5),1,TRUE,TRUE,3.2.2 -Use the New Hampshire Wildlife Corridors map and any local data to help identify potential corridors that connect core areas of wildlife habitat.
NH_SWAP_2025,.context.management_scale.local,Goal 4.1 (Chapter 5),1,TRUE,TRUE,"4.1.4 -Provide planners with scientific data and maps to identify and prioritize lands and waters for habitat conservation and connectivity; at the local scale, provide guidance on how to incorporate "
NH_SWAP_2025,.context.management_scale.site,Goal 3.1: Permanently Conserve High-Priority Habitats (Chapter 5),0.8919,TRUE,TRUE,"3.1.1 - Use the NH SWAP maps to identify and prioritize parcels for conservation in local, regional, and statewide conservation plans and grant programs."
NH_SWAP_2025,.context.management_scale.watershed,Conservation Actions (Chapter 5),1,TRUE,TRUE,GOAL 1.2: Restore Aquatic Condition and Connectivity Within Watersheds
NH_SWAP_2025,.context.management_scale.city,NA,NA,NA,FALSE,
NH_SWAP_2025,.context.management_scale.city,NA,NA,NA,FALSE,
NH_SWAP_2025,.context.management_scale.city,NA,NA,NA,FALSE,
NH_SWAP_2025,.context.management_scale.county,NA,NA,NA,FALSE,
NH_SWAP_2025,.context.management_scale.county,NA,NA,NA,FALSE,
NH_SWAP_2025,.context.management_scale.county,NA,NA,NA,FALSE,
NH_SWAP_2025,.context.management_scale.within_state_region,Chapter 3: New Hampshire's Wildlife Habitat Conditions (Step 2),1,TRUE,TRUE,These biological regions are defined as ecoregions (for terrestrial habitats) and watersheds (for aquatic habitats)
NH_SWAP_2025,.context.management_scale.state,New Hampshire State Wildlife Action Plan (Executive Summary),1,TRUE,TRUE,The 2025 New Hampshire State Wildlife Action Plan (NH SWAP) presents a fully updated strategy to conserve healthy wildlife populations across the Granite State.
NH_SWAP_2025,.context.management_scale.multistate,Goal 2.1: Identify And Adaptively Plan Actions For Priority Species (Chapter 5),0.3566,FALSE,TRUE,2.1.2 -Develop multi-state or regional SGCN and habitat working groups and identify and implement large-scale conservation efforts.
NH_SWAP_2025,.context.management_scale.national,NA,NA,NA,FALSE,
NH_SWAP_2025,.context.management_scale.national,NA,NA,NA,FALSE,
NH_SWAP_2025,.context.management_scale.national,NA,NA,NA,FALSE,
NH_SWAP_2025,.context.management_scale.transnational,NA,NA,NA,FALSE,
NH_SWAP_2025,.context.management_scale.transnational,NA,NA,NA,FALSE,
NH_SWAP_2025,.context.management_scale.transnational,NA,NA,NA,FALSE,
NH_SWAP_2025,.context.management_scale.ecosystem,Wildlife Habitats (Chapter 2),1,TRUE,TRUE,"By taking both a species-level and landscape-scale perspective, we can ensure that all of New Hampshire's wildlife and plant species are encompassed in conservation planning."
NH_SWAP_2025,.context.management_scale.ecoregion,Chapter 3: New Hampshire's Wildlife Habitat Conditions (Step 2),1,TRUE,TRUE,These biological regions are defined as ecoregions (for terrestrial habitats) and watersheds (for aquatic habitats) (Figure 3-3 and Figure 3-4).
NH_SWAP_2025,.context.management_scale.province,NA,NA,NA,FALSE,
NH_SWAP_2025,.context.management_scale.province,NA,NA,NA,FALSE,
NH_SWAP_2025,.context.management_scale.province,NA,NA,NA,FALSE,
NH_SWAP_2025,.context.management_scale.section,NA,NA,NA,FALSE,
NH_SWAP_2025,.context.management_scale.section,NA,NA,NA,FALSE,
NH_SWAP_2025,.context.management_scale.section,NA,NA,NA,FALSE,
NH_SWAP_2025,.context.management_scale.subsection,Figure 3-3 caption,0.321,FALSE,TRUE,"The Ecoregional Subsections classification was based on land formations, geology, topography, regional climate, and dominant natural vegetation. These were used as the biological regions for terrestri"
NH_SWAP_2025,.context.management_scale.lake,Chapter 3: Step 3: Comparing Conditions Across the Landscape,0.3027,FALSE,TRUE,"For lake and pond habitats, a 200-meter buffer of the top 25 ranked lakes and ponds by temperature class (coldwater and warm/cool) were classified as Top Ranked Habitat in the State (Tier 1)."
NH_SWAP_2025,.context.management_scale.river,Conservation Actions (Chapter 5),1,TRUE,TRUE,GOAL 1.2: Restore Aquatic Condition and Connectivity Within Watersheds Strategies • 1.2.1 -Improve safe passage of fish and other wildlife by removing problematic dams and other barriers.
NH_SWAP_2025,.context.management_scale.district,NA,NA,NA,FALSE,
NH_SWAP_2025,.context.management_scale.district,NA,NA,NA,FALSE,
NH_SWAP_2025,.context.management_scale.district,NA,NA,NA,FALSE,
NH_SWAP_2025,.context.biological_unit_score,New Hampshire State Wildlife Action Plan (Executive Summary),1,TRUE,TRUE,The 2025 NH SWAP identifies 138 wildlife species and 188 plant species as SGCN.
NH_SWAP_2025,.context.biological_unit_score,New Hampshire State Wildlife Action Plan (Executive Summary),1,TRUE,TRUE,"The 2025 NH SWAP identifies 28 key habitat types that span the state's diverse landscapes, from alpine peaks to coastal waters, and forests, wetlands, rivers, and streams in between."
NH_SWAP_2025,.context.biological_unit_components.species,Climate Change (Chapter 4 threats section),1,TRUE,TRUE,"Recent research suggests that many taxa are already shifting higher in elevation and latitude, but results are inconsistent (Rubenstein et al., 2023), and marine taxa appear to track temperature shift"
NH_SWAP_2025,.context.biological_unit_components.population,NA,NA,NA,FALSE,
NH_SWAP_2025,.context.biological_unit_components.population,NA,NA,NA,FALSE,
NH_SWAP_2025,.context.biological_unit_components.population,NA,NA,NA,FALSE,
NH_SWAP_2025,.context.biological_unit_components.habitat,Goal 1.1: Manage And Restore Forests And Other Upland And Wetland Habitats (Chapter 5),1,TRUE,TRUE,"1.1.12 -Develop and use climate projections to prioritize upland and wetland habitat actions, including protection of climate refugia, and inform restoration practices."
NH_SWAP_2025,.context.biological_unit_components.ecosystem,Climate Change (Chapter 4 threats section),1,TRUE,TRUE,"These changes of air and ocean temperature have wide-ranging implications for New Hampshire habitats, SGCN, and the environment as a whole."
NH_SWAP_2025,.context.biological_unit_components.community,NA,NA,NA,FALSE,
NH_SWAP_2025,.context.biological_unit_components.community,NA,NA,NA,FALSE,
NH_SWAP_2025,.context.biological_unit_components.community,NA,NA,NA,FALSE,
NH_SWAP_2025,.context.biological_unit_components.genotype_phenotype,NA,NA,NA,FALSE,
NH_SWAP_2025,.context.biological_unit_components.genotype_phenotype,NA,NA,NA,FALSE,
NH_SWAP_2025,.context.biological_unit_components.genotype_phenotype,NA,NA,NA,FALSE,
NH_SWAP_2025,.context.partnerships_and_funding,A Need For Increased Funding (Chapter 1),1,TRUE,TRUE,"Forty-five percent of survey respondents think the condition of wildlife and habitats in New Hampshire will somewhat or greatly decline over the next 10 years, while at the same time a common theme of"
NH_SWAP_2025,.context.partnerships_and_funding,Revision Process (Introduction),1,TRUE,TRUE,"WAPIT members also served as liaisons for collaboration with experts across the region-they shared updates on the Plan revision process with other biologists, requesting input on key components, inclu"
NH_SWAP_2025,.context.climate_threat_habitat_degradation,Climate Change (Chapter 4 threats section),0.8871,TRUE,TRUE,"Current models predict that relative sea-level rise in coastal New Hampshire is estimated to be 2.2 feet by 2100 if climatic pressures stabilize, with a likely range of 1.5-3.1 feet and a very likely "
NH_SWAP_2025,.context.climate_threat_habitat_degradation,Climate Change (Chapter 4 threats section),1,TRUE,TRUE,"New Hampshire and the surrounding ecoregions are projected to experience up to a 50 percent increase in precipitation relative to the current climate (Karmalkar et al., 2024)."
NH_SWAP_2025,.context.climate_threat_species_vital_rates,NA,NA,NA,FALSE,
NH_SWAP_2025,.context.climate_threat_species_vital_rates,NA,NA,NA,FALSE,
NH_SWAP_2025,.context.climate_threat_species_vital_rates,NA,NA,NA,FALSE,
NH_SWAP_2025,.context.climate_threat_biotic_stressors,"Invasive and Other Problematic Species, Genes, and Diseases (Chapter 4)",1,TRUE,TRUE,Wagner (2021) notes that climate change will likely allow both native and non-native species at the northern edge of their range in New England to expand further north with warming temperatures (Staud
NH_SWAP_2025,.context.climate_threat_biotic_stressors,"Invasive and Other Problematic Species, Genes, and Diseases (Chapter 4)",1,TRUE,TRUE,"climate change is projected to make one or more northeastern states (from Kentucky to Maine) newly climatically suitable for 291 invasive plants, of which 74 have been assessed as having ecological im"
NH_SWAP_2025,.actions.priority_habitat_identification,Chapter 3: Step 3: Comparing Conditions Across the Landscape,0.6603,FALSE,TRUE,"For 23 of NH's habitat types (see step 2 above), the top-ranking areas based on the variables (Figure 3-1 and Figure 3-2)...are combined across the state and called Top Ranked Habitat in the State (Ti"
NH_SWAP_2025,.actions.priority_habitat_identification,Goal 1.1: Manage And Restore Forests And Other Upland And Wetland Habitats (Chapter 5),1,TRUE,TRUE,"1.1.12 -Develop and use climate projections to prioritize upland and wetland habitat actions, including protection of climate refugia, and inform restoration practices."
NH_SWAP_2025,.actions.priority_habitat_identification,GOAL 1.2: Restore Aquatic Condition and Connectivity Within Watersheds (Chapter 5),1,TRUE,TRUE,"1.2.7 -Develop and use climate projections to prioritize aquatic and coastal habitat actions, including protection of climate refugia, and inform aquatic restoration practices."
NH_SWAP_2025,.actions.targeted_range_shift_actions,Land Conservation (Chapter 5),1,TRUE,TRUE,"In the face of a changing climate, conserved lands enable species to adapt to shifting conditions and help maintain ecological connectivity."
NH_SWAP_2025,.actions.targeted_range_shift_actions,Goal 2.1: Identify And Adaptively Plan Actions For Priority Species (Chapter 5),1,TRUE,TRUE,"2.1.1 -Develop local, state, and regional conservation and recovery planning materials for priority species that consider climate resiliency."
NH_SWAP_2025,.actions.time_bound_and_monitoring,"Monitoring, Implementation, and Performance Evaluation (Chapter 6 Abstract)",1,TRUE,TRUE,"A 5-year review is conducted to identify gaps in implementation and develop additional strategies for execution. A 10-year summary is also completed, including the percentage of actions implemented wi"
NH_SWAP_2025,.actions.time_bound_and_monitoring,Implementation (Chapter 6),1,TRUE,TRUE,"Many components of the implementation process will likely span multiple years, with many being continually implemented over the 10-year period. However, the steps of implementation are broken out into"
NH_SWAP_2025,.actions.time_bound_and_monitoring,Performance Evaluation (Chapter 6),1,TRUE,TRUE,"Monitoring to determine the effectiveness of these conservation measures allows for adaptive management. As conditions change in New Hampshire (land-use patterns, climate, wildlife population response"
NH_SWAP_2025,.actions.evidence_of_efficacy,Performance Evaluation (Chapter 6),1,TRUE,TRUE,"Over the next 10 years, summaries developed by 'evidence bridges'-intermediaries who help practitioners access and use bodies of evidence for decision making (Dubois et al., 2024)-such as the Conserva"
NH_SWAP_2025,.actions.adaptation_planning_frameworks,Performance Evaluation (Chapter 6),1,TRUE,TRUE,"Taken from the lens of the Conservation Measures Partnership (CMP) Adaptive Management Cycle (Figure 6-1), the revision of the 2025 NH SWAP encompasses steps 1 and 2-conceptualize and plan actions and"
NH_SWAP_2025,.actions.adaptation_planning_frameworks,Years 2-10 (Chapter 6 Implementation),1,TRUE,TRUE,"WAPIT and TAFW teams will meet monthly and quarterly, respectively, to regularly update information and keep the adaptive management process moving forward (see Performance Evaluation, below)."
NH_SWAP_2025,.actions.adaptation_planning_frameworks,Goal 2.1: Identify And Adaptively Plan Actions For Priority Species (Chapter 5),1,TRUE,TRUE,"2.1.1 -Develop local, state, and regional conservation and recovery planning materials for priority species that consider climate resiliency."
NM_SWAP_2025,.concepts.climate_vulnerability,SPECIES VULNERABILITY TO CLIMATE CHANGE,1,TRUE,TRUE,"vulnerability to climate change will vary by population, species, and taxonomic group due to differences in exposure, sensitivity, and adaptive capacity to environmental change (Glick et al. 2011, Lyo"
NM_SWAP_2025,.concepts.climate_vulnerability,SPECIES VULNERABILITY TO CLIMATE CHANGE,1,TRUE,TRUE,The CCVI was created by NatureServe and the US Geological Survey and considers the following variables when evaluating a species' climate change vulnerability: (1) exposure to local climate change; (2
NM_SWAP_2025,.concepts.climate_vulnerability,VULNERABILITY OF SGCN TO CLIMATE CHANGE / DEFINING VULNERABILITY,1,TRUE,TRUE,Low vulnerability can be taken to mean low susceptibility or higher resilience to negative impacts. Some species may even experience increasing or expanding populations and distributions as the climat
NM_SWAP_2025,.concepts.adaptive_capacity_specificity,SPECIES VULNERABILITY TO CLIMATE CHANGE,1,TRUE,TRUE,"The adaptive capacity factors considered in the CCVI are broken into the following seven categories: distribution, movement, life history, demography, evolutionary potential, ecological role, and abio"
NM_SWAP_2025,.concepts.adaptive_capacity_specificity,SPECIES RESILIENCE AND ADAPTIVE CAPACITY IN THE FACE OF CLIMATE CHANGE,1,TRUE,TRUE,"A species' level of adaptive capacity can be driven by several of the ecological and biological traits listed above (e.g., dietary breadth and habitat specialization) but is also related to a diversit"
NM_SWAP_2025,.concepts.adaptive_capacity_components.demography,SPECIES VULNERABILITY TO CLIMATE CHANGE,1,TRUE,TRUE,"The adaptive capacity factors considered in the CCVI are broken into the following seven categories: distribution, movement, life history, demography, evolutionary potential, ecological role, and abio"
NM_SWAP_2025,.concepts.adaptive_capacity_components.distribution,SPECIES VULNERABILITY TO CLIMATE CHANGE,1,TRUE,TRUE,"The adaptive capacity factors considered in the CCVI are broken into the following seven categories: distribution, movement, life history, demography, evolutionary potential, ecological role, and abio"
NM_SWAP_2025,.concepts.adaptive_capacity_components.movement,MANAGING CLIMATE CHANGE VULNERABILITY,1,TRUE,TRUE,A species vulnerable to climate change due to its low dispersal ability may benefit from translocation or creation of habitat corridors.
NM_SWAP_2025,.concepts.adaptive_capacity_components.evolutionary_potential,Summarizing Approaches to Managing for Climate Change Vulnerability,1,TRUE,TRUE,"Use longer-term strategies that enhance species and ecosystem resilience to and adaptive capacity in the face of climate-related stressors (e.g., conserve genetic diversity to enhance a species' abili"
NM_SWAP_2025,.concepts.adaptive_capacity_components.ecological_dependencies,SPECIES VULNERABILITY TO CLIMATE CHANGE,1,TRUE,TRUE,"the response of one species to climate change may trigger a population change in another via inter-specific interactions including predator-prey and host-disease relationships, pollination, parasitism"
NM_SWAP_2025,.concepts.adaptive_capacity_components.abiotic_niche,SPECIES VULNERABILITY TO CLIMATE CHANGE,1,TRUE,TRUE,"Physiological requirements and limitations related to temperature and moisture determine critical components of energetics, survival, and reproduction"
NM_SWAP_2025,.concepts.adaptive_capacity_components.life_history,SPECIES VULNERABILITY TO CLIMATE CHANGE,1,TRUE,TRUE,"The adaptive capacity factors considered in the CCVI are broken into the following seven categories: distribution, movement, life history, demography, evolutionary potential, ecological role, and abio"
NM_SWAP_2025,.concepts.connectivity,CLIMATE CHANGE AND SEVERE WEATHER (Madrean Archipelago Conservation Profile),1,TRUE,TRUE,"Promote land-management practices, standards, and guidelines to conserve and/or restore structure and function of corridors that provide important habitat for SGCN and ability for animals to move as c"
NM_SWAP_2025,.concepts.connectivity,Summarizing Approaches to Managing for Climate Change Vulnerability,1,TRUE,TRUE,Accommodate future species range shifts by: (1) maintaining connectivity between protected areas and future suitable habitats for native species; and (2) planning invasive species monitoring and contr
NM_SWAP_2025,.concepts.connectivity,RIPARIAN CONSERVATION OPPORTUNITY AREAS,0.354,FALSE,TRUE,"A regional habitat connectivity plan provides spatial layers depicting structural connectivity, network importance, landscape permeability, and climate connectivity."
NM_SWAP_2025,.tools.vulnerability_models,SPECIES VULNERABILITY TO CLIMATE CHANGE,1,TRUE,TRUE,NRI staff used the Climate Change Vulnerability Index (CCVI) Version 4.0 to score the climate change vulnerability of each focal species (Lyons et al. 2024). The CCVI was created by NatureServe and th
NM_SWAP_2025,.tools.vulnerability_models,SPECIES VULNERABILITY TO CLIMATE CHANGE,1,TRUE,TRUE,Researchers with the Natural Resources Institute (NRI) at Texas A and M University analyzed climate vulnerability for 295 vertebrate SGCN for the 2025 SWAP.
NM_SWAP_2025,.tools.vulnerability_models,SPECIES VULNERABILITY TO CLIMATE CHANGE,1,TRUE,TRUE,"Mammals and birds, as species better able to persist in place or more mobile species, were typically found to be less vulnerable (at least 71% of bird SGCN and 72% of mammal SGCN) to climate change th"
NM_SWAP_2025,.tools.niche_models,CLIMATE CHANGE REFUGIA / Potential Future Climate Refugia for SGCN in Conservation Opportunity Areas,1,TRUE,TRUE,"Using species distribution modeling (SDM) techniques, NHNM modeled the potential current and projected future (2075) distribution of suitable environmental conditions for these species."
NM_SWAP_2025,.tools.niche_models,CLIMATE CHANGE REFUGIA / Potential Future Climate Refugia for SGCN in Conservation Opportunity Areas,1,TRUE,TRUE,Model results were then compared to the 2017 COA boundaries to gauge how well this 2017 COA portfolio might capture suitable conditions for a diversity of SGCN into the future.
NM_SWAP_2025,.tools.niche_models,CLIMATE CHANGE REFUGIA,1,TRUE,TRUE,the 2017 COA portfolio generally captures relatively small percentages of the total geographic ranges of the SGCN for which SDMs were developed.
NM_SWAP_2025,.tools.climate_models,Figure 14. Projected changes in climate from 2001-2020 to 2041-2060,0.2237,FALSE,TRUE,Data were obtained from the AdaptWest Project (2022) and represent the Coupled Model Intercomparison Project 6 (CMIP6) Shared Socioeconomic Pathway (SSP5)-Representative Concentration Pathway (RPC) 8.
NM_SWAP_2025,.tools.climate_models,Chapter 4: Climate Change and Severe Weather,1,TRUE,TRUE,"average temperatures may increase by as much as 3.9 °C (7 °F) by 2070, with higher rises anticipated in the northwestern corner of New Mexico (NMBGMR 2022)."
NM_SWAP_2025,.tools.climate_models,CLIMATE CHANGE REFUGIA / Potential Future Climate Refugia for SGCN in Conservation Opportunity Areas,1,TRUE,TRUE,Losses tended to be less by approximately 15% under the moderate RCP 4.5 emission scenario versus the more extreme RCP 8.5 scenario.
NM_SWAP_2025,.tools.connectivity_models,RIPARIAN CONSERVATION OPPORTUNITY AREAS,0.354,FALSE,TRUE,"A regional habitat connectivity plan provides spatial layers depicting structural connectivity, network importance, landscape permeability, and climate connectivity."
NM_SWAP_2025,.context.management_scale.local,RIPARIAN CONSERVATION OPPORTUNITY AREAS,1,TRUE,TRUE,Riparian Conservation Opportunity Areas (RCOAs) are sites along river corridors that can serve as targets for conservation and/or restoration actions that will lead to enhanced habitat quality for a d
NM_SWAP_2025,.context.management_scale.site,RIPARIAN CONSERVATION OPPORTUNITY AREAS,1,TRUE,TRUE,The minimum size of an RCOA was set at 5 ha (12 ac) to identify areas that are more likely to be large enough to make any implementation of conservation or restoration actions in an RCOA economically 
NM_SWAP_2025,.context.management_scale.watershed,CLIMATE CHANGE REFUGIA,1,TRUE,TRUE,This distribution of HUC12s was then compared to the boundaries of 2025 SWAP Conservation Opportunity Areas (COAs) and ecoregions and used to determine the percent areas of COAs and ecoregions interse
NM_SWAP_2025,.context.management_scale.city,NA,NA,NA,FALSE,
NM_SWAP_2025,.context.management_scale.city,NA,NA,NA,FALSE,
NM_SWAP_2025,.context.management_scale.city,NA,NA,NA,FALSE,
NM_SWAP_2025,.context.management_scale.county,NA,NA,NA,FALSE,
NM_SWAP_2025,.context.management_scale.county,NA,NA,NA,FALSE,
NM_SWAP_2025,.context.management_scale.county,NA,NA,NA,FALSE,
NM_SWAP_2025,.context.management_scale.within_state_region,ECOREGIONS,1,TRUE,TRUE,"New Mexico encompasses parts of six Level II ecoregions, the most of any state. These ecoregions extend south to central Mexico and north to Canada and include desert (Cold Desert, Warm Desert, and We"
NM_SWAP_2025,.context.management_scale.state,THE NEW MEXICO RCOA PORTFOLIO,1,TRUE,TRUE,"A portfolio of 2,339 RCOAs has been built for the state that provides the foundation for planning and tracking conservation and restoration actions (Figure 13)."
NM_SWAP_2025,.context.management_scale.multistate,REVIEW AND REVISION COORDINATION WITH NEIGHBORING STATES,1,TRUE,TRUE,The Southwest Group has continued to meet monthly and has submitted a competitive State Wildlife Grant application for a project focused on assessing habitat connectivity for a diversity of species ac
NM_SWAP_2025,.context.management_scale.national,NA,NA,NA,FALSE,
NM_SWAP_2025,.context.management_scale.national,NA,NA,NA,FALSE,
NM_SWAP_2025,.context.management_scale.national,NA,NA,NA,FALSE,
NM_SWAP_2025,.context.management_scale.transnational,REGIONAL SGCN CONSERVATION EFFORTS,1,TRUE,TRUE,The importance of considering conservation action implementation regionally is highlighted by the prevalence of migratory birds that breed in New Mexico but winter in Mexico and Central America
NM_SWAP_2025,.context.management_scale.ecosystem,FORESTS,1,TRUE,TRUE,Projections indicate that climate change will have profound impacts on forest ecosystems across western North America. Most woody species are expected to shift northward to track suitable climate cond
NM_SWAP_2025,.context.management_scale.ecoregion,ECOREGIONS,1,TRUE,TRUE,"New Mexico encompasses parts of six Level II ecoregions, the most of any state. These ecoregions extend south to central Mexico and north to Canada"
NM_SWAP_2025,.context.management_scale.province,NA,NA,NA,FALSE,
NM_SWAP_2025,.context.management_scale.province,NA,NA,NA,FALSE,
NM_SWAP_2025,.context.management_scale.province,NA,NA,NA,FALSE,
NM_SWAP_2025,.context.management_scale.section,NA,NA,NA,FALSE,
NM_SWAP_2025,.context.management_scale.section,NA,NA,NA,FALSE,
NM_SWAP_2025,.context.management_scale.section,NA,NA,NA,FALSE,
NM_SWAP_2025,.context.management_scale.subsection,NA,NA,NA,FALSE,
NM_SWAP_2025,.context.management_scale.subsection,NA,NA,NA,FALSE,
NM_SWAP_2025,.context.management_scale.subsection,NA,NA,NA,FALSE,
NM_SWAP_2025,.context.management_scale.lake,NA,NA,NA,FALSE,
NM_SWAP_2025,.context.management_scale.lake,NA,NA,NA,FALSE,
NM_SWAP_2025,.context.management_scale.lake,NA,NA,NA,FALSE,
NM_SWAP_2025,.context.management_scale.river,CONSERVATION OPPORTUNITY AREAS LOWER PECOS AND BLACK RIVERS,0.3933,FALSE,TRUE,"The Lower Pecos and Black Rivers Reservoir Conservation Opportunity Area (COA) (Figure 37) spans approximately 52,543 ha (129,837 ac), extends from Lake McMillan to about 25 km (16 mi) northwest of Ca"
NM_SWAP_2025,.context.management_scale.district,NA,NA,NA,FALSE,
NM_SWAP_2025,.context.management_scale.district,NA,NA,NA,FALSE,
NM_SWAP_2025,.context.management_scale.district,NA,NA,NA,FALSE,
NM_SWAP_2025,.context.biological_unit_score,SPECIES VULNERABILITY TO CLIMATE CHANGE,1,TRUE,TRUE,"vulnerability to climate change will vary by population, species, and taxonomic group due to differences in exposure, sensitivity, and adaptive capacity to environmental change"
NM_SWAP_2025,.context.biological_unit_score,FORESTS,1,TRUE,TRUE,"community composition may change, including shifts toward more heat-tolerant trees (Rosenblad et al. 2023). Alpine habitats are likely to all but disappear (Hansen et al. 2001)."
NM_SWAP_2025,.context.biological_unit_components.species,SPECIES VULNERABILITY TO CLIMATE CHANGE,1,TRUE,TRUE,"Invertebrates are typically not as well represented in climate change assessments but, like most vertebrates, are expected to move northward and to higher elevations (Brantley and Ford 2012)."
NM_SWAP_2025,.context.biological_unit_components.population,SPECIES VULNERABILITY TO CLIMATE CHANGE,1,TRUE,TRUE,"vulnerability to climate change will vary by population, species, and taxonomic group due to differences in exposure, sensitivity, and adaptive capacity to environmental change"
NM_SWAP_2025,.context.biological_unit_components.habitat,PERENNIAL COLD-WATER STREAMS,0.9623,TRUE,TRUE,Climate change will decrease the availability of cold-water stream habitat suitable for cold-adapted species. Many reaches within lower-elevation and southern sites may no longer be suitable for cold-
NM_SWAP_2025,.context.biological_unit_components.ecosystem,FORESTS,1,TRUE,TRUE,Projections indicate that climate change will have profound impacts on forest ecosystems across western North America. Most woody species are expected to shift northward to track suitable climate cond
NM_SWAP_2025,.context.biological_unit_components.community,FORESTS,1,TRUE,TRUE,"actual shifts in communities are likely to differ from projected responses because individual species will respond uniquely to climate change (e.g., Rehfeldt et al. 2006) and community composition may"
NM_SWAP_2025,.context.biological_unit_components.genotype_phenotype,NA,NA,NA,FALSE,
NM_SWAP_2025,.context.biological_unit_components.genotype_phenotype,NA,NA,NA,FALSE,
NM_SWAP_2025,.context.biological_unit_components.genotype_phenotype,NA,NA,NA,FALSE,
NM_SWAP_2025,.context.partnerships_and_funding,CONSERVATION ACTIONS: AN OVERVIEW,1,TRUE,TRUE,"The Department alone does not have the authority or resources to implement all conservation actions identified in this SWAP and action implementation is voluntary. Thus, collaboration with appropriate"
NM_SWAP_2025,.context.partnerships_and_funding,SPECIES AND HABITAT MONITORING,1,TRUE,TRUE,Land of Enchantment Legacy Funds (75-12-1 through 75-12-2 New Mexico Statutes Annotated 1978) and Government Results and Opportunity Program Funds (NMHR 2025) allocated to the Department starting in 2
NM_SWAP_2025,.context.partnerships_and_funding,REVIEW AND REVISION COORDINATION WITH NEIGHBORING STATES,1,TRUE,TRUE,The Southwest Group has continued to meet monthly and has submitted a competitive State Wildlife Grant application for a project focused on assessing habitat connectivity for a diversity of species ac
NM_SWAP_2025,.context.climate_threat_habitat_degradation,NATURAL SYSTEM MODIFICATIONS,1,TRUE,TRUE,"increasing spring and summer temperatures, reduced soil and fuel moisture, and drought contribute to increased wildfire activity (Ryan et al. 2008). Wildfires are larger, more frequent, and more inten"
NM_SWAP_2025,.context.climate_threat_species_vital_rates,BIOLOGICAL RESOURCE USE (table section),1,TRUE,TRUE,These uncharacteristically large high-severity wildfires kill wildlife and destroy wildlife habitat and can result in habitat conversion from forest to shrub or grassland habitats
NM_SWAP_2025,.context.climate_threat_biotic_stressors,"INVASIVE AND OTHER PROBLEMATIC SPECIES, GENES, AND DISEASES",1,TRUE,TRUE,"The distribution of both native and exotic invasive species will be influenced by climate change. Within aquatic systems, warmer waters may help establish aquatic invasive species such as the zebra an"
NM_SWAP_2025,.actions.priority_habitat_identification,THE NEW MEXICO RCOA PORTFOLIO,1,TRUE,TRUE,"A portfolio of 2,339 RCOAs has been built for the state that provides the foundation for planning and tracking conservation and restoration actions (Figure 13)."
NM_SWAP_2025,.actions.priority_habitat_identification,CLIMATE CHANGE REFUGIA,1,TRUE,TRUE,This distribution of HUC12s was then compared to the boundaries of 2025 SWAP Conservation Opportunity Areas (COAs) and ecoregions and used to determine the percent areas of COAs and ecoregions interse
NM_SWAP_2025,.actions.priority_habitat_identification,CLIMATE CHANGE AND SEVERE WEATHER (Southern Rocky Mountains Conservation Profile),1,TRUE,TRUE,"Identify climate change (e.g., Michalak et al. 2020) or disturbance refugia (e.g., Rodman et al. 2023) for SGCN and their habitats and implement conservation actions to conserve, expand, or enhance th"
NM_SWAP_2025,.actions.targeted_range_shift_actions,Summarizing Approaches to Managing for Climate Change Vulnerability,1,TRUE,TRUE,"Direct systems toward desired future conditions where change is unavoidable (e.g., assist organisms in moving to areas with more suitable conditions, plant species that are better adapted to hotter an"
NM_SWAP_2025,.actions.time_bound_and_monitoring,REQUIRED ELEMENTS OF THE PLAN,1,TRUE,TRUE,"the provisions for periodic monitoring of SGCN and their habitats, for monitoring the effectiveness of conservation actions, and for adapting conservation actions as appropriate to respond to new info"
NM_SWAP_2025,.actions.time_bound_and_monitoring,REVIEW AND REVISION,1,TRUE,TRUE,"The Department will submit its next 10-year, comprehensive review and revision of the SWAP by October 1, 2035."
NM_SWAP_2025,.actions.evidence_of_efficacy,SPECIES VULNERABILITY TO CLIMATE CHANGE,1,TRUE,TRUE,Researchers with the Natural Resources Institute (NRI) at Texas A and M University analyzed climate vulnerability for 295 vertebrate SGCN for the 2025 SWAP. Vertebrates were chosen as the focus for th
NM_SWAP_2025,.actions.evidence_of_efficacy,CLIMATE CHANGE REFUGIA / Potential Future Climate Refugia for SGCN in Conservation Opportunity Areas,1,TRUE,TRUE,"Among the 10 modeled SGCN, results suggested that the conservation of at-risk species in New Mexico in the context of a changing climate over the next 50 years will present substantial challenges. Alm"
NM_SWAP_2025,.actions.evidence_of_efficacy,MANAGING CLIMATE CHANGE VULNERABILITY (table section),1,TRUE,TRUE,"Translocation, or movement of individuals to historically occupied locations, is less controversial and may help species cope with short-term habitat change, dispersal barriers, or increasing populati"
NM_SWAP_2025,.actions.adaptation_planning_frameworks,MANAGING CLIMATE CHANGE VULNERABILITY (table section),1,TRUE,TRUE,"Management frameworks such as Resist-Accept-Direct (RAD) are intended to help managers navigate the challenges, including a lack of predictability, associated with ecosystem transformations (emergence"
NM_SWAP_2025,.actions.adaptation_planning_frameworks,Summarizing Approaches to Managing for Climate Change Vulnerability,1,TRUE,TRUE,"Management actions designed to cope with climate change effects encompass four main strategies: resistance, resilience, response (or direct), and realignment (or accept) (Millar et"
NM_SWAP_2025,.actions.adaptation_planning_frameworks,ACTIONS THAT ADDRESS MULTIPLE THREATS (High Plains and Tablelands),1,TRUE,TRUE,"Incorporate appropriate climate adaptation strategies and frameworks into projects designed to address these synergistic effects. This may include enhancing connectivity (CEQ 2023), facilitating a spe"
NV_SWAP_2022,.concepts.climate_vulnerability,Overall Threats to Nevada's Key Habitats and Management Strategies,1,TRUE,TRUE,Severe: Severe vulnerability results from high climate change exposure and low system resilience and is expected to result in system transformation. High: High vulnerability results from High or moder
NV_SWAP_2022,.concepts.climate_vulnerability,Overall Threats to Nevada's Key Habitats and Management Strategies,1,TRUE,TRUE,Moderate: Moderate vulnerability scores result from either moderate exposure and resilience or highmoderate exposure and high resilience. Future vulnerability remains and may increase under further an
NV_SWAP_2022,.concepts.climate_vulnerability,Table (Low Elevation Sagebrush HCCVI text block),1,TRUE,TRUE,"95% of these areas have inherently limited adaptive capacity due in part to low topographic variability (i.e., they occur on flat to gently rolling landscapes, where on average, climate change can for"
NV_SWAP_2022,.concepts.adaptive_capacity_specificity,A Note on Climate Change,0.3706,FALSE,TRUE,"Climate change is a significant threat to wildlife and their associated habitat. Many SGCN are particularly vulnerable due to life history characteristics that limit their ability to adapt and adjust,"
NV_SWAP_2022,.concepts.adaptive_capacity_specificity,Table (Low Elevation Sagebrush HCCVI text block),1,TRUE,TRUE,"95% of these areas have inherently limited adaptive capacity due in part to low topographic variability (i.e., they occur on flat to gently rolling landscapes, where on average, climate change can for"
NV_SWAP_2022,.concepts.adaptive_capacity_components.demography,NA,NA,NA,FALSE,
NV_SWAP_2022,.concepts.adaptive_capacity_components.demography,NA,NA,NA,FALSE,
NV_SWAP_2022,.concepts.adaptive_capacity_components.demography,NA,NA,NA,FALSE,
NV_SWAP_2022,.concepts.adaptive_capacity_components.distribution,"Table 10 (High-Level Strategies, Adaptation Approaches, and Adaptation Tactics)",1,TRUE,TRUE,"Possible conversion to novel states, depletion of C3 grasses ('cool season grasses') and other functional groups due to climate change, complex range shifts in N-S & E-W based on individualistic respo"
NV_SWAP_2022,.concepts.adaptive_capacity_components.movement,A Note on Climate Change,0.4419,FALSE,TRUE,"Climate change is a significant threat to wildlife and their associated habitat. Many SGCN are particularly vulnerable due to life history characteristics that limit their ability to adapt and adjust,"
NV_SWAP_2022,.concepts.adaptive_capacity_components.evolutionary_potential,NA,NA,NA,FALSE,
NV_SWAP_2022,.concepts.adaptive_capacity_components.evolutionary_potential,NA,NA,NA,FALSE,
NV_SWAP_2022,.concepts.adaptive_capacity_components.evolutionary_potential,NA,NA,NA,FALSE,
NV_SWAP_2022,.concepts.adaptive_capacity_components.ecological_dependencies,NA,NA,NA,FALSE,
NV_SWAP_2022,.concepts.adaptive_capacity_components.ecological_dependencies,NA,NA,NA,FALSE,
NV_SWAP_2022,.concepts.adaptive_capacity_components.ecological_dependencies,NA,NA,NA,FALSE,
NV_SWAP_2022,.concepts.adaptive_capacity_components.abiotic_niche,A Note on Climate Change,0.3706,FALSE,TRUE,"Climate change is a significant threat to wildlife and their associated habitat. Many SGCN are particularly vulnerable due to life history characteristics that limit their ability to adapt and adjust,"
NV_SWAP_2022,.concepts.adaptive_capacity_components.life_history,A Note on Climate Change,0.3345,FALSE,TRUE,"Many SGCN are particularly vulnerable due to life history characteristics that limit their ability to adapt and adjust, such as low dispersal capabilities, occurrence in disjunct populations separated"
NV_SWAP_2022,.concepts.connectivity,Overall Threats to Nevada's Key Habitats and Management Strategies,1,TRUE,TRUE,Identify climate refugia and corridors that are likely to be important for species movement and persistence.
NV_SWAP_2022,.concepts.connectivity,A Note on Climate Change,0.4133,FALSE,TRUE,The Nature Conservancy is developing a climate change corridor assessment using key species to identify areas that should be conserved as opportunities for species to migrate due to climate change.
NV_SWAP_2022,.concepts.connectivity,Conservation Strategy (Mojave Mid-Elevation Mixed Desert Shrub),1,TRUE,TRUE,Maintain functional connectivity among presently intact Mojave Warm Desert and Mojave Mid-elevation Mixed Scrub habitats and account for northward extensions of these key habitats into other regions.
NV_SWAP_2022,.tools.vulnerability_models,A Note on Climate Change,0.5648,FALSE,TRUE,New to the 2022 SWAP are select habitat climate change vulnerability assessments in Chapter 4 and Appendix D.
NV_SWAP_2022,.tools.vulnerability_models,Climate Change Vulnerability (Aspen Woodland),1,TRUE,TRUE,"Within the Nevada portion of the aspen distribution, overall HCCVI is 91% in moderate and 9% in high relative vulnerability. Exposure is 10% severe, 87% high, and 3% moderate"
NV_SWAP_2022,.tools.vulnerability_models,Climate Change Vulnerability (Salt Desert Shrub),1,TRUE,TRUE,"Within the NV portion of the Salt Desert Shrub Key Habitat distribution, overall HCCVI is 46% in moderate and 53% in high relative vulnerability."
NV_SWAP_2022,.tools.niche_models,Arizona-Nevada Collaboration,1,TRUE,TRUE,"Arizona contracted New York Natural Heritage Program (NY Heritage) to develop species distribution models for 281 SGCN. Through their collaboration, Arizona and Nevada identified 47 shared terrestrial"
NV_SWAP_2022,.tools.niche_models,Climate Change in Nevada,1,TRUE,TRUE,More complex modeling shows an expected soil water deficit for the Southwest that will likely impact species distributions and cover
NV_SWAP_2022,.tools.climate_models,Climate Change in Nevada,1,TRUE,TRUE,"Figure 5. Historic (1960-1991) mean annual maximum temperature C, RCP45 and RCP85 (2035-2064) projected change based on LOCA statistically downscaled monthly data for the state of Nevada. Data were so"
NV_SWAP_2022,.tools.climate_models,Climate Change in Nevada,1,TRUE,TRUE,Table 4 : Annual mean maximum and minimum temperatures and accumulated precipitation for historic(1960-1991) and medium future periods based on 10 Global Circulation Model outputs of CMIP5 LOCA data o
NV_SWAP_2022,.tools.connectivity_models,A Note on Climate Change,0.4133,FALSE,TRUE,The Nature Conservancy is developing a climate change corridor assessment using key species to identify areas that should be conserved as opportunities for species to migrate due to climate change.
NV_SWAP_2022,.context.management_scale.local,Introduction,1,TRUE,TRUE,key components of the SWAP can and should serve as foundational building blocks for further conservation planning and the development of more specific actions at the local level.
NV_SWAP_2022,.context.management_scale.site,Overall Threats to Nevada's Key Habitats and Management Strategies,1,TRUE,TRUE,"habitat-specific objectives and actions vary by region, individual sites, and microsites and actions will be dependent upon factors such as the annual wildfire season"
NV_SWAP_2022,.context.management_scale.watershed,Aquatic Habitats,1,TRUE,TRUE,The aquatic framework for the SWAP was defined by ecological drainage units which are aggregations of NHD twelfth level Hydrologic Unit Codes (HUC 12). This refines the aquatic habitats to a more focu
NV_SWAP_2022,.context.management_scale.city,NA,NA,NA,FALSE,
NV_SWAP_2022,.context.management_scale.city,NA,NA,NA,FALSE,
NV_SWAP_2022,.context.management_scale.city,NA,NA,NA,FALSE,
NV_SWAP_2022,.context.management_scale.county,NA,NA,NA,FALSE,
NV_SWAP_2022,.context.management_scale.county,NA,NA,NA,FALSE,
NV_SWAP_2022,.context.management_scale.county,NA,NA,NA,FALSE,
NV_SWAP_2022,.context.management_scale.within_state_region,Biophysical Regions and Major Habitat Types,1,TRUE,TRUE,USDA Major Land Resource Areas (MLRAs) are at times utilized for reporting metrics within the State Wildlife Action Plan (SWAP) at a finer scale than the Level III Ecoregions
NV_SWAP_2022,.context.management_scale.state,Purpose and Scope of the Nevada Wildlife Action Plan,1,TRUE,TRUE,"Nevada's State Wildlife Action Plan (SWAP) is intended to be a comprehensive, statewide plan for conserving the state's wildlife and habitat resources."
NV_SWAP_2022,.context.management_scale.multistate,Arizona-Nevada Collaboration,1,TRUE,TRUE,The State of Nevada partnered with the State of Arizona in a pilot program to foster the development and implementation of a crossjurisdictional approach to conservation in the southwest.
NV_SWAP_2022,.context.management_scale.national,Introduction (Chapter 6),1,TRUE,TRUE,"guidance from the Association of Fish and Wildlife Agencies (AFWA) recognizes that landscape-scale, crossjurisdictional collaborations are valuable for fish and wildlife agencies in achieving statutor"
NV_SWAP_2022,.context.management_scale.transnational,NA,NA,NA,FALSE,
NV_SWAP_2022,.context.management_scale.transnational,NA,NA,NA,FALSE,
NV_SWAP_2022,.context.management_scale.transnational,NA,NA,NA,FALSE,
NV_SWAP_2022,.context.management_scale.ecosystem,Conservation Strategy (Sagebrush),1,TRUE,TRUE,Vulnerability analysis for intermountain basins big sagebrush shrublands (2040-2070) projects generally decreasing suitability for this ecological system
NV_SWAP_2022,.context.management_scale.ecoregion,Biophysical Regions and Major Habitat Types,1,TRUE,TRUE,"The four primary ecoregions that overlap Nevada include the Northern Basin and Range, Central Basin and Range, Mojave Basin and Range, Sierra Nevada, and a minor inclusion of the Arizona/ New Mexico P"
NV_SWAP_2022,.context.management_scale.province,NA,NA,NA,FALSE,
NV_SWAP_2022,.context.management_scale.province,NA,NA,NA,FALSE,
NV_SWAP_2022,.context.management_scale.province,NA,NA,NA,FALSE,
NV_SWAP_2022,.context.management_scale.section,NA,NA,NA,FALSE,
NV_SWAP_2022,.context.management_scale.section,NA,NA,NA,FALSE,
NV_SWAP_2022,.context.management_scale.section,NA,NA,NA,FALSE,
NV_SWAP_2022,.context.management_scale.subsection,NA,NA,NA,FALSE,
NV_SWAP_2022,.context.management_scale.subsection,NA,NA,NA,FALSE,
NV_SWAP_2022,.context.management_scale.subsection,NA,NA,NA,FALSE,
NV_SWAP_2022,.context.management_scale.lake,Climate Change in Nevada,1,TRUE,TRUE,"deep temperature mixing within Lake Tahoe, which impacts nutrient availability, may cease to fully occur under future scenarios leading to increases in algal growth, decreases in lake clarity, and imp"
NV_SWAP_2022,.context.management_scale.river,Predicted Climate Change Effects (Rivers and Streams),1,TRUE,TRUE,Potential climate change effects on intermountain river and stream aquatic habitats are driven by predicted changes in two key interlinked components of climate: precipitation and air temperature
NV_SWAP_2022,.context.management_scale.district,NA,NA,NA,FALSE,
NV_SWAP_2022,.context.management_scale.district,NA,NA,NA,FALSE,
NV_SWAP_2022,.context.management_scale.district,NA,NA,NA,FALSE,
NV_SWAP_2022,.context.biological_unit_score,"Table 10 (High-Level Strategies, Adaptation Approaches, and Adaptation Tactics)",1,TRUE,TRUE,"Possible conversion to novel states, depletion of C3 grasses ('cool season grasses') and other functional groups due to climate change, complex range shifts in N-S & E-W based on individualistic respo"
NV_SWAP_2022,.context.biological_unit_score,Predicted Climate Change Effects (Pinyon-Juniper Woodland),1,TRUE,TRUE,Pinyon-juniper woodlands commonly occur along the foothills of large mountain ranges. This creates the capacity of these woodlands to shift upward into higher elevations in response to changing climat
NV_SWAP_2022,.context.biological_unit_components.species,Climate Change in Nevada,1,TRUE,TRUE,"understanding and projecting future impacts of climate change on the range, distribution, and habitats of protected and other threatened plants will likely be a priority."
NV_SWAP_2022,.context.biological_unit_components.population,NA,NA,NA,FALSE,
NV_SWAP_2022,.context.biological_unit_components.population,NA,NA,NA,FALSE,
NV_SWAP_2022,.context.biological_unit_components.population,NA,NA,NA,FALSE,
NV_SWAP_2022,.context.biological_unit_components.habitat,A Note on Climate Change,0.5648,FALSE,TRUE,New to the 2022 SWAP are select habitat climate change vulnerability assessments in Chapter 4 and Appendix D.
NV_SWAP_2022,.context.biological_unit_components.ecosystem,Conservation Strategy (Sagebrush),1,TRUE,TRUE,Vulnerability analysis for intermountain basins big sagebrush shrublands (2040-2070) projects generally decreasing suitability for this ecological system
NV_SWAP_2022,.context.biological_unit_components.community,"Table 10 (High-Level Strategies, Adaptation Approaches, and Adaptation Tactics)",1,TRUE,TRUE,"Possible conversion to novel states, depletion of C3 grasses ('cool season grasses') and other functional groups due to climate change, complex range shifts in N-S & E-W based on individualistic respo"
NV_SWAP_2022,.context.biological_unit_components.genotype_phenotype,NA,NA,NA,FALSE,
NV_SWAP_2022,.context.biological_unit_components.genotype_phenotype,NA,NA,NA,FALSE,
NV_SWAP_2022,.context.biological_unit_components.genotype_phenotype,NA,NA,NA,FALSE,
NV_SWAP_2022,.context.partnerships_and_funding,Acknowledgments,1,TRUE,TRUE,"We are grateful for funding from the U.S. Fish and Wildlife Service Science Applications Program, which supported facilitation of the State Wildlife Action Plan revision, coordination with the Arizona"
NV_SWAP_2022,.context.partnerships_and_funding,Acknowledgments,1,TRUE,TRUE,Funding to support Habitat Climate Change Vulnerability assessments through NatureServe was generously provided by The Nature Conservancy and the Southwest Climate Adaptation Center.
NV_SWAP_2022,.context.partnerships_and_funding,Arizona-Nevada Collaboration,1,TRUE,TRUE,The State of Nevada partnered with the State of Arizona in a pilot program to foster the development and implementation of a crossjurisdictional approach to conservation in the southwest.
NV_SWAP_2022,.context.climate_threat_habitat_degradation,Climate Change in Nevada,1,TRUE,TRUE,"Warming and drying trends in the recent past have been linked to increased wildfire within the western United States, leading to an estimated doubling of acres burned over the expected baseline"
NV_SWAP_2022,.context.climate_threat_habitat_degradation,Predicted Climate Change Effects (Riparian and Wetland),0.908,TRUE,TRUE,"Climate change will likely result in less precipitation, increased air temperatures, and a shift in winter precipitation patterns from snow to rain. Decreases in precipitation, especially winter snowp"
NV_SWAP_2022,.context.climate_threat_habitat_degradation,Table (Low Elevation Sagebrush HCCVI text block),1,TRUE,TRUE,"Vast areas of Wyoming sagebrush, a key component of low elevation sagebrush dominated key habitats, have been lost from intense fires as a result of increasing invasive grass cover and warming-drying "
NV_SWAP_2022,.context.climate_threat_species_vital_rates,Predicted Climate Change Effects (Pinyon-Juniper Woodland),1,TRUE,TRUE,"Along with the predicted increase in recurring drought and increase in atmospheric temperatures, which exacerbate the impacts of drought, ips beetle epidemics are more likely. For example, during a 20"
NV_SWAP_2022,.context.climate_threat_species_vital_rates,Predicted Climate Change Effects (Rivers and Streams),1,TRUE,TRUE,"These changes will directly influence seasonal stream flows and aquatic habitat quality in many intermountain river and stream systems, where even small changes in water availability can significantly"
NV_SWAP_2022,.context.climate_threat_biotic_stressors,Habitat Conditions (Desert Grasslands),0.822,FALSE,TRUE,"With the present trend of drier and warmer climatic conditions across this physiographic region coinciding with rapid proliferation of cheatgrass (Bromus tectorum) in the past 50 years, fire frequency"
NV_SWAP_2022,.context.climate_threat_biotic_stressors,Habitat Conditions (Sagebrush),1,TRUE,TRUE,Pinyon-juniper expansion is also generally facilitated by regional warming
NV_SWAP_2022,.actions.priority_habitat_identification,Overall Threats to Nevada's Key Habitats and Management Strategies,1,TRUE,TRUE,"Locate and map habitat types, corridors, and patches at a landscape scale, and identify priorities for protection and/or restoration."
NV_SWAP_2022,.actions.priority_habitat_identification,Overall Threats to Nevada's Key Habitats and Management Strategies,1,TRUE,TRUE,Identify climate refugia and corridors that are likely to be important for species movement and persistence.
NV_SWAP_2022,.actions.priority_habitat_identification,Conservation Strategy (Montane Shrublands),1,TRUE,TRUE,Action: Map montane shrub stands throughout the state at a fine scale to interpret elevational shifts in plant composition and structure.
NV_SWAP_2022,.actions.targeted_range_shift_actions,Overall Threats to Nevada's Key Habitats and Management Strategies,1,TRUE,TRUE,Facilitate the movement of species that are expected to be adapted to future conditions and fire regimes.
NV_SWAP_2022,.actions.targeted_range_shift_actions,Conservation Strategy (Mojave Mid-Elevation Mixed Desert Shrub),1,TRUE,TRUE,Maintain functional connectivity among presently intact Mojave Warm Desert and Mojave Mid-elevation Mixed Scrub habitats and account for northward extensions of these key habitats into other regions.
NV_SWAP_2022,.actions.time_bound_and_monitoring,Conservation Strategy (Aspen Woodland),1,TRUE,TRUE,Objective 1: Identify and assess aspen woodlands across Nevada by 2027.
NV_SWAP_2022,.actions.time_bound_and_monitoring,Conservation Strategy (Aspen Woodland),1,TRUE,TRUE,Objective 3: Manage aspen woodlands to not exceed 10% loss to type conversion through 2032.
NV_SWAP_2022,.actions.time_bound_and_monitoring,Overall Threats to Nevada's Key Habitats and Management Strategies,1,TRUE,TRUE,"Adapt approaches and actions based on change-point detection in species/ ecosystem ranges, distributions, relative abundances, etc. via robust monitoring Establish robust long-term trends and conditio"
NV_SWAP_2022,.actions.evidence_of_efficacy,Arizona-Nevada Collaboration (Bighorn Sheep),1,TRUE,TRUE,One long-term study conducted by AZGFD found that sheep utilized wildlife overpasses to cross roadways more than bridges and culverts. These findings led the Boulder City Bypass Phase II (BCB-2) plann
NV_SWAP_2022,.actions.adaptation_planning_frameworks,Overall Threats to Nevada's Key Habitats and Management Strategies,1,TRUE,TRUE,"This table is organized based on the Resist, Accept, Direct (RAD) framework that was developed to address climate-related mitigation; however, it serves as a useful framework for addressing other thre"
NV_SWAP_2022,.actions.adaptation_planning_frameworks,Arizona-Nevada Collaboration,1,TRUE,TRUE,utilizing tools such as the NatureServe Habitat Climate Change Vulnerability Index (see Chapter 4) and updating assessments on the vulnerability of individual species as tools become available have be
NV_SWAP_2022,.actions.adaptation_planning_frameworks,A Note on Climate Change,0.3822,FALSE,TRUE,"updated guidance from the Association of Fish and Wildlife Agencies (AFWA, 2022 draft) for incorporating climate change into management plans will help guide future conservation actions in addition to"
NY_SWAP_2025_draft,.concepts.climate_vulnerability,"NY_SWAP_2025_draft.pdf, Climate Change",0.7415,FALSE,TRUE,Natural climatic changes can occur suddenly...the current rate of change is occurring more rapidly than many species are able to respond and adapt to.
NY_SWAP_2025_draft,.concepts.climate_vulnerability,"NY_SWAP_2025_draft.pdf, Climate Change",1,TRUE,TRUE,"Primary impacts in New York include higher average temperatures and precipitation, more severe storms, more frequent and longer heat waves, decreased winter snowpack, and saltwater intrusion into fres"
NY_SWAP_2025_draft,.concepts.climate_vulnerability,"NY_SWAP_2025_draft.pdf, Chapter 3 Species of Greatest Conservation Need",1,TRUE,TRUE,There are features of their life history that make them particularly vulnerable to threats.
NY_SWAP_2025_draft,.concepts.adaptive_capacity_specificity,"NY_SWAP_2025_draft_WildlifeHealth.pdf, How do we measure wildlife health?",1,TRUE,TRUE,Factors that may influence the health of populations include: genetic diversity; population demographics; climate change and weather events; resource availability; habitat continuity/quality; exposure
NY_SWAP_2025_draft,.concepts.adaptive_capacity_components.demography,"NY_SWAP_2025_draft_WildlifeHealth.pdf, How do we measure wildlife health?",1,TRUE,TRUE,"Factors that may be reflective of the health of individuals and populations, and thus the resilience of a population, include: genetic diversity; immune function; reproductive fitness; population para"
NY_SWAP_2025_draft,.concepts.adaptive_capacity_components.distribution,"NY_SWAP_2025_draft.pdf, Chapter 1 intro",1,TRUE,TRUE,Protect SGCN populations to reverse declines in abundance or loss of range.
NY_SWAP_2025_draft,.concepts.adaptive_capacity_components.movement,"NY_SWAP_2025_draft.pdf, EXTIRPATED LARGE CARNIVORES",1,TRUE,TRUE,"The SWAP recommends actions to foster regional habitat connectivity, which could facilitate natural recolonization of New York by these extirpated large carnivores as conditions permit."
NY_SWAP_2025_draft,.concepts.adaptive_capacity_components.evolutionary_potential,"NY_SWAP_2025_draft_WildlifeHealth.pdf, How do we measure wildlife health?",1,TRUE,TRUE,Factors that may influence the health of populations include: genetic diversity; population demographics; climate change and weather events; resource availability; habitat continuity/quality
NY_SWAP_2025_draft,.concepts.adaptive_capacity_components.ecological_dependencies,"NY_SWAP_2025_draft.pdf, Chapter 3: Data Deficient Species",1,TRUE,TRUE,"changes in the timing of plants' flowering relative to presence of pollinators on the landscape (e.g., plants flowering earlier or later than normal, or shifts in insect active periods that no longer "
NY_SWAP_2025_draft,.concepts.adaptive_capacity_components.abiotic_niche,"NY_SWAP_2025_draft.pdf, Climate Change",0.749,FALSE,TRUE,"An increase or decrease in average air or water temperatures, changes to the timing and amount of precipitation events, increased salinity of coastal wetlands and tidal waters...are some of the more f"
NY_SWAP_2025_draft,.concepts.adaptive_capacity_components.life_history,"NY_SWAP_2025_draft.pdf, Chapter 3 Species of Greatest Conservation Need",1,TRUE,TRUE,There are features of their life history that make them particularly vulnerable to threats.
NY_SWAP_2025_draft,.concepts.connectivity,"NY_SWAP_2025_draft.pdf, EXTIRPATED LARGE CARNIVORES",1,TRUE,TRUE,"The SWAP recommends actions to foster regional habitat connectivity, which could facilitate natural recolonization of New York by these extirpated large carnivores as conditions permit."
NY_SWAP_2025_draft,.concepts.connectivity,"NY_SWAP_2025_draft.pdf, Chapter 6 Conservation Actions",1,TRUE,TRUE,Action: Foster northeast regional habitat connectivity projects for New York and regional SGCN. Measure: Identification of important habitat linkages between New York and neighboring states and provin
NY_SWAP_2025_draft,.concepts.connectivity,"NY_SWAP_2025_draft.pdf, Chapter 9",0.5986,FALSE,TRUE,"Wildlife management and monitoring programs are also critical to addressing the direct and indirect impacts of changing climatic conditions...shifting vegetative communities, but they also have the po"
NY_SWAP_2025_draft,.tools.vulnerability_models,"NY_SWAP_2025_draft.pdf, Chapter 5 references block",0.4551,FALSE,TRUE,"In 2019, the National Audubon Society released Survival by Degrees: 389 Bird Species on the Brink, an assessment of species at increasing risk of extinction from global temperature rise. The 2019 asse"
NY_SWAP_2025_draft,.tools.niche_models,"NY_SWAP_2025_draft.pdf, Chapter 5 references block",1,TRUE,TRUE,"models suitability within and beyond a species' range, and prioritizes spatial areas likely to provide suitable habitats and environmental parameters for particular bird species."
NY_SWAP_2025_draft,.tools.climate_models,"NY_SWAP_2025_draft.pdf, Chapter 5 references block",0.992,TRUE,TRUE,State policies are based on the global scale report from the Intergovernmental Panel on Climate Change 6th Assessment Report (IPCC 2023) and state-level reports such as the Observed and Projected Clim
NY_SWAP_2025_draft,.tools.connectivity_models,NA,NA,NA,FALSE,
NY_SWAP_2025_draft,.tools.connectivity_models,NA,NA,NA,FALSE,
NY_SWAP_2025_draft,.tools.connectivity_models,NA,NA,NA,FALSE,
NY_SWAP_2025_draft,.context.management_scale.local,"NY_SWAP_2025_draft.pdf, Chapter 6 Conservation Actions",1,TRUE,TRUE,Action: Restrict recreational use of off-road vehicles in important SGCN habitats. Measure: Reduction or elimination of off-road vehicle use in target habitats
NY_SWAP_2025_draft,.context.management_scale.site,"NY_SWAP_2025_draft.pdf, Chapter 8. Implementation",1,TRUE,TRUE,"Conservation actions identified as high priority were separated by habitat type (terrestrial, freshwater aquatic, and marine/estuarine), and further characterized as those which apply statewide, and t"
NY_SWAP_2025_draft,.context.management_scale.watershed,"NY_SWAP_2025_draft.pdf, Chapter 1 Conservation Planning in New York",1,TRUE,TRUE,"Watershed-based plans have been developed for all major watersheds in the state, often including an interstate and international steering committee to coordinate conservation with neighboring jurisdic"
NY_SWAP_2025_draft,.context.management_scale.city,NA,NA,NA,FALSE,
NY_SWAP_2025_draft,.context.management_scale.city,NA,NA,NA,FALSE,
NY_SWAP_2025_draft,.context.management_scale.city,NA,NA,NA,FALSE,
NY_SWAP_2025_draft,.context.management_scale.county,"NY_SWAP_2025_draft.pdf, Chapter 8 Implementation",1,TRUE,TRUE,"County and town governments in New York have used the SWAP in developing local conservation plans, and in planning for recreational use of their parks and open space. County Soil and Water Conservatio"
NY_SWAP_2025_draft,.context.management_scale.within_state_region,"NY_SWAP_2025_draft.pdf, Chapter 8. Implementation",1,TRUE,TRUE,"Priority conservation actions are listed below and organized by ecoregion (Figure 8-1), watershed (Figure 8-2) and marine mesohabitat."
NY_SWAP_2025_draft,.context.management_scale.state,"NY_SWAP_2025_draft.pdf, Chapter 1 intro",1,TRUE,TRUE,"Geographic focus is based upon ecoregion for terrestrial species, watershed for freshwater aquatic species, and habitat type for marine/estuarine species."
NY_SWAP_2025_draft,.context.management_scale.multistate,"NY_SWAP_2025_draft.pdf, Chapter 6 Conservation Actions",1,TRUE,TRUE,Action: Foster northeast regional habitat connectivity projects for New York and regional SGCN. Measure: Identification of important habitat linkages between New York and neighboring states and provin
NY_SWAP_2025_draft,.context.management_scale.national,"NY_SWAP_2025_draft.pdf, Chapter 1 National and International Context",1,TRUE,TRUE,"Nationally, government and non-profit groups such as the Atlantic Flyway Council, American Fisheries Society, and Partners in Amphibian and Reptile Conservation help coordinate conservation and manage"
NY_SWAP_2025_draft,.context.management_scale.transnational,"NY_SWAP_2025_draft.pdf, Chapter 1 National and International Context",1,TRUE,TRUE,"The SWAP is written as a document for biodiversity conservation within New York State but recognizes that many SGCN cross interstate and international boundaries, either as part of their natural range"
NY_SWAP_2025_draft,.context.management_scale.ecosystem,"NY_SWAP_2025_draft.pdf, Climate Change",1,TRUE,TRUE,"These environmental changes are already affecting New York, and impacts are projected to grow."
NY_SWAP_2025_draft,.context.management_scale.ecoregion,"NY_SWAP_2025_draft.pdf, Chapter 8. Implementation",1,TRUE,TRUE,"Priority conservation actions are listed below and organized by ecoregion (Figure 8-1), watershed (Figure 8-2) and marine mesohabitat."
NY_SWAP_2025_draft,.context.management_scale.province,NA,NA,NA,FALSE,
NY_SWAP_2025_draft,.context.management_scale.province,NA,NA,NA,FALSE,
NY_SWAP_2025_draft,.context.management_scale.province,NA,NA,NA,FALSE,
NY_SWAP_2025_draft,.context.management_scale.section,NA,NA,NA,FALSE,
NY_SWAP_2025_draft,.context.management_scale.section,NA,NA,NA,FALSE,
NY_SWAP_2025_draft,.context.management_scale.section,NA,NA,NA,FALSE,
NY_SWAP_2025_draft,.context.management_scale.subsection,NA,NA,NA,FALSE,
NY_SWAP_2025_draft,.context.management_scale.subsection,NA,NA,NA,FALSE,
NY_SWAP_2025_draft,.context.management_scale.subsection,NA,NA,NA,FALSE,
NY_SWAP_2025_draft,.context.management_scale.lake,"NY_SWAP_2025_draft.pdf, Chapter 6/7 Conservation Actions",1,TRUE,TRUE,"Action: Initiate a monitoring program for deep, cold Adirondack lakes that may serve as refuges for sensitive SGCN from the effects of changing temperatures. Measure: Number of lakes monitored"
NY_SWAP_2025_draft,.context.management_scale.river,"NY_SWAP_2025_draft.pdf, Chapter 6 Conservation Actions",1,TRUE,TRUE,Action: Restore natural hydrologic flow regime through barrier mitigation structures in waters critical to SGCN. Measure: Miles of natural stream flow reconnected in key SGCN habitats.
NY_SWAP_2025_draft,.context.management_scale.district,NA,NA,NA,FALSE,
NY_SWAP_2025_draft,.context.management_scale.district,NA,NA,NA,FALSE,
NY_SWAP_2025_draft,.context.management_scale.district,NA,NA,NA,FALSE,
NY_SWAP_2025_draft,.context.biological_unit_score,"NY_SWAP_2025_draft.pdf, Climate Change",0.749,FALSE,TRUE,"An increase or decrease in average air or water temperatures, changes to the timing and amount of precipitation events, increased salinity of coastal wetlands and tidal waters...are some of the more f"
NY_SWAP_2025_draft,.context.biological_unit_score,"NY_SWAP_2025_draft.pdf, Chapter 5 threat classification table",1,TRUE,TRUE,Habitat Shifting & Alteration -Major changes in habitat composition or location
NY_SWAP_2025_draft,.context.biological_unit_components.species,"NY_SWAP_2025_draft.pdf, Climate Change",1,TRUE,TRUE,"Impacts in this category were cited as a threat to HPSGCN 290 times and to SGCN 371 times. This threat category includes habitat shifting and alteration, changes in geochemical regimes, changes in tem"
NY_SWAP_2025_draft,.context.biological_unit_components.population,"NY_SWAP_2025_draft.pdf, Chapter 1 intro",1,TRUE,TRUE,Protect SGCN populations to reverse declines in abundance or loss of range.
NY_SWAP_2025_draft,.context.biological_unit_components.habitat,"NY_SWAP_2025_draft.pdf, Climate Change",1,TRUE,TRUE,"Higher ocean levels will increase the frequency and severity of damaging storm surges and shoreline flooding, permanently inundate some low-lying coastal areas with saltwater, and dramatically acceler"
NY_SWAP_2025_draft,.context.biological_unit_components.ecosystem,"NY_SWAP_2025_draft.pdf, Chapter 5 threat classification table",1,TRUE,TRUE,11.1. Habitat Shifting & Alteration -Major changes in habitat composition or location
NY_SWAP_2025_draft,.context.biological_unit_components.community,"NY_SWAP_2025_draft.pdf, Climate Change",1,TRUE,TRUE,shifts in the composition of plant communities are some of the more frequently cited threats to SGCN in New York.
NY_SWAP_2025_draft,.context.biological_unit_components.genotype_phenotype,NA,NA,NA,FALSE,
NY_SWAP_2025_draft,.context.biological_unit_components.genotype_phenotype,NA,NA,NA,FALSE,
NY_SWAP_2025_draft,.context.biological_unit_components.genotype_phenotype,NA,NA,NA,FALSE,
NY_SWAP_2025_draft,.context.partnerships_and_funding,"NY_SWAP_2025_draft.pdf, Chapter 1 Northeast Regional Conservation",1,TRUE,TRUE,"The RCN Program utilizes a funding mechanism equitable to all Northeast states and the District of Columbia, creating a base of funding for regional projects. A small percentage of each state's annual"
NY_SWAP_2025_draft,.context.partnerships_and_funding,"NY_SWAP_2025_draft.pdf, Chapter 1 Introduction",0.9928,TRUE,TRUE,"Maintaining a current SWAP is crucial for continued funding opportunities that support much of the wildlife conservation work that DEC engages in. Over the last ten years, DEC has implemented many SWG"
NY_SWAP_2025_draft,.context.partnerships_and_funding,"NY_SWAP_2025_draft.pdf, Chapter 8. Implementation",1,TRUE,TRUE,"Implementation of the SWAP will involve several government agencies and conservation partners, as well as private individuals, and may be accomplished primarily through existing partnership agreements"
NY_SWAP_2025_draft,.context.climate_threat_habitat_degradation,"NY_SWAP_2025_draft.pdf, Climate Change",1,TRUE,TRUE,"Primary impacts in New York include higher average temperatures and precipitation, more severe storms, more frequent and longer heat waves, decreased winter snowpack, and saltwater intrusion into fres"
NY_SWAP_2025_draft,.context.climate_threat_habitat_degradation,"NY_SWAP_2025_draft.pdf, Climate Change",1,TRUE,TRUE,"Higher ocean levels will increase the frequency and severity of damaging storm surges and shoreline flooding, permanently inundate some low-lying coastal areas with saltwater, and dramatically acceler"
NY_SWAP_2025_draft,.context.climate_threat_species_vital_rates,"NY_SWAP_2025_draft_AdditionalThreatsInfo.pdf, Climate Change section",1,TRUE,TRUE,"Gradual temperature change E.g., altered sex-ratio in species relying upon a temperature dependent sex determination, reduction of dissolved oxygen that is available to fish species, earlier ice-free "
NY_SWAP_2025_draft,.context.climate_threat_biotic_stressors,"NY_SWAP_2025_draft_AdditionalThreatsInfo.pdf, Climate Change section",0.9641,TRUE,TRUE,11.1.2 Phenological mismatch: Behaviors that have evolved to adapt to seasonal changes become unsynchronized due to irregularities or delays in the cycle of the seasons.
NY_SWAP_2025_draft,.context.climate_threat_biotic_stressors,"NY_SWAP_2025_draft.pdf, Chapter 3: Data Deficient Species",1,TRUE,TRUE,"changes in the timing of plants' flowering relative to presence of pollinators on the landscape (e.g., plants flowering earlier or later than normal, or shifts in insect active periods that no longer "
NY_SWAP_2025_draft,.actions.priority_habitat_identification,"NY_SWAP_2025_draft.pdf, Chapter 8. Implementation",1,TRUE,TRUE,"Conservation Opportunity Areas (COAs) depicting locations of species tracked by the New York Natural Heritage Program were mapped. These areas are not wholly habitat-driven, though terrestrial and aqu"
NY_SWAP_2025_draft,.actions.priority_habitat_identification,"NY_SWAP_2025_draft.pdf, Chapter 6 goal 1.1.1",1,TRUE,TRUE,Action: Identify specific locations or focus areas of key SGCN habitats that are a priority for protection and make this information available to conservation partners. Measure: Number of locations id
NY_SWAP_2025_draft,.actions.priority_habitat_identification,"NY_SWAP_2025_draft.pdf, Chapter 6/7 Conservation Actions",1,TRUE,TRUE,"Action: Initiate a monitoring program for deep, cold Adirondack lakes that may serve as refuges for sensitive SGCN from the effects of changing temperatures. Measure: Number of lakes monitored"
NY_SWAP_2025_draft,.actions.targeted_range_shift_actions,"NY_SWAP_2025_draft.pdf, EXTIRPATED LARGE CARNIVORES",1,TRUE,TRUE,"The SWAP recommends actions to foster regional habitat connectivity, which could facilitate natural recolonization of New York by these extirpated large carnivores as conditions permit."
NY_SWAP_2025_draft,.actions.targeted_range_shift_actions,"NY_SWAP_2025_draft.pdf, Chapter 6 Conservation Actions",1,TRUE,TRUE,Action: Restore and maintain natural habitats in linkage areas between large blocks of habitat for SGCN. Measure: Number of acres of viable habitat in identified linkage areas
NY_SWAP_2025_draft,.actions.time_bound_and_monitoring,"NY_SWAP_2025_draft.pdf, Chapter 3 High Priority SGCN",1,TRUE,TRUE,"Without the implementation of conservation actions over the next 10 years, they are likely to reach critically low population levels in New York."
NY_SWAP_2025_draft,.actions.time_bound_and_monitoring,"NY_SWAP_2025_draft.pdf, Chapter 6 Conservation Actions",1,TRUE,TRUE,5.2.4. Action: Periodically survey for SGCN insects in suitable habitats. Measure: Surveys are conducted on at least a 10-year cycle.
NY_SWAP_2025_draft,.actions.time_bound_and_monitoring,"NY_SWAP_2025_draft.pdf, Chapter 9",0.7696,FALSE,TRUE,"Effective conservation is a cycle of planning, implementing, and assessing, then revising plans based on implementation progress and current information...the next major revision of the SWAP scheduled"
NY_SWAP_2025_draft,.actions.evidence_of_efficacy,"NY_SWAP_2025_draft.pdf, Chapter 9 YOUNG FOREST INITIATIVE",1,TRUE,TRUE,"Figure 9-1 shows the average number of male American woodcock detected during surveys between 2015-2024 at sites before and after management, as well as at control sites."
NY_SWAP_2025_draft,.actions.evidence_of_efficacy,"NY_SWAP_2025_draft.pdf, Chapter 9 YOUNG FOREST INITIATIVE",0.7726,FALSE,TRUE,"The Young Forest Initiative was created within DEC's Division of Fish and Wildlife (DFW)...The program has increased habitat quantity and quality for many SGCN including American woodcock, eastern whi"
NY_SWAP_2025_draft,.actions.adaptation_planning_frameworks,"NY_SWAP_2025_draft.pdf, Climate Change",1,TRUE,TRUE,"There are a variety of information sources, guidance documents, and decision tools available to natural resource managers to use when developing strategies and actions to adapt to rapidly changing env"
NY_SWAP_2025_draft,.actions.adaptation_planning_frameworks,"NY_SWAP_2025_draft.pdf, Chapter 9",0.7426,FALSE,TRUE,Wildlife management and monitoring programs are also critical to addressing the direct and indirect impacts of changing climatic conditions...Even previously successful management interventions may no
OH_SWAP_2015,.concepts.climate_vulnerability,"Chapter 5, Regional Species and Habitats at Greatest Risk",1,TRUE,TRUE,"Climate change vulnerability is comprised of three separate but related components -exposure, sensitivity, and adaptive capacity. Exposure is a reflection of the type, degree, and duration of climate "
OH_SWAP_2015,.concepts.climate_vulnerability,"Chapter 5, Regional Species and Habitats at Greatest Risk",1,TRUE,TRUE,"Climate change vulnerability studies for the Northeast and Midwest regions scored freshwater mussels, amphibians, and fish as either extremely or highly vulnerable, while the majority of birds and mam"
OH_SWAP_2015,.concepts.climate_vulnerability,"Chapter 5, Impacts of and Biological Responses to Climate Change",0.351,FALSE,TRUE,Species with low adaptive capacity such as those with specialized habitat needs or limited dispersal ability face higher vulnerability to these changes.
OH_SWAP_2015,.concepts.adaptive_capacity_specificity,"Chapter 5, Impacts of and Biological Responses to Climate Change",1,TRUE,TRUE,"Shifts will be influenced by degree of habitat connectivity, as well as life history traits or genetic diversity that influence movement or adaptation."
OH_SWAP_2015,.concepts.adaptive_capacity_specificity,"Chapter 5, Impacts of and Biological Responses to Climate Change",0.958,TRUE,TRUE,Habitat generalists will fare better than habitat specialists Food generalists will fare better than species with more specific dietary needs Tolerant species will fare better than species with narrow
OH_SWAP_2015,.concepts.adaptive_capacity_components.demography,NA,NA,NA,FALSE,
OH_SWAP_2015,.concepts.adaptive_capacity_components.demography,NA,NA,NA,FALSE,
OH_SWAP_2015,.concepts.adaptive_capacity_components.demography,NA,NA,NA,FALSE,
OH_SWAP_2015,.concepts.adaptive_capacity_components.distribution,"Chapter 5, Impacts of and Biological Responses to Climate Change",1,TRUE,TRUE,"Predictions are that species' distributions will shift northward, upslope, and upstream, and the species that rely on them will either shift in response or adapt in place."
OH_SWAP_2015,.concepts.adaptive_capacity_components.movement,"Chapter 5, Impacts of and Biological Responses to Climate Change",1,TRUE,TRUE,"Shifts will be influenced by degree of habitat connectivity, as well as life history traits or genetic diversity that influence movement or adaptation. Changes in species abundance and distribution ar"
OH_SWAP_2015,.concepts.adaptive_capacity_components.movement,"Chapter 5, Impacts of and Biological Responses to Climate Change",1,TRUE,TRUE,Mobile species will fare better than limited mobility or non-mobile species
OH_SWAP_2015,.concepts.adaptive_capacity_components.evolutionary_potential,"Chapter 5, Impacts of and Biological Responses to Climate Change",1,TRUE,TRUE,"Shifts will be influenced by degree of habitat connectivity, as well as life history traits or genetic diversity that influence movement or adaptation."
OH_SWAP_2015,.concepts.adaptive_capacity_components.ecological_dependencies,"Chapter 5, Impacts of and Biological Responses to Climate Change",1,TRUE,TRUE,"Climate change may cause phenological mismatches where the timing of interactions between species, food, and habitat is thrown off because each is using a different cue (e.g., photoperiod vs temperatu"
OH_SWAP_2015,.concepts.adaptive_capacity_components.ecological_dependencies,"Chapter 5, Impacts of and Biological Responses to Climate Change",1,TRUE,TRUE,Predators may be affected by climate change impacts to prey abundance and distribution
OH_SWAP_2015,.concepts.adaptive_capacity_components.abiotic_niche,"Chapter 5, Impacts of and Biological Responses to Climate Change",1,TRUE,TRUE,Tolerant species will fare better than species with narrow ranges of tolerance
OH_SWAP_2015,.concepts.adaptive_capacity_components.life_history,"Chapter 5, Impacts of and Biological Responses to Climate Change",1,TRUE,TRUE,"Shifts will be influenced by degree of habitat connectivity, as well as life history traits or genetic diversity that influence movement or adaptation."
OH_SWAP_2015,.concepts.connectivity,"Statewide Threats, Habitat Loss and Alteration from Development",1,TRUE,TRUE,"The two primary fragmentation issues are population isolation for some species, and loss of ecological connectivity (with like or other habitats) which affects movement of individuals, populations, an"
OH_SWAP_2015,.concepts.connectivity,"Chapter 5, Impacts of and Biological Responses to Climate Change",1,TRUE,TRUE,"Shifts will be influenced by degree of habitat connectivity, as well as life history traits or genetic diversity that influence movement or adaptation."
OH_SWAP_2015,.concepts.connectivity,"Statewide Threats, Climate Change",1,TRUE,TRUE,healthy and connected habitats are likely the best chance that the remaining species have in terms of mitigating the effects of climate change.
OH_SWAP_2015,.tools.vulnerability_models,"Chapter 5, Regional Species and Habitats at Greatest Risk",1,TRUE,TRUE,"Climate Change Vulnerability Assessments (CCVAs) have already been conducted for a number of species and habitats across the Northeast and Midwestern region. A synthesis of methods, information on the"
OH_SWAP_2015,.tools.niche_models,NA,NA,NA,FALSE,
OH_SWAP_2015,.tools.niche_models,NA,NA,NA,FALSE,
OH_SWAP_2015,.tools.niche_models,NA,NA,NA,FALSE,
OH_SWAP_2015,.tools.climate_models,NA,NA,NA,FALSE,
OH_SWAP_2015,.tools.climate_models,NA,NA,NA,FALSE,
OH_SWAP_2015,.tools.climate_models,NA,NA,NA,FALSE,
OH_SWAP_2015,.tools.connectivity_models,NA,NA,NA,FALSE,
OH_SWAP_2015,.tools.connectivity_models,NA,NA,NA,FALSE,
OH_SWAP_2015,.tools.connectivity_models,NA,NA,NA,FALSE,
OH_SWAP_2015,.context.management_scale.local,"Chapter 6, Conservation Opportunity Areas",1,TRUE,TRUE,"Within each CO Area the goal is the development of specific habitat objectives to benefit priority wildlife species as identified in state, federal, and regional conservation plans, and conducting a c"
OH_SWAP_2015,.context.management_scale.site,"Chapter 6, Appalachian Foothills Forest Conservation Opportunity Area",1,TRUE,TRUE,"The Appalachian Foothills Conservation Opportunity Area, primarily located in Vinton and Athens counties, includes the Zaleski State Forest (28,604 ac.), Vinton Furnace State Experimental Forest (12,0"
OH_SWAP_2015,.context.management_scale.watershed,"Chapter 6, Conservation Opportunity Watersheds",1,TRUE,TRUE,The DOW has identified 11 Conservation Opportunity Watersheds in which to concentrate efforts related to the aquatic portion of this SWAP (Figure 8). These include the highest scoring watersheds in Oh
OH_SWAP_2015,.context.management_scale.city,NA,NA,NA,FALSE,
OH_SWAP_2015,.context.management_scale.city,NA,NA,NA,FALSE,
OH_SWAP_2015,.context.management_scale.city,NA,NA,NA,FALSE,
OH_SWAP_2015,.context.management_scale.county,"Chapter 6, Appalachian Foothills Forest Conservation Opportunity Area",1,TRUE,TRUE,"The Appalachian Foothills Conservation Opportunity Area, primarily located in Vinton and Athens counties"
OH_SWAP_2015,.context.management_scale.within_state_region,"Chapter 5, Impacts of and Biological Responses to Climate Change",1,TRUE,TRUE,"Predictions are that species' distributions will shift northward, upslope, and upstream, and the species that rely on them will either shift in response or adapt in place."
OH_SWAP_2015,.context.management_scale.state,"Chapter 5, Climate Change and Conservation",0.9247,TRUE,TRUE,"For the duration of this 2015 SWAP, efforts related to climate change will focus primarily on data collection and planning. There is much work to be done to integrate climate change issues into our st"
OH_SWAP_2015,.context.management_scale.multistate,"Chapter 2, Addressing Regional Conservation Issues",1,TRUE,TRUE,"Cooperation with neighboring agencies with similar SGCN and habitats will allow the pooling of resources for regional conservation efforts including problem identification, funding, mapping, and track"
OH_SWAP_2015,.context.management_scale.national,NA,NA,NA,FALSE,
OH_SWAP_2015,.context.management_scale.national,NA,NA,NA,FALSE,
OH_SWAP_2015,.context.management_scale.national,NA,NA,NA,FALSE,
OH_SWAP_2015,.context.management_scale.transnational,NA,NA,NA,FALSE,
OH_SWAP_2015,.context.management_scale.transnational,NA,NA,NA,FALSE,
OH_SWAP_2015,.context.management_scale.transnational,NA,NA,NA,FALSE,
OH_SWAP_2015,.context.management_scale.ecosystem,"Chapter 5, Impacts of and Biological Responses to Climate Change",1,TRUE,TRUE,"Increased disturbance related to climate change likely will exacerbate and/or work synergistically with many existing threats such as habitat loss and fragmentation, invasive species, altered fire reg"
OH_SWAP_2015,.context.management_scale.ecoregion,"Chapter 3, Ohio's Monitoring Framework",1,TRUE,TRUE,"At minimum, ecoregion scales are be used to gain an accurate assessment when trying to determine degree of imperilment."
OH_SWAP_2015,.context.management_scale.province,NA,NA,NA,FALSE,
OH_SWAP_2015,.context.management_scale.province,NA,NA,NA,FALSE,
OH_SWAP_2015,.context.management_scale.province,NA,NA,NA,FALSE,
OH_SWAP_2015,.context.management_scale.section,NA,NA,NA,FALSE,
OH_SWAP_2015,.context.management_scale.section,NA,NA,NA,FALSE,
OH_SWAP_2015,.context.management_scale.section,NA,NA,NA,FALSE,
OH_SWAP_2015,.context.management_scale.subsection,NA,NA,NA,FALSE,
OH_SWAP_2015,.context.management_scale.subsection,NA,NA,NA,FALSE,
OH_SWAP_2015,.context.management_scale.subsection,NA,NA,NA,FALSE,
OH_SWAP_2015,.context.management_scale.lake,"Chapter 5, Regional Climate Changes",0.9266,TRUE,TRUE,The Great Lakes are warming Winter maximum lake ice extent is shrinking Lake evaporation rates are increasing
OH_SWAP_2015,.context.management_scale.river,"Chapter 6, Conservation Opportunity Watersheds",1,TRUE,TRUE,The DOW has identified 11 Conservation Opportunity Watersheds in which to concentrate efforts related to the aquatic portion of this SWAP (Figure 8). These include the highest scoring watersheds in Oh
OH_SWAP_2015,.context.management_scale.district,NA,NA,NA,FALSE,
OH_SWAP_2015,.context.management_scale.district,NA,NA,NA,FALSE,
OH_SWAP_2015,.context.management_scale.district,NA,NA,NA,FALSE,
OH_SWAP_2015,.context.biological_unit_score,"Chapter 5, Impacts of and Biological Responses to Climate Change",1,TRUE,TRUE,"Predictions are that species' distributions will shift northward, upslope, and upstream, and the species that rely on them will either shift in response or adapt in place."
OH_SWAP_2015,.context.biological_unit_score,"Chapter 5, Regional Species and Habitats at Greatest Risk",1,TRUE,TRUE,"Similar studies focused on habitat vulnerability classified spruce-fir, lowland conifer, Appalachian northern hardwood forests, bogs, fens, and freshwater aquatic habitats as highly vulnerable to clim"
OH_SWAP_2015,.context.biological_unit_components.species,"Chapter 5, Regional Species and Habitats at Greatest Risk",1,TRUE,TRUE,"Climate change vulnerability studies for the Northeast and Midwest regions scored freshwater mussels, amphibians, and fish as either extremely or highly vulnerable, while the majority of birds and mam"
OH_SWAP_2015,.context.biological_unit_components.population,NA,NA,NA,FALSE,
OH_SWAP_2015,.context.biological_unit_components.population,NA,NA,NA,FALSE,
OH_SWAP_2015,.context.biological_unit_components.population,NA,NA,NA,FALSE,
OH_SWAP_2015,.context.biological_unit_components.habitat,"Chapter 5, Regional Species and Habitats at Greatest Risk",1,TRUE,TRUE,"Similar studies focused on habitat vulnerability classified spruce-fir, lowland conifer, Appalachian northern hardwood forests, bogs, fens, and freshwater aquatic habitats as highly vulnerable to clim"
OH_SWAP_2015,.context.biological_unit_components.ecosystem,"Chapter 5, Impacts of and Biological Responses to Climate Change",1,TRUE,TRUE,"This could in turn lead to more ecological disturbance resulting in community turnover, with changing species assemblages."
OH_SWAP_2015,.context.biological_unit_components.community,"Chapter 5, Impacts of and Biological Responses to Climate Change",1,TRUE,TRUE,"This could in turn lead to more ecological disturbance resulting in community turnover, with changing species assemblages."
OH_SWAP_2015,.context.biological_unit_components.genotype_phenotype,NA,NA,NA,FALSE,
OH_SWAP_2015,.context.biological_unit_components.genotype_phenotype,NA,NA,NA,FALSE,
OH_SWAP_2015,.context.biological_unit_components.genotype_phenotype,NA,NA,NA,FALSE,
OH_SWAP_2015,.context.partnerships_and_funding,Foreword,1,TRUE,TRUE,"Thanks to the State Wildlife Grants program administered through the USFWS, money to fund these conservation efforts has been made available on an annual basis. Over $5.6 M has been spent in Ohio sinc"
OH_SWAP_2015,.context.partnerships_and_funding,"Chapter 2, Addressing Regional Conservation Issues",1,TRUE,TRUE,Partnerships with Landscape Conservation Cooperatives (LCCs) can help bring additional partners together to identify shared priorities and identify landscape-level actions. Through the LCCs work with 
OH_SWAP_2015,.context.climate_threat_habitat_degradation,"Statewide Threats, Climate Change",1,TRUE,TRUE,"Any long-term change (wetter, dryer, hotter, colder) in Ohio's climate will affect habitats and species. Lesser tolerant flora and fauna will be impacted first regardless of their condition. Also at r"
OH_SWAP_2015,.context.climate_threat_habitat_degradation,"Chapter 5, Regional Climate Changes",0.7099,FALSE,TRUE,"Warming is occurring in every season, particularly in winter, at higher latitudes, at higher elevations, and inland (away from lake coasts) Precipitation amounts are increasing, particularly in winter"
OH_SWAP_2015,.context.climate_threat_species_vital_rates,"Chapter 5, Impacts of and Biological Responses to Climate Change",1,TRUE,TRUE,Impacts to species caused by warmer winters allowing diseases and parasites to be more active
OH_SWAP_2015,.context.climate_threat_biotic_stressors,"Chapter 5, Impacts of and Biological Responses to Climate Change",1,TRUE,TRUE,"Range shifts that change species assemblages or put species proximate to each other that under normal circumstances are not -impact species through increased competition, predation, disease transmissi"
OH_SWAP_2015,.context.climate_threat_biotic_stressors,"Chapter 5, Impacts of and Biological Responses to Climate Change",1,TRUE,TRUE,"Climate change may cause phenological mismatches where the timing of interactions between species, food, and habitat is thrown off because each is using a different cue (e.g., photoperiod vs temperatu"
OH_SWAP_2015,.actions.priority_habitat_identification,"Chapter 6, Conservation Opportunity Areas",1,TRUE,TRUE,Conservation Opportunity Areas (referred to as Focus Areas in Ohio's original CWCS) were identified for each terrestrial habitat category. Areas chosen are of sufficient size and quality to maintain v
OH_SWAP_2015,.actions.priority_habitat_identification,"Chapter 6, Conservation Opportunity Watersheds",1,TRUE,TRUE,The DOW has identified 11 Conservation Opportunity Watersheds in which to concentrate efforts related to the aquatic portion of this SWAP (Figure 8). These include the highest scoring watersheds in Oh
OH_SWAP_2015,.actions.priority_habitat_identification,"Statewide Threats, Climate Change",1,TRUE,TRUE,healthy and connected habitats are likely the best chance that the remaining species have in terms of mitigating the effects of climate change.
OH_SWAP_2015,.actions.targeted_range_shift_actions,"Chapter 5, Table 13 caption",1,TRUE,TRUE,"Efforts to re-establish or enhance species populations (e.g., American burying beetle, Karner blue butterfly, lake sturgeon), protect and improve habitat (e.g., conservation easements, invasive specie"
OH_SWAP_2015,.actions.time_bound_and_monitoring,IV. Evaluation and Adaptation of the SWAP,1,TRUE,TRUE,"The SWAP will be reviewed on the same schedule, meaning that review will occur every five years for this document. Project reviews will occur annually in the form of performance or final project repor"
OH_SWAP_2015,.actions.time_bound_and_monitoring,"Chapter 6, Table 22, Conservation Actions for Grassland Habitat",0.4314,FALSE,TRUE,"By 2016, develop statewide grassland habitat goals required to stabilize grassland wildlife populations"
OH_SWAP_2015,.actions.time_bound_and_monitoring,"Chapter 3, Effectiveness of Conservation Actions",1,TRUE,TRUE,The effectiveness of conservation actions described in Ohio's Action Plan will be measured using a set of standardized effectiveness measures that have been developed by AFWA and described in their 20
OH_SWAP_2015,.actions.evidence_of_efficacy,"Chapter 3, Scenario: Shovelnose Sturgeon Reintroduction",1,TRUE,TRUE,The following example describes a proposed approach for Ohio's framework for monitoring and effectiveness measures. The shovelnose sturgeon is a large river species that prefers sand and gravel substr
OH_SWAP_2015,.actions.evidence_of_efficacy,"Chapter 6, Table 28 caption / Boreal Community section",1,TRUE,TRUE,"During 2000-2007, more than 740 hares were translocated from Michigan and Maine to northeastern Geauga and southwestern Ashtabula counties. This was a collaborative effort with the OSU School of Natur"
OH_SWAP_2015,.actions.adaptation_planning_frameworks,"Chapter 5, Climate Change and Conservation",0.9284,TRUE,TRUE,"For the duration of this 2015 SWAP, efforts related to climate change will focus primarily on data collection and planning. There is much work to be done to integrate climate change issues into our st"
OH_SWAP_2015,.actions.adaptation_planning_frameworks,"Chapter 5, Adaptation Strategies and Actions in Response to Climate Change",1,TRUE,TRUE,"The table below (modified from Butler et al. 2012 in Staudinger et al. (in review)) highlights different strategies and approaches being used across the region, and is intended to demonstrate the rang"
OK_SWAP_2025,.concepts.climate_vulnerability,Climate Adaptation,1,TRUE,TRUE,Some species may expand or contract their geographic ranges northward in response to temperature shifts or eastward in response to rainfall shifts. These changes are likely to have a disproportionally
OK_SWAP_2025,.concepts.climate_vulnerability,Climate Adaptation,1,TRUE,TRUE,"Adaptability (also referred to as adaptive capacity) contains elements of resilience and also includes the ability of species to change genetically, temporally, spatially, or behaviorally in response "
OK_SWAP_2025,.concepts.climate_vulnerability,TABLE - aquatic communities vulnerable to change,1,TRUE,TRUE,aquatic communities such as those found in the Ozark Highlands are especially vulnerable to change. Measures to conserve cold-water communities include: » Identifying stream reaches with species of gr
OK_SWAP_2025,.concepts.adaptive_capacity_specificity,Climate Adaptation,1,TRUE,TRUE,"Adaptability (also referred to as adaptive capacity) contains elements of resilience and also includes the ability of species to change genetically, temporally, spatially, or behaviorally in response "
OK_SWAP_2025,.concepts.adaptive_capacity_components.demography,Climate Adaptation,1,TRUE,TRUE,"resistance is the ability of a species or community to withstand the negative effects of change. Often, management to increase the likelihood of resistance involves growing or maintaining large popula"
OK_SWAP_2025,.concepts.adaptive_capacity_components.distribution,Climate Adaptation,1,TRUE,TRUE,Some species may expand or contract their geographic ranges northward in response to temperature shifts or eastward in response to rainfall shifts.
OK_SWAP_2025,.concepts.adaptive_capacity_components.movement,Climate Adaptation,1,TRUE,TRUE,Habitat connectivity also assists in movement of populations across the landscape and allows them to track changes and shift their range.
OK_SWAP_2025,.concepts.adaptive_capacity_components.evolutionary_potential,Climate Adaptation,1,TRUE,TRUE,"Resilience is the ability of a population or a community, or an ecological process, to recover or maintain a new stable state after disturbance. Often, management to increase resilience involves actio"
OK_SWAP_2025,.concepts.adaptive_capacity_components.ecological_dependencies,Climate Adaptation,1,TRUE,TRUE,"Because the reproductive timing of many wildlife species is dependent upon seasonal peaks in the availability of key food resources (e.g. insects, seeds, juvenile fish), some species may experience po"
OK_SWAP_2025,.concepts.adaptive_capacity_components.abiotic_niche,Climate Adaptation,1,TRUE,TRUE,Mountainous areas tend to be more resilient to climate change because their varied topographic relief can support many microhabitat conditions and an elevational gradient that facilitates the easy mov
OK_SWAP_2025,.concepts.adaptive_capacity_components.life_history,NA,NA,NA,FALSE,
OK_SWAP_2025,.concepts.adaptive_capacity_components.life_history,NA,NA,NA,FALSE,
OK_SWAP_2025,.concepts.adaptive_capacity_components.life_history,NA,NA,NA,FALSE,
OK_SWAP_2025,.concepts.connectivity,Climate Adaptation,1,TRUE,TRUE,Habitat connectivity also assists in movement of populations across the landscape and allows them to track changes and shift their range. » Connectivity can be accomplished by conserving tracts of sim
OK_SWAP_2025,.concepts.connectivity,Oklahoma and the Southeast Conservation Adaptation Strategy (SECAS),1,TRUE,TRUE,"About 12.7 million acres (28.5%) within Oklahoma are considered a hub or corridor, providing many conservation opportunities to support species movement and migration, which are important consideratio"
OK_SWAP_2025,.tools.vulnerability_models,NA,NA,NA,FALSE,
OK_SWAP_2025,.tools.vulnerability_models,NA,NA,NA,FALSE,
OK_SWAP_2025,.tools.vulnerability_models,NA,NA,NA,FALSE,
OK_SWAP_2025,.tools.niche_models,NA,NA,NA,FALSE,
OK_SWAP_2025,.tools.niche_models,NA,NA,NA,FALSE,
OK_SWAP_2025,.tools.niche_models,NA,NA,NA,FALSE,
OK_SWAP_2025,.tools.climate_models,Climate Adaptation,1,TRUE,TRUE,Scientists use global climate models (GCMs) to project future climate conditions and assess the direction and magnitude of change over time. More than two dozen of these models have been examined by t
OK_SWAP_2025,.tools.climate_models,Climate Adaptation,1,TRUE,TRUE,Projections for Oklahoma were generated through SC-CASC and the Geophysical Fluid Dynamics Laboratory of NOAA. The historical annual average daytime high of Oklahoma is 72.1°F. Average annual high tem
OK_SWAP_2025,.tools.climate_models,Climate Adaptation,1,TRUE,TRUE,"Three RCPs are outlined in the AR6: RCP2.6, RCP4.5 and RCP8.5. Similarly, five SSPs are identified in the AR6: SSP1-1.9, SSP1-2.6, SSP2-4.5, SSP3-7.0 and SSP5-8.5."
OK_SWAP_2025,.tools.connectivity_models,Oklahoma and the Southeast Conservation Adaptation Strategy (SECAS),1,TRUE,TRUE,"The Southeast Conservation Blueprint includes a connectivity analysis that identifies corridors that link important areas based on a least-cost path analysis, where hubs provide anchors to link corrid"
OK_SWAP_2025,.tools.connectivity_models,Oklahoma and the Southeast Conservation Adaptation Strategy (SECAS),1,TRUE,TRUE,"About 12.7 million acres (28.5%) within Oklahoma are considered a hub or corridor, providing many conservation opportunities to support species movement and migration, which are important consideratio"
OK_SWAP_2025,.context.management_scale.local,Climate Adaptation,1,TRUE,TRUE,"Connectivity can be accomplished by conserving tracts of similar habitat in close proximity, developing corridors of habitat between larger tracts, or connecting ecologically compatible tracts of habi"
OK_SWAP_2025,.context.management_scale.site,Climate Adaptation,1,TRUE,TRUE,"Habitat conservation should include a focus on areas such as the Ouachita, Boston, and Wichita mountains, the Arbuckle and Ozark plateaus, and Black Mesa."
OK_SWAP_2025,.context.management_scale.watershed,Connecting the Region's Lands and Waters,1,TRUE,TRUE,"Watersheds and flyways often encompass all or parts of multiple states and require complex coordination among many partners and jurisdictions to improve conditions, regulate harvest, and provide neede"
OK_SWAP_2025,.context.management_scale.city,NA,NA,NA,FALSE,
OK_SWAP_2025,.context.management_scale.city,NA,NA,NA,FALSE,
OK_SWAP_2025,.context.management_scale.city,NA,NA,NA,FALSE,
OK_SWAP_2025,.context.management_scale.county,NA,NA,NA,FALSE,
OK_SWAP_2025,.context.management_scale.county,NA,NA,NA,FALSE,
OK_SWAP_2025,.context.management_scale.county,NA,NA,NA,FALSE,
OK_SWAP_2025,.context.management_scale.within_state_region,Oklahoma and the Southeast Conservation Adaptation Strategy (SECAS),1,TRUE,TRUE,"The priority acreage in the Blueprint is not distributed equally across Oklahoma's ecoregions, which underscores the importance of some geographic areas based on unique and endemic species, or large t"
OK_SWAP_2025,.context.management_scale.state,Oklahoma and the Southeast Conservation Adaptation Strategy (SECAS),1,TRUE,TRUE,"The Southeast Conservation Blueprint recognizes nearly 21.4 million acres, or roughly 47% of the state, as a priority for connecting the region's lands and waters."
OK_SWAP_2025,.context.management_scale.multistate,Oklahoma and the Southeast Conservation Adaptation Strategy (SECAS),1,TRUE,TRUE,This can help Oklahoma and adjacent states to look across state boundaries and consider how to most effectively align conservation actions within the state to provide the greatest benefit to species w
OK_SWAP_2025,.context.management_scale.national,NA,NA,NA,FALSE,
OK_SWAP_2025,.context.management_scale.national,NA,NA,NA,FALSE,
OK_SWAP_2025,.context.management_scale.national,NA,NA,NA,FALSE,
OK_SWAP_2025,.context.management_scale.transnational,NA,NA,NA,FALSE,
OK_SWAP_2025,.context.management_scale.transnational,NA,NA,NA,FALSE,
OK_SWAP_2025,.context.management_scale.transnational,NA,NA,NA,FALSE,
OK_SWAP_2025,.context.management_scale.ecosystem,Oklahoma and the Southeast Conservation Adaptation Strategy (SECAS),1,TRUE,TRUE,"SECAS brings together diverse partners around an ambitious goal: a 10% or greater improvement in the health, function, and connectivity of Southeastern ecosystems by 2060."
OK_SWAP_2025,.context.management_scale.ecoregion,Ecoregions,1,TRUE,TRUE,"Although the 2025 SWAP is no longer organized along ecoregion boundaries, ecoregions are often mentioned in this document because the geographic distributions of many SGCN follow these regional bounda"
OK_SWAP_2025,.context.management_scale.province,NA,NA,NA,FALSE,
OK_SWAP_2025,.context.management_scale.province,NA,NA,NA,FALSE,
OK_SWAP_2025,.context.management_scale.province,NA,NA,NA,FALSE,
OK_SWAP_2025,.context.management_scale.section,NA,NA,NA,FALSE,
OK_SWAP_2025,.context.management_scale.section,NA,NA,NA,FALSE,
OK_SWAP_2025,.context.management_scale.section,NA,NA,NA,FALSE,
OK_SWAP_2025,.context.management_scale.subsection,NA,NA,NA,FALSE,
OK_SWAP_2025,.context.management_scale.subsection,NA,NA,NA,FALSE,
OK_SWAP_2025,.context.management_scale.subsection,NA,NA,NA,FALSE,
OK_SWAP_2025,.context.management_scale.lake,NA,NA,NA,FALSE,
OK_SWAP_2025,.context.management_scale.lake,NA,NA,NA,FALSE,
OK_SWAP_2025,.context.management_scale.lake,NA,NA,NA,FALSE,
OK_SWAP_2025,.context.management_scale.river,NA,NA,NA,FALSE,
OK_SWAP_2025,.context.management_scale.river,NA,NA,NA,FALSE,
OK_SWAP_2025,.context.management_scale.river,NA,NA,NA,FALSE,
OK_SWAP_2025,.context.management_scale.district,NA,NA,NA,FALSE,
OK_SWAP_2025,.context.management_scale.district,NA,NA,NA,FALSE,
OK_SWAP_2025,.context.management_scale.district,NA,NA,NA,FALSE,
OK_SWAP_2025,.context.biological_unit_score,Climate Adaptation,1,TRUE,TRUE,Some species may expand or contract their geographic ranges northward in response to temperature shifts or eastward in response to rainfall shifts.
OK_SWAP_2025,.context.biological_unit_score,TABLE - aquatic communities vulnerable to change,1,TRUE,TRUE,Aquatic communities are likely to be more negatively affected by changes in climate than many terrestrial communities.
OK_SWAP_2025,.context.biological_unit_components.species,Climate Adaptation,1,TRUE,TRUE,Some species may expand or contract their geographic ranges northward in response to temperature shifts or eastward in response to rainfall shifts.
OK_SWAP_2025,.context.biological_unit_components.population,Climate Adaptation,1,TRUE,TRUE,Connectivity reduces the isolation of populations and helps to maintain the genetic diversity that helps populations adapt to change.
OK_SWAP_2025,.context.biological_unit_components.habitat,Climate Adaptation,1,TRUE,TRUE,"These changes are likely to have a disproportionally negative effect on the structure of aquatic and forest habitats, as well as the species that depend upon them."
OK_SWAP_2025,.context.biological_unit_components.ecosystem,Climate Adaptation,1,TRUE,TRUE,"Facilitating the successful adaptation of natural systems (e.g. animal species, aquatic communities, and plant communities) to climatic changes will require multiple, concurrent strategies."
OK_SWAP_2025,.context.biological_unit_components.community,TABLE - aquatic communities vulnerable to change,1,TRUE,TRUE,Aquatic communities are likely to be more negatively affected by changes in climate than many terrestrial communities.
OK_SWAP_2025,.context.biological_unit_components.genotype_phenotype,NA,NA,NA,FALSE,
OK_SWAP_2025,.context.biological_unit_components.genotype_phenotype,NA,NA,NA,FALSE,
OK_SWAP_2025,.context.biological_unit_components.genotype_phenotype,NA,NA,NA,FALSE,
OK_SWAP_2025,.context.partnerships_and_funding,Oklahoma and the Southeast Conservation Adaptation Strategy (SECAS),1,TRUE,TRUE,The SECAS partnership was created by the state wildlife agency directors of the SEAFWA in 2012 to facilitate the sharing of information across state lines and the implementation of multi-state habitat
OK_SWAP_2025,.context.partnerships_and_funding,Oklahoma and the Southeast Conservation Adaptation Strategy (SECAS),1,TRUE,TRUE,"More than 1,700 people from more than 500 different organizations, including nearly 30 staff from ODWC, have been involved in developing the Blueprint and achieving a connected network of lands and wa"
OK_SWAP_2025,.context.climate_threat_habitat_degradation,Climate Adaptation,1,TRUE,TRUE,"These changes are likely to have a disproportionally negative effect on the structure of aquatic and forest habitats, as well as the species that depend upon them. In contrast, these changes may have "
OK_SWAP_2025,.context.climate_threat_habitat_degradation,Climate Adaptation,1,TRUE,TRUE,"In addition to higher temperatures, projections show generally drier soils, fewer days with precipitation, and the potential for more intense precipitation events when they do occur."
OK_SWAP_2025,.context.climate_threat_species_vital_rates,NA,NA,NA,FALSE,
OK_SWAP_2025,.context.climate_threat_species_vital_rates,NA,NA,NA,FALSE,
OK_SWAP_2025,.context.climate_threat_species_vital_rates,NA,NA,NA,FALSE,
OK_SWAP_2025,.context.climate_threat_biotic_stressors,Climate Adaptation,1,TRUE,TRUE,"Because the reproductive timing of many wildlife species is dependent upon seasonal peaks in the availability of key food resources (e.g. insects, seeds, juvenile fish), some species may experience po"
OK_SWAP_2025,.actions.priority_habitat_identification,Oklahoma and the Southeast Conservation Adaptation Strategy (SECAS),1,TRUE,TRUE,"The Southeast Conservation Blueprint recognizes nearly 21.4 million acres, or roughly 47% of the state, as a priority for connecting the region's lands and waters. About 10.4 million acres (23%) are r"
OK_SWAP_2025,.actions.priority_habitat_identification,Climate Adaptation,1,TRUE,TRUE,"Habitat conservation should include a focus on areas such as the Ouachita, Boston, and Wichita mountains, the Arbuckle and Ozark plateaus, and Black Mesa."
OK_SWAP_2025,.actions.priority_habitat_identification,Oklahoma and the Southeast Conservation Adaptation Strategy (SECAS),1,TRUE,TRUE,"About 12.7 million acres (28.5%) within Oklahoma are considered a hub or corridor, providing many conservation opportunities to support species movement and migration, which are important consideratio"
OK_SWAP_2025,.actions.targeted_range_shift_actions,Climate Adaptation,1,TRUE,TRUE,Increase habitat connectivity. Greater connectivity between tracts of habitat increases dispersal of both plant and animal species and connects neighboring populations in a metapopulational fashion. C
OK_SWAP_2025,.actions.time_bound_and_monitoring,Introduction and Purpose,1,TRUE,TRUE,"Under our current adaptive management protocol, the next comprehensive review and revision of the SWAP will be initiated in 2033 and completed in 2035 to maintain a 10year interval between reviews."
OK_SWAP_2025,.actions.evidence_of_efficacy,Introduction and Purpose,0.7521,FALSE,TRUE,Adaptive management principles were applied to the review and revision process used to produce this edition of the Oklahoma SWAP. The data collected through more than 130 State Wildlife Grants-funded 
OK_SWAP_2025,.actions.adaptation_planning_frameworks,Climate Adaptation,1,TRUE,TRUE,"As managers of fish, wildlife, and habitat, particular attention must be focused on the actions that improve the resistance, resilience, and adaptability of these natural systems in the face of changi"
OK_SWAP_2025,.actions.adaptation_planning_frameworks,Climate Adaptation,1,TRUE,TRUE,"Facilitating the successful adaptation of natural systems (e.g. animal species, aquatic communities, and plant communities) to climatic changes will require multiple, concurrent strategies."
OR_SWAP_2025_draft,.concepts.climate_vulnerability,"KEY CONSERVATION ISSUES - Climate Change, IMPACTS ON FISH AND WILDLIFE",0.2848,FALSE,TRUE,Species with low adaptive capacity such as those with specialized habitat needs or limited dispersal ability face higher vulnerability to these changes.
OR_SWAP_2025_draft,.concepts.climate_vulnerability,"KEY CONSERVATION ISSUES - Climate Change, CLIMATE CHANGE IN THE PACIFIC NORTHWEST",1,TRUE,TRUE,"average annual air temperatures in Oregon have warmed by 2.5°F since 1900. Over the 21st century, annual average temperatures are projected to increase by an average of 4.7°F under a low emissions sce"
OR_SWAP_2025_draft,.concepts.climate_vulnerability,"KEY CONSERVATION ISSUES - Climate Change, IMPACTS ON FISH AND WILDLIFE",1,TRUE,TRUE,"Low reproductive rates, long generation times, low genetic diversity, and complex life histories are additional traits that tend to increase vulnerability and have already led to threatened or endange"
OR_SWAP_2025_draft,.concepts.adaptive_capacity_specificity,"KEY CONSERVATION ISSUES - Climate Change, IMPACTS ON FISH AND WILDLIFE",0.2848,FALSE,TRUE,Species with low adaptive capacity such as those with specialized habitat needs or limited dispersal ability face higher vulnerability to these changes.
OR_SWAP_2025_draft,.concepts.adaptive_capacity_specificity,"KEY CONSERVATION ISSUES - Climate Change, IMPACTS ON FISH AND WILDLIFE",1,TRUE,TRUE,"Low reproductive rates, long generation times, low genetic diversity, and complex life histories are additional traits that tend to increase vulnerability and have already led to threatened or endange"
OR_SWAP_2025_draft,.concepts.adaptive_capacity_components.demography,"KEY CONSERVATION ISSUES - Climate Change, IMPACTS ON FISH AND WILDLIFE",1,TRUE,TRUE,"Low reproductive rates, long generation times, low genetic diversity, and complex life histories are additional traits that tend to increase vulnerability"
OR_SWAP_2025_draft,.concepts.adaptive_capacity_components.distribution,"KEY CONSERVATION ISSUES - Climate Change, IMPACTS ON FISH AND WILDLIFE",1,TRUE,TRUE,"Range shifts have already been noted for many species, including poleward and elevational movements of many insects, birds, fish, and vegetation communities."
OR_SWAP_2025_draft,.concepts.adaptive_capacity_components.movement,"KEY CONSERVATION ISSUES - Climate Change, IMPACTS ON FISH AND WILDLIFE",0.2848,FALSE,TRUE,Species with low adaptive capacity such as those with specialized habitat needs or limited dispersal ability face higher vulnerability to these changes.
OR_SWAP_2025_draft,.concepts.adaptive_capacity_components.evolutionary_potential,"KEY CONSERVATION ISSUES - Climate Change, IMPACTS ON FISH AND WILDLIFE",0.8355,FALSE,TRUE,low genetic diversity...are additional traits that tend to increase vulnerability and have already led to threatened or endangered status for some species.
OR_SWAP_2025_draft,.concepts.adaptive_capacity_components.ecological_dependencies,"KEY CONSERVATION ISSUES - Climate Change, IMPACTS OF CLIMATE CHANGE ON FISH AND WILDLIFE",1,TRUE,TRUE,"Earlier arrival of spring-like conditions and changes in the timing of biological events, such as migration, reproduction, and flowering, potentially leading to mismatches in the life cycles of interd"
OR_SWAP_2025_draft,.concepts.adaptive_capacity_components.abiotic_niche,"KEY CONSERVATION ISSUES - Climate Change, IMPACTS OF CLIMATE CHANGE ON FISH AND WILDLIFE",1,TRUE,TRUE,"Prolonged periods of low flow and high temperatures in streams, resulting in warming of freshwaters beyond thermal tolerances of some aquatic species"
OR_SWAP_2025_draft,.concepts.adaptive_capacity_components.life_history,"KEY CONSERVATION ISSUES - Climate Change, IMPACTS ON FISH AND WILDLIFE",1,TRUE,TRUE,"Low reproductive rates, long generation times, low genetic diversity, and complex life histories are additional traits that tend to increase vulnerability"
OR_SWAP_2025_draft,.concepts.connectivity,"KEY CONSERVATION ISSUES - Barriers to Animal Movement, TERRESTRIAL ANIMAL MOVEMENT",1,TRUE,TRUE,"Maintaining and restoring landscape connectivity is the most frequently proposed conservation strategy to aid wildlife in adapting to changing climates, enhancing resilience for wildlife populations b"
OR_SWAP_2025_draft,.concepts.connectivity,"KEY CONSERVATION ISSUES - Barriers to Animal Movement, TERRESTRIAL ANIMAL MOVEMENT",1,TRUE,TRUE,"Connected landscapes are a critical component of climate resiliency. While habitat loss and fragmentation are the primary drivers of biodiversity loss, climate change compounds and intensifies the eff"
OR_SWAP_2025_draft,.tools.vulnerability_models,"KEY CONSERVATION ISSUES - Climate Change, ADDITIONAL RESOURCES table",1,TRUE,TRUE,"Scanning the Conservation Horizon: A Guide to Climate Change Vulnerability Assessment. National Wildlife Federation, 2011. Climate Change Vulnerability Index"
OR_SWAP_2025_draft,.tools.niche_models,"ECOREGIONS - Nearshore, NEARSHORE RECOMMENDATIONS, (4) Ecosystem Response to Climate Change / Rationale",0.365,FALSE,TRUE,Develop and document distribution-model methods for under-studied focal species that can incorporate the agency's institutional data sets.
OR_SWAP_2025_draft,.tools.climate_models,"ECOREGIONS - Blue Mountains, CLIMATE",1,TRUE,TRUE,"Summer average temperature is projected to increase by as much as 8°F for the 2040-2069 period, and as much as 12°F by the end of the century under a high emissions scenario (SSP585; Figure 1)."
OR_SWAP_2025_draft,.tools.climate_models,"KEY CONSERVATION ISSUES - Climate Change, CLIMATE CHANGE IN THE PACIFIC NORTHWEST",1,TRUE,TRUE,annual average temperatures are projected to increase by an average of 4.7°F under a low emissions scenario (SSP1-2.6) and by an average of 10.0°F under a very high emissions scenario (SSP5-8.5).
OR_SWAP_2025_draft,.tools.connectivity_models,"CONSERVATION OPPORTUNITY AREAS - COA Methodology, MARXAN ANALYSIS",1,TRUE,TRUE,"Marxan is a planning tool that identifies conservation areas using a cost-benefit analysis, optimizing for conservation goals (targets) while minimizing detrimental environmental factors (costs)."
OR_SWAP_2025_draft,.tools.connectivity_models,CONSERVATION OPPORTUNITY AREAS - COA Overview,1,TRUE,TRUE,the 2026 revision of COAs continued to emphasize the importance of including urban landscapes to help target conservation actions in developed areas and leveraged updated wildlife connectivity models 
OR_SWAP_2025_draft,.context.management_scale.local,CONSERVATION OPPORTUNITY AREAS - COA Profiles,1,TRUE,TRUE,All 204 COAs have an associated COA profile that provides information on local SWAP priorities.
OR_SWAP_2025_draft,.context.management_scale.site,"KEY CONSERVATION ISSUES - Climate Change, GOALS AND ACTIONS, Action 2.1",1,TRUE,TRUE,"Identifying and designating climate refugia where species and ecosystems are most likely to persist, even under high impact scenarios"
OR_SWAP_2025_draft,.context.management_scale.watershed,"ECOREGIONS - Blue Mountains, LIMITING FACTORS - Water, Recommended Approach",1,TRUE,TRUE,Invest in watershed-scale projects for cold water and flow protection.
OR_SWAP_2025_draft,.context.management_scale.city,NA,NA,NA,FALSE,
OR_SWAP_2025_draft,.context.management_scale.city,NA,NA,NA,FALSE,
OR_SWAP_2025_draft,.context.management_scale.city,NA,NA,NA,FALSE,
OR_SWAP_2025_draft,.context.management_scale.county,NA,NA,NA,FALSE,
OR_SWAP_2025_draft,.context.management_scale.county,NA,NA,NA,FALSE,
OR_SWAP_2025_draft,.context.management_scale.county,NA,NA,NA,FALSE,
OR_SWAP_2025_draft,.context.management_scale.within_state_region,"ECOREGIONS - Blue Mountains, CONSERVATION ISSUES AND PRIORITIES",1,TRUE,TRUE,The Blue Mountains ecoregion contains some of the largest intact native grasslands in the state and several large areas managed for conservation values.
OR_SWAP_2025_draft,.context.management_scale.state,CONSERVATION OPPORTUNITY AREAS - COA SUMMARY,1,TRUE,TRUE,"Conservation Opportunity Areas cover a total of 29,341 square miles, which is roughly 30 percent of the state of Oregon."
OR_SWAP_2025_draft,.context.management_scale.multistate,"ECOREGIONS - Blue Mountains, description",1,TRUE,TRUE,"The Blue Mountains ecoregion is a diverse complex of mountain ranges, valleys, and plateaus that extends beyond Oregon into the states of Idaho and Washington."
OR_SWAP_2025_draft,.context.management_scale.national,"KEY CONSERVATION ISSUES - Climate Change, Action 2.3",1,TRUE,TRUE,"Using the work of regional and national efforts, such as the Association of Fish and Wildlife Agencies' Climate Adaptation Committee, to identify policy options and goals for multiple agencies"
OR_SWAP_2025_draft,.context.management_scale.transnational,NA,NA,NA,FALSE,
OR_SWAP_2025_draft,.context.management_scale.transnational,NA,NA,NA,FALSE,
OR_SWAP_2025_draft,.context.management_scale.transnational,NA,NA,NA,FALSE,
OR_SWAP_2025_draft,.context.management_scale.ecosystem,"KEY CONSERVATION ISSUES - Climate Change, GOALS AND ACTIONS, Goal 1",0.9907,TRUE,TRUE,"Landscape-scale conservation recognizes the importance of large, interconnected land- and seascapes in maintaining biodiversity, and considers the needs of wildlife, ecological processes, and human co"
OR_SWAP_2025_draft,.context.management_scale.ecoregion,ECOREGIONS - opening description,1,TRUE,TRUE,"State Wildlife Action Plan ecoregions provide information on each of Oregon's nine ecoregions, which are geographic areas of the state where ecosystems are generally similar, sharing things like natur"
OR_SWAP_2025_draft,.context.management_scale.province,NA,NA,NA,FALSE,
OR_SWAP_2025_draft,.context.management_scale.province,NA,NA,NA,FALSE,
OR_SWAP_2025_draft,.context.management_scale.province,NA,NA,NA,FALSE,
OR_SWAP_2025_draft,.context.management_scale.section,NA,NA,NA,FALSE,
OR_SWAP_2025_draft,.context.management_scale.section,NA,NA,NA,FALSE,
OR_SWAP_2025_draft,.context.management_scale.section,NA,NA,NA,FALSE,
OR_SWAP_2025_draft,.context.management_scale.subsection,NA,NA,NA,FALSE,
OR_SWAP_2025_draft,.context.management_scale.subsection,NA,NA,NA,FALSE,
OR_SWAP_2025_draft,.context.management_scale.subsection,NA,NA,NA,FALSE,
OR_SWAP_2025_draft,.context.management_scale.lake,NA,NA,NA,FALSE,
OR_SWAP_2025_draft,.context.management_scale.lake,NA,NA,NA,FALSE,
OR_SWAP_2025_draft,.context.management_scale.lake,NA,NA,NA,FALSE,
OR_SWAP_2025_draft,.context.management_scale.river,NA,NA,NA,FALSE,
OR_SWAP_2025_draft,.context.management_scale.river,NA,NA,NA,FALSE,
OR_SWAP_2025_draft,.context.management_scale.river,NA,NA,NA,FALSE,
OR_SWAP_2025_draft,.context.management_scale.district,NA,NA,NA,FALSE,
OR_SWAP_2025_draft,.context.management_scale.district,NA,NA,NA,FALSE,
OR_SWAP_2025_draft,.context.management_scale.district,NA,NA,NA,FALSE,
OR_SWAP_2025_draft,.context.biological_unit_score,"KEY CONSERVATION ISSUES - Climate Change, IMPACTS ON FISH AND WILDLIFE",1,TRUE,TRUE,"Range shifts have already been noted for many species, including poleward and elevational movements of many insects, birds, fish, and vegetation communities."
OR_SWAP_2025_draft,.context.biological_unit_score,OR_SWAP_2025_draft_Appendix_NearshoreClimateFactSheets.pdf - Warming Ocean Temperatures,1,TRUE,TRUE,"As ocean temperatures warm, distributions of fish and other mobile animals are moving northward, likely associated with species-specific temperature requirements."
OR_SWAP_2025_draft,.context.biological_unit_components.species,"KEY CONSERVATION ISSUES - Climate Change, IMPACTS ON FISH AND WILDLIFE",1,TRUE,TRUE,"Range shifts have already been noted for many species, including poleward and elevational movements of many insects, birds, fish, and vegetation communities."
OR_SWAP_2025_draft,.context.biological_unit_components.population,"KEY CONSERVATION ISSUES - Climate Change, IMPACTS ON FISH AND WILDLIFE",1,TRUE,TRUE,Species must respond by either shifting in space (seeking more suitable conditions elsewhere) or persisting in place (adapting to tolerate changing conditions). Populations that fail to move or adapt 
OR_SWAP_2025_draft,.context.biological_unit_components.habitat,"KEY CONSERVATION ISSUES - Climate Change, GOALS AND ACTIONS, Action 2.1",1,TRUE,TRUE,"Identifying and designating climate refugia where species and ecosystems are most likely to persist, even under high impact scenarios"
OR_SWAP_2025_draft,.context.biological_unit_components.ecosystem,"ECOREGIONS - Nearshore, NEARSHORE RECOMMENDATIONS, (4) Ecosystem Response to Climate Change",1,TRUE,TRUE,"Develop and implement research and monitoring efforts to understand, track, and work toward predicting effects of climate change and increased carbon dioxide on Oregon's nearshore species and ecosyste"
OR_SWAP_2025_draft,.context.biological_unit_components.community,"KEY CONSERVATION ISSUES - Climate Change, IMPACTS ON FISH AND WILDLIFE",1,TRUE,TRUE,"Range shifts have already been noted for many species, including poleward and elevational movements of many insects, birds, fish, and vegetation communities."
OR_SWAP_2025_draft,.context.biological_unit_components.genotype_phenotype,NA,NA,NA,FALSE,
OR_SWAP_2025_draft,.context.biological_unit_components.genotype_phenotype,NA,NA,NA,FALSE,
OR_SWAP_2025_draft,.context.biological_unit_components.genotype_phenotype,NA,NA,NA,FALSE,
OR_SWAP_2025_draft,.context.partnerships_and_funding,"KEY CONSERVATION ISSUES - Climate Change, Action 2.3",1,TRUE,TRUE,"Potential partners include: the U.S. Geological Survey (USGS) Forest and Rangeland Ecosystem Science Center, the Department of the Interior regional Climate Adaptation Science Centers, U.S. Fish and W"
OR_SWAP_2025_draft,.context.partnerships_and_funding,OVERVIEW - FUNDING,1,TRUE,TRUE,"Currently, many agencies, tribes, and organizations have insufficient funding and capacity to address all of the conservation priorities."
OR_SWAP_2025_draft,.context.climate_threat_habitat_degradation,"ECOREGIONS - Coast Range, DESCRIPTION",1,TRUE,TRUE,Warming temperatures and changes in timing and patterns of precipitation due to climate change may increase fire frequency and severity in this ecoregion.
OR_SWAP_2025_draft,.context.climate_threat_habitat_degradation,"ECOREGIONS - Northern Basin and Range, CONSERVATION ISSUES AND PRIORITIES",1,TRUE,TRUE,"Under climate change, drought conditions may become more frequent, resulting in reduced water availability for wetlands in important wildlife areas like Summer Lake, Lake Abert, and Malheur Lake."
OR_SWAP_2025_draft,.context.climate_threat_species_vital_rates,OR_SWAP_2025_draft_Appendix_NearshoreClimateFactSheets.pdf - Sea Level Rise (Intertidal section),1,TRUE,TRUE,two key marine prey species that spawn on intertidal beaches-surf smelt and Pacific sandlance-will lose significant spawning habitat in the coming decades as beaches are compressed and environmental c
OR_SWAP_2025_draft,.context.climate_threat_species_vital_rates,"OR_SWAP_2025_draft_Appendices_Nearshore.pdf - Pigeon Guillemot, WATCH LIST",1,TRUE,TRUE,"Breeding attempts may fail during climatic shifts (e.g., climate change)."
OR_SWAP_2025_draft,.context.climate_threat_biotic_stressors,"KEY CONSERVATION ISSUES - Climate Change, Compounding stressors",1,TRUE,TRUE,"Increased spread and damage from invasive species, native pests, and pathogens"
OR_SWAP_2025_draft,.context.climate_threat_biotic_stressors,"KEY CONSERVATION ISSUES - Climate Change, IMPACTS OF CLIMATE CHANGE ON FISH AND WILDLIFE",1,TRUE,TRUE,"Earlier arrival of spring-like conditions and changes in the timing of biological events, such as migration, reproduction, and flowering, potentially leading to mismatches in the life cycles of interd"
OR_SWAP_2025_draft,.actions.priority_habitat_identification,CONSERVATION OPPORTUNITY AREAS - COA SUMMARY,1,TRUE,TRUE,"Conservation Opportunity Areas cover a total of 29,341 square miles, which is roughly 30 percent of the state of Oregon."
OR_SWAP_2025_draft,.actions.priority_habitat_identification,"CONSERVATION OPPORTUNITY AREAS - COA Methodology, FIGURE caption listing target factors",0.2736,FALSE,TRUE,Modeled data for climate stability ... Intact connected habitats expected to support diffuse wildlife movement
OR_SWAP_2025_draft,.actions.priority_habitat_identification,"KEY CONSERVATION ISSUES - Climate Change, GOALS AND ACTIONS, Action 2.1",1,TRUE,TRUE,"Identifying and designating climate refugia where species and ecosystems are most likely to persist, even under high impact scenarios"
OR_SWAP_2025_draft,.actions.targeted_range_shift_actions,"KEY CONSERVATION ISSUES - Climate Change, GOALS AND ACTIONS, Action 2.1",1,TRUE,TRUE,"Improving the connectivity of natural landscapes to better link fish and wildlife populations, allow animals to access habitats that meet their specific needs, and allow for range shifts"
OR_SWAP_2025_draft,.actions.targeted_range_shift_actions,"KEY CONSERVATION ISSUES - Climate Change, GOALS AND ACTIONS, Action 2.1",1,TRUE,TRUE,Looking for opportunities to protect species and habitats in their likely future locations
OR_SWAP_2025_draft,.actions.time_bound_and_monitoring,OVERVIEW - REVIEW PLAN,1,TRUE,TRUE,"ODFW will lead the next comprehensive review of the SWAP, covering all USFWS requirements, no later than October 1, 2035."
OR_SWAP_2025_draft,.actions.time_bound_and_monitoring,"ECOREGIONS - Nearshore, NEARSHORE RECOMMENDATIONS, (4) Ecosystem Response to Climate Change",0.335,FALSE,TRUE,"Developing and implementing research and monitoring efforts to understand, track, and work toward predicting effects of climate change and increased carbon dioxide on Oregon's nearshore species and ec"
OR_SWAP_2025_draft,.actions.evidence_of_efficacy,OR_SWAP_2025_draft_Appendices_Nearshore.pdf - Marine Reserves Ecological and Social Science,1,TRUE,TRUE,The 2022 synthesis report details many research findings of the reserves' first ten years and was used to evaluate marine reserves as a management tool.
OR_SWAP_2025_draft,.actions.adaptation_planning_frameworks,KEY CONSERVATION ISSUES - RECOMMENDED ACTIONS FOR ALL KEY CONSERVATION ISSUES,1,TRUE,TRUE,"Promoting collaboration across jurisdictional and landownership boundaries by integrating information about fish, wildlife, and habitats with collaborative frameworks, such as the Climate Adaptation F"
OR_SWAP_2025_draft,.actions.adaptation_planning_frameworks,"KEY CONSERVATION ISSUES - Climate Change, ADDITIONAL RESOURCES / reference list",1,TRUE,TRUE,"Voluntary Guidance for States to Incorporate Climate Adaptation in State Wildlife Action Plans and Other Management Plans. Association of Fish and Wildlife Agencies, 2022."
OR_SWAP_2025_draft,.actions.adaptation_planning_frameworks,"KEY CONSERVATION ISSUES - Climate Change, GOALS AND ACTIONS, Action 2.1",1,TRUE,TRUE,Efforts to identify robust adaptation strategies for a particular species or habitat might involve considering two or more climate scenarios with different degrees of warming and precipitation conditi
PA_SWAP_2015,.concepts.climate_vulnerability,TABLE (threats classification system context),1,TRUE,TRUE,"Among the many threats identified, climate change has over-arching impacts on natural resources, as well as human activities, and is thoroughly discussed in the 2015 Plan (Chapter 3)."
PA_SWAP_2015,.concepts.climate_vulnerability,Conservation Actions-Prioritized Implementation Actions (PIAs),1,TRUE,TRUE,"these PIAs do not fully account for emerging threats (e.g., energy development, invasive species, increasing effects of climate change), that have expanded the tasks to be addressed"
PA_SWAP_2015,.concepts.adaptive_capacity_specificity,"Goals table / Objective 1.1, Strategy 1.1.6",1,TRUE,TRUE,Protect diverse populations and genetic material across the full range of species occurrences to facilitate adaptive capacity.
PA_SWAP_2015,.concepts.adaptive_capacity_components.demography,Goals table / Strategy 2.7.1,0.5359,FALSE,TRUE,"Continually assess limiting factors to populations (e.g., habitat requirements, species population demographics, threats, effectiveness of conservation actions)."
PA_SWAP_2015,.concepts.adaptive_capacity_components.distribution,"Goals table / Objective 1.1, Strategy 1.1.6",1,TRUE,TRUE,Protect diverse populations and genetic material across the full range of species occurrences to facilitate adaptive capacity.
PA_SWAP_2015,.concepts.adaptive_capacity_components.movement,Introduction / Foreword section,1,TRUE,TRUE,"conserving habitat connectivity, and adaptive management"
PA_SWAP_2015,.concepts.adaptive_capacity_components.evolutionary_potential,"Goals table / Objective 1.1, Strategy 1.1.6",1,TRUE,TRUE,Protect diverse populations and genetic material across the full range of species occurrences to facilitate adaptive capacity.
PA_SWAP_2015,.concepts.adaptive_capacity_components.ecological_dependencies,NA,NA,NA,FALSE,
PA_SWAP_2015,.concepts.adaptive_capacity_components.ecological_dependencies,NA,NA,NA,FALSE,
PA_SWAP_2015,.concepts.adaptive_capacity_components.ecological_dependencies,NA,NA,NA,FALSE,
PA_SWAP_2015,.concepts.adaptive_capacity_components.abiotic_niche,NA,NA,NA,FALSE,
PA_SWAP_2015,.concepts.adaptive_capacity_components.abiotic_niche,NA,NA,NA,FALSE,
PA_SWAP_2015,.concepts.adaptive_capacity_components.abiotic_niche,NA,NA,NA,FALSE,
PA_SWAP_2015,.concepts.adaptive_capacity_components.life_history,NA,NA,NA,FALSE,
PA_SWAP_2015,.concepts.adaptive_capacity_components.life_history,NA,NA,NA,FALSE,
PA_SWAP_2015,.concepts.adaptive_capacity_components.life_history,NA,NA,NA,FALSE,
PA_SWAP_2015,.concepts.connectivity,Introduction / Foreword section,1,TRUE,TRUE,"conserving habitat connectivity, and adaptive management"
PA_SWAP_2015,.concepts.connectivity,"Goals table / Objective 1.2, Strategy 1.2.3",1,TRUE,TRUE,Restore and acquire land to enhance connectivity between secured lands in resilient
PA_SWAP_2015,.tools.vulnerability_models,Abbreviations table,0.8974,TRUE,TRUE,CCVI Climate Change Vulnerability Index
PA_SWAP_2015,.tools.vulnerability_models,Abbreviations table,0.9091,TRUE,TRUE,CCVA Climate Change Vulnerability Assessment
PA_SWAP_2015,.tools.niche_models,NA,NA,NA,FALSE,
PA_SWAP_2015,.tools.niche_models,NA,NA,NA,FALSE,
PA_SWAP_2015,.tools.niche_models,NA,NA,NA,FALSE,
PA_SWAP_2015,.tools.climate_models,Abbreviations table,0.8889,TRUE,TRUE,CMIP5 Coupled Model Intercomparison Project 5
PA_SWAP_2015,.tools.climate_models,Abbreviations table (Fishes Technical Committee table),1,TRUE,TRUE,GCM General Circulation Model
PA_SWAP_2015,.tools.climate_models,Abbreviations table,0.95,TRUE,TRUE,RCP Representative Concentration Pathway
PA_SWAP_2015,.tools.connectivity_models,NA,NA,NA,FALSE,
PA_SWAP_2015,.tools.connectivity_models,NA,NA,NA,FALSE,
PA_SWAP_2015,.tools.connectivity_models,NA,NA,NA,FALSE,
PA_SWAP_2015,.context.management_scale.local,TABLE (coordination/implementation section),1,TRUE,TRUE,"On-the-ground conservation actions take place at federal, state, county, township, and local levels yet, to be most effective, such actions should be guided by an overall strategy or plan"
PA_SWAP_2015,.context.management_scale.site,NA,NA,NA,FALSE,
PA_SWAP_2015,.context.management_scale.site,NA,NA,NA,FALSE,
PA_SWAP_2015,.context.management_scale.site,NA,NA,NA,FALSE,
PA_SWAP_2015,.context.management_scale.watershed,Required Elements table,0.9022,TRUE,TRUE,"Key habitats and their relative conditions are described in enough detail such that the State can determine where (i.e., in which regions, watersheds, or landscapes within the State) and what conserva"
PA_SWAP_2015,.context.management_scale.city,NA,NA,NA,FALSE,
PA_SWAP_2015,.context.management_scale.city,NA,NA,NA,FALSE,
PA_SWAP_2015,.context.management_scale.city,NA,NA,NA,FALSE,
PA_SWAP_2015,.context.management_scale.county,TABLE (coordination/implementation section),1,TRUE,TRUE,"On-the-ground conservation actions take place at federal, state, county, township, and local levels yet, to be most effective, such actions should be guided by an overall strategy or plan"
PA_SWAP_2015,.context.management_scale.within_state_region,Goals table / Strategy 2.4.3,0.6,FALSE,TRUE,"At ecologically appropriate spatial (e.g., basin, ecoregion) and temporal scales, monitor the quantity, distribution and condition of major habitat elements and trends."
PA_SWAP_2015,.context.management_scale.state,Regional Support and Implementation,1,TRUE,TRUE,"Support for, and implementation of, the Pennsylvania Wildlife Action Plan reaches beyond state boundaries to address conservation needs at landscape scales."
PA_SWAP_2015,.context.management_scale.multistate,Regional Support and Implementation,1,TRUE,TRUE,"state fish and wildlife agencies in the Northeast United States, from the Virginias to Maine, have been working collaboratively on wildlife conservation priorities for more than half a century."
PA_SWAP_2015,.context.management_scale.national,Goal 3 strategies section,1,TRUE,TRUE,"Actively participate in, and provide resources to, international conservation initiatives for shared species such as AFWA's Southern Wings program"
PA_SWAP_2015,.context.management_scale.transnational,Goal 3 strategies section,1,TRUE,TRUE,"Actively participate in, and provide resources to, international conservation initiatives for shared species such as AFWA's Southern Wings program"
PA_SWAP_2015,.context.management_scale.ecosystem,"Goals table / Objective 1.1, Strategy 1.1.1",1,TRUE,TRUE,"Implement at least one priority conservation action for each Species of Greatest Conservation Need or ecosystem, focusing on actions with benefits to multiple species."
PA_SWAP_2015,.context.management_scale.ecoregion,Goals table / Strategy 2.4.3,0.6,FALSE,TRUE,"At ecologically appropriate spatial (e.g., basin, ecoregion) and temporal scales, monitor the quantity, distribution and condition of major habitat elements and trends."
PA_SWAP_2015,.context.management_scale.province,NA,NA,NA,FALSE,
PA_SWAP_2015,.context.management_scale.province,NA,NA,NA,FALSE,
PA_SWAP_2015,.context.management_scale.province,NA,NA,NA,FALSE,
PA_SWAP_2015,.context.management_scale.section,NA,NA,NA,FALSE,
PA_SWAP_2015,.context.management_scale.section,NA,NA,NA,FALSE,
PA_SWAP_2015,.context.management_scale.section,NA,NA,NA,FALSE,
PA_SWAP_2015,.context.management_scale.subsection,NA,NA,NA,FALSE,
PA_SWAP_2015,.context.management_scale.subsection,NA,NA,NA,FALSE,
PA_SWAP_2015,.context.management_scale.subsection,NA,NA,NA,FALSE,
PA_SWAP_2015,.context.management_scale.lake,NA,NA,NA,FALSE,
PA_SWAP_2015,.context.management_scale.lake,NA,NA,NA,FALSE,
PA_SWAP_2015,.context.management_scale.lake,NA,NA,NA,FALSE,
PA_SWAP_2015,.context.management_scale.river,Background: The 2005 Pennsylvania Wildlife Action Plan / Amendments,1,TRUE,TRUE,"American shad populations have been greatly depressed for many years as a result of dams and poor water quality on the Lower Susquehanna, Schuylkill and Lehigh Rivers."
PA_SWAP_2015,.context.management_scale.district,NA,NA,NA,FALSE,
PA_SWAP_2015,.context.management_scale.district,NA,NA,NA,FALSE,
PA_SWAP_2015,.context.management_scale.district,NA,NA,NA,FALSE,
PA_SWAP_2015,.context.biological_unit_score,"Goals table / Objective 1.1, Strategy 1.1.1",1,TRUE,TRUE,"Implement at least one priority conservation action for each Species of Greatest Conservation Need or ecosystem, focusing on actions with benefits to multiple species."
PA_SWAP_2015,.context.biological_unit_score,Vision,1,TRUE,TRUE,"Healthy, sustainable native wildlife populations, natural communities and habitats in Pennsylvania."
PA_SWAP_2015,.context.biological_unit_components.species,Introduction / Foreword,1,TRUE,TRUE,"In all, there are 664 other species of greatest conservation need detailed in this plan --90 birds, 19 mammals, 65 fish, 22 reptiles, 18 amphibians and 450 invertebrates."
PA_SWAP_2015,.context.biological_unit_components.population,Vision,1,TRUE,TRUE,"Healthy, sustainable native wildlife populations, natural communities and habitats in Pennsylvania."
PA_SWAP_2015,.context.biological_unit_components.habitat,Purpose,1,TRUE,TRUE,"Conserve Pennsylvania's native wildlife, maintain viable habitat, and protect and enhance Species of Greatest Conservation Need."
PA_SWAP_2015,.context.biological_unit_components.ecosystem,"Goals table / Objective 1.1, Strategy 1.1.1",1,TRUE,TRUE,"Implement at least one priority conservation action for each Species of Greatest Conservation Need or ecosystem, focusing on actions with benefits to multiple species."
PA_SWAP_2015,.context.biological_unit_components.community,Vision,1,TRUE,TRUE,"Healthy, sustainable native wildlife populations, natural communities and habitats in Pennsylvania."
PA_SWAP_2015,.context.biological_unit_components.genotype_phenotype,"Goals table / Objective 1.1, Strategy 1.1.6",1,TRUE,TRUE,Protect diverse populations and genetic material across the full range of species occurrences to facilitate adaptive capacity.
PA_SWAP_2015,.context.partnerships_and_funding,State & Tribal Wildlife Grants Program,1,TRUE,TRUE,"From FY01 through FY14, Pennsylvania received $25,179,579 in SWG funds, shared equally between the Commissions. These federal funds then leveraged an additional $20,881,694 in non-federal match (e.g.,"
PA_SWAP_2015,.context.partnerships_and_funding,Regional Support and Implementation,1,TRUE,TRUE,"state fish and wildlife agencies in the Northeast United States, from the Virginias to Maine, have been working collaboratively on wildlife conservation priorities for more than half a century."
PA_SWAP_2015,.context.partnerships_and_funding,TABLE (Table 7 context / NALCC section),1,TRUE,TRUE,The NALCC has supported more than 16 projects; of which over 80% include Pennsylvania Wildlife Action Plan priorities
PA_SWAP_2015,.context.climate_threat_habitat_degradation,Introduction / Foreword,1,TRUE,TRUE,from habitat loss to climate change and invasive species
PA_SWAP_2015,.context.climate_threat_habitat_degradation,TABLE (threats classification system context),1,TRUE,TRUE,"Among the many threats identified, climate change has over-arching impacts on natural resources, as well as human activities, and is thoroughly discussed in the 2015 Plan (Chapter 3)."
PA_SWAP_2015,.context.climate_threat_species_vital_rates,NA,NA,NA,FALSE,
PA_SWAP_2015,.context.climate_threat_species_vital_rates,NA,NA,NA,FALSE,
PA_SWAP_2015,.context.climate_threat_species_vital_rates,NA,NA,NA,FALSE,
PA_SWAP_2015,.context.climate_threat_biotic_stressors,Issue 4: Funding and Resources,1,TRUE,TRUE,"new and ongoing threats to species and habitats (e.g., invasive species, urban development) are increasing the management challenges for resource professionals"
PA_SWAP_2015,.actions.priority_habitat_identification,"Goals table / Objective 1.2, Strategy 1.2.1",1,TRUE,TRUE,Identify where conservation actions should be implemented to maximize the benefit to Species of Greatest Conservation Need and their habitats using best available data and technology.
PA_SWAP_2015,.actions.priority_habitat_identification,"Goals table / Objective 1.2, Strategy 1.2.2",1,TRUE,TRUE,Implement conservation actions in priority areas where current protection and management actions are considered insufficient to avert declines in Species of Greatest Conservation Need and their habita
PA_SWAP_2015,.actions.targeted_range_shift_actions,NA,NA,NA,FALSE,
PA_SWAP_2015,.actions.targeted_range_shift_actions,NA,NA,NA,FALSE,
PA_SWAP_2015,.actions.targeted_range_shift_actions,NA,NA,NA,FALSE,
PA_SWAP_2015,.actions.time_bound_and_monitoring,"Goals table / Goal 5, Objective 5.1",0.8638,TRUE,TRUE,"Strategy 5.1.3 Between 2015 and 2025, update Pennsylvania's Wildlife Action Plan to maintain technical and administrative relevance. 5.1.4 Conduct a comprehensive review and revision of Pennsylvania's"
PA_SWAP_2015,.actions.time_bound_and_monitoring,Goals table / Strategy 1.3.1,0.4693,FALSE,TRUE,Annually monitor the biological response to State Wildlife Action Plan-related projects designed to achieve objectives for Species of Greatest Conservation Need and their habitats.
PA_SWAP_2015,.actions.time_bound_and_monitoring,Goals table / Strategy 1.3.2,0.466,FALSE,TRUE,"With agency partners, semi-annually assess the percentage of Pennsylvania Wildlife Action implementation."
PA_SWAP_2015,.actions.evidence_of_efficacy,Allegheny Woodrat Case Study / Project Description,1,TRUE,TRUE,"In 2006, projects began to identify quality habitat and develop best habitat management practices. Woodrats were trapped across 12 sites over 4 years. Survival was higher at locations with greater div"
PA_SWAP_2015,.actions.evidence_of_efficacy,Conservation Actions-Prioritized Implementation Actions (PIAs),0.9775,TRUE,TRUE,"Pennsylvania's active implementation of the 2005 Wildlife Action Plan is reflected in 578 of 1,034 (55.9%) habitat-associated PIAs being identified as ""initiated,"" ""ongoing"" or ""completed"""
PA_SWAP_2015,.actions.adaptation_planning_frameworks,Background: The 2005 Pennsylvania Wildlife Action Plan / Amendments,1,TRUE,TRUE,"Amendment 2 -Climate Change (Emerging Issue): In this amendment, the PGC and the PFBC committed to ""a full inclusion of climate change adaption priorities and pitfalls in the PA Wildlife Action Plan r"
PA_SWAP_2015,.actions.adaptation_planning_frameworks,Goal 3 strategies section,1,TRUE,TRUE,Maintain contacts with climate science centers and use models and tools for management planning and implementation
PR_SWAP_2015,.concepts.climate_vulnerability,Climate change (TABLE region),0.5602,FALSE,TRUE,"The adaptive capacity of Puerto Rico's flora and fauna, and therefore the current status and threats to each of the systems is intrinsically related to each ecological system's vulnerabilities."
PR_SWAP_2015,.concepts.climate_vulnerability,hurricanes and tropical storm winds (TABLE region),1,TRUE,TRUE,"The effects of climate change, in terms of rising sea levels, increasing mean atmospheric and sea surface temperatures and changes in rainfall and weather patterns, are likely to be particularly sever"
PR_SWAP_2015,.concepts.climate_vulnerability,Climate change,1,TRUE,TRUE,The main effect of climate change on Puerto Rico's ecosystems and species will be synergistic in that already stressed systems will be exposed to additional stressors that push them over their limit o
PR_SWAP_2015,.concepts.adaptive_capacity_specificity,Climate change (TABLE region),0.5602,FALSE,TRUE,"The adaptive capacity of Puerto Rico's flora and fauna, and therefore the current status and threats to each of the systems is intrinsically related to each ecological system's vulnerabilities."
PR_SWAP_2015,.concepts.adaptive_capacity_components.demography,NA,NA,NA,FALSE,
PR_SWAP_2015,.concepts.adaptive_capacity_components.demography,NA,NA,NA,FALSE,
PR_SWAP_2015,.concepts.adaptive_capacity_components.demography,NA,NA,NA,FALSE,
PR_SWAP_2015,.concepts.adaptive_capacity_components.distribution,I. Background,1,TRUE,TRUE,"This increased vulnerability has been linked to low population numbers, reduced genetic diversity, constrained geographical range (Adsersen 1995, Vitousek, 1988), and limited migratory capabilities (I"
PR_SWAP_2015,.concepts.adaptive_capacity_components.movement,I. Background,1,TRUE,TRUE,"This increased vulnerability has been linked to low population numbers, reduced genetic diversity, constrained geographical range (Adsersen 1995, Vitousek, 1988), and limited migratory capabilities (I"
PR_SWAP_2015,.concepts.adaptive_capacity_components.evolutionary_potential,I. Background,1,TRUE,TRUE,"This increased vulnerability has been linked to low population numbers, reduced genetic diversity, constrained geographical range (Adsersen 1995, Vitousek, 1988), and limited migratory capabilities (I"
PR_SWAP_2015,.concepts.adaptive_capacity_components.ecological_dependencies,NA,NA,NA,FALSE,
PR_SWAP_2015,.concepts.adaptive_capacity_components.ecological_dependencies,NA,NA,NA,FALSE,
PR_SWAP_2015,.concepts.adaptive_capacity_components.ecological_dependencies,NA,NA,NA,FALSE,
PR_SWAP_2015,.concepts.adaptive_capacity_components.abiotic_niche,NA,NA,NA,FALSE,
PR_SWAP_2015,.concepts.adaptive_capacity_components.abiotic_niche,NA,NA,NA,FALSE,
PR_SWAP_2015,.concepts.adaptive_capacity_components.abiotic_niche,NA,NA,NA,FALSE,
PR_SWAP_2015,.concepts.adaptive_capacity_components.life_history,NA,NA,NA,FALSE,
PR_SWAP_2015,.concepts.adaptive_capacity_components.life_history,NA,NA,NA,FALSE,
PR_SWAP_2015,.concepts.adaptive_capacity_components.life_history,NA,NA,NA,FALSE,
PR_SWAP_2015,.concepts.connectivity,EXECUTIVE SUMMARY,1,TRUE,TRUE,We have adopted the creation or enhancement of biological corridors linking public and private wildlife habitats and/or new riparian and marine corridors as a new conservation priority. These actions 
PR_SWAP_2015,.concepts.connectivity,VI. CONCLUSION,1,TRUE,TRUE,"By prioritizing the creation of habitat corridors and ""softening"" the mosaic of fragmented habitat found on the island, we expect to protect and adapt the landscape in order to facilitate the projecte"
PR_SWAP_2015,.concepts.connectivity,Inventory of Puerto Rico's Wetlands (TABLE region),1,TRUE,TRUE,The Model Forest area is an ecological corridor in west-central Puerto Rico.
PR_SWAP_2015,.tools.vulnerability_models,Climate change (TABLE region),0.619,FALSE,TRUE,"Vulnerability assessments were conducted through literature review, expert meetings, PRCCC summits and Working Group's workshops."
PR_SWAP_2015,.tools.niche_models,The Sportfish Gap Analysis Project,1,TRUE,TRUE,For the habitat mapping component an extensive geospatial database was compiled of all available habitat related information and modified or developed new data in order to integrate geospatial informa
PR_SWAP_2015,.tools.climate_models,hurricanes and tropical storm winds (TABLE region),1,TRUE,TRUE,"data available suggests that under current conditions sea level could rise from 48 cm (1.3') (Pfeffer and O'Neel, 2008) to as much as 880 cm (27.7') (Carlson et al. 2008) over the next hundred years. "
PR_SWAP_2015,.tools.connectivity_models,NA,NA,NA,FALSE,
PR_SWAP_2015,.tools.connectivity_models,NA,NA,NA,FALSE,
PR_SWAP_2015,.tools.connectivity_models,NA,NA,NA,FALSE,
PR_SWAP_2015,.context.management_scale.local,Caribbean Landscape Conservation Cooperative (TABLE region),1,TRUE,TRUE,"The CLCC supports site level conservation initiatives and complements other landscape conservation strategies to restore, manage, and conserve natural resources in the region in the face of climate ch"
PR_SWAP_2015,.context.management_scale.site,Caribbean Landscape Conservation Cooperative (TABLE region),1,TRUE,TRUE,"The CLCC supports site level conservation initiatives and complements other landscape conservation strategies to restore, manage, and conserve natural resources in the region in the face of climate ch"
PR_SWAP_2015,.context.management_scale.watershed,Identifying areas of hydrological importance,1,TRUE,TRUE,The primary objective in this landscape is to maintain and/or restore sufficient forest cover to extend the lifespan of existing water supply reservoirs. The target zones are areas upstream of existin
PR_SWAP_2015,.context.management_scale.city,NA,NA,NA,FALSE,
PR_SWAP_2015,.context.management_scale.city,NA,NA,NA,FALSE,
PR_SWAP_2015,.context.management_scale.city,NA,NA,NA,FALSE,
PR_SWAP_2015,.context.management_scale.county,NA,NA,NA,FALSE,
PR_SWAP_2015,.context.management_scale.county,NA,NA,NA,FALSE,
PR_SWAP_2015,.context.management_scale.county,NA,NA,NA,FALSE,
PR_SWAP_2015,.context.management_scale.within_state_region,Joint Priority Landscapes,1,TRUE,TRUE,Work on two (2) joint priority priority landscapes will be in progress during this action plan's implementation period: • The Guánica/Maricao joint priority landscape (Figure 36)
PR_SWAP_2015,.context.management_scale.state,II. Objective,1,TRUE,TRUE,"The State Wildlife Action Plan (SWAP) represents a comprehensive, statewide approach for conserving Puerto Rico's wildlife and natural areas for future generations."
PR_SWAP_2015,.context.management_scale.multistate,NA,NA,NA,FALSE,
PR_SWAP_2015,.context.management_scale.multistate,NA,NA,NA,FALSE,
PR_SWAP_2015,.context.management_scale.multistate,NA,NA,NA,FALSE,
PR_SWAP_2015,.context.management_scale.national,NA,NA,NA,FALSE,
PR_SWAP_2015,.context.management_scale.national,NA,NA,NA,FALSE,
PR_SWAP_2015,.context.management_scale.national,NA,NA,NA,FALSE,
PR_SWAP_2015,.context.management_scale.transnational,NA,NA,NA,FALSE,
PR_SWAP_2015,.context.management_scale.transnational,NA,NA,NA,FALSE,
PR_SWAP_2015,.context.management_scale.transnational,NA,NA,NA,FALSE,
PR_SWAP_2015,.context.management_scale.ecosystem,VI. CONCLUSION,1,TRUE,TRUE,"These actions are of utmost importance in order to adapt to the changes and threats caused by climate change, which are expected to force changes in the current habitat use and distribution of Puerto "
PR_SWAP_2015,.context.management_scale.ecoregion,NA,NA,NA,FALSE,
PR_SWAP_2015,.context.management_scale.ecoregion,NA,NA,NA,FALSE,
PR_SWAP_2015,.context.management_scale.ecoregion,NA,NA,NA,FALSE,
PR_SWAP_2015,.context.management_scale.province,NA,NA,NA,FALSE,
PR_SWAP_2015,.context.management_scale.province,NA,NA,NA,FALSE,
PR_SWAP_2015,.context.management_scale.province,NA,NA,NA,FALSE,
PR_SWAP_2015,.context.management_scale.section,NA,NA,NA,FALSE,
PR_SWAP_2015,.context.management_scale.section,NA,NA,NA,FALSE,
PR_SWAP_2015,.context.management_scale.section,NA,NA,NA,FALSE,
PR_SWAP_2015,.context.management_scale.subsection,NA,NA,NA,FALSE,
PR_SWAP_2015,.context.management_scale.subsection,NA,NA,NA,FALSE,
PR_SWAP_2015,.context.management_scale.subsection,NA,NA,NA,FALSE,
PR_SWAP_2015,.context.management_scale.lake,NA,NA,NA,FALSE,
PR_SWAP_2015,.context.management_scale.lake,NA,NA,NA,FALSE,
PR_SWAP_2015,.context.management_scale.lake,NA,NA,NA,FALSE,
PR_SWAP_2015,.context.management_scale.river,NA,NA,NA,FALSE,
PR_SWAP_2015,.context.management_scale.river,NA,NA,NA,FALSE,
PR_SWAP_2015,.context.management_scale.river,NA,NA,NA,FALSE,
PR_SWAP_2015,.context.management_scale.district,NA,NA,NA,FALSE,
PR_SWAP_2015,.context.management_scale.district,NA,NA,NA,FALSE,
PR_SWAP_2015,.context.management_scale.district,NA,NA,NA,FALSE,
PR_SWAP_2015,.context.biological_unit_score,VI. CONCLUSION,0.8967,TRUE,TRUE,these revised document includes the development and improvement of biological corridors as a new national priority...These actions are of utmost importance in order to adapt to the changes and threats
PR_SWAP_2015,.context.biological_unit_score,Climate change (TABLE region),1,TRUE,TRUE,new species or community assemblages could occur in Puerto Rico that may benefit society as they might provide new ecosystem services (Puerto Rico Climate Change Council 2013).
PR_SWAP_2015,.context.biological_unit_components.species,EXECUTIVE SUMMARY,1,TRUE,TRUE,"These actions are expected to benefit native, endemic and migratory species whose habitats and ranges are projected to shift as a direct result of climate change."
PR_SWAP_2015,.context.biological_unit_components.population,NA,NA,NA,FALSE,
PR_SWAP_2015,.context.biological_unit_components.population,NA,NA,NA,FALSE,
PR_SWAP_2015,.context.biological_unit_components.population,NA,NA,NA,FALSE,
PR_SWAP_2015,.context.biological_unit_components.habitat,VI. CONCLUSION,1,TRUE,TRUE,"These actions are of utmost importance in order to adapt to the changes and threats caused by climate change, which are expected to force changes in the current habitat use and distribution of Puerto "
PR_SWAP_2015,.context.biological_unit_components.ecosystem,Climate change,1,TRUE,TRUE,The main effect of climate change on Puerto Rico's ecosystems and species will be synergistic in that already stressed systems will be exposed to additional stressors that push them over their limit o
PR_SWAP_2015,.context.biological_unit_components.community,Climate change (TABLE region),1,TRUE,TRUE,new species or community assemblages could occur in Puerto Rico that may benefit society as they might provide new ecosystem services (Puerto Rico Climate Change Council 2013).
PR_SWAP_2015,.context.biological_unit_components.genotype_phenotype,NA,NA,NA,FALSE,
PR_SWAP_2015,.context.biological_unit_components.genotype_phenotype,NA,NA,NA,FALSE,
PR_SWAP_2015,.context.biological_unit_components.genotype_phenotype,NA,NA,NA,FALSE,
PR_SWAP_2015,.context.partnerships_and_funding,FIGURE region (funding/partnerships),0.3063,FALSE,TRUE,"conservation goals and initiatives can only be achieved by teaming other conservation entities, particularly the US Fish and Wildlife Service, National Resources Conservation Services and NGO's such a"
PR_SWAP_2015,.context.partnerships_and_funding,Caribbean Landscape Conservation Cooperative,1,TRUE,TRUE,The Caribbean Landscape Conservation Cooperative (CLCC) serves as a catalyst for interagency collaborations and a primary source for science-based information to sustain natural and cultural resources
PR_SWAP_2015,.context.climate_threat_habitat_degradation,Climate change,1,TRUE,TRUE,loss of mangrove forests and coral reefs as a consequence of sea level rise; coral bleaching and acidification of the ocean;
PR_SWAP_2015,.context.climate_threat_habitat_degradation,Wildfires,1,TRUE,TRUE,"Climate change, extended drought and human-induced landscape fragmentation have the potential to greatly expand fire-prone areas to moist and wet tropical forests and even non forested landscapes trad"
PR_SWAP_2015,.context.climate_threat_species_vital_rates,NA,NA,NA,FALSE,
PR_SWAP_2015,.context.climate_threat_species_vital_rates,NA,NA,NA,FALSE,
PR_SWAP_2015,.context.climate_threat_species_vital_rates,NA,NA,NA,FALSE,
PR_SWAP_2015,.context.climate_threat_biotic_stressors,Climate change,1,TRUE,TRUE,"increased invasion by non-native species as result of higher temperatures, particularly on middle and high latitude islands;"
PR_SWAP_2015,.context.climate_threat_biotic_stressors,Climate change,1,TRUE,TRUE,Climatic warming and drying and the increase in invasive species will make forests more vulnerable to wildfires.
PR_SWAP_2015,.actions.priority_habitat_identification,conservation priority areas (FIGURE region),0.35,FALSE,TRUE,"conservation priority areas (covering about 319,631 acres) have been identified by the NHP of the DNER (e.g., the northern karst region; Figure 21)."
PR_SWAP_2015,.actions.priority_habitat_identification,EXECUTIVE SUMMARY,1,TRUE,TRUE,We have adopted the creation or enhancement of biological corridors linking public and private wildlife habitats and/or new riparian and marine corridors as a new conservation priority. These actions 
PR_SWAP_2015,.actions.targeted_range_shift_actions,VI. CONCLUSION,1,TRUE,TRUE,"By prioritizing the creation of habitat corridors and ""softening"" the mosaic of fragmented habitat found on the island, we expect to protect and adapt the landscape in order to facilitate the projecte"
PR_SWAP_2015,.actions.targeted_range_shift_actions,VI. CONCLUSION,0.9767,TRUE,TRUE,these revised document includes the development and improvement of biological corridors as a new national priority (e.g. Figure 25). These actions are of utmost importance in order to adapt to the cha
PR_SWAP_2015,.actions.time_bound_and_monitoring,LIST OF FIGURES,1,TRUE,TRUE,The DNER will conduct internal evaluations and revisions of the PRSWAP every 2.5 years in order to adaptively address conservation priorities within the 10-year timeframe
PR_SWAP_2015,.actions.time_bound_and_monitoring,LIST OF FIGURES,1,TRUE,TRUE,"A detailed evaluation of the PRSWAP will be performed every 5 years in order to assess the status of conservation strategies and initiatives, SGCNs, and the stressors that significantly affect the isl"
PR_SWAP_2015,.actions.time_bound_and_monitoring,Wildlife Permits,1,TRUE,TRUE,Regulation No. 6766 specifically mandates a five year revision of the priority species list. It also dictates the preparation of recovery plans within a year for species listed as critically endangere
PR_SWAP_2015,.actions.evidence_of_efficacy,VI. CONCLUSION,1,TRUE,TRUE,"By prioritizing the creation of habitat corridors and ""softening"" the mosaic of fragmented habitat found on the island, we expect to protect and adapt the landscape in order to facilitate the projecte"
PR_SWAP_2015,.actions.adaptation_planning_frameworks,Adaptive Management,1,TRUE,TRUE,Maintaining a loop between monitoring and management actions will help correct for the uncertainty resulting from management and adapt to new conditions and developments.
RI_SWAP_2025_draft,.concepts.climate_vulnerability,"Ch. 2: Habitats, WETLANDS section",1,TRUE,TRUE,"climate change vulnerability assessments consistently identify brackish marshes as the most vulnerable to the impacts of climate change, especially rising sea level."
RI_SWAP_2025_draft,.concepts.climate_vulnerability,Ch. 1: IDENTIFYING SPECIES OF GREATEST CONSERVATION NEED,1,TRUE,TRUE,Climate Vulnerability: Species where Concern Levels are expected to increase in the coming decades due to climate change.
RI_SWAP_2025_draft,.concepts.climate_vulnerability,"Ch. 3: Threats and Actions, CONSERVATION OPPORTUNITY AREAS section",1,TRUE,TRUE,The sites with diverse ELU types will likely host a variety of microclimates that provide opportunities for natural communities to shift and persevere in the face of changing temperature and precipita
RI_SWAP_2025_draft,.concepts.adaptive_capacity_specificity,"Ch. 3: Threats and Actions, table/inline text",0.9921,TRUE,TRUE,"one of the most concerning compounding effects of climate change and other threats is that, although climate pressures are causing species range shifts, development and roadways have created a matrix "
RI_SWAP_2025_draft,.concepts.adaptive_capacity_components.demography,NA,NA,NA,FALSE,
RI_SWAP_2025_draft,.concepts.adaptive_capacity_components.demography,NA,NA,NA,FALSE,
RI_SWAP_2025_draft,.concepts.adaptive_capacity_components.demography,NA,NA,NA,FALSE,
RI_SWAP_2025_draft,.concepts.adaptive_capacity_components.distribution,"Ch. 3: Threats and Actions, table/inline text",0.9921,TRUE,TRUE,"one of the most concerning compounding effects of climate change and other threats is that, although climate pressures are causing species range shifts, development and roadways have created a matrix "
RI_SWAP_2025_draft,.concepts.adaptive_capacity_components.movement,"Ch. 3: Threats and Actions, table/inline text",1,TRUE,TRUE,"Loss and fragmentation of natural lands, especially forests, are intimately linked to the effects of climate change because the dispersal and migration of forest plants and animals are disrupted by de"
RI_SWAP_2025_draft,.concepts.adaptive_capacity_components.evolutionary_potential,NA,NA,NA,FALSE,
RI_SWAP_2025_draft,.concepts.adaptive_capacity_components.evolutionary_potential,NA,NA,NA,FALSE,
RI_SWAP_2025_draft,.concepts.adaptive_capacity_components.evolutionary_potential,NA,NA,NA,FALSE,
RI_SWAP_2025_draft,.concepts.adaptive_capacity_components.ecological_dependencies,NA,NA,NA,FALSE,
RI_SWAP_2025_draft,.concepts.adaptive_capacity_components.ecological_dependencies,NA,NA,NA,FALSE,
RI_SWAP_2025_draft,.concepts.adaptive_capacity_components.ecological_dependencies,NA,NA,NA,FALSE,
RI_SWAP_2025_draft,.concepts.adaptive_capacity_components.abiotic_niche,NA,NA,NA,FALSE,
RI_SWAP_2025_draft,.concepts.adaptive_capacity_components.abiotic_niche,NA,NA,NA,FALSE,
RI_SWAP_2025_draft,.concepts.adaptive_capacity_components.abiotic_niche,NA,NA,NA,FALSE,
RI_SWAP_2025_draft,.concepts.adaptive_capacity_components.life_history,NA,NA,NA,FALSE,
RI_SWAP_2025_draft,.concepts.adaptive_capacity_components.life_history,NA,NA,NA,FALSE,
RI_SWAP_2025_draft,.concepts.adaptive_capacity_components.life_history,NA,NA,NA,FALSE,
RI_SWAP_2025_draft,.concepts.connectivity,"Ch. 3: Threats and Actions, CONSERVATION OPPORTUNITY AREAS section",1,TRUE,TRUE,Corridors connect natural core areas and smaller habitats on the landscape and allow for the movement of both migrating species and species within their ranges. They also allow for the movement of hab
RI_SWAP_2025_draft,.concepts.connectivity,"Ch. 3: Threats and Actions, table/inline text",0.9921,TRUE,TRUE,"one of the most concerning compounding effects of climate change and other threats is that, although climate pressures are causing species range shifts, development and roadways have created a matrix "
RI_SWAP_2025_draft,.tools.vulnerability_models,"Ch. 2: Habitats, WETLANDS section",1,TRUE,TRUE,"climate change vulnerability assessments consistently identify brackish marshes as the most vulnerable to the impacts of climate change, especially rising sea level."
RI_SWAP_2025_draft,.tools.vulnerability_models,Ch. 1: IDENTIFYING SPECIES OF GREATEST CONSERVATION NEED,1,TRUE,TRUE,Climate Vulnerability: Species where Concern Levels are expected to increase in the coming decades due to climate change.
RI_SWAP_2025_draft,.tools.niche_models,"Ch. 2: Habitats, WETLANDS section",1,TRUE,TRUE,Application of SLAMM (Sea Level Affecting Marshes Model) modeling at several federal wildlife refuges in the Northeast projected that the initial impact of sea level rise will be an increase in salt m
RI_SWAP_2025_draft,.tools.niche_models,Ch. 4: IMPORTANT DATA GAPS IN RHODE ISLAND,1,TRUE,TRUE,"developing habitat suitability models; restoring and enhancing shellfish beds, submerged aquatic vegetation, and other key marine habitats"
RI_SWAP_2025_draft,.tools.climate_models,"Ch. 3: Threats and Actions, CLIMATE CHANGE AND SEVERE WEATHER section",1,TRUE,TRUE,"Climate models identify 2035-2040 as the critical point when future scenario projections begin to diverge dramatically depending on emissions. In a medium emissions scenario, by 2100 RI is projected t"
RI_SWAP_2025_draft,.tools.connectivity_models,"Ch. 3: Threats and Actions, CONSERVATION OPPORTUNITY AREAS section",0.9315,TRUE,TRUE,Major and minor corridors are identified based on the locations of the core natural areas and other important natural systems identified above in relation to one another. These were informed by TNC's 
RI_SWAP_2025_draft,.tools.connectivity_models,"Ch. 4: Monitoring and Adaptive Management, figure/inline",0.3516,FALSE,TRUE,"In advance of the 2025 SWAPs, TNC completed an updated Conservation Status of Natural Habitats in the Northeast (2023), which revised the conservation land dataset, land cover change, connectivity, da"
RI_SWAP_2025_draft,.context.management_scale.local,"Ch. 3: Threats and Actions, RIWAP HIERARCHY OF THREATS AND ACTIONS",1,TRUE,TRUE,Tier 4 actions are the most specific and may be necessary for only one or perhaps a small cluster of wildlife species. Examples of Tier 4 actions might include nest-box programs for nesting birds or a
RI_SWAP_2025_draft,.context.management_scale.site,"Ch. 3: Threats and Actions, CONSERVATION OPPORTUNITY AREAS section",1,TRUE,TRUE,"COAs contain and highlight locations with significant existing or potential wildlife and habitat resources and areas where partners can contribute to plan, implement, and evaluate conservation actions"
RI_SWAP_2025_draft,.context.management_scale.watershed,"Ch. 2: Habitats, table/inline",1,TRUE,TRUE,"from the maritime beaches of South County and Block Island to the extensive wetland systems of the Wood-Pawcatuck River watershed, to the rolling forests of western Rhode Island"
RI_SWAP_2025_draft,.context.management_scale.city,NA,NA,NA,FALSE,
RI_SWAP_2025_draft,.context.management_scale.city,NA,NA,NA,FALSE,
RI_SWAP_2025_draft,.context.management_scale.city,NA,NA,NA,FALSE,
RI_SWAP_2025_draft,.context.management_scale.county,NA,NA,NA,FALSE,
RI_SWAP_2025_draft,.context.management_scale.county,NA,NA,NA,FALSE,
RI_SWAP_2025_draft,.context.management_scale.county,NA,NA,NA,FALSE,
RI_SWAP_2025_draft,.context.management_scale.within_state_region,"Ch. 2: Habitats, FORESTED UPLANDS section",1,TRUE,TRUE,"Today's forests are concentrated in the western part of the state, where RIDEM has several large, preserved tracts and development pressures have been lower than in the highly urbanized coastal areas."
RI_SWAP_2025_draft,.context.management_scale.state,Executive Summary,1,TRUE,TRUE,The goal of the RIWAP is to provide direction of wildlife conservation efforts in Rhode Island for the next decade.
RI_SWAP_2025_draft,.context.management_scale.multistate,"Ch. 3: Threats and Actions, LACK OF INFORMATION section",1,TRUE,TRUE,"The RCN Program formalizes a cooperative approach to address SGCN needs across multiple states and aims to develop, coordinate, and implement conservation actions that are regional/sub-regional in sco"
RI_SWAP_2025_draft,.context.management_scale.national,NA,NA,NA,FALSE,
RI_SWAP_2025_draft,.context.management_scale.national,NA,NA,NA,FALSE,
RI_SWAP_2025_draft,.context.management_scale.national,NA,NA,NA,FALSE,
RI_SWAP_2025_draft,.context.management_scale.transnational,NA,NA,NA,FALSE,
RI_SWAP_2025_draft,.context.management_scale.transnational,NA,NA,NA,FALSE,
RI_SWAP_2025_draft,.context.management_scale.transnational,NA,NA,NA,FALSE,
RI_SWAP_2025_draft,.context.management_scale.ecosystem,"Ch. 3: Threats and Actions, CONSERVATION OPPORTUNITY AREAS section",1,TRUE,TRUE,Corridors connect natural core areas and smaller habitats on the landscape and allow for the movement of both migrating species and species within their ranges. They also allow for the movement of hab
RI_SWAP_2025_draft,.context.management_scale.ecoregion,NA,NA,NA,FALSE,
RI_SWAP_2025_draft,.context.management_scale.ecoregion,NA,NA,NA,FALSE,
RI_SWAP_2025_draft,.context.management_scale.ecoregion,NA,NA,NA,FALSE,
RI_SWAP_2025_draft,.context.management_scale.province,NA,NA,NA,FALSE,
RI_SWAP_2025_draft,.context.management_scale.province,NA,NA,NA,FALSE,
RI_SWAP_2025_draft,.context.management_scale.province,NA,NA,NA,FALSE,
RI_SWAP_2025_draft,.context.management_scale.section,NA,NA,NA,FALSE,
RI_SWAP_2025_draft,.context.management_scale.section,NA,NA,NA,FALSE,
RI_SWAP_2025_draft,.context.management_scale.section,NA,NA,NA,FALSE,
RI_SWAP_2025_draft,.context.management_scale.subsection,NA,NA,NA,FALSE,
RI_SWAP_2025_draft,.context.management_scale.subsection,NA,NA,NA,FALSE,
RI_SWAP_2025_draft,.context.management_scale.subsection,NA,NA,NA,FALSE,
RI_SWAP_2025_draft,.context.management_scale.lake,NA,NA,NA,FALSE,
RI_SWAP_2025_draft,.context.management_scale.lake,NA,NA,NA,FALSE,
RI_SWAP_2025_draft,.context.management_scale.lake,NA,NA,NA,FALSE,
RI_SWAP_2025_draft,.context.management_scale.river,"Ch. 3: Threats and Actions, CONSERVATION OPPORTUNITY AREAS section",1,TRUE,TRUE,"In freshwater river systems, maximum habitat availability and function are provided when fish can move unimpeded between headwater streams, estuaries, and marine environments."
RI_SWAP_2025_draft,.context.management_scale.district,NA,NA,NA,FALSE,
RI_SWAP_2025_draft,.context.management_scale.district,NA,NA,NA,FALSE,
RI_SWAP_2025_draft,.context.management_scale.district,NA,NA,NA,FALSE,
RI_SWAP_2025_draft,.context.biological_unit_score,"Ch. 3: Threats and Actions, table/inline text",0.9921,TRUE,TRUE,"one of the most concerning compounding effects of climate change and other threats is that, although climate pressures are causing species range shifts, development and roadways have created a matrix "
RI_SWAP_2025_draft,.context.biological_unit_score,"Ch. 3: Threats and Actions, CONSERVATION OPPORTUNITY AREAS section",1,TRUE,TRUE,Corridors connect natural core areas and smaller habitats on the landscape and allow for the movement of both migrating species and species within their ranges. They also allow for the movement of hab
RI_SWAP_2025_draft,.context.biological_unit_components.species,"Ch. 3: Threats and Actions, table/inline text",0.9921,TRUE,TRUE,"one of the most concerning compounding effects of climate change and other threats is that, although climate pressures are causing species range shifts, development and roadways have created a matrix "
RI_SWAP_2025_draft,.context.biological_unit_components.population,NA,NA,NA,FALSE,
RI_SWAP_2025_draft,.context.biological_unit_components.population,NA,NA,NA,FALSE,
RI_SWAP_2025_draft,.context.biological_unit_components.population,NA,NA,NA,FALSE,
RI_SWAP_2025_draft,.context.biological_unit_components.habitat,"Ch. 3: Threats and Actions, CONSERVATION OPPORTUNITY AREAS section",1,TRUE,TRUE,Corridors connect natural core areas and smaller habitats on the landscape and allow for the movement of both migrating species and species within their ranges. They also allow for the movement of hab
RI_SWAP_2025_draft,.context.biological_unit_components.ecosystem,NA,NA,NA,FALSE,
RI_SWAP_2025_draft,.context.biological_unit_components.ecosystem,NA,NA,NA,FALSE,
RI_SWAP_2025_draft,.context.biological_unit_components.ecosystem,NA,NA,NA,FALSE,
RI_SWAP_2025_draft,.context.biological_unit_components.community,NA,NA,NA,FALSE,
RI_SWAP_2025_draft,.context.biological_unit_components.community,NA,NA,NA,FALSE,
RI_SWAP_2025_draft,.context.biological_unit_components.community,NA,NA,NA,FALSE,
RI_SWAP_2025_draft,.context.biological_unit_components.genotype_phenotype,NA,NA,NA,FALSE,
RI_SWAP_2025_draft,.context.biological_unit_components.genotype_phenotype,NA,NA,NA,FALSE,
RI_SWAP_2025_draft,.context.biological_unit_components.genotype_phenotype,NA,NA,NA,FALSE,
RI_SWAP_2025_draft,.context.partnerships_and_funding,"Ch. 3: Threats and Actions, LACK OF INFORMATION section",1,TRUE,TRUE,"The RCN Program formalizes a cooperative approach to address SGCN needs across multiple states and aims to develop, coordinate, and implement conservation actions that are regional/sub-regional in sco"
RI_SWAP_2025_draft,.context.climate_threat_habitat_degradation,"Ch. 2: Habitats, CLIMATE section",1,TRUE,TRUE,"sea levels have risen by about 0.94 feet around Newport, RI over the last century. As Rhode Island has already begun to witness, seemingly small increases in sea level can have large impacts along the"
RI_SWAP_2025_draft,.context.climate_threat_habitat_degradation,"Ch. 2: Habitats, WETLANDS section",1,TRUE,TRUE,"climate change vulnerability assessments consistently identify brackish marshes as the most vulnerable to the impacts of climate change, especially rising sea level."
RI_SWAP_2025_draft,.context.climate_threat_habitat_degradation,"Ch. 3: Threats and Actions, table/inline text",1,TRUE,TRUE,the loss of beach area due to sea level rise poses a threat to horseshoe crab spawning habitat.
RI_SWAP_2025_draft,.context.climate_threat_species_vital_rates,"Ch. 3: Threats and Actions, table/inline text",1,TRUE,TRUE,"increasing CO 2 concentrations have driven changes in pH, leading to ocean acidification. This restricts growth and reduces survivorship of shellfish, crustaceans, and other species with carbonate-bas"
RI_SWAP_2025_draft,.context.climate_threat_biotic_stressors,"Ch. 3: Threats and Actions, CLIMATE CHANGE AND SEVERE WEATHER section",1,TRUE,TRUE,"milder winters allow more introduced species to establish, extreme summer temperatures and drought will further shrink access to cool water refugia on dammed streams"
RI_SWAP_2025_draft,.context.climate_threat_biotic_stressors,"Ch. 3: Threats and Actions, figure/inline",0.2477,FALSE,TRUE,"Diseases and pathogens, like fungal infections that spread from commercially raised bees to native bee populations and ranavirus in amphibians, are also prevalent and expected to increase in frequency"
RI_SWAP_2025_draft,.actions.priority_habitat_identification,"Ch. 3: Threats and Actions, CONSERVATION OPPORTUNITY AREAS section",1,TRUE,TRUE,"The resources identified on this map are intended to capture habitats with high conservation value by identifying the largest intact and connected blocks of common habitats, as well as other unique pl"
RI_SWAP_2025_draft,.actions.priority_habitat_identification,"Ch. 3: Threats and Actions, CONSERVATION OPPORTUNITY AREAS section",1,TRUE,TRUE,The sites with diverse ELU types will likely host a variety of microclimates that provide opportunities for natural communities to shift and persevere in the face of changing temperature and precipita
RI_SWAP_2025_draft,.actions.priority_habitat_identification,"Ch. 3: Threats and Actions, CONSERVATION OPPORTUNITY AREAS section",1,TRUE,TRUE,"Habitats with high habitat value and high vulnerability: SWAP Key Habitats ranked highest for Biodiversity Value and Vulnerability (Floodplain, Hemlock/Hardwood, and Northern Hardwood Forests; Pitch P"
RI_SWAP_2025_draft,.actions.targeted_range_shift_actions,"Ch. 3: Threats and Actions, CONSERVATION OPPORTUNITY AREAS section",1,TRUE,TRUE,Corridors connect natural core areas and smaller habitats on the landscape and allow for the movement of both migrating species and species within their ranges. They also allow for the movement of hab
RI_SWAP_2025_draft,.actions.time_bound_and_monitoring,"Ch. 5: 10-Year Review Procedure, RIWAP REVIEW SCHEDULE",1,TRUE,TRUE,the RIWAP document will be amended as needed and revised every ten years. A five-year review and evaluation schedule is the most common timeframe for existing management plans in Rhode Island
RI_SWAP_2025_draft,.actions.evidence_of_efficacy,"Ch. 3: Threats and Actions, CLIMATE CHANGE AND SEVERE WEATHER section",1,TRUE,TRUE,"This is supported by Staudinger et al. 2024 in, for example, the actions menu provided with focal topics and example approaches to address climate stressors. Many RIWAP database actions match the spir"
RI_SWAP_2025_draft,.actions.adaptation_planning_frameworks,Ch. 4: MONITORING AND ADAPTIVE MANAGEMENT,1,TRUE,TRUE,Rhode Island is committed to an adaptive management approach to fish and wildlife conservation and will track effectiveness measures to obtain the information necessary to do so
SC_SWAP_2025,.concepts.climate_vulnerability,Chapter 10: South Carolina - A Regional Perspective,1,TRUE,TRUE,"A species is considered vulnerable to climate change if it is both sensitive and exposed to climate change impacts (Williams et al. 2008). For example, a species may be exposed to climate change becau"
SC_SWAP_2025,.concepts.climate_vulnerability,Chapter 10: South Carolina - A Regional Perspective,1,TRUE,TRUE,CCVI is based on an evaluation of the species' direct and indirect exposure to climate change and its sensitivity to climate change.
SC_SWAP_2025,.concepts.climate_vulnerability,Chapter 10: South Carolina - A Regional Perspective,0.3046,FALSE,TRUE,Species with low adaptive capacity such as those with specialized habitat needs or limited dispersal ability face higher vulnerability to these changes.
SC_SWAP_2025,.concepts.adaptive_capacity_specificity,Chapter 10: South Carolina - A Regional Perspective,0.3046,FALSE,TRUE,Species with low adaptive capacity such as those with specialized habitat needs or limited dispersal ability face higher vulnerability to these changes.
SC_SWAP_2025,.concepts.adaptive_capacity_specificity,Chapter 10: South Carolina - A Regional Perspective,1,TRUE,TRUE,Highly resilient sites contain many different habitat niches that support biodiversity and allow species to move freely through the landscape to find suitable microclimates as the climate changes.
SC_SWAP_2025,.concepts.adaptive_capacity_components.demography,NA,NA,NA,FALSE,
SC_SWAP_2025,.concepts.adaptive_capacity_components.demography,NA,NA,NA,FALSE,
SC_SWAP_2025,.concepts.adaptive_capacity_components.demography,NA,NA,NA,FALSE,
SC_SWAP_2025,.concepts.adaptive_capacity_components.distribution,Chapter 4: Overview of the Taxonomic Groups,1,TRUE,TRUE,"Breeding bird ranges have begun to shift north as is evident by tropical species establishing themselves along the Gulf Coast. As temperatures increase, it's predicted that long-distance migrants, pop"
SC_SWAP_2025,.concepts.adaptive_capacity_components.movement,Chapter 10: South Carolina - A Regional Perspective,0.3046,FALSE,TRUE,Species with low adaptive capacity such as those with specialized habitat needs or limited dispersal ability face higher vulnerability to these changes.
SC_SWAP_2025,.concepts.adaptive_capacity_components.evolutionary_potential,NA,NA,NA,FALSE,
SC_SWAP_2025,.concepts.adaptive_capacity_components.evolutionary_potential,NA,NA,NA,FALSE,
SC_SWAP_2025,.concepts.adaptive_capacity_components.evolutionary_potential,NA,NA,NA,FALSE,
SC_SWAP_2025,.concepts.adaptive_capacity_components.ecological_dependencies,Chapter 4: Overview of the Taxonomic Groups,1,TRUE,TRUE,"Migrations and breeding are timed to coincide with abundant prey. If the timing of spawning and/or insect hatching is decoupled from the arrival of the birds along the migration routes, these birds co"
SC_SWAP_2025,.concepts.adaptive_capacity_components.abiotic_niche,Chapter 10: South Carolina - A Regional Perspective,1,TRUE,TRUE,"a species may be exposed to climate change because it experiences an impact like warmer stream temperatures, but if it is resilient to that change or able to disperse into new habitats, it may ultimat"
SC_SWAP_2025,.concepts.adaptive_capacity_components.life_history,NA,NA,NA,FALSE,
SC_SWAP_2025,.concepts.adaptive_capacity_components.life_history,NA,NA,NA,FALSE,
SC_SWAP_2025,.concepts.adaptive_capacity_components.life_history,NA,NA,NA,FALSE,
SC_SWAP_2025,.concepts.connectivity,Chapter 10: South Carolina - A Regional Perspective,1,TRUE,TRUE,"Ensuring landscape connectivity across jurisdictional boundaries is becoming increasingly important for species management as changes in land use, climate, and weather patterns shift species distribut"
SC_SWAP_2025,.concepts.connectivity,Chapter 10: South Carolina - A Regional Perspective,1,TRUE,TRUE,The Southeast Blueprint also includes a least-cost path connectivity analysis that identifies corridors that link coastal and inland areas and span climate gradients.
SC_SWAP_2025,.tools.vulnerability_models,Chapter 10: South Carolina - A Regional Perspective,1,TRUE,TRUE,Two common tools that have been used to determine climate vulnerability of species are 1) the Climate Change Vulnerability Index (CCVIs) (Young et al. 2016) developed by NatureServe and 2) environment
SC_SWAP_2025,.tools.vulnerability_models,Chapter 10: South Carolina - A Regional Perspective,1,TRUE,TRUE,"For South Carolina, 150 SGCN have been scored using the CCVI estimates to date by other institutions."
SC_SWAP_2025,.tools.niche_models,Chapter 10: South Carolina - A Regional Perspective,1,TRUE,TRUE,Ecological niche models (also called species distribution models) are a common approach for evaluating a species' vulnerability to climate change by the academic research community. These models start
SC_SWAP_2025,.tools.niche_models,Chapter 10: South Carolina - A Regional Perspective,1,TRUE,TRUE,"For South Carolina, 148 SGCN have been evaluated to date, which consists of 430 vulnerability scores (note: some species have multiple scores for different future climate scenarios) across 12 academic"
SC_SWAP_2025,.tools.climate_models,Chapter 10: South Carolina - A Regional Perspective,0.2288,FALSE,TRUE,The climate projections used in the NCA5 were created using global climate models from the Coupled Model Intercomparison Project Phase 6 (CMIP6) that were statistically downscaled to translate large-s
SC_SWAP_2025,.tools.climate_models,Chapter 10: South Carolina - A Regional Perspective,0.9375,TRUE,TRUE,The study... considered how many days per season met the conditions to conduct prescribed burns under two RCP scenarios: RCP 4.5 representing an intermediate scenario and RCP 8.5 representing a very h
SC_SWAP_2025,.tools.connectivity_models,Chapter 10: South Carolina - A Regional Perspective,1,TRUE,TRUE,The Southeast Blueprint also includes a least-cost path connectivity analysis that identifies corridors that link coastal and inland areas and span climate gradients. The corridors connect hubs across
SC_SWAP_2025,.context.management_scale.local,NA,NA,NA,FALSE,
SC_SWAP_2025,.context.management_scale.local,NA,NA,NA,FALSE,
SC_SWAP_2025,.context.management_scale.local,NA,NA,NA,FALSE,
SC_SWAP_2025,.context.management_scale.site,"Chapter 8: COAs, Actions, and Monitoring",1,TRUE,TRUE,"Rank available properties and build habitat corridors between isolated populations of plants and animals across private easements and public lands, also utilizing wildlife crossings where applicable."
SC_SWAP_2025,.context.management_scale.watershed,Chapter 10: South Carolina - A Regional Perspective,1,TRUE,TRUE,South Carolina can identify conservation strategies aimed at improving aquatic connectivity that also improve water quantity and quality in watersheds and streams that cut across state lines.
SC_SWAP_2025,.context.management_scale.city,NA,NA,NA,FALSE,
SC_SWAP_2025,.context.management_scale.city,NA,NA,NA,FALSE,
SC_SWAP_2025,.context.management_scale.city,NA,NA,NA,FALSE,
SC_SWAP_2025,.context.management_scale.county,NA,NA,NA,FALSE,
SC_SWAP_2025,.context.management_scale.county,NA,NA,NA,FALSE,
SC_SWAP_2025,.context.management_scale.county,NA,NA,NA,FALSE,
SC_SWAP_2025,.context.management_scale.within_state_region,Chapter 10: South Carolina - A Regional Perspective,1,TRUE,TRUE,"Given that the Blue Ridge and Piedmont Ecoregions of South Carolina, which are crucial habitat for many amphibian SGCN, are expected to experience the greatest increase in maximum temperatures and gre"
SC_SWAP_2025,.context.management_scale.state,Chapter 10: South Carolina - A Regional Perspective,1,TRUE,TRUE,"Ensuring landscape connectivity across jurisdictional boundaries is becoming increasingly important for species management as changes in land use, climate, and weather patterns shift species distribut"
SC_SWAP_2025,.context.management_scale.multistate,Chapter 10: South Carolina - A Regional Perspective,1,TRUE,TRUE,Collaborating with the neighboring states of Georgia and North Carolina to identify cross-boundary species migration and habitat pathways can increase regional connectivity for state SGCN.
SC_SWAP_2025,.context.management_scale.national,NA,NA,NA,FALSE,
SC_SWAP_2025,.context.management_scale.national,NA,NA,NA,FALSE,
SC_SWAP_2025,.context.management_scale.national,NA,NA,NA,FALSE,
SC_SWAP_2025,.context.management_scale.transnational,NA,NA,NA,FALSE,
SC_SWAP_2025,.context.management_scale.transnational,NA,NA,NA,FALSE,
SC_SWAP_2025,.context.management_scale.transnational,NA,NA,NA,FALSE,
SC_SWAP_2025,.context.management_scale.ecosystem,Chapter 10: South Carolina - A Regional Perspective,1,TRUE,TRUE,The Southeast Blueprint also includes a least-cost path connectivity analysis that identifies corridors that link coastal and inland areas and span climate gradients.
SC_SWAP_2025,.context.management_scale.ecoregion,Chapter 10: South Carolina - A Regional Perspective,1,TRUE,TRUE,"Given that the Blue Ridge and Piedmont Ecoregions of South Carolina, which are crucial habitat for many amphibian SGCN, are expected to experience the greatest increase in maximum temperatures and gre"
SC_SWAP_2025,.context.management_scale.province,NA,NA,NA,FALSE,
SC_SWAP_2025,.context.management_scale.province,NA,NA,NA,FALSE,
SC_SWAP_2025,.context.management_scale.province,NA,NA,NA,FALSE,
SC_SWAP_2025,.context.management_scale.section,NA,NA,NA,FALSE,
SC_SWAP_2025,.context.management_scale.section,NA,NA,NA,FALSE,
SC_SWAP_2025,.context.management_scale.section,NA,NA,NA,FALSE,
SC_SWAP_2025,.context.management_scale.subsection,NA,NA,NA,FALSE,
SC_SWAP_2025,.context.management_scale.subsection,NA,NA,NA,FALSE,
SC_SWAP_2025,.context.management_scale.subsection,NA,NA,NA,FALSE,
SC_SWAP_2025,.context.management_scale.lake,NA,NA,NA,FALSE,
SC_SWAP_2025,.context.management_scale.lake,NA,NA,NA,FALSE,
SC_SWAP_2025,.context.management_scale.lake,NA,NA,NA,FALSE,
SC_SWAP_2025,.context.management_scale.river,NA,NA,NA,FALSE,
SC_SWAP_2025,.context.management_scale.river,NA,NA,NA,FALSE,
SC_SWAP_2025,.context.management_scale.river,NA,NA,NA,FALSE,
SC_SWAP_2025,.context.management_scale.district,NA,NA,NA,FALSE,
SC_SWAP_2025,.context.management_scale.district,NA,NA,NA,FALSE,
SC_SWAP_2025,.context.management_scale.district,NA,NA,NA,FALSE,
SC_SWAP_2025,.context.biological_unit_score,Chapter 4: Overview of the Taxonomic Groups,1,TRUE,TRUE,Breeding bird ranges have begun to shift north as is evident by tropical species establishing themselves along the Gulf Coast.
SC_SWAP_2025,.context.biological_unit_score,Chapter 4: Overview of the Taxonomic Groups,1,TRUE,TRUE,"it is also expected that with climate change and increased temperatures, some species will increase their geographic range northwards in a phenomenon known as 'Caribbean creep' with such range expansi"
SC_SWAP_2025,.context.biological_unit_components.species,Chapter 4: Overview of the Taxonomic Groups,1,TRUE,TRUE,"Breeding bird ranges have begun to shift north as is evident by tropical species establishing themselves along the Gulf Coast. As temperatures increase, it's predicted that long-distance migrants, pop"
SC_SWAP_2025,.context.biological_unit_components.population,NA,NA,NA,FALSE,
SC_SWAP_2025,.context.biological_unit_components.population,NA,NA,NA,FALSE,
SC_SWAP_2025,.context.biological_unit_components.population,NA,NA,NA,FALSE,
SC_SWAP_2025,.context.biological_unit_components.habitat,Habitat Connectivity and Resiliency,1,TRUE,TRUE,"The Nature Conservancy's terrestrial resilience analysis evaluates the capacity of inland habitats to continue supporting biodiversity and ecosystem function in the face of climate change, while their"
SC_SWAP_2025,.context.biological_unit_components.ecosystem,Chapter 5: Common Threats and Stressors,1,TRUE,TRUE,"As the climate changes, ecosystems will naturally encroach into new areas with unpredictable consequences. One example of this is mangroves, which are advancing northward through Georgia while simulta"
SC_SWAP_2025,.context.biological_unit_components.community,Chapter 4: Overview of the Taxonomic Groups,1,TRUE,TRUE,"it is also expected that with climate change and increased temperatures, some species will increase their geographic range northwards in a phenomenon known as 'Caribbean creep' with such range expansi"
SC_SWAP_2025,.context.biological_unit_components.genotype_phenotype,NA,NA,NA,FALSE,
SC_SWAP_2025,.context.biological_unit_components.genotype_phenotype,NA,NA,NA,FALSE,
SC_SWAP_2025,.context.biological_unit_components.genotype_phenotype,NA,NA,NA,FALSE,
SC_SWAP_2025,.context.partnerships_and_funding,"Chapter 8: COAs, Actions, and Monitoring",0.9946,TRUE,TRUE,Partner with climate science centers to identify ways to collect data that tracks local effects and impacts (downscaling of global climate models). Climate modeling and data-gathering methodologies sh
SC_SWAP_2025,.context.partnerships_and_funding,Changes to This Edition of the SWAP,1,TRUE,TRUE,SCDNR enlisted the help of Southeast Conservation Adaptation Strategy (SECAS) staff to draft Chapter 10: South Carolina: A Regional Perspective which addresses how South Carolina is doing its part to 
SC_SWAP_2025,.context.climate_threat_habitat_degradation,Chapter 4: Overview of the Taxonomic Groups,1,TRUE,TRUE,"Sea-level rise (SLR) is one of the more certain consequences of climate change; it has already had significant impacts on coastal areas, and these impacts are likely to increase. Since 1852 when the f"
SC_SWAP_2025,.context.climate_threat_species_vital_rates,Chapter 4: Overview of the Taxonomic Groups,1,TRUE,TRUE,"Warming sea temperatures due to climate change can affect marine mammal prey availability, habitat availability, spatial and temporal distribution, behavior, physiological stress, and their overall he"
SC_SWAP_2025,.context.climate_threat_biotic_stressors,Chapter 5: Common Threats and Stressors,0.9934,TRUE,TRUE,"Examples of climate change-induced changes include the uncoupling of phenologies (e.g. Vasiliev and Greenwood 2021, Thackeray et al. 2016, Robertson et al. 2024) such as plant bloom windows versus ins"
SC_SWAP_2025,.actions.priority_habitat_identification,"Chapter 8: COAs, Actions, and Monitoring",0.9091,TRUE,TRUE,"To create the South Carolina COAs map (Figure 8-1), the South Carolina Department of Natural Resources (SCDNR) instituted the first half of North Carolina Heritage Program's (2021) Procedures for Rati"
SC_SWAP_2025,.actions.priority_habitat_identification,Habitat Connectivity and Resiliency,1,TRUE,TRUE,"The Southeast Conservation Blueprint (SECAS 2024) identifies 55% of the state of South Carolina as a priority for a connected network of lands and waters; 12% is rated as highest priority, 17% highest"
SC_SWAP_2025,.actions.priority_habitat_identification,"Chapter 8: COAs, Actions, and Monitoring",1,TRUE,TRUE,"Identify, map, and conserve marsh migration corridors using predictive impact modeling."
SC_SWAP_2025,.actions.targeted_range_shift_actions,Chapter 9: Implementation and Adaptive Management,1,TRUE,TRUE,Land managers have the option of resisting change and instead returning the current ecosystem to its historic state through species reintroductions or augmentations (through breeding programs or trans
SC_SWAP_2025,.actions.time_bound_and_monitoring,Chapter 9: Implementation and Adaptive Management,1,TRUE,TRUE,"As a requirement of the USFWS, who oversees the SWG Program, project leaders are required to produce annual (interim) progress reports and final reports for review by the SWAP Coordinator, and these r"
SC_SWAP_2025,.actions.time_bound_and_monitoring,Chapter 9: Implementation and Adaptive Management,0.3028,FALSE,TRUE,"The Program in South Carolina will continue to be reviewed on a 10-year cycle (next due February 28, 2035) to ensure it and the SWAP remain relevant and current with evolving landscapes and developing"
SC_SWAP_2025,.actions.evidence_of_efficacy,"Chapter 8: COAs, Actions, and Monitoring",1,TRUE,TRUE,"Over the last 20 years, priority conservation actions identified in South Carolina's SWAPs have been attempted and measures of success documented. Ineffective actions have been removed while new techn"
SC_SWAP_2025,.actions.evidence_of_efficacy,"Chapter 8: COAs, Actions, and Monitoring",1,TRUE,TRUE,Success stories include the removal of over 30 dams in South Carolina to restore hydrologic connectivity and fish passage across 254 miles of rivers and streams (SARP 2025).
SC_SWAP_2025,.actions.adaptation_planning_frameworks,"Chapter 8: COAs, Actions, and Monitoring",1,TRUE,TRUE,Conduct scenario planning for landscape changes and subsequent adaptive management strategies in South Carolina starting with lands owned by the SCDNR. Incorporate probable future climate conditions a
SC_SWAP_2025,.actions.adaptation_planning_frameworks,Chapter 10: South Carolina - A Regional Perspective,0.2635,FALSE,TRUE,Two well-known examples of frameworks include the Resist-Accept-Direct (RAD) Framework developed by the US National Park Service (see also Chapter 9 where it is discussed) and the Climate Adaptation i
SD_SWAP_2025,.concepts.climate_vulnerability,Climate Change Impacts to SGCNs,1,TRUE,TRUE,Species with very narrow tolerances for change are less likely to persist than those with a greater ability to tolerate changes or adapt to them. The ability to tolerate or adapt to predicted climate 
SD_SWAP_2025,.concepts.climate_vulnerability,Climate Change Impacts to SGCNs,1,TRUE,TRUE,"The analysis framework considers 37 attributes at the species or population level organized into 7 attribute groups (Table 5.4). For each attribute, a value is assigned to indicate how that facet of t"
SD_SWAP_2025,.concepts.climate_vulnerability,Summary of Key Conservation Threats - Climate change,1,TRUE,TRUE,"Rising temperatures and variable precipitation patterns are expected to impact species distributions and water availability, particularly affecting wetlands and aquatic ecosystems, which are sensitive"
SD_SWAP_2025,.concepts.adaptive_capacity_specificity,Climate Change Impacts to SGCNs,0.8451,FALSE,TRUE,"The analysis used a rapid AC assessment tool that built on work by Thurman et al. (2020, 2022) and used a Microsoft Excel interface developed by the U.S. Geological Survey (USGS). The analysis framewo"
SD_SWAP_2025,.concepts.adaptive_capacity_specificity,Table 5.4,0.2906,FALSE,TRUE,"AC Attribute Group: Distribution, Movement, Evolutionary Potential, Ecological Role, Abiotic Niche, Life History, Demography"
SD_SWAP_2025,.concepts.adaptive_capacity_components.demography,Table 5.4,0.6618,FALSE,TRUE,"Demography: Life Span, Generation Time, Age of Sexual Maturity, Age Structure, Recruitment. How populations of the species are composed. How old they can live and how likely juveniles are to survive t"
SD_SWAP_2025,.concepts.adaptive_capacity_components.distribution,Table 5.4,0.4895,FALSE,TRUE,"Distribution: Extent of Occupancy, Area of Occupancy, Habitat Specialization, Commensalism with Humans, Geographic Rarity. Where the species is found, how common the species is across the landscape."
SD_SWAP_2025,.concepts.adaptive_capacity_components.movement,Table 5.4,0.4521,FALSE,TRUE,"Movement: Dispersal Syndrome, Dispersal Distance, Dispersal Phase, Site Fidelity, Migration Phenology, Migration Distance. How far and how often the species moves, how likely the species is to move an"
SD_SWAP_2025,.concepts.adaptive_capacity_components.evolutionary_potential,Table 5.4,0.6842,FALSE,TRUE,"Evolutionary Potential: Genetic Diversity, Population Size, Hybridization Potential. How genetically viable the species is, how likely is inbreeding to occur."
SD_SWAP_2025,.concepts.adaptive_capacity_components.ecological_dependencies,Table 5.4,0.7449,FALSE,TRUE,"Ecological Role: Enemies, Diet Breadth, Diversity of Obligate Species. What the species eats, how dependent it is on other species, and other biotic interactions or relationships that impact the speci"
SD_SWAP_2025,.concepts.adaptive_capacity_components.abiotic_niche,Table 5.4,0.4809,FALSE,TRUE,"Abiotic Niche: Seasonal Phenology, Climatic Niche Breadth, Physiological Tolerances, Behavioral Regulation of Physiology, Disturbance Tolerances. What range of climatic conditions the species can tole"
SD_SWAP_2025,.concepts.adaptive_capacity_components.life_history,Table 5.4,0.3682,FALSE,TRUE,"Life History: Reproductive Phenology, Reproductive Mode, Mating System, Fecundity, Parity, Sex Ratio, Sex Determination, Parental Investment. How the species reproduces. How often, how many offspring,"
SD_SWAP_2025,.concepts.connectivity,Land Management -Terrestrial Systems (Chapter 6),1,TRUE,TRUE,Projects that address connectivity and provide corridors for SGCNs and other species will also remain high priorities for land management conservation action.
SD_SWAP_2025,.tools.vulnerability_models,Climate Change Impacts to SGCNs,0.8451,FALSE,TRUE,"The analysis used a rapid AC assessment tool that built on work by Thurman et al. (2020, 2022) and used a Microsoft Excel interface developed by the U.S. Geological Survey (USGS). The analysis framewo"
SD_SWAP_2025,.tools.vulnerability_models,Climate Change Impacts to SGCNs,0.9927,TRUE,TRUE,"SDGFP will continue to monitor climate change assessment tools. Important resources include the USGS Climate Adaptation Science Centers, NatureServe's Climate Change Vulnerability Index (CCVI), and st"
SD_SWAP_2025,.tools.vulnerability_models,Table 5.5,1,TRUE,TRUE,Table 5.5. Overall Climate Change Adaptive Capacity Scores and Levels for Representative Animal Species of Greatest Conservation Need for South Dakota Wildlife Action Plan Revision of 2025 (Earl et al
SD_SWAP_2025,.tools.niche_models,Chapter 7 / interagency coordination table (MAFWA),0.292,FALSE,TRUE,Develop and document distribution-model methods for under-studied focal species that can incorporate the agency's institutional data sets.
SD_SWAP_2025,.tools.climate_models,Climate change -Terrestrial Systems,1,TRUE,TRUE,"Cochrane and Moran (2011) prepared a climate change analysis for the 2014 SDWAP, which included projections to 2099 (Appendix R, Executive Summary; Appendix N, Full Report)."
SD_SWAP_2025,.tools.climate_models,Climate change -Riparian-wetland Systems,1,TRUE,TRUE,"To evaluate the potential effects of climate change on riparian and wetland ecosystems in South Dakota, the Downscaled Global Climate Model (DGCM) datasets and results (Appendix N) were used for this "
SD_SWAP_2025,.tools.climate_models,Figure 5.8 caption,0.3141,FALSE,TRUE,Figure 5.8 shows Projected Climate Change for the Range of Conditions for 2021-2050 and 2070-2099 from the Downscaled Climate Change Analysis of this Report.
SD_SWAP_2025,.tools.connectivity_models,Table 6.7,1,TRUE,TRUE,Aquatic Network Connectivity: Prioritized areas based on the length of hydrologically connected flowlines and diversity of unfragmented aquatic habitat in the state. MLI Conservation Blueprint; TNC's 
SD_SWAP_2025,.tools.connectivity_models,Table 6.7,1,TRUE,TRUE,Climate Resiliency: This layer identifies the ability of lands and waters to function under changing climate conditions. MLI Conservation Blueprint; The Nature Conservancy's Resilient Land Mapping Too
SD_SWAP_2025,.context.management_scale.local,Land Management -Terrestrial Systems (Chapter 6),1,TRUE,TRUE,Projects that address connectivity and provide corridors for SGCNs and other species will also remain high priorities for land management conservation action.
SD_SWAP_2025,.context.management_scale.site,Terrestrial conservation opportunity areas,1,TRUE,TRUE,"Terrestrial COAs allow for the identification of areas that can be targeted for habitat conservation, protection, or management for the benefit of SGCNs and remaining intact native habitats."
SD_SWAP_2025,.context.management_scale.watershed,"Assessment criteria (Chapter 6, Aquatic COAs)",0.7306,FALSE,TRUE,Watershed (HUC_10) level COA selection criteria were selected on a hierarchical system (listed in order of importance): I. Highest confirmed species richness for SGCNs; II. Lowest Human Stressor Index
SD_SWAP_2025,.context.management_scale.city,NA,NA,NA,FALSE,
SD_SWAP_2025,.context.management_scale.city,NA,NA,NA,FALSE,
SD_SWAP_2025,.context.management_scale.city,NA,NA,NA,FALSE,
SD_SWAP_2025,.context.management_scale.county,NA,NA,NA,FALSE,
SD_SWAP_2025,.context.management_scale.county,NA,NA,NA,FALSE,
SD_SWAP_2025,.context.management_scale.county,NA,NA,NA,FALSE,
SD_SWAP_2025,.context.management_scale.within_state_region,Terrestrial Systems - Direct conversion (Chapter 5),1,TRUE,TRUE,A higher rate of conversion is occurring in eastern South Dakota as compared to western.
SD_SWAP_2025,.context.management_scale.state,Background,1,TRUE,TRUE,The SDWAP provides a strategic vision and plan of action for statewide wildlife conservation and establishes South Dakota's eligibility for continued SWG dollars
SD_SWAP_2025,.context.management_scale.multistate,Climate change -Terrestrial Systems,1,TRUE,TRUE,Responding to climate change will require collaboration and thinking and working at multiple spatial scales. Fish and wildlife habitat often encompasses large areas of multiple ownerships. Management 
SD_SWAP_2025,.context.management_scale.national,NA,NA,NA,FALSE,
SD_SWAP_2025,.context.management_scale.national,NA,NA,NA,FALSE,
SD_SWAP_2025,.context.management_scale.national,NA,NA,NA,FALSE,
SD_SWAP_2025,.context.management_scale.transnational,NA,NA,NA,FALSE,
SD_SWAP_2025,.context.management_scale.transnational,NA,NA,NA,FALSE,
SD_SWAP_2025,.context.management_scale.transnational,NA,NA,NA,FALSE,
SD_SWAP_2025,.context.management_scale.ecosystem,Conservation Strategy (Chapter 3),0.3527,FALSE,TRUE,South Dakota's conservation strategy is based on providing enough diverse terrestrial and riparian-wetland native ecosystems on the landscape to support the ever-evolving native biodiversity across th
SD_SWAP_2025,.context.management_scale.ecoregion,Application (Chapter 3),1,TRUE,TRUE,Delineate ecoregions using MLRAs for terrestrial ecosystems within South Dakota to facilitate ecosystem diversity characterization and management
SD_SWAP_2025,.context.management_scale.province,NA,NA,NA,FALSE,
SD_SWAP_2025,.context.management_scale.province,NA,NA,NA,FALSE,
SD_SWAP_2025,.context.management_scale.province,NA,NA,NA,FALSE,
SD_SWAP_2025,.context.management_scale.section,NA,NA,NA,FALSE,
SD_SWAP_2025,.context.management_scale.section,NA,NA,NA,FALSE,
SD_SWAP_2025,.context.management_scale.section,NA,NA,NA,FALSE,
SD_SWAP_2025,.context.management_scale.subsection,NA,NA,NA,FALSE,
SD_SWAP_2025,.context.management_scale.subsection,NA,NA,NA,FALSE,
SD_SWAP_2025,.context.management_scale.subsection,NA,NA,NA,FALSE,
SD_SWAP_2025,.context.management_scale.lake,NA,NA,NA,FALSE,
SD_SWAP_2025,.context.management_scale.lake,NA,NA,NA,FALSE,
SD_SWAP_2025,.context.management_scale.lake,NA,NA,NA,FALSE,
SD_SWAP_2025,.context.management_scale.river,Ecoregions (Chapter 3),1,TRUE,TRUE,"South Dakota contains 14 different river basins. Each basin belongs to larger regions (Missouri, Upper Mississippi, and Souris-Red-Rainy), and gulfs (Hudson Bay and Gulf of Mexico)"
SD_SWAP_2025,.context.management_scale.district,NA,NA,NA,FALSE,
SD_SWAP_2025,.context.management_scale.district,NA,NA,NA,FALSE,
SD_SWAP_2025,.context.management_scale.district,NA,NA,NA,FALSE,
SD_SWAP_2025,.context.biological_unit_score,Climate change -Aquatic Systems,1,TRUE,TRUE,"For cold water species, we may see a decline in distribution, while warmer water species on the northern edge of their distribution may experience range expansions."
SD_SWAP_2025,.context.biological_unit_score,Climate change -Terrestrial Systems,1,TRUE,TRUE,"Terrestrial ecosystems are expected to change in regard to plant species compositions, structures, and processes. Site-level changes to species compositions may result from shifts in ecological factor"
SD_SWAP_2025,.context.biological_unit_components.species,Climate change -Aquatic Systems,1,TRUE,TRUE,"For cold water species, we may see a decline in distribution, while warmer water species on the northern edge of their distribution may experience range expansions."
SD_SWAP_2025,.context.biological_unit_components.population,Climate change -Terrestrial Systems,1,TRUE,TRUE,"These species may not be able to persist in their current locations. However, if similar shifts in restoration practices are followed in neighboring states or provinces, these species may be able to u"
SD_SWAP_2025,.context.biological_unit_components.habitat,Summary of Key Conservation Threats - Climate change,1,TRUE,TRUE,"Rising temperatures and variable precipitation patterns are expected to impact species distributions and water availability, particularly affecting wetlands and aquatic ecosystems, which are sensitive"
SD_SWAP_2025,.context.biological_unit_components.ecosystem,Climate change -Terrestrial Systems,1,TRUE,TRUE,"Terrestrial ecosystems are expected to change in regard to plant species compositions, structures, and processes."
SD_SWAP_2025,.context.biological_unit_components.community,Climate change -Terrestrial Systems,1,TRUE,TRUE,"As the balance between C3 and C4 dominance within a plant community is believed to be responsive to climate change, this is often the focus of discussions aiming to predict future climate change condi"
SD_SWAP_2025,.context.biological_unit_components.genotype_phenotype,NA,NA,NA,FALSE,
SD_SWAP_2025,.context.biological_unit_components.genotype_phenotype,NA,NA,NA,FALSE,
SD_SWAP_2025,.context.biological_unit_components.genotype_phenotype,NA,NA,NA,FALSE,
SD_SWAP_2025,.context.partnerships_and_funding,Climate Change Impacts to SGCNs,1,TRUE,TRUE,"SDGFP partnered with several Midwestern states to gain information on this topic. Using a USFWS CSWG award, three Michigan entities (Michigan Natural Features Inventory, Michigan Department of Natural"
SD_SWAP_2025,.context.partnerships_and_funding,Summary of Plan Updates and Changes,1,TRUE,TRUE,This revision benefited from a MAFWA-led effort to better understand impacts of climate change on a sample of South Dakota's SGCNs. This revision also includes consideration of this topic from a broad
SD_SWAP_2025,.context.climate_threat_habitat_degradation,"Natural disturbance processes (Chapter 5, Terrestrial Systems)",1,TRUE,TRUE,"Future climate change is expected to exacerbate this problem. Some land managers use prescribed fire to mirror this natural process, but there remain considerable challenges to replicating the timing "
SD_SWAP_2025,.context.climate_threat_habitat_degradation,Climate change -Riparian-wetland Systems,1,TRUE,TRUE,Projected increases in temperatures coupled with the projected increases and decreases in seasonal precipitation amounts are likely to have substantial effects on wetlands in South Dakota. Negative ef
SD_SWAP_2025,.context.climate_threat_species_vital_rates,Conservation threats described by taxonomic groups - Amphibians and reptiles,0.5115,FALSE,TRUE,Two additional conservation challenges worth noting are emerging diseases and climate change. Amphibians around the world have been devastated by Chytrid fungus and ranaviruses... The effect of climat
SD_SWAP_2025,.context.climate_threat_biotic_stressors,Climate change -Terrestrial Systems,1,TRUE,TRUE,Some ecosystems may become more vulnerable to invasion by nonnative invasive species. Native species composition and associated ecosystem relationships may be altered.
SD_SWAP_2025,.actions.priority_habitat_identification,"Discussion (Chapter 6, Aquatic COAs)",1,TRUE,TRUE,"Statewide, 73 COAs were identified through the conservation strategy and assessment process (Figure 6.18). Figure 6.18 does not depict the current situation but rather shows priority areas to better m"
SD_SWAP_2025,.actions.priority_habitat_identification,Terrestrial conservation opportunity areas,1,TRUE,TRUE,"Terrestrial COAs allow for the identification of areas that can be targeted for habitat conservation, protection, or management for the benefit of SGCNs and remaining intact native habitats. These COA"
SD_SWAP_2025,.actions.priority_habitat_identification,Summary of Plan Updates and Changes,1,TRUE,TRUE,These areas represent the best opportunities for voluntary ecosystem restoration or other effective management actions within South Dakota and may also include areas with large numbers of SGCN or impo
SD_SWAP_2025,.actions.targeted_range_shift_actions,Climate change -Terrestrial Systems,1,TRUE,TRUE,"These species may not be able to persist in their current locations. However, if similar shifts in restoration practices are followed in neighboring states or provinces, these species may be able to u"
SD_SWAP_2025,.actions.targeted_range_shift_actions,Conservation Actions Summary - Land and water management,1,TRUE,TRUE,Address climate change by helping land managers with water development projects to alleviate the implications of drought and other abiotic factors.
SD_SWAP_2025,.actions.time_bound_and_monitoring,Chapter 9. Review Schedule and Framework,1,TRUE,TRUE,SDGFP will review and revise the SDWAP at a maximum of 10-year intervals.
SD_SWAP_2025,.actions.time_bound_and_monitoring,Key Elements and Plan Roadmap (Chapter 1),1,TRUE,TRUE,"Proposed plans for monitoring species identified in (1) and their habitats, for monitoring the effectiveness of the conservation actions proposed in (4), and for adapting these conservation actions to"
SD_SWAP_2025,.actions.evidence_of_efficacy,Species profile - Blue Sucker,0.9947,TRUE,TRUE,A SWG project was recently conducted looking at the population dynamics and seasonal movements of Blue Suckers in the James River. We found fin rays underestimated otoliths up to 30+ years for this lo
SD_SWAP_2025,.actions.evidence_of_efficacy,Research and monitoring -Terrestrial Systems (Chapter 6),1,TRUE,TRUE,"An additional important conservation action topic is the evaluation of conservation projects already underway in the state. For example, if a drained wetland is restored, partners should focus on eval"
SD_SWAP_2025,.actions.adaptation_planning_frameworks,Climate change -Terrestrial Systems,1,TRUE,TRUE,"Depending on climate changes, management toward historical ecosystems may not be possible, which may require changes in management objectives for flora and fauna."
SD_SWAP_2025,.actions.adaptation_planning_frameworks,Climate change -Terrestrial Systems,1,TRUE,TRUE,"As the effects of climate change make these considerations more complex, agencies such as SDGFP will need to work collaboratively with conservation partners and at larger scales to develop appropriate"
TN_SWAP_2015,.concepts.climate_vulnerability,Glossary of Terms,1,TRUE,TRUE,"vulnerability -the inability to withstand the effects of a hostile environment, generally measured by degree of exposure to hostile elements or change, inherent sensitivity to that exposure, and adapt"
TN_SWAP_2015,.concepts.climate_vulnerability,4.1.2. Climate Change Impacts Assessment,0.3805,FALSE,TRUE,Species vulnerability assessments using NatureServe's Climate Change Vulnerability Index (CCVI) (Young et al. 2011) were conducted by TWRA and academic experts for 189 GCN plant and animal species. Ch
TN_SWAP_2015,.concepts.climate_vulnerability,Defining Conservation Actions,1,TRUE,TRUE,The team worked with the National Wildlife Federation (NWF) to complete a 'Climate-Smart' vulnerability assessment for Tennessee species and habitats and began the process of identifying the adaptatio
TN_SWAP_2015,.concepts.adaptive_capacity_specificity,SAFEGUARDING WILDLIFE FROM CLIMATE CHANGE,0.3046,FALSE,TRUE,Species with low adaptive capacity such as those with specialized habitat needs or limited dispersal ability face higher vulnerability to these changes.
TN_SWAP_2015,.concepts.adaptive_capacity_specificity,SAFEGUARDING WILDLIFE FROM CLIMATE CHANGE,1,TRUE,TRUE,"Maintain or establish corridors to facilitate migration routes for species and/or populations, and to facilitate gene flow."
TN_SWAP_2015,.concepts.adaptive_capacity_components.demography,CLIMATE CHANGE and POTENTIAL IMPACTS TO WILDLIFE IN TENNESSEE / Birds,1,TRUE,TRUE,"Duck populations wintering in Tennessee are expected to decline, with lower reproductive success on their breeding grounds in the northern prairies of Canada and the U.S."
TN_SWAP_2015,.concepts.adaptive_capacity_components.distribution,CLIMATE CHANGE and POTENTIAL IMPACTS TO WILDLIFE IN TENNESSEE / Reptiles and Amphibians,1,TRUE,TRUE,"Range expansions or contractions of several frog species may occur as temperatures become warmer. Affected species could include the Bird-voiced Treefrog, Green Treefrog and the Wood Frog."
TN_SWAP_2015,.concepts.adaptive_capacity_components.movement,SAFEGUARDING WILDLIFE FROM CLIMATE CHANGE,0.3046,FALSE,TRUE,Species with low adaptive capacity such as those with specialized habitat needs or limited dispersal ability face higher vulnerability to these changes.
TN_SWAP_2015,.concepts.adaptive_capacity_components.evolutionary_potential,Ch. 5 / NFWPCAS goals section,1,TRUE,TRUE,Conserve genetic diversity by protecting diverse populations and genetic material across the full range of species occurrences.
TN_SWAP_2015,.concepts.adaptive_capacity_components.ecological_dependencies,NA,NA,NA,FALSE,
TN_SWAP_2015,.concepts.adaptive_capacity_components.ecological_dependencies,NA,NA,NA,FALSE,
TN_SWAP_2015,.concepts.adaptive_capacity_components.ecological_dependencies,NA,NA,NA,FALSE,
TN_SWAP_2015,.concepts.adaptive_capacity_components.abiotic_niche,CLIMATE CHANGE and POTENTIAL IMPACTS TO WILDLIFE IN TENNESSEE / Reptiles and Amphibians,1,TRUE,TRUE,"Rare endemic salamander species found only in high elevation, cool, humid habitats are at risk. Affected species could include the Junaluska Salamander and the Pygmy Salamander."
TN_SWAP_2015,.concepts.adaptive_capacity_components.life_history,NA,NA,NA,FALSE,
TN_SWAP_2015,.concepts.adaptive_capacity_components.life_history,NA,NA,NA,FALSE,
TN_SWAP_2015,.concepts.adaptive_capacity_components.life_history,NA,NA,NA,FALSE,
TN_SWAP_2015,.concepts.connectivity,Ch. 5 Conservation Strategies / NFWPCAS goals table,0.3077,FALSE,TRUE,"Strategy 1.4: Conserve, restore, and as appropriate and practicable, establish new ecological connections among conservation areas to facilitate fish, wildlife, and plant migration, range shifts, and "
TN_SWAP_2015,.concepts.connectivity,SAFEGUARDING WILDLIFE FROM CLIMATE CHANGE,1,TRUE,TRUE,"Maintain or establish corridors to facilitate migration routes for species and/or populations, and to facilitate gene flow."
TN_SWAP_2015,.concepts.connectivity,Appendix B comments / NPCA commenter,1,TRUE,TRUE,"their protection as intact habitat would greatly enhance climate resiliency due to the range in elevations, insure important forested protection for headwater areas"
TN_SWAP_2015,.tools.vulnerability_models,4.1.2. Climate Change Impacts Assessment,0.5026,FALSE,TRUE,Species vulnerability assessments using NatureServe's Climate Change Vulnerability Index (CCVI) (Young et al. 2011) were conducted by TWRA and academic experts for 189 GCN plant and animal species.
TN_SWAP_2015,.tools.vulnerability_models,Table of Contents / Figure list,1,TRUE,TRUE,"Figure 8. Comparison of CCVI vulnerability scores across taxonomic groups. For more specific information on the scoring process and results, see Glick et al. 2015"
TN_SWAP_2015,.tools.niche_models,NA,NA,NA,FALSE,
TN_SWAP_2015,.tools.niche_models,NA,NA,NA,FALSE,
TN_SWAP_2015,.tools.niche_models,NA,NA,NA,FALSE,
TN_SWAP_2015,.tools.climate_models,Table 19,1,TRUE,TRUE,Tennessee's exposure to climate change and landscape-scale impacts can be summarized in three broad categories: (1) changes in precipitation timing and duration; (2) warming temperatures; and (3) clim
TN_SWAP_2015,.tools.connectivity_models,Ch. 5 / NFWPCAS goals section,1,TRUE,TRUE,"Identify areas for an ecologically-connected network of terrestrial, freshwater, coastal, and marine conservation areas that are likely to be resilient to climate change and to support a broad range o"
TN_SWAP_2015,.context.management_scale.local,Table 15 / Ch. 5 Conservation Strategies,1,TRUE,TRUE,"well-coordinated land and water management planning at a variety of spatial scales (i.e., regional, state, and local)"
TN_SWAP_2015,.context.management_scale.site,Appendix B,1,TRUE,TRUE,COA boundaries will be revisited in the future with partners as implementation of the 2015 SWAP proceeds.
TN_SWAP_2015,.context.management_scale.watershed,Ch. 4 / Elk River case study section,1,TRUE,TRUE,The hope in restoring 26 miles of buffer in selected subwatersheds is to make measurable benefits for water quality and aquatic species.
TN_SWAP_2015,.context.management_scale.city,NA,NA,NA,FALSE,
TN_SWAP_2015,.context.management_scale.city,NA,NA,NA,FALSE,
TN_SWAP_2015,.context.management_scale.city,NA,NA,NA,FALSE,
TN_SWAP_2015,.context.management_scale.county,NA,NA,NA,FALSE,
TN_SWAP_2015,.context.management_scale.county,NA,NA,NA,FALSE,
TN_SWAP_2015,.context.management_scale.county,NA,NA,NA,FALSE,
TN_SWAP_2015,.context.management_scale.within_state_region,Summaries / State Priority Habitat Summaries,1,TRUE,TRUE,"In the Upper Gulf Coastal Plain and Mississippi River Alluvial Plain, bottomland and riparian forest habitats are most significant"
TN_SWAP_2015,.context.management_scale.state,4.1.1. Review and Update of Major Statewide Problems,1,TRUE,TRUE,"A separate climate change vulnerability assessment for Tennessee was prepared by the National Wildlife Federation and The Nature Conservancy, building on a SWAP update report on climate change issued "
TN_SWAP_2015,.context.management_scale.multistate,Appendix A / Element 7: Coordination with Partners,1,TRUE,TRUE,"Work with neighboring state fish and wildlife agencies. Reach out to agencies with similar SGCN and habitats to pool resources for regional conservation efforts including problem identification, fundi"
TN_SWAP_2015,.context.management_scale.national,5.3.6. Develop Climate Adaptation Strategies,1,TRUE,TRUE,"In 2012 a consortium of federal and state agency and tribal leaders released the National Fish, Wildlife, and Plants Climate Adaptation Strategy (NFWPCAS). The national strategy provides a framework o"
TN_SWAP_2015,.context.management_scale.transnational,NA,NA,NA,FALSE,
TN_SWAP_2015,.context.management_scale.transnational,NA,NA,NA,FALSE,
TN_SWAP_2015,.context.management_scale.transnational,NA,NA,NA,FALSE,
TN_SWAP_2015,.context.management_scale.ecosystem,5.3.6. Develop Climate Adaptation Strategies,1,TRUE,TRUE,"Goal 1: Conserve habitat to support healthy fish, wildlife, and plant populations and ecosystem functions in a changing climate."
TN_SWAP_2015,.context.management_scale.ecoregion,The State of Tennessee,1,TRUE,TRUE,"Six major terrestrial ecoregions are commonly recognized in Tennessee, from west to east (adapted from Bailey 1994; Keys et al. 1995)"
TN_SWAP_2015,.context.management_scale.province,NA,NA,NA,FALSE,
TN_SWAP_2015,.context.management_scale.province,NA,NA,NA,FALSE,
TN_SWAP_2015,.context.management_scale.province,NA,NA,NA,FALSE,
TN_SWAP_2015,.context.management_scale.section,NA,NA,NA,FALSE,
TN_SWAP_2015,.context.management_scale.section,NA,NA,NA,FALSE,
TN_SWAP_2015,.context.management_scale.section,NA,NA,NA,FALSE,
TN_SWAP_2015,.context.management_scale.subsection,NA,NA,NA,FALSE,
TN_SWAP_2015,.context.management_scale.subsection,NA,NA,NA,FALSE,
TN_SWAP_2015,.context.management_scale.subsection,NA,NA,NA,FALSE,
TN_SWAP_2015,.context.management_scale.lake,NA,NA,NA,FALSE,
TN_SWAP_2015,.context.management_scale.lake,NA,NA,NA,FALSE,
TN_SWAP_2015,.context.management_scale.lake,NA,NA,NA,FALSE,
TN_SWAP_2015,.context.management_scale.river,SAFEGUARDING WILDLIFE FROM CLIMATE CHANGE,1,TRUE,TRUE,"Protect headwater streams of priority aquatic systems (e.g., Duck River, etc.)"
TN_SWAP_2015,.context.management_scale.district,NA,NA,NA,FALSE,
TN_SWAP_2015,.context.management_scale.district,NA,NA,NA,FALSE,
TN_SWAP_2015,.context.management_scale.district,NA,NA,NA,FALSE,
TN_SWAP_2015,.context.biological_unit_score,CLIMATE CHANGE and POTENTIAL IMPACTS TO WILDLIFE IN TENNESSEE / Reptiles and Amphibians,1,TRUE,TRUE,"Range expansions or contractions of several frog species may occur as temperatures become warmer. Affected species could include the Bird-voiced Treefrog, Green Treefrog and the Wood Frog."
TN_SWAP_2015,.context.biological_unit_score,CLIMATE CHANGE and POTENTIAL IMPACTS TO WILDLIFE IN TENNESSEE,1,TRUE,TRUE,"Tennessee's forests are expected to undergo changes in forest growth and composition, with some tree types expanding at the expense of others. Some high elevation forest types will be dramatically imp"
TN_SWAP_2015,.context.biological_unit_components.species,CLIMATE CHANGE and POTENTIAL IMPACTS TO WILDLIFE IN TENNESSEE,1,TRUE,TRUE,"Migratory songbirds may alter their ranges, with some species disappearing from Tennessee altogether"
TN_SWAP_2015,.context.biological_unit_components.population,SAFEGUARDING WILDLIFE FROM CLIMATE CHANGE / Replication,1,TRUE,TRUE,Maintain numerous viable populations for priority species as identified in the action plan.
TN_SWAP_2015,.context.biological_unit_components.habitat,CLIMATE CHANGE and POTENTIAL IMPACTS TO WILDLIFE IN TENNESSEE / Aquatic Resources,1,TRUE,TRUE,The coldest headwaters and spring influenced habitats are at risk of being lost. Twenty-two greatest conservation need species are dependent on spring or headwater streams.
TN_SWAP_2015,.context.biological_unit_components.ecosystem,SAFEGUARDING WILDLIFE FROM CLIMATE CHANGE (intro paragraph),1,TRUE,TRUE,Warmer temperatures and changes in precipitation could disrupt the state's delicate forest and aquatic ecosystems.
TN_SWAP_2015,.context.biological_unit_components.community,NA,NA,NA,FALSE,
TN_SWAP_2015,.context.biological_unit_components.community,NA,NA,NA,FALSE,
TN_SWAP_2015,.context.biological_unit_components.community,NA,NA,NA,FALSE,
TN_SWAP_2015,.context.biological_unit_components.genotype_phenotype,NA,NA,NA,FALSE,
TN_SWAP_2015,.context.biological_unit_components.genotype_phenotype,NA,NA,NA,FALSE,
TN_SWAP_2015,.context.biological_unit_components.genotype_phenotype,NA,NA,NA,FALSE,
TN_SWAP_2015,.context.partnerships_and_funding,5.3.6. Develop Climate Adaptation Strategies,0.7511,FALSE,TRUE,TWRA and TNC worked with the National Wildlife Federation (NWF) to complete an updated vulnerability assessment for species and habitats in Tennessee and begin the process of identifying potential ada
TN_SWAP_2015,.context.partnerships_and_funding,4.1.2. Climate Change Impacts Assessment,0.2721,FALSE,TRUE,"for the 2015 comprehensive update, TWRA built on the 2009 effort by contracting with the National Wildlife Federation to provide a Climate Change Vulnerability Assessment for Tennessee and to guide TW"
TN_SWAP_2015,.context.partnerships_and_funding,Conservation Partners Engagement,1,TRUE,TRUE,"The Tennessee State Wildlife Action Plan is not intended solely for the Tennessee Wildlife Resources Agency, but rather for all stakeholders -large and small -within Tennessee who care about wildlife "
TN_SWAP_2015,.context.climate_threat_habitat_degradation,CLIMATE CHANGE and POTENTIAL IMPACTS TO WILDLIFE IN TENNESSEE,1,TRUE,TRUE,"Tennessee's forests are expected to undergo changes in forest growth and composition, with some tree types expanding at the expense of others. Some high elevation forest types will be dramatically imp"
TN_SWAP_2015,.context.climate_threat_habitat_degradation,CLIMATE CHANGE and POTENTIAL IMPACTS TO WILDLIFE IN TENNESSEE / Aquatic Resources,1,TRUE,TRUE,The coldest headwaters and spring influenced habitats are at risk of being lost. Twenty-two greatest conservation need species are dependent on spring or headwater streams.
TN_SWAP_2015,.context.climate_threat_species_vital_rates,CLIMATE CHANGE and POTENTIAL IMPACTS TO WILDLIFE IN TENNESSEE,1,TRUE,TRUE,Brook trout populations are expected to decline as surface water temperatures increase.
TN_SWAP_2015,.context.climate_threat_species_vital_rates,CLIMATE CHANGE and POTENTIAL IMPACTS TO WILDLIFE IN TENNESSEE / Birds,1,TRUE,TRUE,"Duck populations wintering in Tennessee are expected to decline, with lower reproductive success on their breeding grounds in the northern prairies of Canada and the U.S."
TN_SWAP_2015,.context.climate_threat_biotic_stressors,CLIMATE CHANGE and POTENTIAL IMPACTS TO WILDLIFE IN TENNESSEE / Reptiles and Amphibians,1,TRUE,TRUE,Increased winter temperatures could increase the threat of exotic species to native amphibian and reptile populations by increasing the survival rate of these invaders.
TN_SWAP_2015,.context.climate_threat_biotic_stressors,CLIMATE CHANGE and POTENTIAL IMPACTS TO WILDLIFE IN TENNESSEE,1,TRUE,TRUE,"Larger floods and longer droughts could cause increased erosion, reduced water supply and the spread of invasive species."
TN_SWAP_2015,.actions.priority_habitat_identification,2015 Statewide Habitat Priority Maps,1,TRUE,TRUE,"Maps of priority habitats for terrestrial, aquatic, and subterranean GCN species as well as all priority habitats combined follow."
TN_SWAP_2015,.actions.priority_habitat_identification,Glossary of Terms,1,TRUE,TRUE,"Conservation Opportunity Area -Priority areas for conservation, spatially depicted on the landscape, that offer the best opportunities and potential for conservation of species of greatest conservatio"
TN_SWAP_2015,.actions.priority_habitat_identification,SAFEGUARDING WILDLIFE FROM CLIMATE CHANGE / Refugia,1,TRUE,TRUE,"Refugia refers to areas or environments that are less affected by climate change than other areas. In many ways, strategies for creating refugia are included in the strategies above, such as represent"
TN_SWAP_2015,.actions.targeted_range_shift_actions,Ch. 5 Conservation Strategies / NFWPCAS goals table,0.3077,FALSE,TRUE,"Strategy 1.4: Conserve, restore, and as appropriate and practicable, establish new ecological connections among conservation areas to facilitate fish, wildlife, and plant migration, range shifts, and "
TN_SWAP_2015,.actions.targeted_range_shift_actions,SAFEGUARDING WILDLIFE FROM CLIMATE CHANGE,1,TRUE,TRUE,"Maintain or establish corridors to facilitate migration routes for species and/or populations, and to facilitate gene flow."
TN_SWAP_2015,.actions.time_bound_and_monitoring,TWRA Adoption of Standardized Effectiveness Measures,1,TRUE,TRUE,TWRA proposes to engage in a three year review cycle which will provide the foundation for the next ten year comprehensive SWAP review in 2025.
TN_SWAP_2015,.actions.time_bound_and_monitoring,4. Regional-scale Monitoring Collaborations,1,TRUE,TRUE,Development and implementation of an effectiveness measures framework will help TWRA and its conservation partners in the following ways: Provide a means to evaluate conservation actions so that succe
TN_SWAP_2015,.actions.time_bound_and_monitoring,"Integrating Conservation Implementation, SWAP Review, and TWRA Planning Cycles",1,TRUE,TRUE,TWRA will incorporate status monitoring objectives and effectiveness measures into its existing planning cycles through triennial SWAP reviews and updates.
TN_SWAP_2015,.actions.evidence_of_efficacy,TENNESSEE CASE STUDY: Intensive management for early successional habitat,0.7224,FALSE,TRUE,"The results of the habitat work speak for themselves. In years prior to restoration, between 16 and 17 Golden-winged Warbler breeding territories were documented. In the first year after restoration w"
TN_SWAP_2015,.actions.evidence_of_efficacy,5.3.6. Develop Climate Adaptation Strategies,1,TRUE,TRUE,"The 2014 publication Climate-Smart Conservation: Putting Adaptation Principles into Practice, outlines a planning process that guides the development of many types of conservation actions to address c"
TN_SWAP_2015,.actions.adaptation_planning_frameworks,5.3.6. Develop Climate Adaptation Strategies,1,TRUE,TRUE,Preparing for and coping with current and future climate impacts is an emerging field known as climate change adaptation. In 2012 a consortium of federal and state agency and tribal leaders released t
TN_SWAP_2015,.actions.adaptation_planning_frameworks,5.3.6. Develop Climate Adaptation Strategies,0.7523,FALSE,TRUE,"The 2014 publication Climate-Smart Conservation: Putting Adaptation Principles into Practice, outlines a planning process that guides the development of many types of conservation actions to address c"
TN_SWAP_2015,.actions.adaptation_planning_frameworks,CHAPTER 5 CONSERVATION STRATEGIES AND ACTIONS,1,TRUE,TRUE,Conduct vulnerability assessments and develop adaptation strategy approaches for GCN species and habitats in Tennessee. This is a new focus in the 2015 SWAP. The planning team identified which goals a
TX_SWAP_2023,.concepts.climate_vulnerability,"Climate Change and Severe Weather, Chapter 5",0.2857,FALSE,TRUE,"Climate is the key determining variable of species distributions. As the Earth warms, species shift to northern latitudes and higher altitudes."
TX_SWAP_2023,.concepts.climate_vulnerability,Conservation Status of Texas Freshwater Fishes,1,TRUE,TRUE,"Furthermore, changing climate trends have the potential to impact freshwater fishes (Lynch et al. 2016). Droughts are expected to increase in frequency and severity in Texas, affecting the timing and "
TX_SWAP_2023,.concepts.climate_vulnerability,Chapter 7 Monitoring / SWG prioritization criteria,0.2939,FALSE,TRUE,"Is the species vulnerable to climate change? If so, is there a reasonable way to mitigate it? A decreased likelihood of meaningful conservation will decrease priority. If species is vulnerable but con"
TX_SWAP_2023,.concepts.adaptive_capacity_specificity,Texas NFCAs Network discussion,1,TRUE,TRUE,"Paukert et al. (2016) recommended that to support the ability of native freshwater fishes to adapt to climate change, resource managers will need to increasingly focus available resources on actions t"
TX_SWAP_2023,.concepts.adaptive_capacity_components.demography,NA,NA,NA,FALSE,
TX_SWAP_2023,.concepts.adaptive_capacity_components.demography,NA,NA,NA,FALSE,
TX_SWAP_2023,.concepts.adaptive_capacity_components.demography,NA,NA,NA,FALSE,
TX_SWAP_2023,.concepts.adaptive_capacity_components.distribution,"Climate Change and Severe Weather, Chapter 5",0.2667,FALSE,TRUE,"As the Earth warms, species shift to northern latitudes and higher altitudes."
TX_SWAP_2023,.concepts.adaptive_capacity_components.distribution,"Climate Change and Severe Weather, Chapter 5",0.2605,FALSE,TRUE,"Cold-sensitive plant species, such as the red mangrove, are moving north up the Texas coast. Early maps showed no red mangrove north of the Rio Grande estuary; today, they appear as far north as the e"
TX_SWAP_2023,.concepts.adaptive_capacity_components.movement,"Climate Change and Severe Weather, Chapter 5",0.2787,FALSE,TRUE,The best hedge against the uncertainty about exactly how climate change will manifest itself in Texas and its effects on species and habitats is improving connectivity between habitat patches and givi
TX_SWAP_2023,.concepts.adaptive_capacity_components.movement,"Connectivity section, Chapter 5 (Additional Threats)",0.3214,FALSE,TRUE,"as species shift northward because of changing climate conditions, connections between habitat patches will be critical as animals seek new territories, search for food and mates, and avoid predators."
TX_SWAP_2023,.concepts.adaptive_capacity_components.evolutionary_potential,NA,NA,NA,FALSE,
TX_SWAP_2023,.concepts.adaptive_capacity_components.evolutionary_potential,NA,NA,NA,FALSE,
TX_SWAP_2023,.concepts.adaptive_capacity_components.evolutionary_potential,NA,NA,NA,FALSE,
TX_SWAP_2023,.concepts.adaptive_capacity_components.ecological_dependencies,NA,NA,NA,FALSE,
TX_SWAP_2023,.concepts.adaptive_capacity_components.ecological_dependencies,NA,NA,NA,FALSE,
TX_SWAP_2023,.concepts.adaptive_capacity_components.ecological_dependencies,NA,NA,NA,FALSE,
TX_SWAP_2023,.concepts.adaptive_capacity_components.abiotic_niche,"North American Warm Desert Cienega, Supplement 4.2",0.2303,FALSE,TRUE,"species' physiological limits are tested as shifting temperatures, altered hydrology, and changing seasonal cues affect survival, reproduction, and migration"
TX_SWAP_2023,.concepts.adaptive_capacity_components.life_history,NA,NA,NA,FALSE,
TX_SWAP_2023,.concepts.adaptive_capacity_components.life_history,NA,NA,NA,FALSE,
TX_SWAP_2023,.concepts.adaptive_capacity_components.life_history,NA,NA,NA,FALSE,
TX_SWAP_2023,.concepts.connectivity,"Connectivity section, Chapter 5 (Additional Threats)",0.3214,FALSE,TRUE,"as species shift northward because of changing climate conditions, connections between habitat patches will be critical as animals seek new territories, search for food and mates, and avoid predators."
TX_SWAP_2023,.concepts.connectivity,"About the Southeast Blueprint, Chapter 4",1,TRUE,TRUE,A connectivity analysis identifies corridors that link coastal and inland areas and span climate gradients. This portion of the Southeast Blueprint is referred to as the 'Base Blueprint'.
TX_SWAP_2023,.tools.vulnerability_models,"Climate Change and Severe Weather, Chapter 5",0.9314,TRUE,TRUE,"on the national front, other states and the Association of Fish and Wildlife Agencies were also seriously researching and addressing this issue, amassing information, and testing species vulnerability"
TX_SWAP_2023,.tools.niche_models,Spatial Prioritization of Native Fish Conservation Areas in Texas,0.8026,FALSE,TRUE,Species distribution models (SDMs) were assembled for 85 of the 90 species; SDMs were not assembled for four species and subspecies that are likely extinct
TX_SWAP_2023,.tools.niche_models,Spatial Prioritization of Native Fish Conservation Areas in Texas,1,TRUE,TRUE,The SDMs converted point occurrence data into rangewide probabilities of occurrence (Guisan et al. 2013). Fish occurrence data used in development of SDMs consisted of museum-vouchered available from 
TX_SWAP_2023,.tools.climate_models,"Tamaulipan Calcareous Thornscrub / multiple habitat sections, Supplement 4.2",0.8746,TRUE,TRUE,"According to Climate Wizard in 2050 global climate change model (using Medium A1B emission scenario and Ensemble Average general circulation model), the average annual temperature is predicted to rise"
TX_SWAP_2023,.tools.connectivity_models,"About the Southeast Blueprint / Hubs and Corridors, Chapter 4",1,TRUE,TRUE,"The Blueprint uses a least-cost path connectivity analysis to identify corridors that link hubs across the shortest distance possible, while also routing through as much Blueprint priority as possible"
TX_SWAP_2023,.tools.connectivity_models,"Element 2 overview, Chapter 1",0.3097,FALSE,TRUE,"Supplement 4.1 provides a analysis of the condition of Texas habitat using the Southeast Conservation Adaptation Strategy (SECAS) Blueprint, resulting in a customized Conservation Adaptation Strategy "
TX_SWAP_2023,.context.management_scale.local,NA,NA,NA,FALSE,
TX_SWAP_2023,.context.management_scale.local,NA,NA,NA,FALSE,
TX_SWAP_2023,.context.management_scale.local,NA,NA,NA,FALSE,
TX_SWAP_2023,.context.management_scale.site,"Goal 3: restore instream and floodplain connectivity, Texas NFCAs Network",1,TRUE,TRUE,"In 2014, the TPWD and the Texas Commission on Environmental Quality cooperated on removal of a 1.2-m-tall low-head dam spanning a 55-m-wide reach of the North Fork Guadalupe River"
TX_SWAP_2023,.context.management_scale.watershed,"Native Fish Conservation Areas, Chapter 4",1,TRUE,TRUE,"The Texas NFCAs Network consists of springs, ciénegas, creeks, rivers, and associated watersheds uniquely valued in preservation of Texas freshwater fish diversity."
TX_SWAP_2023,.context.management_scale.city,NA,NA,NA,FALSE,
TX_SWAP_2023,.context.management_scale.city,NA,NA,NA,FALSE,
TX_SWAP_2023,.context.management_scale.city,NA,NA,NA,FALSE,
TX_SWAP_2023,.context.management_scale.county,NA,NA,NA,FALSE,
TX_SWAP_2023,.context.management_scale.county,NA,NA,NA,FALSE,
TX_SWAP_2023,.context.management_scale.county,NA,NA,NA,FALSE,
TX_SWAP_2023,.context.management_scale.within_state_region,"Ecoregion-specific responses from stakeholders, Chapter 5",0.9714,TRUE,TRUE,"By the nature of their isolation and rarity, some habitats in the Arizona/New Mexico Mountains and Chihuahuan ecological regions, such as sky islands, montane grasslands and forests, and cienegas, are"
TX_SWAP_2023,.context.management_scale.state,"Native Fish Conservation Areas, Chapter 4",1,TRUE,TRUE,Twenty native fish conservation areas have been designated throughout the state.
TX_SWAP_2023,.context.management_scale.multistate,"Chapter 2, Setting the Stage",1,TRUE,TRUE,"Many of our natural resources are shared directly with four other states and Mexico, and indirectly through migratory routes with other states, Central America, and Canada."
TX_SWAP_2023,.context.management_scale.national,NA,NA,NA,FALSE,
TX_SWAP_2023,.context.management_scale.national,NA,NA,NA,FALSE,
TX_SWAP_2023,.context.management_scale.national,NA,NA,NA,FALSE,
TX_SWAP_2023,.context.management_scale.transnational,NA,NA,NA,FALSE,
TX_SWAP_2023,.context.management_scale.transnational,NA,NA,NA,FALSE,
TX_SWAP_2023,.context.management_scale.transnational,NA,NA,NA,FALSE,
TX_SWAP_2023,.context.management_scale.ecosystem,Supplement 4.1 SECAS Blueprint indicators,1,TRUE,TRUE,River networks with a variety of connected stream classes help retain aquatic biodiversity in a changing climate by allowing species to access climate refugia and move between habitats.
TX_SWAP_2023,.context.management_scale.ecoregion,"Ecoregion-specific responses from stakeholders, Chapter 5",0.9714,TRUE,TRUE,"By the nature of their isolation and rarity, some habitats in the Arizona/New Mexico Mountains and Chihuahuan ecological regions, such as sky islands, montane grasslands and forests, and cienegas, are"
TX_SWAP_2023,.context.management_scale.province,NA,NA,NA,FALSE,
TX_SWAP_2023,.context.management_scale.province,NA,NA,NA,FALSE,
TX_SWAP_2023,.context.management_scale.province,NA,NA,NA,FALSE,
TX_SWAP_2023,.context.management_scale.section,NA,NA,NA,FALSE,
TX_SWAP_2023,.context.management_scale.section,NA,NA,NA,FALSE,
TX_SWAP_2023,.context.management_scale.section,NA,NA,NA,FALSE,
TX_SWAP_2023,.context.management_scale.subsection,NA,NA,NA,FALSE,
TX_SWAP_2023,.context.management_scale.subsection,NA,NA,NA,FALSE,
TX_SWAP_2023,.context.management_scale.subsection,NA,NA,NA,FALSE,
TX_SWAP_2023,.context.management_scale.lake,NA,NA,NA,FALSE,
TX_SWAP_2023,.context.management_scale.lake,NA,NA,NA,FALSE,
TX_SWAP_2023,.context.management_scale.lake,NA,NA,NA,FALSE,
TX_SWAP_2023,.context.management_scale.river,"Goal 7, Texas NFCAs Network",1,TRUE,TRUE,"In the Devils River NFCA, similar investments of State Wildlife Grant funding have been made to improve understanding of the relationships among groundwater levels, spring discharge, river flows, and "
TX_SWAP_2023,.context.management_scale.district,NA,NA,NA,FALSE,
TX_SWAP_2023,.context.management_scale.district,NA,NA,NA,FALSE,
TX_SWAP_2023,.context.management_scale.district,NA,NA,NA,FALSE,
TX_SWAP_2023,.context.biological_unit_score,"Climate Change and Severe Weather, Chapter 5",0.2667,FALSE,TRUE,"As the Earth warms, species shift to northern latitudes and higher altitudes."
TX_SWAP_2023,.context.biological_unit_score,"Tamaulipan Calcareous Thornscrub, Supplement 4.2",0.9055,TRUE,TRUE,"Potential climate change effects on vegetation could include a shift to species adapted to a hotter, generally drier environment."
TX_SWAP_2023,.context.biological_unit_components.species,"Climate Change and Severe Weather, Chapter 5",0.2605,FALSE,TRUE,"Cold-sensitive plant species, such as the red mangrove, are moving north up the Texas coast. Early maps showed no red mangrove north of the Rio Grande estuary; today, they appear as far north as the e"
TX_SWAP_2023,.context.biological_unit_components.population,NA,NA,NA,FALSE,
TX_SWAP_2023,.context.biological_unit_components.population,NA,NA,NA,FALSE,
TX_SWAP_2023,.context.biological_unit_components.population,NA,NA,NA,FALSE,
TX_SWAP_2023,.context.biological_unit_components.habitat,"Tamaulipan Calcareous Thornscrub, Supplement 4.2",0.9055,TRUE,TRUE,"Potential climate change effects on vegetation could include a shift to species adapted to a hotter, generally drier environment."
TX_SWAP_2023,.context.biological_unit_components.ecosystem,NA,NA,NA,FALSE,
TX_SWAP_2023,.context.biological_unit_components.ecosystem,NA,NA,NA,FALSE,
TX_SWAP_2023,.context.biological_unit_components.ecosystem,NA,NA,NA,FALSE,
TX_SWAP_2023,.context.biological_unit_components.community,"Climate Change and Severe Weather, Chapter 5",0.2357,FALSE,TRUE,Changes to the composition of plant and animal communities. Increases in concentrations of CO2 favor woody shrubs invading prairie grasslands.
TX_SWAP_2023,.context.biological_unit_components.genotype_phenotype,NA,NA,NA,FALSE,
TX_SWAP_2023,.context.biological_unit_components.genotype_phenotype,NA,NA,NA,FALSE,
TX_SWAP_2023,.context.biological_unit_components.genotype_phenotype,NA,NA,NA,FALSE,
TX_SWAP_2023,.context.partnerships_and_funding,"Goal 5, Texas NFCAs Network",1,TRUE,TRUE,"Private donors contributed US$190,000, which was leveraged against approximately $1.2 million in state and federal funding to implement conservation projects in the Central Edwards Plateau Rivers, Gua"
TX_SWAP_2023,.context.partnerships_and_funding,Texas NFCAs Network Abstract,1,TRUE,TRUE,"conservation partnerships have formed among nongovernmental organizations, universities, and state and federal agencies to plan and deliver actions within the Texas NFCAs Network to restore and preser"
TX_SWAP_2023,.context.climate_threat_habitat_degradation,"Texas Coast Dune and Coastal Grassland, Supplement 4.2",0.2831,FALSE,TRUE,"Increasing sea-level rise associated with global climate change will lead to more loss of coastal grasslands, especially in developed areas where development restricts the potential for inland migrati"
TX_SWAP_2023,.context.climate_threat_habitat_degradation,"North American Warm Desert Playa, Supplement 4.2",0.9424,TRUE,TRUE,"Climate change impacts could exacerbate the situation by reducing high flows, causing a drop in the groundwater table, shrinking and drying the marsh, increasing fire frequency due to warmer temperatu"
TX_SWAP_2023,.context.climate_threat_species_vital_rates,Conservation Status of Texas Freshwater Fishes,1,TRUE,TRUE,"Droughts are expected to increase in frequency and severity in Texas, affecting the timing and frequency of flows and water levels necessary to support spawning and other habitat requirements of fresh"
TX_SWAP_2023,.context.climate_threat_biotic_stressors,"Climate Change and Severe Weather, Chapter 5",0.2357,FALSE,TRUE,Changes to the composition of plant and animal communities. Increases in concentrations of CO2 favor woody shrubs invading prairie grasslands.
TX_SWAP_2023,.context.climate_threat_biotic_stressors,"Tamaulipan Calcareous Thornscrub, Supplement 4.2",0.9055,TRUE,TRUE,"Potential climate change effects on vegetation could include a shift to species adapted to a hotter, generally drier environment."
TX_SWAP_2023,.actions.priority_habitat_identification,"Native Fish Conservation Areas, Chapter 4",0.9605,TRUE,TRUE,Twenty native fish conservation areas have been designated throughout the state. These were selected based on a spatial prioritization focused on identification of freshwater systems critically import
TX_SWAP_2023,.actions.priority_habitat_identification,Spatial Prioritization of Native Fish Conservation Areas in Texas,0.9585,TRUE,TRUE,This approach resulted in prioritization of freshwater systems important in preservation of the diversity of freshwater fish SGCN (Figure 1). Zonation was then used to identify species-based geographi
TX_SWAP_2023,.actions.targeted_range_shift_actions,"Climate Change and Severe Weather, Chapter 5",0.2787,FALSE,TRUE,The best hedge against the uncertainty about exactly how climate change will manifest itself in Texas and its effects on species and habitats is improving connectivity between habitat patches and givi
TX_SWAP_2023,.actions.targeted_range_shift_actions,"Resource and habitat protection (1.2), Chapter 6",0.9231,TRUE,TRUE,establishing ecological corridors through habitat restoration and conservation.
TX_SWAP_2023,.actions.time_bound_and_monitoring,"Element 5 Monitoring, Chapter 1 / Chapter 7",0.9836,TRUE,TRUE,Plans for monitoring effectiveness and adapting conservation actions in response to new information revolves around Knowledge Gap Analyses and the creation of S-Rank Improvement Plans.
TX_SWAP_2023,.actions.evidence_of_efficacy,Introduction (Freshwater Fishes section),0.3202,FALSE,TRUE,One of the most noteworthy conservation success stories for a freshwater fish SGCN in Texas is the restoration of Guadalupe Bass Micropterus treculii... the species was recently repatriated to the Bla
TX_SWAP_2023,.actions.evidence_of_efficacy,Texas NFCAs Network Discussion,1,TRUE,TRUE,"As fish and wildlife agencies plan and prepare for current and anticipated effects of climate change, the Texas NFCAs Network offers a case study in engagement of the broader community of conservation"
TX_SWAP_2023,.actions.adaptation_planning_frameworks,"Resource and habitat protection (1.2), Chapter 6",0.2978,FALSE,TRUE,We need to implement an adaptive management framework to ensure that our conservation efforts remain effective. This framework should respond to changing conservation priorities as new information is 
TX_SWAP_2023,.actions.adaptation_planning_frameworks,"Element 2 overview, Chapter 1",0.3097,FALSE,TRUE,"Supplement 4.1 provides a analysis of the condition of Texas habitat using the Southeast Conservation Adaptation Strategy (SECAS) Blueprint, resulting in a customized Conservation Adaptation Strategy "
UT_SWAP_2025,.concepts.climate_vulnerability,"Chapter 3, Introduction",0.3532,FALSE,TRUE,Understanding why species and ecosystems are vulnerable or potentially less resilient is a critical first step in developing effective conservation strategies. This vulnerability is based on sensitivi
UT_SWAP_2025,.concepts.climate_vulnerability,"Chapter 4, Ecosystem Encroachment",0.298,FALSE,TRUE,Species with low adaptive capacity such as those with specialized habitat needs or limited dispersal ability face higher vulnerability to these changes.
UT_SWAP_2025,.concepts.climate_vulnerability,"Chapter 4, Ecosystem Encroachment",1,TRUE,TRUE,"Many fish distributions retract from the warmer lowlands and are limited to cool temperature refugia such as higher elevations or reaches with cold spring inflows, and thus available habitat and conne"
UT_SWAP_2025,.concepts.adaptive_capacity_specificity,"Chapter 4, Ecosystem Encroachment",0.298,FALSE,TRUE,Species with low adaptive capacity such as those with specialized habitat needs or limited dispersal ability face higher vulnerability to these changes.
UT_SWAP_2025,.concepts.adaptive_capacity_specificity,"Chapter 4, Ecosystem Encroachment",0.5116,FALSE,TRUE,"Improve resilience: remove or reduce impediments to species movement as their habitats shift. Improve resistance: reduce the rate or severity of habitat shifting itself, so that species can remain in "
UT_SWAP_2025,.concepts.adaptive_capacity_components.demography,NA,NA,NA,FALSE,
UT_SWAP_2025,.concepts.adaptive_capacity_components.demography,NA,NA,NA,FALSE,
UT_SWAP_2025,.concepts.adaptive_capacity_components.demography,NA,NA,NA,FALSE,
UT_SWAP_2025,.concepts.adaptive_capacity_components.distribution,"Chapter 4, Ecosystem Encroachment",1,TRUE,TRUE,"Utah's wide range of elevational diversity presents numerous opportunities for plant, insect, and animal species to shift their ranges upslope in response to warmer temperatures, specifically increasi"
UT_SWAP_2025,.concepts.adaptive_capacity_components.movement,"Chapter 4, Ecosystem Encroachment",0.298,FALSE,TRUE,Species with low adaptive capacity such as those with specialized habitat needs or limited dispersal ability face higher vulnerability to these changes.
UT_SWAP_2025,.concepts.adaptive_capacity_components.evolutionary_potential,NA,NA,NA,FALSE,
UT_SWAP_2025,.concepts.adaptive_capacity_components.evolutionary_potential,NA,NA,NA,FALSE,
UT_SWAP_2025,.concepts.adaptive_capacity_components.evolutionary_potential,NA,NA,NA,FALSE,
UT_SWAP_2025,.concepts.adaptive_capacity_components.ecological_dependencies,NA,NA,NA,FALSE,
UT_SWAP_2025,.concepts.adaptive_capacity_components.ecological_dependencies,NA,NA,NA,FALSE,
UT_SWAP_2025,.concepts.adaptive_capacity_components.ecological_dependencies,NA,NA,NA,FALSE,
UT_SWAP_2025,.concepts.adaptive_capacity_components.abiotic_niche,"Chapter 4, Ecosystem Encroachment",1,TRUE,TRUE,"Many aquatic species have a narrow temperature range in which they can persist. Stream temperatures have been rising throughout the West because of drought, diversions, reduced snowpack, decreased spr"
UT_SWAP_2025,.concepts.adaptive_capacity_components.life_history,NA,NA,NA,FALSE,
UT_SWAP_2025,.concepts.adaptive_capacity_components.life_history,NA,NA,NA,FALSE,
UT_SWAP_2025,.concepts.adaptive_capacity_components.life_history,NA,NA,NA,FALSE,
UT_SWAP_2025,.concepts.connectivity,"Chapter 3, Conservation Actions",0.3133,FALSE,TRUE,"Riparian corridors also function as climate corridors, allowing species to move up in elevation in response to warming temperatures. Keep water temperature from rising beyond thresholds in which aquat"
UT_SWAP_2025,.concepts.connectivity,"Chapter 4, Essential Conservation Actions, Renewable Energy",1,TRUE,TRUE,Identify and maintain wildlife migration corridors and protected buffers around populations of SGCN/SGINs that may need to move across the landscape or up or down in elevation.
UT_SWAP_2025,.tools.vulnerability_models,"Chapter 3, Long-Term Climate Goals",1,TRUE,TRUE,Evaluate climate vulnerability of SGCNs using the Climate Change Vulnerability Index (NatureServe 2024c).
UT_SWAP_2025,.tools.niche_models,"Chapter 5, Species Distribution and Habitat Suitability Models",1,TRUE,TRUE,Species Distribution and Habitat Suitability Models (SDHMs) are being developed for many Utah SGCNs. SDHMs show a predicted suitable habitat for a species based on various biotic and abiotic environme
UT_SWAP_2025,.tools.niche_models,"Chapter 5, Species Distribution and Habitat Suitability Models",1,TRUE,TRUE,"SDHMs are present in the DWR Wildlife Habitat Analysis Tool to help inform project managers (DWR 2024a). SDHMs assess habitats' spatial arrangement and connectivity, identify crucial habitats, or desc"
UT_SWAP_2025,.tools.climate_models,"Chapter 3, Summer Temperatures",0.375,FALSE,TRUE,"Looking ahead to 2100, under RCP 4.5 and RCP 8.5, summer temperatures in Utah are expected to rise by 3.4°F and 9.0°F, respectively."
UT_SWAP_2025,.tools.climate_models,"Chapter 3, Identifying Climate Refugia",1,TRUE,TRUE,An analysis using the program Marxan was completed to identify Hydrologic Unit Code (HUC) 12 subwatersheds within Utah that were projected to be the least exposed to temperature increases at RCP 4.5 a
UT_SWAP_2025,.tools.connectivity_models,"Chapter 3, Identifying Climate Refugia",1,TRUE,TRUE,An analysis using the program Marxan was completed to identify Hydrologic Unit Code (HUC) 12 subwatersheds within Utah that were projected to be the least exposed to temperature increases at RCP 4.5 a
UT_SWAP_2025,.tools.connectivity_models,"Chapter 3, The Nature Conservancy Strategies: Resilient Sites and Connected Landscapes",0.2788,FALSE,TRUE,The RCN is a spatial tool that provides an analysis at reasonable resolution (30-180 m [approximately 98-590 feet]) and identifies areas on the landscape that provide landscape resilience to climate c
UT_SWAP_2025,.context.management_scale.local,NA,NA,NA,FALSE,
UT_SWAP_2025,.context.management_scale.local,NA,NA,NA,FALSE,
UT_SWAP_2025,.context.management_scale.local,NA,NA,NA,FALSE,
UT_SWAP_2025,.context.management_scale.site,"Chapter 3, Identifying Climate Refugia",1,TRUE,TRUE,"The identified HUC-12s highlight areas in the state that support SGCNs and key habitats while being less exposed to the impacts of climate change. Therefore, focusing landscape restoration projects in"
UT_SWAP_2025,.context.management_scale.watershed,"Chapter 3, Identifying Climate Refugia",1,TRUE,TRUE,An analysis using the program Marxan was completed to identify Hydrologic Unit Code (HUC) 12 subwatersheds within Utah that were projected to be the least exposed to temperature increases at RCP 4.5
UT_SWAP_2025,.context.management_scale.city,NA,NA,NA,FALSE,
UT_SWAP_2025,.context.management_scale.city,NA,NA,NA,FALSE,
UT_SWAP_2025,.context.management_scale.city,NA,NA,NA,FALSE,
UT_SWAP_2025,.context.management_scale.county,NA,NA,NA,FALSE,
UT_SWAP_2025,.context.management_scale.county,NA,NA,NA,FALSE,
UT_SWAP_2025,.context.management_scale.county,NA,NA,NA,FALSE,
UT_SWAP_2025,.context.management_scale.within_state_region,"Introduction, Ecoregions",1,TRUE,TRUE,"Utah is composed of arid deserts and canyonlands, salt flats, wetlands, semiarid shrublands, irrigated valleys, woodlands, forested mountains, and glaciated peaks, resulting in enormous ecological div"
UT_SWAP_2025,.context.management_scale.state,"Introduction, Utah's Perspective on the Utah Wildlife Action Plan",1,TRUE,TRUE,"The UWAP addresses an expansive array of native wildlife and plant species, including mammals, birds, fish, insects, mollusks, crustaceans, amphibians, and reptiles, and their habitats across the enti"
UT_SWAP_2025,.context.management_scale.multistate,Introduction,1,TRUE,TRUE,"Utah also has worked with surrounding states to strategize ways in which to use consistent categorizations to identify regional conservation priorities, species of greatest conservation need (SGCN), e"
UT_SWAP_2025,.context.management_scale.national,NA,NA,NA,FALSE,
UT_SWAP_2025,.context.management_scale.national,NA,NA,NA,FALSE,
UT_SWAP_2025,.context.management_scale.national,NA,NA,NA,FALSE,
UT_SWAP_2025,.context.management_scale.transnational,NA,NA,NA,FALSE,
UT_SWAP_2025,.context.management_scale.transnational,NA,NA,NA,FALSE,
UT_SWAP_2025,.context.management_scale.transnational,NA,NA,NA,FALSE,
UT_SWAP_2025,.context.management_scale.ecosystem,"Chapter 3, Wildfire",1,TRUE,TRUE,"Generally, higher temperatures, declining snowpack, and reduced late-summer stream flow in Utah will alter the mosaic of existing habitats. For instance, these conditions will likely extend the Great "
UT_SWAP_2025,.context.management_scale.ecoregion,"Introduction, Ecoregions",1,TRUE,TRUE,Ecoregion designations are an important addition to the 2025 UWAP. The Core Team chose to include ecoregions in this revision to facilitate regional collaboration with SWAPs of other western states.
UT_SWAP_2025,.context.management_scale.province,NA,NA,NA,FALSE,
UT_SWAP_2025,.context.management_scale.province,NA,NA,NA,FALSE,
UT_SWAP_2025,.context.management_scale.province,NA,NA,NA,FALSE,
UT_SWAP_2025,.context.management_scale.section,NA,NA,NA,FALSE,
UT_SWAP_2025,.context.management_scale.section,NA,NA,NA,FALSE,
UT_SWAP_2025,.context.management_scale.section,NA,NA,NA,FALSE,
UT_SWAP_2025,.context.management_scale.subsection,NA,NA,NA,FALSE,
UT_SWAP_2025,.context.management_scale.subsection,NA,NA,NA,FALSE,
UT_SWAP_2025,.context.management_scale.subsection,NA,NA,NA,FALSE,
UT_SWAP_2025,.context.management_scale.lake,NA,NA,NA,FALSE,
UT_SWAP_2025,.context.management_scale.lake,NA,NA,NA,FALSE,
UT_SWAP_2025,.context.management_scale.lake,NA,NA,NA,FALSE,
UT_SWAP_2025,.context.management_scale.river,NA,NA,NA,FALSE,
UT_SWAP_2025,.context.management_scale.river,NA,NA,NA,FALSE,
UT_SWAP_2025,.context.management_scale.river,NA,NA,NA,FALSE,
UT_SWAP_2025,.context.management_scale.district,NA,NA,NA,FALSE,
UT_SWAP_2025,.context.management_scale.district,NA,NA,NA,FALSE,
UT_SWAP_2025,.context.management_scale.district,NA,NA,NA,FALSE,
UT_SWAP_2025,.context.biological_unit_score,"Chapter 4, Ecosystem Encroachment",1,TRUE,TRUE,"Utah's wide range of elevational diversity presents numerous opportunities for plant, insect, and animal species to shift their ranges upslope in response to warmer temperatures."
UT_SWAP_2025,.context.biological_unit_score,"Chapter 3, Wildfire",1,TRUE,TRUE,"Generally, higher temperatures, declining snowpack, and reduced late-summer stream flow in Utah will alter the mosaic of existing habitats. For instance, these conditions will likely extend the Great "
UT_SWAP_2025,.context.biological_unit_components.species,"Chapter 4, Ecosystem Encroachment",1,TRUE,TRUE,"Utah's wide range of elevational diversity presents numerous opportunities for plant, insect, and animal species to shift their ranges upslope in response to warmer temperatures, specifically increasi"
UT_SWAP_2025,.context.biological_unit_components.population,"Chapter 4, Ecosystem Encroachment",1,TRUE,TRUE,"This results in smaller, more fragmented populations that may not be able to recover naturally from catastrophic disturbances."
UT_SWAP_2025,.context.biological_unit_components.habitat,"Chapter 3, Wildfire",1,TRUE,TRUE,"Generally, higher temperatures, declining snowpack, and reduced late-summer stream flow in Utah will alter the mosaic of existing habitats. For instance, these conditions will likely extend the Great "
UT_SWAP_2025,.context.biological_unit_components.ecosystem,"Chapter 3, Introduction",0.3,FALSE,TRUE,"climate change influences the spread of infectious diseases, exacerbates extreme weather events, alters species' ranges and seasonal timing, and disrupts ecosystem structures (IPCC 2023)."
UT_SWAP_2025,.context.biological_unit_components.community,"Chapter 4, Ecosystem Encroachment",1,TRUE,TRUE,northward migrations of species and communities in response to climate change are a real possibility.
UT_SWAP_2025,.context.biological_unit_components.genotype_phenotype,NA,NA,NA,FALSE,
UT_SWAP_2025,.context.biological_unit_components.genotype_phenotype,NA,NA,NA,FALSE,
UT_SWAP_2025,.context.biological_unit_components.genotype_phenotype,NA,NA,NA,FALSE,
UT_SWAP_2025,.context.partnerships_and_funding,"Chapter 3, Making Climate Actionable Through Utah Division of Wildlife Resources' Watershed Restoration Initiative",0.8488,FALSE,TRUE,"There have been over 700 partners (2006-2022) that have provided funding to and submitted projects through the WRI. Including all funding sources, the annual budget of the WRI is over $30 million (Edd"
UT_SWAP_2025,.context.partnerships_and_funding,"Introduction, Wildlife Funding",0.3022,FALSE,TRUE,"Since 2005, the WRI and partners have completed over 2,700 projects and provided over $350 million dollars in funding that has improved 2.5 million acres of priority watersheds in Utah."
UT_SWAP_2025,.context.climate_threat_habitat_degradation,"Chapter 3, Wildfire",1,TRUE,TRUE,"Generally, higher temperatures, declining snowpack, and reduced late-summer stream flow in Utah will alter the mosaic of existing habitats. For instance, these conditions will likely extend the Great "
UT_SWAP_2025,.context.climate_threat_habitat_degradation,"Chapter 3, Wildfire",1,TRUE,TRUE,"As temperatures continue to rise and fuel becomes drier, the frequency and severity of large fires in Utah will likely increase. Changes in fire regime affect habitat by altering the structure and typ"
UT_SWAP_2025,.context.climate_threat_species_vital_rates,"Chapter 4, Case Study: Climate Change and Increasing Stream Temperatures Limit Native Trout Distribution",1,TRUE,TRUE,Studies indicate that suitable habitat for native trout could decline by as much as 60% by 2080 (Wenger et al. 2011). Native trout management will need to consider warming stream temperatures when pri
UT_SWAP_2025,.context.climate_threat_biotic_stressors,"Chapter 4, Climate Change",1,TRUE,TRUE,"Altered climate conditions may increase the vulnerability of SGCNs to threats posed by invasive non-native species and may promote invasion, establishment, and competitive advantage of alien species t"
UT_SWAP_2025,.actions.priority_habitat_identification,"Chapter 3, Identifying Climate Refugia",0.9143,TRUE,TRUE,The Climate Adaptation Subcommittee worked with Dr. Edward Hammill of Utah State University to identify climate refugia in Utah (Figure 55). An analysis using the program Marxan was completed to ident
UT_SWAP_2025,.actions.priority_habitat_identification,"Chapter 3, Identifying Climate Refugia",1,TRUE,TRUE,"The identified HUC-12s highlight areas in the state that support SGCNs and key habitats while being less exposed to the impacts of climate change. Therefore, focusing landscape restoration projects in"
UT_SWAP_2025,.actions.targeted_range_shift_actions,"Appendix E, Conservation Actions",0.9167,TRUE,TRUE,"Assist wildlife or plant migration in anticipation of climate change. Establish nurseries, refuge populations, hatcheries, etc., to support management."
UT_SWAP_2025,.actions.time_bound_and_monitoring,"Introduction, Approach Review and Revision",1,TRUE,TRUE,"The UWAP will drive native species management and conservation in Utah for the next 10 years, from 2025 to 2035."
UT_SWAP_2025,.actions.time_bound_and_monitoring,National Requirements and Guidance,1,TRUE,TRUE,"Monitoring: The provisions for periodic monitoring of SGCN and their habitats, for monitoring the effectiveness of conservation actions, and for adapting conservation actions as appropriate to respond"
UT_SWAP_2025,.actions.time_bound_and_monitoring,"Chapter 5, Measuring the Effectiveness of Conservation Actions",1,TRUE,TRUE,"The Core Team will meet each year to coordinate UWAP implementation and prioritize conservation actions. If new threats to SGCNs or key habitats arise, these threats will be incorporated into the appr"
UT_SWAP_2025,.actions.evidence_of_efficacy,"Chapter 4, Transportation and Service Corridors, Case Study",0.3163,FALSE,TRUE,Phase I of the U.S. Highway 89 Kanab-Paunsaugunt Wildlife Crossing Project was reported as 'one of the most successful mule deer mitigation projects in all of North America' (Cramer and Hamlin 2019). 
UT_SWAP_2025,.actions.evidence_of_efficacy,"Chapter 4, Case Study: Climate Change and Increasing Stream Temperatures Limit Native Trout Distribution",0.9529,TRUE,TRUE,"In Utah, additional fine-scale modeling is needed to determine more realistic impacts from rising stream temperatures. These analyses will allow resource managers to better focus on habitats where nat"
UT_SWAP_2025,.actions.adaptation_planning_frameworks,"Chapter 3, Introduction",0.2446,FALSE,TRUE,This guidance is broken into seven principles for incorporating climate change into state wildlife action plans: 1) fully integrate climate change into state wildlife action plans; 2) adopt forward-lo
UT_SWAP_2025,.actions.adaptation_planning_frameworks,"Chapter 3, Long-Term Climate Goals",1,TRUE,TRUE,"Align climate threats in Utah Division of Wildlife's Watershed Restoration Initiative (WRI) with solutions (e.g., incorporate climate resilience into best management practices and/or develop an adapti"
VA_SWAP_2025,.concepts.climate_vulnerability,Changing Environmental Conditions In Virginia,1,TRUE,TRUE,"These CCVAs evaluate exposure (the degree of change likely to be experienced), sensitivity (the degree of susceptibility or responsiveness to the climatic changes), and adaptive capacity (the ability "
VA_SWAP_2025,.concepts.climate_vulnerability,Changing Environmental Conditions In Virginia,0.2936,FALSE,TRUE,Understanding why species and ecosystems are vulnerable or potentially less resilient is a critical first step in developing effective conservation strategies. This vulnerability is based on sensitivi
VA_SWAP_2025,.concepts.climate_vulnerability,Changing Environmental Conditions In Virginia,0.3179,FALSE,TRUE,species with low adaptive capacity such as those with specialized habitat needs or limited dispersal ability face higher vulnerability to these changes
VA_SWAP_2025,.concepts.adaptive_capacity_specificity,Changing Environmental Conditions In Virginia,1,TRUE,TRUE,"Adaptive capacity has three main components: demographic or life-history traits, including dispersal and colonization abilities that support range shifts; genetic diversity and potential for evolution"
VA_SWAP_2025,.concepts.adaptive_capacity_specificity,Changing Environmental Conditions In Virginia,0.3179,FALSE,TRUE,species with low adaptive capacity such as those with specialized habitat needs or limited dispersal ability face higher vulnerability to these changes
VA_SWAP_2025,.concepts.adaptive_capacity_components.demography,Changing Environmental Conditions In Virginia,1,TRUE,TRUE,"Adaptive capacity has three main components: demographic or life-history traits, including dispersal and colonization abilities that support range shifts"
VA_SWAP_2025,.concepts.adaptive_capacity_components.distribution,Changing Environmental Conditions In Virginia,1,TRUE,TRUE,"Ultimately, the outcome of changing climatic and environmental conditions is that a species persists in place, shifts in space, or becomes extirpated."
VA_SWAP_2025,.concepts.adaptive_capacity_components.movement,Changing Environmental Conditions In Virginia,1,TRUE,TRUE,"demographic or life-history traits, including dispersal and colonization abilities that support range shifts"
VA_SWAP_2025,.concepts.adaptive_capacity_components.evolutionary_potential,Changing Environmental Conditions In Virginia,1,TRUE,TRUE,"genetic diversity and potential for evolutionary adaptation by natural selection; and phenotypic plasticity, including physiological and behavioral acclimation."
VA_SWAP_2025,.concepts.adaptive_capacity_components.ecological_dependencies,Changing Environmental Conditions In Virginia,1,TRUE,TRUE,"changes in the timing of biological events (such as migration, reproduction and flowering) which potentially lead to mismatches in the life cycles of interdependent species, are also being observed"
VA_SWAP_2025,.concepts.adaptive_capacity_components.abiotic_niche,"Boreal Forests Greg Estoll, Virginia Department of Forestry",1,TRUE,TRUE,"under the scenario of warmer summer temperatures and similar precipitation, the boreal forest will likely shrink as summer temperature and moisture stress push suitable conditions to higher elevations"
VA_SWAP_2025,.concepts.adaptive_capacity_components.life_history,Changing Environmental Conditions In Virginia,1,TRUE,TRUE,"Adaptive capacity has three main components: demographic or life-history traits, including dispersal and colonization abilities that support range shifts"
VA_SWAP_2025,.concepts.connectivity,VIRGINIA AND THE SOUTHEAST CONSERVATION ADAPTATION STRATEGY (SECAS),0.2989,FALSE,TRUE,The Southeast Conservation Blueprint connectivity analysis identifies corridors that link coastal and inland areas and span climate gradients (Figure 3). The corridors connect hubs across the shortest
VA_SWAP_2025,.concepts.connectivity,VIRGINIA AND THE SOUTHEAST CONSERVATION ADAPTATION STRATEGY (SECAS),1,TRUE,TRUE,"Ensuring landscape connectivity across jurisdictional boundaries is becoming increasingly important for species management as changes in land use, climate, and weather patterns shift species distribut"
VA_SWAP_2025,.concepts.connectivity,Changing Environmental Conditions In Virginia,1,TRUE,TRUE,supporting a statewide network of lands and waters to support fish and wildlife adaptation (i.e. movement)
VA_SWAP_2025,.tools.vulnerability_models,Changing Environmental Conditions In Virginia,1,TRUE,TRUE,"In their assessments of species for possible inclusion as SGCN, the TACs evaluated, where possible, climate change vulnerability assessments (CCVAs) to determine potential impacts of changing environm"
VA_SWAP_2025,.tools.vulnerability_models,PREFACE,0.988,TRUE,TRUE,"a larger emphasis on climate vulnerability, working lands and outreach and education."
VA_SWAP_2025,.tools.niche_models,PRIORITY RESEARCH NEEDS,0.3139,FALSE,TRUE,Develop and document distribution-model methods for under-studied focal species that can incorporate the agency's institutional data sets.
VA_SWAP_2025,.tools.climate_models,NA,NA,NA,FALSE,
VA_SWAP_2025,.tools.climate_models,NA,NA,NA,FALSE,
VA_SWAP_2025,.tools.climate_models,NA,NA,NA,FALSE,
VA_SWAP_2025,.tools.connectivity_models,VIRGINIA AND THE SOUTHEAST CONSERVATION ADAPTATION STRATEGY (SECAS),1,TRUE,TRUE,"The Southeast Conservation Blueprint is the primary product of SECAS. The Blueprint is a living, spatial plan that identifies priority areas where conservation action would make an impact toward creat"
VA_SWAP_2025,.tools.connectivity_models,VIRGINIA AND THE SOUTHEAST CONSERVATION ADAPTATION STRATEGY (SECAS),1,TRUE,TRUE,The Southeast Blueprint also includes a least-cost path connectivity analysis that identifies corridors that link coastal and inland areas and span climate gradients (Figure 3).
VA_SWAP_2025,.context.management_scale.local,WILDLIFE ACTION PLAN OVERVIEW,1,TRUE,TRUE,"Additionally, this Wildlife Action Plan is designed to facilitate implementation at a scale where conservation most often occurs -the local level."
VA_SWAP_2025,.context.management_scale.site,FOREWORD BY RYAN BROWN,1,TRUE,TRUE,"The 2025 Wildlife Action Plan has a strong focus on more specific, place-based efforts to conserve SGCN"
VA_SWAP_2025,.context.management_scale.watershed,VALUE OF AN UPDATED WILDLIFE ACTION PLAN,1,TRUE,TRUE,The Wildlife Action Plan includes 1920 SGCN and 520 Assessment Priority species; it covers 11 major habitat types representing 32 sub-habitats; and is searchable at the HUC12 level for priority SGCN a
VA_SWAP_2025,.context.management_scale.city,NA,NA,NA,FALSE,
VA_SWAP_2025,.context.management_scale.city,NA,NA,NA,FALSE,
VA_SWAP_2025,.context.management_scale.city,NA,NA,NA,FALSE,
VA_SWAP_2025,.context.management_scale.county,HABITATS,1,TRUE,TRUE,Each of Virginia's counties typically encompasses 10 to 15 HUC12 watersheds.
VA_SWAP_2025,.context.management_scale.within_state_region,GOALS FOR THE UPDATED WILDLIFE ACTION PLAN,1,TRUE,TRUE,"The 2015 Wildlife Action Plan, while more focused on Planning Districts, still did not provide specific enough conservation actions"
VA_SWAP_2025,.context.management_scale.state,VALUE OF AN UPDATED WILDLIFE ACTION PLAN,1,TRUE,TRUE,Virginia's Wildlife Action Plan provides a statewide and local blueprint for conservation actions needed to keep species from becoming endangered.
VA_SWAP_2025,.context.management_scale.multistate,VIRGINIA AND THE SOUTHEAST CONSERVATION ADAPTATION STRATEGY (SECAS),1,TRUE,TRUE,"Collaborating with the neighboring states of Maryland, West Virginia, Kentucky, Tennessee, and North Carolina to identify cross-boundary species migration and habitat pathways can increase regional co"
VA_SWAP_2025,.context.management_scale.national,HABITATS,1,TRUE,TRUE,"Virginia, as part of this team, used the Northeast Regional Conservation Synthesis to define the habitats for the 2025 revision."
VA_SWAP_2025,.context.management_scale.transnational,NA,NA,NA,FALSE,
VA_SWAP_2025,.context.management_scale.transnational,NA,NA,NA,FALSE,
VA_SWAP_2025,.context.management_scale.transnational,NA,NA,NA,FALSE,
VA_SWAP_2025,.context.management_scale.ecosystem,VIRGINIA AND THE SOUTHEAST CONSERVATION ADAPTATION STRATEGY (SECAS),1,TRUE,TRUE,The Southeast Conservation Adaptation Strategy (SECAS) is a regional conservation initiative that spans the Southeastern United States and Caribbean. SECAS brings together diverse partners around an a
VA_SWAP_2025,.context.management_scale.ecoregion,VIRGINIA AND THE SOUTHEAST CONSERVATION ADAPTATION STRATEGY (SECAS),0.9424,TRUE,TRUE,"One lens to characterize the landscape of Virginia is by its ecoregions as defined by the Level III ecoregions of the continental US (Omernik 1987, 1995): the Central Appalachians, Ridge and Valley, B"
VA_SWAP_2025,.context.management_scale.province,NA,NA,NA,FALSE,
VA_SWAP_2025,.context.management_scale.province,NA,NA,NA,FALSE,
VA_SWAP_2025,.context.management_scale.province,NA,NA,NA,FALSE,
VA_SWAP_2025,.context.management_scale.section,NA,NA,NA,FALSE,
VA_SWAP_2025,.context.management_scale.section,NA,NA,NA,FALSE,
VA_SWAP_2025,.context.management_scale.section,NA,NA,NA,FALSE,
VA_SWAP_2025,.context.management_scale.subsection,NA,NA,NA,FALSE,
VA_SWAP_2025,.context.management_scale.subsection,NA,NA,NA,FALSE,
VA_SWAP_2025,.context.management_scale.subsection,NA,NA,NA,FALSE,
VA_SWAP_2025,.context.management_scale.lake,NA,NA,NA,FALSE,
VA_SWAP_2025,.context.management_scale.lake,NA,NA,NA,FALSE,
VA_SWAP_2025,.context.management_scale.lake,NA,NA,NA,FALSE,
VA_SWAP_2025,.context.management_scale.river,NA,NA,NA,FALSE,
VA_SWAP_2025,.context.management_scale.river,NA,NA,NA,FALSE,
VA_SWAP_2025,.context.management_scale.river,NA,NA,NA,FALSE,
VA_SWAP_2025,.context.management_scale.district,NA,NA,NA,FALSE,
VA_SWAP_2025,.context.management_scale.district,NA,NA,NA,FALSE,
VA_SWAP_2025,.context.management_scale.district,NA,NA,NA,FALSE,
VA_SWAP_2025,.context.biological_unit_score,"Marine Offshore Brendan Runde and Kate Wilke, The Nature Conservancy",1,TRUE,TRUE,"Poleward shifts in distributions (Morley et al., 2018; Nye et al., 2009). These climate-driven distribution shifts may complement range expansions that are facilitated by the emplacement of artificial"
VA_SWAP_2025,.context.biological_unit_score,"Tidal Wetlands Ben Sagara, Virginia Department of Wildlife Resources",1,TRUE,TRUE,Many tidal marsh systems within Virginia are also experiencing significant change alongside rising sea levels and more frequent and intense storms.
VA_SWAP_2025,.context.biological_unit_components.species,Changing Environmental Conditions In Virginia,1,TRUE,TRUE,"Warming temperatures are already affecting fish, wildlife and habitats in Virginia. Within the past 30 years, armadillos have naturally expanded their range from southern states northward"
VA_SWAP_2025,.context.biological_unit_components.population,Changing Environmental Conditions In Virginia,1,TRUE,TRUE,"Ultimately, the outcome of changing climatic and environmental conditions is that a species persists in place, shifts in space, or becomes extirpated. However, the rapid rate of change and the fragmen"
VA_SWAP_2025,.context.biological_unit_components.habitat,"Boreal Forests Greg Estoll, Virginia Department of Forestry",1,TRUE,TRUE,"under the scenario of warmer summer temperatures and similar precipitation, the boreal forest will likely shrink as summer temperature and moisture stress push suitable conditions to higher elevations"
VA_SWAP_2025,.context.biological_unit_components.ecosystem,Changing Environmental Conditions In Virginia,1,TRUE,TRUE,"Without significant intervention to expand their footprints and extend their presence in Virginia, remnant spruce-fir forests are also expected to disappear for the same reason."
VA_SWAP_2025,.context.biological_unit_components.community,Changing Environmental Conditions In Virginia,1,TRUE,TRUE,"changes in the timing of biological events (such as migration, reproduction and flowering) which potentially lead to mismatches in the life cycles of interdependent species, are also being observed"
VA_SWAP_2025,.context.biological_unit_components.genotype_phenotype,Changing Environmental Conditions In Virginia,1,TRUE,TRUE,"genetic diversity and potential for evolutionary adaptation by natural selection; and phenotypic plasticity, including physiological and behavioral acclimation."
VA_SWAP_2025,.context.partnerships_and_funding,PREFACE,1,TRUE,TRUE,"DWR typically receives approximately $1.2M per year from State and Tribal Wildlife Grants for salaries and operational costs associated with work on nongame aquatic species, herpetofauna and to cover "
VA_SWAP_2025,.context.partnerships_and_funding,PREFACE,1,TRUE,TRUE,the DWR and partners have used the Wildlife Action Plan to prioritize key species and habitats in need of conservation and to implement needed projects and research on behalf of all Virginians.
VA_SWAP_2025,.context.partnerships_and_funding,VIRGINIA AND THE SOUTHEAST CONSERVATION ADAPTATION STRATEGY (SECAS),0.8243,FALSE,TRUE,The Virginia Wildlife Corridor Action Plan (see Page 97 for a discussion on wildlife corridors) emphasizes protecting important wildlife habitat corridors and reducing wildlife-vehicle conflicts (Virg
VA_SWAP_2025,.context.climate_threat_habitat_degradation,Changing Environmental Conditions In Virginia,1,TRUE,TRUE,"species such as eastern black rail and saltmarsh sparrow, both dependent on high saltmarsh habitats, are expected to be extirpated within the next 30 to 50 years as coastal high marshes succumb to a c"
VA_SWAP_2025,.context.climate_threat_habitat_degradation,Tidal Creeks & Rivers,1,TRUE,TRUE,"Saltwater intrusion from rising sea levels, increased water temperatures, and altered precipitation patterns caused by changing environmental conditions pose a significant, long-term threat to Virgini"
VA_SWAP_2025,.context.climate_threat_species_vital_rates,Monitoring Amphibians,1,TRUE,TRUE,"Changing water conditions due to droughts, flooding, or extreme weather events will have an effect on amphibian persistence as many species are dependent on water availability and quality to reproduce"
VA_SWAP_2025,.context.climate_threat_species_vital_rates,Climate change,1,TRUE,TRUE,"comparing the first springtime dates of sea turtle strandings for five-year increments from 2003-2022, the first seasonal strandings of both species in the most recent five-year period (2018-2022) occ"
VA_SWAP_2025,.context.climate_threat_biotic_stressors,Changing Environmental Conditions In Virginia,1,TRUE,TRUE,"Spotted lanternfly, emerald ash borer, and spongy moth - all insect pests significantly impacting native vegetation - have become more pervasive across Virginia's landscape due in part to more moderat"
VA_SWAP_2025,.context.climate_threat_biotic_stressors,"Marine Offshore Brendan Runde and Kate Wilke, The Nature Conservancy",1,TRUE,TRUE,"While it is not currently believed that lionfish can overwinter north of North Carolina, increasing seawater temperatures and the increase in rocky habitat (i.e. due to offshore wind foundations) may "
VA_SWAP_2025,.actions.priority_habitat_identification,VIRGINIA AND THE SOUTHEAST CONSERVATION ADAPTATION STRATEGY (SECAS),1,TRUE,TRUE,"The Blueprint recognizes more than 13.1 million acres, or roughly 48 % of the state, as a priority for connecting the region's lands and waters (Table 1, Figure 1). About 5.2 million acres (19.1%) are"
VA_SWAP_2025,.actions.priority_habitat_identification,"Tidal Wetlands Ben Sagara, Virginia Department of Wildlife Resources",1,TRUE,TRUE,There is also a need to identify and protect areas with future marsh migration potential to ensure Virginia maintains vital marsh habitat through time.
VA_SWAP_2025,.actions.priority_habitat_identification,CLIMATE OF VIRGINIA,1,TRUE,TRUE,"These cooler zones, particularly Dfb, serve as key thermal refuges for heat-intolerant species. As changing environmental conditions continues to shrink Dfb and Dfa climate zones to isolated mountain "
VA_SWAP_2025,.actions.targeted_range_shift_actions,Changing Environmental Conditions In Virginia,1,TRUE,TRUE,"The DWR is taking a small step in this arena in its proposed translocation of eastern tiger salamanders to a DWR-owned property in southeastern Virginia, outside of the known range of the species in t"
VA_SWAP_2025,.actions.targeted_range_shift_actions,WILDLIFE ACTION PLAN IMPLEMENTATION,1,TRUE,TRUE,"Since 2008, Virginia has been a leader in working to develop strategies that address the changing environment within the updated Wildlife Action Plan, including land acquisitions that allow for marsh "
VA_SWAP_2025,.actions.time_bound_and_monitoring,Wildlife Habitat Corridors and Connectivity,1,TRUE,TRUE,"In 2027, the Wildlife Corridor Action Plan will also integrate species-specific habitat corridors for 11 Species of Greatest Conservation Need thought to be vulnerable to road risks"
VA_SWAP_2025,.actions.time_bound_and_monitoring,PREFACE,1,TRUE,TRUE,"Proposed plans for monitoring species identified in (1) and their habitats, for monitoring the effectiveness of the conservation actions proposed in (4), and for adapting these conservation actions to"
VA_SWAP_2025,.actions.time_bound_and_monitoring,Measuring the Effectiveness of Conservation Actions,1,TRUE,TRUE,"The Wildlife TRACS framework was developed to specifically support Wildlife Action Plan implementation and has been integrated into the mandatory project reporting system, the DWR will use these resou"
VA_SWAP_2025,.actions.evidence_of_efficacy,WILDLIFE ACTION PLAN IMPLEMENTATION,1,TRUE,TRUE,Active pine-savannah habitat management of the Big Woods WMA resulted in the first pair of nesting red-cockaded woodpeckers at the WMA.
VA_SWAP_2025,.actions.evidence_of_efficacy,WILDLIFE ACTION PLAN IMPLEMENTATION,1,TRUE,TRUE,"During the past decade, more than 13.6 million mussels, including 23 federal and state listed species, have been propagated at these two facilities, and nearly 400,000 mussels have been released at st"
VA_SWAP_2025,.actions.adaptation_planning_frameworks,Changing Environmental Conditions In Virginia,1,TRUE,TRUE,"the agency launched the development of its own adaptation and resilience plan in 2025. This effort will help ensure that, across the organization, employees understand the risks and opportunities asso"
VA_SWAP_2025,.actions.adaptation_planning_frameworks,Changing Environmental Conditions In Virginia,1,TRUE,TRUE,"In their assessments of species for possible inclusion as SGCN, the TACs evaluated, where possible, climate change vulnerability assessments (CCVAs) to determine potential impacts of changing environm"
VI_SWAP_2015,.concepts.climate_vulnerability,Chapter Four: Climate Change,1,TRUE,TRUE,"Endemic species and diverse environments of island ecosystems such as coral reefs, mangrove forests, and seagrass beds are vulnerable to climate change (Whittaker et al. 1999, McCarthy 2001). Climate "
VI_SWAP_2015,.concepts.climate_vulnerability,Chapter Four: Climate Change,1,TRUE,TRUE,"Species that live on islands and that cannot disperse to other locations within their temperature tolerance, will likely die out. Microhabitats may become less favorable, particularly as deforestation"
VI_SWAP_2015,.concepts.adaptive_capacity_specificity,Chapter Four: Climate Change,1,TRUE,TRUE,"Species that live on islands and that cannot disperse to other locations within their temperature tolerance, will likely die out."
VI_SWAP_2015,.concepts.adaptive_capacity_components.demography,NA,NA,NA,FALSE,
VI_SWAP_2015,.concepts.adaptive_capacity_components.demography,NA,NA,NA,FALSE,
VI_SWAP_2015,.concepts.adaptive_capacity_components.demography,NA,NA,NA,FALSE,
VI_SWAP_2015,.concepts.adaptive_capacity_components.distribution,Chapter Four: Climate Change,1,TRUE,TRUE,"Changes in temperature also cause changes in species range shifts, meaning as temperature increases in a particular location, species will move to cooler areas to adapt. It has already been documented"
VI_SWAP_2015,.concepts.adaptive_capacity_components.movement,Chapter Four: Climate Change,1,TRUE,TRUE,"Species that live on islands and that cannot disperse to other locations within their temperature tolerance, will likely die out."
VI_SWAP_2015,.concepts.adaptive_capacity_components.evolutionary_potential,Chapter Four: Climate Change,1,TRUE,TRUE,"There is some evidence that coral may be going through a rapid evolutionary event, resulting in the increased resistance to bleaching (T. Smith, pers. comm., 2017)"
VI_SWAP_2015,.concepts.adaptive_capacity_components.ecological_dependencies,Chapter Four: Climate Change,1,TRUE,TRUE,"Changes in the arrival time of migrating birds, for example, may result in a lack of food for refueling if the food source is not able to survive or even alter its own timing. Fruit eating bats may be"
VI_SWAP_2015,.concepts.adaptive_capacity_components.abiotic_niche,Chapter Four: Climate Change,1,TRUE,TRUE,"Species that live on islands and that cannot disperse to other locations within their temperature tolerance, will likely die out."
VI_SWAP_2015,.concepts.adaptive_capacity_components.life_history,NA,NA,NA,FALSE,
VI_SWAP_2015,.concepts.adaptive_capacity_components.life_history,NA,NA,NA,FALSE,
VI_SWAP_2015,.concepts.adaptive_capacity_components.life_history,NA,NA,NA,FALSE,
VI_SWAP_2015,.concepts.connectivity,Chapter Four: How to Respond to These Threats,1,TRUE,TRUE,"Commonly applied adaptation mechanisms include establishing migration corridors, which in the USVI can be achieved by protecting forested corridors and riparian gut systems that connect habitat patche"
VI_SWAP_2015,.concepts.connectivity,Chapter Four: Climate Change,1,TRUE,TRUE,"In some cases, coastal habitats such as mangroves may be able to adjust their ranges inward, but only if there is available land to inhabit. They will not be able to move into or across developed land"
VI_SWAP_2015,.concepts.connectivity,Chapter Five: Table 5.2,1,TRUE,TRUE,"1.2 Conserve, restore, and establish new ecological connections among conservation areas to facilitate species migrations, range shifts, and other transitions."
VI_SWAP_2015,.tools.vulnerability_models,"Chapter Seven: Research, Management, and Monitoring on the Cays",1,TRUE,TRUE,"Since 2014, the USFWS has been allocating funds from the Coastal Program to collect ecological information at landscape and seascape levels for at least 16 cays around Puerto Rico and the USVI to deve"
VI_SWAP_2015,.tools.niche_models,NA,NA,NA,FALSE,
VI_SWAP_2015,.tools.niche_models,NA,NA,NA,FALSE,
VI_SWAP_2015,.tools.niche_models,NA,NA,NA,FALSE,
VI_SWAP_2015,.tools.climate_models,Chapter Four: Climate Change,1,TRUE,TRUE,The NOAA modeled future sea level rise projections for all three islands of the USVI at 6ft above the mean higher high water (MHHW) mark.
VI_SWAP_2015,.tools.connectivity_models,Chapter Five: Table 5.2,1,TRUE,TRUE,"1.2.1 Identify migration corridors - Conduct mapping and modeling (essential habitat, habitat change, retreat models, vulnerability assessments)"
VI_SWAP_2015,.context.management_scale.local,Chapter Four: How to Respond to These Threats,1,TRUE,TRUE,"Commonly applied adaptation mechanisms include establishing migration corridors, which in the USVI can be achieved by protecting forested corridors and riparian gut systems that connect habitat patche"
VI_SWAP_2015,.context.management_scale.site,Chapter Seven: Threats,1,TRUE,TRUE,"Goats and rats were removed in 2004 from Dutchcap Cay, site of an important seabird colony in the USVI, although they still remain on Thatch, and many other privately owned cays."
VI_SWAP_2015,.context.management_scale.watershed,Chapter Five: Table 5.2,0.5423,FALSE,TRUE,7.2.2 Develop watershed management plans to identify local sources and solutions for marine pollution input and wetland degradation - Promote or regulate reduction or restriction on impervious surface
VI_SWAP_2015,.context.management_scale.city,NA,NA,NA,FALSE,
VI_SWAP_2015,.context.management_scale.city,NA,NA,NA,FALSE,
VI_SWAP_2015,.context.management_scale.city,NA,NA,NA,FALSE,
VI_SWAP_2015,.context.management_scale.county,NA,NA,NA,FALSE,
VI_SWAP_2015,.context.management_scale.county,NA,NA,NA,FALSE,
VI_SWAP_2015,.context.management_scale.county,NA,NA,NA,FALSE,
VI_SWAP_2015,.context.management_scale.within_state_region,Geographic and Demographic Setting,0.6861,FALSE,TRUE,"St. Croix is almost twice the size of St. Thomas, with less infrastructural development... St. John is the smallest population of less than 5000."
VI_SWAP_2015,.context.management_scale.state,Chapter Five: The VI-WAP Conservation Strategy,1,TRUE,TRUE,The revised VI-WAP takes a territorial and ecosystem management approach to conservation management of species and habitats.
VI_SWAP_2015,.context.management_scale.multistate,NA,NA,NA,FALSE,
VI_SWAP_2015,.context.management_scale.multistate,NA,NA,NA,FALSE,
VI_SWAP_2015,.context.management_scale.multistate,NA,NA,NA,FALSE,
VI_SWAP_2015,.context.management_scale.national,Chapter Five: Conservation Goals for VI Resources,1,TRUE,TRUE,"We drew upon resources contained within in the national guidance for climate change adaptation for fish, wildlife, and plants (NFWPCAP 2012)."
VI_SWAP_2015,.context.management_scale.transnational,NA,NA,NA,FALSE,
VI_SWAP_2015,.context.management_scale.transnational,NA,NA,NA,FALSE,
VI_SWAP_2015,.context.management_scale.transnational,NA,NA,NA,FALSE,
VI_SWAP_2015,.context.management_scale.ecosystem,Chapter Five: The VI-WAP Conservation Strategy,1,TRUE,TRUE,The revised VI-WAP takes a territorial and ecosystem management approach to conservation management of species and habitats.
VI_SWAP_2015,.context.management_scale.ecoregion,NA,NA,NA,FALSE,
VI_SWAP_2015,.context.management_scale.ecoregion,NA,NA,NA,FALSE,
VI_SWAP_2015,.context.management_scale.ecoregion,NA,NA,NA,FALSE,
VI_SWAP_2015,.context.management_scale.province,NA,NA,NA,FALSE,
VI_SWAP_2015,.context.management_scale.province,NA,NA,NA,FALSE,
VI_SWAP_2015,.context.management_scale.province,NA,NA,NA,FALSE,
VI_SWAP_2015,.context.management_scale.section,NA,NA,NA,FALSE,
VI_SWAP_2015,.context.management_scale.section,NA,NA,NA,FALSE,
VI_SWAP_2015,.context.management_scale.section,NA,NA,NA,FALSE,
VI_SWAP_2015,.context.management_scale.subsection,NA,NA,NA,FALSE,
VI_SWAP_2015,.context.management_scale.subsection,NA,NA,NA,FALSE,
VI_SWAP_2015,.context.management_scale.subsection,NA,NA,NA,FALSE,
VI_SWAP_2015,.context.management_scale.lake,NA,NA,NA,FALSE,
VI_SWAP_2015,.context.management_scale.lake,NA,NA,NA,FALSE,
VI_SWAP_2015,.context.management_scale.lake,NA,NA,NA,FALSE,
VI_SWAP_2015,.context.management_scale.river,NA,NA,NA,FALSE,
VI_SWAP_2015,.context.management_scale.river,NA,NA,NA,FALSE,
VI_SWAP_2015,.context.management_scale.river,NA,NA,NA,FALSE,
VI_SWAP_2015,.context.management_scale.district,NA,NA,NA,FALSE,
VI_SWAP_2015,.context.management_scale.district,NA,NA,NA,FALSE,
VI_SWAP_2015,.context.management_scale.district,NA,NA,NA,FALSE,
VI_SWAP_2015,.context.biological_unit_score,Chapter Four: Climate Change,1,TRUE,TRUE,"Changes in temperature also cause changes in species range shifts, meaning as temperature increases in a particular location, species will move to cooler areas to adapt."
VI_SWAP_2015,.context.biological_unit_score,Chapter Four: Climate Change,1,TRUE,TRUE,"In some cases, coastal habitats such as mangroves may be able to adjust their ranges inward, but only if there is available land to inhabit. They will not be able to move into or across developed land"
VI_SWAP_2015,.context.biological_unit_components.species,Chapter Four: Climate Change,1,TRUE,TRUE,"Changes in temperature also cause changes in species range shifts, meaning as temperature increases in a particular location, species will move to cooler areas to adapt. It has already been documented"
VI_SWAP_2015,.context.biological_unit_components.population,NA,NA,NA,FALSE,
VI_SWAP_2015,.context.biological_unit_components.population,NA,NA,NA,FALSE,
VI_SWAP_2015,.context.biological_unit_components.population,NA,NA,NA,FALSE,
VI_SWAP_2015,.context.biological_unit_components.habitat,Chapter Four: Climate Change,1,TRUE,TRUE,"In some cases, coastal habitats such as mangroves may be able to adjust their ranges inward, but only if there is available land to inhabit. They will not be able to move into or across developed land"
VI_SWAP_2015,.context.biological_unit_components.ecosystem,"Chapter Five: Development of Conservation Goals, Strategies, and Actions",0.7702,FALSE,TRUE,"The major climate change threats across marine resources were increased temperature, ocean acidification, and changes to habitat structure and species distribution."
VI_SWAP_2015,.context.biological_unit_components.community,Chapter Four: Climate Change,1,TRUE,TRUE,"It is well documented that hurricanes and severe storms occurring in tropical locations can change the community compositions of species. On Puerto Rico, studies have shown that there are shifts in an"
VI_SWAP_2015,.context.biological_unit_components.genotype_phenotype,NA,NA,NA,FALSE,
VI_SWAP_2015,.context.biological_unit_components.genotype_phenotype,NA,NA,NA,FALSE,
VI_SWAP_2015,.context.biological_unit_components.genotype_phenotype,NA,NA,NA,FALSE,
VI_SWAP_2015,.context.partnerships_and_funding,Partnerships with Management Agencies (Required Element 7),0.5356,FALSE,TRUE,"Partnerships: The VI-WAP was developed through a collaborative approach with federal, regional, and local entities to establish joint ownership of the goals... No single entity can accomplish the cons"
VI_SWAP_2015,.context.partnerships_and_funding,Chapter Four: Inaction,1,TRUE,TRUE,"Lack of funding is pervasive in all aspects of resource management in the VI. Positions go unfilled or are eliminated due to lack of funds, and many people end up doing the work of several people and "
VI_SWAP_2015,.context.climate_threat_habitat_degradation,Chapter Four: Climate Change,0.8514,TRUE,TRUE,"Sea level rise will result in the loss of sandy beaches... Low lying areas, such as shorelines and coastal wetlands are expected to be inundated. The huge diversity of wildlife, especially birds, that"
VI_SWAP_2015,.context.climate_threat_species_vital_rates,Chapter Four: Climate Change,1,TRUE,TRUE,A recent study found that the hatch success of leatherback turtles at SPNWR in St. Croix has decreased as a result of decreased precipitation resulting from climate change (Santidriàn et al. 2015).
VI_SWAP_2015,.context.climate_threat_biotic_stressors,Chapter Four: Climate Change,1,TRUE,TRUE,"Increased temperatures will affect the timing of seasonal activities of both animals and plants. Many species rely on temperature cues for mating, spawning, and migration. Changes in the timing of rep"
VI_SWAP_2015,.actions.priority_habitat_identification,Chapter Five: Table 5.2,1,TRUE,TRUE,"1.2.1 Identify migration corridors - Conduct mapping and modeling (essential habitat, habitat change, retreat models, vulnerability assessments)
1.2.2 Secure and/or recover habitat - Conduct habitat r"
VI_SWAP_2015,.actions.priority_habitat_identification,Chapter Five: Table 5.2,1,TRUE,TRUE,"1.1.1 Identify and prioritize areas for protecting - Conduct inventory, mapping, and decision making; prioritize survey effort for data deficient and vulnerable species
1.1.2 Secure areas for inclusio"
VI_SWAP_2015,.actions.targeted_range_shift_actions,Chapter Five: Table 5.2,1,TRUE,TRUE,"1.2 Conserve, restore, and establish new ecological connections among conservation areas to facilitate species migrations, range shifts, and other transitions."
VI_SWAP_2015,.actions.targeted_range_shift_actions,Chapter Four: How to Respond to These Threats,1,TRUE,TRUE,"Commonly applied adaptation mechanisms include establishing migration corridors, which in the USVI can be achieved by protecting forested corridors and riparian gut systems that connect habitat patche"
VI_SWAP_2015,.actions.time_bound_and_monitoring,Monitoring Species and Effectiveness of Conservation Actions (Required Element 5),1,TRUE,TRUE,"A full review and update of the VI-WAP, including species status and effectiveness of conservation actions, will be conducted by DFW by 2025 to ensure priority actions and decision making are being co"
VI_SWAP_2015,.actions.evidence_of_efficacy,Chapter Seven: Endangered Species Management and Recovery,1,TRUE,TRUE,"Efforts to expand the population from Green and Protestant cays resulted in the establishment of a translocated population on Ruth Island in the 1970s. Using lessons learned from that project, the NPS"
VI_SWAP_2015,.actions.evidence_of_efficacy,Conservation Actions (Required Element 4),1,TRUE,TRUE,Included in this assessment was an evaluation of the effectiveness of the conservation actions identified in the 2005 CWCS.
VI_SWAP_2015,.actions.adaptation_planning_frameworks,Chapter Five: Conservation Goals for VI Resources,1,TRUE,TRUE,"We also used a Structured Decision Making approach, as developed by USFWS (USFWS 2008), to evaluate stakeholder values and develop objective hierarchies. We drew upon resources contained within in the"
VI_SWAP_2015,.actions.adaptation_planning_frameworks,"Chapter Five: Development of Conservation Goals, Strategies, and Actions",1,TRUE,TRUE,"We adapted the goals and strategies from the National Fish, Wildlife and Plants Climate Adaptation Strategy (wildlifeadaptationstrategy.gov) as a framework and translated the goals and strategies to m"
VT_SWAP_2015,.concepts.climate_vulnerability,"Ch. 3: Climate Change & Conservation, Impacts of Climate Change on Vermont's Ecology",1,TRUE,TRUE,"vulnerability is defined as ""the susceptibility of a species, system or resource to be negatively affected by climate change"" and interactions with other non-climate stressors such as habitat degradat"
VT_SWAP_2015,.concepts.climate_vulnerability,"Ch. 3: Climate Change & Conservation, Habitats and Species",1,TRUE,TRUE,"Those species that have a greater capacity to adapt to new conditions, or have greater climatic tolerances, will have a competitive advantage and may expand their ranges while those with narrower clim"
VT_SWAP_2015,.concepts.climate_vulnerability,Ch. 3: Climate Change & Conservation,1,TRUE,TRUE,"Vulnerability scores were designated for each species, habitat and system. Ratings account for the extent of vulnerability (extremely vulnerable, highly vulnerable etc.) based upon percentage changes "
VT_SWAP_2015,.concepts.adaptive_capacity_specificity,"Ch. 3: Climate Change & Conservation, Habitats and Species",0.2957,FALSE,TRUE,"There is evidence suggest that there are significant differences in response capacity between ""short-lived species with high dispersal capacity (such as birds) and long-lived species with limited disp"
VT_SWAP_2015,.concepts.adaptive_capacity_specificity,"Ch. 3: Climate Change & Conservation, Forests",1,TRUE,TRUE,"models of predicted climates, suggest that past migration rates are too slow to keep up with current and future changes climatic conditions"
VT_SWAP_2015,.concepts.adaptive_capacity_components.demography,"Ch. 3: Climate Change & Conservation, Habitats and Species",1,TRUE,TRUE,"climate-driven impacts from extreme weather events, direct thermal stress, changes in habitat availability, and increases in parasites and diseases will affect native wildlife ""at all levels of organi"
VT_SWAP_2015,.concepts.adaptive_capacity_components.distribution,"Ch. 3: Climate Change & Conservation, Habitats and Species",1,TRUE,TRUE,"Those species that have a greater capacity to adapt to new conditions, or have greater climatic tolerances, will have a competitive advantage and may expand their ranges while those with narrower clim"
VT_SWAP_2015,.concepts.adaptive_capacity_components.movement,"Ch. 3: Climate Change & Conservation, Habitats and Species",0.2957,FALSE,TRUE,"There is evidence suggest that there are significant differences in response capacity between ""short-lived species with high dispersal capacity (such as birds) and long-lived species with limited disp"
VT_SWAP_2015,.concepts.adaptive_capacity_components.evolutionary_potential,NA,NA,NA,FALSE,
VT_SWAP_2015,.concepts.adaptive_capacity_components.evolutionary_potential,NA,NA,NA,FALSE,
VT_SWAP_2015,.concepts.adaptive_capacity_components.evolutionary_potential,NA,NA,NA,FALSE,
VT_SWAP_2015,.concepts.adaptive_capacity_components.ecological_dependencies,"Ch. 3: Climate Change & Conservation, Habitats and Species",0.8305,FALSE,TRUE,"The Little Brown Bat relies largely on insects with aquatic larval stages as a food resource. Changing precipitation patterns, alterations to stream flow and reduced soil moisture can significantly af"
VT_SWAP_2015,.concepts.adaptive_capacity_components.abiotic_niche,Ch. 3 (Table 3.4 context),0.2961,FALSE,TRUE,"Species' physiological limits are tested as shifting temperatures, altered hydrology, and changing seasonal cues affect survival, reproduction, and migration."
VT_SWAP_2015,.concepts.adaptive_capacity_components.life_history,"Ch. 3: Climate Change & Conservation, Habitats and Species",0.2957,FALSE,TRUE,"There is evidence suggest that there are significant differences in response capacity between ""short-lived species with high dispersal capacity (such as birds) and long-lived species with limited disp"
VT_SWAP_2015,.concepts.connectivity,Ch. 6: Landscape Characteristics (High Priority threats table),0.25,FALSE,TRUE,Climate corridors are explicitly designed to connect habitats along a climate gradient allowing altitudinal and latitudinal range shifts.
VT_SWAP_2015,.concepts.connectivity,"Ch. 6: Landscape Characteristics, Connectivity Blocks",1,TRUE,TRUE,"climate change adaptation is enhanced if the long distance movements of plants and animals is supported by a combination of short movements within large, topographically diverse forest blocks and shor"
VT_SWAP_2015,.concepts.connectivity,"Ch. 6: Landscape Characteristics, Surface Waters and Riparian Areas",0.8636,TRUE,TRUE,Riparian Areas also provide a critical element of landscape connectivity for plant and animal movement in response to climate change
VT_SWAP_2015,.tools.vulnerability_models,Ch. 3: Regional Efforts to Conserve Wildlife in the Era of Climate Change,1,TRUE,TRUE,"In Building on this assessment the Fish & Wildlife Department and National Wildlife Federation developed the Species & Habitat Climate Vulnerability Assessment for 18 key species, 20 upland habitats, "
VT_SWAP_2015,.tools.vulnerability_models,Ch. 3: Regional Efforts to Conserve Wildlife in the Era of Climate Change,1,TRUE,TRUE,"In September 2012, the National Wildlife Federation (NWF) in partnership with Manomet Center for Conservation Sciences (MCCS) completed the Northeast's first regional vulnerability assessment (RVA)"
VT_SWAP_2015,.tools.niche_models,"Ch. 3: Climate Change & Conservation, Forests",1,TRUE,TRUE,"Models predicting the ways in which forests will respond to long-term climate trends show that species such as sugar maple and balsam fir are likely to lose suitable habitat in Vermont, while several "
VT_SWAP_2015,.tools.niche_models,"Ch. 3: Climate Change & Conservation, Habitats and Species",1,TRUE,TRUE,"Projections suggest that warming temperatures will expand the extent of suitable habitat for tree species such as oak, hickory, and red maple, while significantly decreasing the extent of suitable hab"
VT_SWAP_2015,.tools.climate_models,Ch. 3: Climate Change & Conservation,1,TRUE,TRUE,"annual temperature (code=A) had an increasing trend with projections suggesting a 3.7 to 5.8°F increase by 2050, and a 5.0 to 9.5°F increase by 2100."
VT_SWAP_2015,.tools.climate_models,Ch. 3 (FIGURE caption - Massachusetts assessment),1,TRUE,TRUE,"The assessment was conducted under two emission scenarios, a doubling and a tripling of atmospheric CO2."
VT_SWAP_2015,.tools.connectivity_models,Ch. 6: Implementing the 2005 Wildlife Action Plan,1,TRUE,TRUE,"Contiguous forest/habitat blocks and associated linkages were identified and prioritized as part of the 'habitat block project' conducted from 2007 to 2014. Using GIS analysis of existing data, this p"
VT_SWAP_2015,.tools.connectivity_models,Ch. 6: Landscape Characteristics,0.3975,FALSE,TRUE,"A regional habitat connectivity plan provides spatial layers depicting structural connectivity, network importance, landscape permeability, and climate connectivity."
VT_SWAP_2015,.context.management_scale.local,Ch. 6: Implementing the 2005 Wildlife Action Plan,1,TRUE,TRUE,"VFWD provided technical assistance to every Vermont Regional Planning Commission and nearly every town on a variety of wildlife and land planning related issues, including SGCN conservation, habitat b"
VT_SWAP_2015,.context.management_scale.site,Ch. 6: Implementing the 2005 Wildlife Action Plan,0.538,FALSE,TRUE,Contiguous forest/habitat blocks and associated linkages were identified and prioritized...The project results are now used extensively in VFWD technical assistance to towns.
VT_SWAP_2015,.context.management_scale.watershed,Ch. 6: Implementing the 2005 Wildlife Action Plan,1,TRUE,TRUE,VFWD has also worked closely with the North Atlantic Landscape Conservation Cooperative on a pilot conservation design for the Connecticut River watershed.
VT_SWAP_2015,.context.management_scale.city,NA,NA,NA,FALSE,
VT_SWAP_2015,.context.management_scale.city,NA,NA,NA,FALSE,
VT_SWAP_2015,.context.management_scale.city,NA,NA,NA,FALSE,
VT_SWAP_2015,.context.management_scale.county,NA,NA,NA,FALSE,
VT_SWAP_2015,.context.management_scale.county,NA,NA,NA,FALSE,
VT_SWAP_2015,.context.management_scale.county,NA,NA,NA,FALSE,
VT_SWAP_2015,.context.management_scale.within_state_region,Ch. 2: Biophysical Regions of Vermont,1,TRUE,TRUE,The five factors described previously combine to create nine distinct biophysical regions. It is important to consider Vermont's biophysical regions when assessing and planning for the conservation of
VT_SWAP_2015,.context.management_scale.state,Ch. 6: Implementing the 2005 Wildlife Action Plan,0.3723,FALSE,TRUE,Vermont Conservation Design...identifies coarse-filter conservation targets for landscape scale features...that are necessary to effectively conserve many finer scale conservation elements in the face
VT_SWAP_2015,.context.management_scale.multistate,Ch. 3: Regional Efforts to Conserve Wildlife in the Era of Climate Change,1,TRUE,TRUE,"The Staying Connected Initiative (SCI) was developed among a partnership of twenty-four private and public entities across New York, Vermont, New Hampshire, Maine, and Canada. The mission of this coll"
VT_SWAP_2015,.context.management_scale.national,NA,NA,NA,FALSE,
VT_SWAP_2015,.context.management_scale.national,NA,NA,NA,FALSE,
VT_SWAP_2015,.context.management_scale.national,NA,NA,NA,FALSE,
VT_SWAP_2015,.context.management_scale.transnational,Ch. 6: Landscape Condition,1,TRUE,TRUE,"Several wide-ranging wildlife species will not persist or reestablish without linkages to other states and Canada. Therefore, regional connectivity (i.e., linkages to New York, New Hampshire, and Cana"
VT_SWAP_2015,.context.management_scale.ecosystem,NA,NA,NA,FALSE,
VT_SWAP_2015,.context.management_scale.ecosystem,NA,NA,NA,FALSE,
VT_SWAP_2015,.context.management_scale.ecosystem,NA,NA,NA,FALSE,
VT_SWAP_2015,.context.management_scale.ecoregion,NA,NA,NA,FALSE,
VT_SWAP_2015,.context.management_scale.ecoregion,NA,NA,NA,FALSE,
VT_SWAP_2015,.context.management_scale.ecoregion,NA,NA,NA,FALSE,
VT_SWAP_2015,.context.management_scale.province,NA,NA,NA,FALSE,
VT_SWAP_2015,.context.management_scale.province,NA,NA,NA,FALSE,
VT_SWAP_2015,.context.management_scale.province,NA,NA,NA,FALSE,
VT_SWAP_2015,.context.management_scale.section,NA,NA,NA,FALSE,
VT_SWAP_2015,.context.management_scale.section,NA,NA,NA,FALSE,
VT_SWAP_2015,.context.management_scale.section,NA,NA,NA,FALSE,
VT_SWAP_2015,.context.management_scale.subsection,NA,NA,NA,FALSE,
VT_SWAP_2015,.context.management_scale.subsection,NA,NA,NA,FALSE,
VT_SWAP_2015,.context.management_scale.subsection,NA,NA,NA,FALSE,
VT_SWAP_2015,.context.management_scale.lake,Ch. 3: Recent Projects,1,TRUE,TRUE,"In 2011, the VTDEC Lakes and Ponds Management and Protection Section identified 13 reference lakes across a gradient of lake sizes for a Sentinel Lakes Program Monitoring program to track the effects "
VT_SWAP_2015,.context.management_scale.river,Priority Actions to Address Climate Change Impacts to Species and Habitats,0.9714,TRUE,TRUE,"Increase riverine, floodplain, and riparian connectivity based on Aquatic Organism Passage program and River Corridor Planning recommendations."
VT_SWAP_2015,.context.management_scale.district,NA,NA,NA,FALSE,
VT_SWAP_2015,.context.management_scale.district,NA,NA,NA,FALSE,
VT_SWAP_2015,.context.management_scale.district,NA,NA,NA,FALSE,
VT_SWAP_2015,.context.biological_unit_score,"Ch. 3: Climate Change & Conservation, Forests",1,TRUE,TRUE,several dominant tree species may undergo significant range shifts as forest communities adjust to new conditions over time
VT_SWAP_2015,.context.biological_unit_score,"Ch. 3: Climate Change & Conservation, Habitats and Species",1,TRUE,TRUE,Changes in habitat suitability for many species can prompt a reshuffling and unraveling of currently recognized species assemblages and natural communities.
VT_SWAP_2015,.context.biological_unit_components.species,Ch. 3: Climate Change & Conservation,1,TRUE,TRUE,"Of the 18-species assessed, eight were identified as highly vulnerable to climate-driven impacts. Of those, five are SGCN: Jefferson Salamander, Canada Lynx, Brook Trout, Eastern Pearlshell Mussel and"
VT_SWAP_2015,.context.biological_unit_components.population,"Ch. 3: Climate Change & Conservation, Habitats and Species",1,TRUE,TRUE,Bicknell's thrush is limited to high-elevation spruce-fir forests and is a good example of a species particularly vulnerable to climate-driven habitat change.
VT_SWAP_2015,.context.biological_unit_components.habitat,Ch. 3: Climate Change & Conservation,0.47,FALSE,TRUE,"Climate change vulnerability assessments were similarly conducted for Vermont's upland and wetland natural communities...Of the upland habitats, Subalpine Krummholz, Alpine Meadow, Cold-Air Talus Wood"
VT_SWAP_2015,.context.biological_unit_components.ecosystem,NA,NA,NA,FALSE,
VT_SWAP_2015,.context.biological_unit_components.ecosystem,NA,NA,NA,FALSE,
VT_SWAP_2015,.context.biological_unit_components.ecosystem,NA,NA,NA,FALSE,
VT_SWAP_2015,.context.biological_unit_components.community,"Ch. 3: Climate Change & Conservation, Habitats and Species",1,TRUE,TRUE,Changes in habitat suitability for many species can prompt a reshuffling and unraveling of currently recognized species assemblages and natural communities.
VT_SWAP_2015,.context.biological_unit_components.genotype_phenotype,NA,NA,NA,FALSE,
VT_SWAP_2015,.context.biological_unit_components.genotype_phenotype,NA,NA,NA,FALSE,
VT_SWAP_2015,.context.biological_unit_components.genotype_phenotype,NA,NA,NA,FALSE,
VT_SWAP_2015,.context.partnerships_and_funding,Ch. 3: Regional Efforts / Ch. 5 Mammals,0.6332,FALSE,TRUE,"The Staying Connected Initiative (SCI) was developed among a partnership of twenty-four private and public entities across New York, Vermont, New Hampshire, Maine, and Canada...Since 2009, Staying Con"
VT_SWAP_2015,.context.partnerships_and_funding,Ch. 3: Regional Efforts to Conserve Wildlife in the Era of Climate Change,0.391,FALSE,TRUE,"Northeast Association of Fish and Wildlife Agencies (NEAFWA)...Since 2007, the NEAFWA sponsored Regional Conservation Needs Grant Program has funded a large number of projects focused on identifying b"
VT_SWAP_2015,.context.partnerships_and_funding,Ch. 3: Recent Projects,1,TRUE,TRUE,"VFPR is working with private landowners to conserve and manage one of five priority habitat linkages identified by Two Countries, One Forest as critical to maintaining the integrity of the entire Nort"
VT_SWAP_2015,.context.climate_threat_habitat_degradation,Ch. 3: Vermont's Changing Seasons,1,TRUE,TRUE,"an increased number of high-intensity rain events in conjunction with warmer temperatures will result in more flooding along Vermont's rivers and shorelines. At the same time, rising temperatures over"
VT_SWAP_2015,.context.climate_threat_species_vital_rates,"Ch. 3: Climate Change & Conservation, Habitats and Species",1,TRUE,TRUE,"A reduced hydroperiod can increase competition, decrease size at metamorphosis, and kill larvae as ponds dry out"
VT_SWAP_2015,.context.climate_threat_biotic_stressors,"Ch. 3: Climate Change & Conservation, Habitats and Species",1,TRUE,TRUE,"Invasive species, which generally exhibit a competitive edge under warmer conditions, could further spread."
VT_SWAP_2015,.actions.priority_habitat_identification,Ch. 6: Implementing the 2005 Wildlife Action Plan,0.3806,FALSE,TRUE,"Vermont Conservation Design: Maintaining and Enhancing an Ecologically Functional Landscape...identifies coarse-filter conservation targets for landscape scale features including forest blocks, ripari"
VT_SWAP_2015,.actions.priority_habitat_identification,Ch. 3: Table 3.4 Recent Projects context,1,TRUE,TRUE,"The Habitat Block project, another spatial analysis tool, prioritized 4,055 habitat blocks and identifies likely wildlife road crossing locations for all of Vermont's roads. Maintaining a connected ne"
VT_SWAP_2015,.actions.priority_habitat_identification,"Priority Actions to Address Climate Change Impacts to Species and Habitats, item 13",0.9669,TRUE,TRUE,"stream cold-water refugia and cold groundwater inputs to streams, Sentinel Lakes, early detection of invasive species, pests and pathogens; identification of genetically adapted species."
VT_SWAP_2015,.actions.targeted_range_shift_actions,Priority Conservation Strategies table (Climate chapter),1,TRUE,TRUE,"3. To address the uncertainty of assisted migration as a climate change strategy, the ANR Lands Team is reviewing options, impacts and management guidelines for state lands."
VT_SWAP_2015,.actions.targeted_range_shift_actions,"Ch. 5: Plants, Conservation Strategies",1,TRUE,TRUE,Plan for species restoration through assisted migration and provide guidance and advice to independent efforts to restore or introduce new populations of SGCN.
VT_SWAP_2015,.actions.time_bound_and_monitoring,Ch. 7: Monitoring & Adaptive Management,0.3203,FALSE,TRUE,Vermont will update its Action Plan on a 10-year cycle...All this information will be used to formally review and revise the Action Plan on a 10-year cycle
VT_SWAP_2015,.actions.time_bound_and_monitoring,Ch. 7: Project and Program Monitoring,0.5993,FALSE,TRUE,Implementation Monitoring: Assessing the degree to which a conservation strategy was implemented...Effectiveness Monitoring: Measuring the impact or effect of a conservation strategy...Validation Moni
VT_SWAP_2015,.actions.time_bound_and_monitoring,Ch. 7: Action Plan Review,1,TRUE,TRUE,Twice yearly expenditure tracking for individual projects by SWG project managers. Annual financial reporting of all in-kind match for individual projects by SWG project managers. Full project reports
VT_SWAP_2015,.actions.evidence_of_efficacy,Ch. 3: Recent Projects (riparian buffer policy),1,TRUE,TRUE,"Good management of riparian areas is often referred to as a ""No Regrets"" climate strategy because it makes such good sense to maintain vegetated habitats along our rivers and streams for a variety of "
VT_SWAP_2015,.actions.adaptation_planning_frameworks,Ch. 7: Monitoring & Adaptive Management,0.2846,FALSE,TRUE,"Adaptive management is a formalized method for learning from experience where design, management, and monitoring are integrated to test assumptions in order to adapt, learn and improve. Instead of rel"
VT_SWAP_2015,.actions.adaptation_planning_frameworks,Ch. 3 (FIGURE caption - Vermont Efforts),1,TRUE,TRUE,Vermont Agency of Natural Resources developed the Climate Change Adaptation Framework to gather information about climate change in Vermont as it relates to natural resources and to propose a strategi
VT_SWAP_2015,.actions.adaptation_planning_frameworks,Ch. 3: Conserving Wildlife in the Face of Climate Change,1,TRUE,TRUE,which species and habitats are likely to be more vulnerable; (b) which may benefit or be unaffected by climate change; (c) how will non-climate stressors contribute to vulnerability; (d) how might spe
WA_SWAP_2025,.concepts.climate_vulnerability,SGCN section (Vulnerability and natural movement discussion),1,TRUE,TRUE,"WDFW incorporated vulnerability assessments into Chapter 5 of the 2015 SWAP considering sensitivity, exposure, and adaptive capacity across most SGCN and related habitats."
WA_SWAP_2025,.concepts.climate_vulnerability,Conservation Issues and Actions (Statewide overview table note),1,TRUE,TRUE,Understanding why species and ecosystems are vulnerable or potentially less resilient is a critical first step in developing effective conservation strategies. The 2015 SWAP included a statewide asses
WA_SWAP_2025,.concepts.climate_vulnerability,SGCN section (Vulnerability and natural movement discussion),1,TRUE,TRUE,"These assessments highlighted species at greatest risk due to factors such as physiological limitations, habitat specialization, and low dispersal ability."
WA_SWAP_2025,.concepts.adaptive_capacity_specificity,SGCN section (Vulnerability and natural movement discussion),0.3245,FALSE,TRUE,Species with low adaptive capacity such as those with specialized habitat needs or limited dispersal ability face higher vulnerability to these changes.
WA_SWAP_2025,.concepts.adaptive_capacity_specificity,SGCN section (Vulnerability and natural movement discussion),1,TRUE,TRUE,"These assessments highlighted species at greatest risk due to factors such as physiological limitations, habitat specialization, and low dispersal ability."
WA_SWAP_2025,.concepts.adaptive_capacity_components.demography,HGCN: Refugia (Supporting Resilience),1,TRUE,TRUE,"These stressors can lead to reduced reproductive success, local extirpations, and ecosystem restructuring, particularly for taxa with limited dispersal capacity such as amphibians or narrow in environ"
WA_SWAP_2025,.concepts.adaptive_capacity_components.distribution,SGCN section (Vulnerability and natural movement discussion),1,TRUE,TRUE,Some species that are native in adjacent states but not thought to be native and regularly occurring in Washington could be considered for future SGCN if their regular presence in Washington would be 
WA_SWAP_2025,.concepts.adaptive_capacity_components.movement,SGCN section (Vulnerability and natural movement discussion),1,TRUE,TRUE,"These assessments highlighted species at greatest risk due to factors such as physiological limitations, habitat specialization, and low dispersal ability."
WA_SWAP_2025,.concepts.adaptive_capacity_components.movement,HGCN: Cores and Corridors (Supporting Connectivity),1,TRUE,TRUE,Climate corridors are distinct from traditional wildlife corridors because they are explicitly designed to connect habitats along a climate gradient allowing altitudinal and latitudinal range shifts.
WA_SWAP_2025,.concepts.adaptive_capacity_components.evolutionary_potential,SGCN section (Uncommon/Peripheral discussion),0.8955,TRUE,TRUE,"It is important to document uncommon and peripheral occurrences to better understand long-term shifts and any future influences on patterns of species collapse, range contraction or shifts, historical"
WA_SWAP_2025,.concepts.adaptive_capacity_components.ecological_dependencies,Statewide and Transboundary Conservation Needs: Habitat Connectivity (migratory bird section),1,TRUE,TRUE,phenological mismatches that affect the timing and availability of food resources
WA_SWAP_2025,.concepts.adaptive_capacity_components.abiotic_niche,HGCN: Refugia (Supporting Resilience),0.2895,FALSE,TRUE,"Species' physiological limits are tested as shifting temperatures, altered hydrology, and changing seasonal cues affect survival, reproduction, and migration."
WA_SWAP_2025,.concepts.adaptive_capacity_components.life_history,SGCN section (Vulnerability and natural movement discussion),1,TRUE,TRUE,"These assessments highlighted species at greatest risk due to factors such as physiological limitations, habitat specialization, and low dispersal ability."
WA_SWAP_2025,.concepts.connectivity,HGCN: Cores and Corridors (Supporting Connectivity),1,TRUE,TRUE,Climate corridors are distinct from traditional wildlife corridors because they are explicitly designed to connect habitats along a climate gradient allowing altitudinal and latitudinal range shifts.
WA_SWAP_2025,.concepts.connectivity,HGCN: Cores and Corridors (Supporting Connectivity),1,TRUE,TRUE,Riparian corridors can also allow species to move up in elevation in response to warming temperatures.
WA_SWAP_2025,.concepts.connectivity,Cores and Corridors section (WAHCAP connectivity description),1,TRUE,TRUE,The Cascades constitute a critical pathway for climate connectivity at a continental scale.
WA_SWAP_2025,.tools.vulnerability_models,SGCN section (Vulnerability and natural movement discussion),1,TRUE,TRUE,"WDFW incorporated vulnerability assessments into Chapter 5 of the 2015 SWAP considering sensitivity, exposure, and adaptive capacity across most SGCN and related habitats."
WA_SWAP_2025,.tools.vulnerability_models,SWAP Planning Recommendations,1,TRUE,TRUE,Pilot NatureServe's CCVI for a key set of SGCN and for larger ecosystem HGCN. The guiding work has concentrated on western states. WNHP has used CCVI to assess nearly 50% of the rare plants they track
WA_SWAP_2025,.tools.niche_models,SWAP Planning Recommendations,1,TRUE,TRUE,"Species distribution models. Develop and document non-salmonid species distribution model methods that can include/be related to WDFW and WA DNR institutional data sets, HUC10 watersheds, NVC Groups, "
WA_SWAP_2025,.tools.climate_models,NA,NA,NA,FALSE,
WA_SWAP_2025,.tools.climate_models,NA,NA,NA,FALSE,
WA_SWAP_2025,.tools.climate_models,NA,NA,NA,FALSE,
WA_SWAP_2025,.tools.connectivity_models,Cores and Corridors (WAHCAP description),1,TRUE,TRUE,"The WAHCAP spatial data on ArcGIS Online provides a set of spatial layers depicting different types of connectivity functions including structural ecosystem connectivity, network importance, landscape"
WA_SWAP_2025,.tools.connectivity_models,Connectivity among habitats and systems (Compass Points),1,TRUE,TRUE,"WDFW and WSDOT coordinated a significant review of habitat connectivity data, convened experts in ecology and connectivity, and sought input from Tribes and land use planners to develop and publish th"
WA_SWAP_2025,.context.management_scale.local,HGCN Framework section,1,TRUE,TRUE,"HGCN occur at many scales -big to small, regional to sites. In conservation project planning, one scale may be the focus (such as restoring habitat for a species-specific site)"
WA_SWAP_2025,.context.management_scale.site,Start 'upstream' to identify and address issues (Compass Points),1,TRUE,TRUE,A site-based solution would be to only reintroduce frogs where they used to occur. An 'upstream' solution applies the site-based solution and asks questions about why they are in trouble in that site.
WA_SWAP_2025,.context.management_scale.watershed,Summary: SWAP Changes 2015-2025,1,TRUE,TRUE,"SGCN distribution is provided by HUC10 watersheds, rather than HUC 10 and HUC12 watersheds used in 2015."
WA_SWAP_2025,.context.management_scale.city,NA,NA,NA,FALSE,
WA_SWAP_2025,.context.management_scale.city,NA,NA,NA,FALSE,
WA_SWAP_2025,.context.management_scale.city,NA,NA,NA,FALSE,
WA_SWAP_2025,.context.management_scale.county,Summary: SWAP Changes 2015-2025,1,TRUE,TRUE,Vulnerable species concentration distribution for WDFW PHS targets are provided at the county level using PHS lists and online tools.
WA_SWAP_2025,.context.management_scale.within_state_region,Summary: SWAP Changes 2015-2025,1,TRUE,TRUE,SWAP 2025 content for SGCN and HGCN is sorted by the nine ecoregions of Washington state.
WA_SWAP_2025,.context.management_scale.state,Increase the pace and scale of biodiversity conservation (Compass Points),1,TRUE,TRUE,This SWAP presents biodiversity conservation strategies at statewide and ecoregional scales to expand single-species or single-resource protection programs to conservation support at many scales
WA_SWAP_2025,.context.management_scale.multistate,Shrubsteppe (Strategic HGCN section),1,TRUE,TRUE,Shrubsteppe extends throughout many western states and into south-central British Columbia.
WA_SWAP_2025,.context.management_scale.national,Purpose section,1,TRUE,TRUE,"Nationally, a broad coalition supports increased and sustained conservation funding for diverse fish and wildlife and their habitats, using SWAPs as good blueprints to deliver conservation."
WA_SWAP_2025,.context.management_scale.transnational,Value inter-governmental conservation opportunities at all scales,1,TRUE,TRUE,"Washington stewards important habitats for migratory species -birds, whales, fish -that travel to and from central and south America, along western states' coasts, Canada, and Alaska."
WA_SWAP_2025,.context.management_scale.ecosystem,Connectivity among habitats and systems (Compass Points),0.8841,TRUE,TRUE,"This is operating at species, ecoregion, state and transboundary scales."
WA_SWAP_2025,.context.management_scale.ecoregion,Summary: SWAP Changes 2015-2025,1,TRUE,TRUE,SWAP 2025 content for SGCN and HGCN is sorted by the nine ecoregions of Washington state
WA_SWAP_2025,.context.management_scale.province,NA,NA,NA,FALSE,
WA_SWAP_2025,.context.management_scale.province,NA,NA,NA,FALSE,
WA_SWAP_2025,.context.management_scale.province,NA,NA,NA,FALSE,
WA_SWAP_2025,.context.management_scale.section,NA,NA,NA,FALSE,
WA_SWAP_2025,.context.management_scale.section,NA,NA,NA,FALSE,
WA_SWAP_2025,.context.management_scale.section,NA,NA,NA,FALSE,
WA_SWAP_2025,.context.management_scale.subsection,NA,NA,NA,FALSE,
WA_SWAP_2025,.context.management_scale.subsection,NA,NA,NA,FALSE,
WA_SWAP_2025,.context.management_scale.subsection,NA,NA,NA,FALSE,
WA_SWAP_2025,.context.management_scale.lake,NA,NA,NA,FALSE,
WA_SWAP_2025,.context.management_scale.lake,NA,NA,NA,FALSE,
WA_SWAP_2025,.context.management_scale.lake,NA,NA,NA,FALSE,
WA_SWAP_2025,.context.management_scale.river,Value inter-governmental conservation opportunities at all scales,0.9207,TRUE,TRUE,"Fed by watersheds originating in Nevada, Wyoming, Idaho, Montana, Oregon, Washington, British Columbia and Alberta (Canada), the Columbia River is of state, Tribal, national, and international commerc"
WA_SWAP_2025,.context.management_scale.district,NA,NA,NA,FALSE,
WA_SWAP_2025,.context.management_scale.district,NA,NA,NA,FALSE,
WA_SWAP_2025,.context.management_scale.district,NA,NA,NA,FALSE,
WA_SWAP_2025,.context.biological_unit_score,SGCN section (Vulnerability and natural movement discussion),1,TRUE,TRUE,"WDFW incorporated vulnerability assessments into Chapter 5 of the 2015 SWAP considering sensitivity, exposure, and adaptive capacity across most SGCN and related habitats."
WA_SWAP_2025,.context.biological_unit_score,HGCN: Cores and Corridors (Supporting Connectivity),1,TRUE,TRUE,Climate corridors are distinct from traditional wildlife corridors because they are explicitly designed to connect habitats along a climate gradient allowing altitudinal and latitudinal range shifts.
WA_SWAP_2025,.context.biological_unit_components.species,SGCN section (Vulnerability and natural movement discussion),1,TRUE,TRUE,Some species that are native in adjacent states but not thought to be native and regularly occurring in Washington could be considered for future SGCN if their regular presence in Washington would be 
WA_SWAP_2025,.context.biological_unit_components.population,SGCN section (Vulnerability and natural movement discussion),1,TRUE,TRUE,"These assessments highlighted species at greatest risk due to factors such as physiological limitations, habitat specialization, and low dispersal ability."
WA_SWAP_2025,.context.biological_unit_components.habitat,Resilience (Compass Points section),1,TRUE,TRUE,"Air and water temperatures are rising, droughts are occurring more frequently and lasting longer, snowpack is declining with earlier melt, and extreme precipitation events and flooding are becoming mo"
WA_SWAP_2025,.context.biological_unit_components.ecosystem,NVC Groups Description (SGCN Habitats section),1,TRUE,TRUE,"Ecosystems in WA are changing rapidly due to climate driven changes in temperature, hydrology, disturbance, and successional processes. As a result, vegetation structure, and distribution and characte"
WA_SWAP_2025,.context.biological_unit_components.community,HGCN: Refugia (Supporting Resilience),1,TRUE,TRUE,"Anthropogenic climate change is altering ecosystems across spatial and temporal scales. Observed impacts include range shifts, phenological mismatches, altered disturbance regimes, and increased physi"
WA_SWAP_2025,.context.biological_unit_components.genotype_phenotype,HGCN: Refugia (Supporting Resilience),1,TRUE,TRUE,"Their benefits are particularly pronounced in landscapes undergoing rapid change, where refugia may serve as important sources of recolonization, genetic diversity, or phenotypic plasticity."
WA_SWAP_2025,.context.partnerships_and_funding,Purpose section,0.8984,TRUE,TRUE,WDFW requested $47.6 million in biodiversity conservation funding in the 2023-25 operating budget from the state legislature for partial SWAP implementation and other key biodiversity actions. The age
WA_SWAP_2025,.context.partnerships_and_funding,Purpose section,1,TRUE,TRUE,"Unfortunately, a tough state budget cycle in 2025 and a reduced state revenue forecast permanently reduced WDFW's funding for that work."
WA_SWAP_2025,.context.climate_threat_habitat_degradation,Shrubsteppe (Strategic HGCN section),1,TRUE,TRUE,"As the climate changes, eastern Washington is facing even hotter and drier summers than were historically typical, and the state, like others, is experiencing extreme weather events, prolonged drought"
WA_SWAP_2025,.context.climate_threat_habitat_degradation,Resilience (Compass Points section),1,TRUE,TRUE,"Air and water temperatures are rising, droughts are occurring more frequently and lasting longer, snowpack is declining with earlier melt, and extreme precipitation events and flooding are becoming mo"
WA_SWAP_2025,.context.climate_threat_species_vital_rates,Pollinator conservation section,1,TRUE,TRUE,"Rising temperatures and changing hydrological regimes can have lethal and sublethal impacts that affect survival and reproduction, particularly in prolonged or severely heightened periods of heat and/"
WA_SWAP_2025,.context.climate_threat_species_vital_rates,Table 14. Kelp and Kelp Forest Conservation Recommendations,0.6774,FALSE,TRUE,Elevated temperatures can cause physiological stress for kelp and have caused local extinctions of kelp populations globally.
WA_SWAP_2025,.context.climate_threat_biotic_stressors,Shrubsteppe section,1,TRUE,TRUE,"Non-native annual grasses such as bulbous bluegrass, medusahead, and cheatgrass are heavily detrimental to shrubsteppe habitat and shrubsteppe dependent wildlife."
WA_SWAP_2025,.context.climate_threat_biotic_stressors,Statewide and Transboundary Conservation Needs: Habitat Connectivity (migratory bird section),1,TRUE,TRUE,phenological mismatches that affect the timing and availability of food resources
WA_SWAP_2025,.actions.priority_habitat_identification,Cores and Corridors (WAHCAP description),1,TRUE,TRUE,"The WAHCAP spatial data on ArcGIS Online provides a set of spatial layers depicting different types of connectivity functions including structural ecosystem connectivity, network importance, landscape"
WA_SWAP_2025,.actions.priority_habitat_identification,HGCN: Refugia (Supporting Resilience),1,TRUE,TRUE,"Refugia are areas where local biophysical conditions reduce the rate or magnitude of climate exposure relative to the surrounding landscape. These locations allow for the persistence of species, popul"
WA_SWAP_2025,.actions.priority_habitat_identification,Cores and Corridors section / Figure 11 caption,0.4706,FALSE,TRUE,Figure 11. Statewide Landscape Connectivity Value (Michalak et al. 2025)
WA_SWAP_2025,.actions.targeted_range_shift_actions,HGCN: Biodiversity Areas (conservation recommendations),1,TRUE,TRUE,"Protect refugia and movement corridors spanning elevational or landscape gradients, allowing species to move in response to changes."
WA_SWAP_2025,.actions.targeted_range_shift_actions,HGCN: Cores and Corridors (Supporting Connectivity),1,TRUE,TRUE,Climate corridors are distinct from traditional wildlife corridors because they are explicitly designed to connect habitats along a climate gradient allowing altitudinal and latitudinal range shifts.
WA_SWAP_2025,.actions.time_bound_and_monitoring,Implement and Support the WDFW Strategic Plan,1,TRUE,TRUE,The SWAP cannot make a commitment to action in a timeframe -there are not enough resources for full SWAP implementation.
WA_SWAP_2025,.actions.time_bound_and_monitoring,"Monitor, Learn, Adapt, and Communicate (Compass Points)",1,TRUE,TRUE,"A cycle of 'plan, do, check (monitor), and adjust (learn and adapt)' outlines the need and value to purposefully track the progress and results of actions and adjust assumptions and actions based on t"
WA_SWAP_2025,.actions.evidence_of_efficacy,Resilience (Compass Points section),1,TRUE,TRUE,Current adaptation science shows that conservation management actions that restore or protect ecological processes can directly support habitat and species resilience. Actions that improve hydrologic 
WA_SWAP_2025,.actions.evidence_of_efficacy,Old Growth and Mature Forest (Strategic Feature HGCN section),0.9932,TRUE,TRUE,The Nature Conservancy published results indicating that restoration treatments are positively correlated with the development of key (westside conifer-dominated) old-growth forest indicators-larger t
WA_SWAP_2025,.actions.adaptation_planning_frameworks,Resilience (Compass Points section),1,TRUE,TRUE,"Adaptation and resiliency tools and practices -assessing vulnerability how best to respond, how to monitor impacts and responses -are evolving."
WA_SWAP_2025,.actions.adaptation_planning_frameworks,Conservation Issues and Actions section,1,TRUE,TRUE,"Structured decision-making, working group or partnership development or enhancement, effectiveness monitoring, and adaptive management are conservation actions, essential before and after work on the "
WA_SWAP_2025,.actions.adaptation_planning_frameworks,Appendix B (USFWS Administration / RRT kickoff notes),0.313,FALSE,TRUE,integrating climate change and connectivity throughout the plan with a message of improved resilience and multiple scales of action
WI_SWAP_2025_draft,.concepts.climate_vulnerability,Vulnerability Factors (WWAP2025_E1-SGCN_Approach-Results.pdf),1,TRUE,TRUE,"Specific climate change impacts to species or occupied habitats based on a vulnerability assessment using a 'low', 'medium', 'high' scale or equivalent. The S-Rank 'threat' category looks at vulnerabi"
WI_SWAP_2025_draft,.concepts.climate_vulnerability,Summary Element 1 -Species of Greatest Conservation Need (WWAP2025_E0_SummaryRoadMap_NH0951.pdf),1,TRUE,TRUE,"high or moderate vulnerability to climate change, genetically isolated species, cultural significance, regional status, or species with unique habitats in our state"
WI_SWAP_2025_draft,.concepts.climate_vulnerability,Threat/Issue P4-Climate Change (WWAP2025_E3E4_ThreatsActions06_PlantActions.pdf),1,TRUE,TRUE,"Species with low phenotypic plasticity or ability to tolerate fluctuations in annual temperature or precipitation, those with poor dispersal ability, and those with dependence on a limited number of s"
WI_SWAP_2025_draft,.concepts.adaptive_capacity_specificity,Vulnerability Factors (WWAP2025_E1-SGCN_Approach-Results.pdf),0.907,TRUE,TRUE,Low genetic diversity which prevents adaptation to changes in this species environment.
WI_SWAP_2025_draft,.concepts.adaptive_capacity_specificity,Herptile threats section (WWAP2025_E3E4_ThreatsActions04_HerpActions.pdf),1,TRUE,TRUE,Limited mobility of most herptile species make it difficult for them to move to more favorable areas at a pace that keeps up with changes in climate.
WI_SWAP_2025_draft,.concepts.adaptive_capacity_components.demography,Table E3-E4.1 Criteria for Conservation Opportunity Areas (WWAP2025_E3E4_Approach-Threats-Actions.pdf),1,TRUE,TRUE,"Even if populations or species diversity are declining, this assumes at least moderate viability such that conservation actions within the COA can help to sustain the species over time."
WI_SWAP_2025_draft,.concepts.adaptive_capacity_components.distribution,Threat/Issue B6-Climate Change and Extreme Weather (WWAP2025_E3E4_ThreatsActions02_BirdActions.pdf),1,TRUE,TRUE,Many SGCN birds are becoming rarer in the state as their range contracts and shifts northward due to climate change impacts.
WI_SWAP_2025_draft,.concepts.adaptive_capacity_components.movement,Herptile threats section (WWAP2025_E3E4_ThreatsActions04_HerpActions.pdf),1,TRUE,TRUE,Limited mobility of most herptile species make it difficult for them to move to more favorable areas at a pace that keeps up with changes in climate.
WI_SWAP_2025_draft,.concepts.adaptive_capacity_components.evolutionary_potential,Vulnerability Factors (WWAP2025_E1-SGCN_Approach-Results.pdf),0.907,TRUE,TRUE,Low genetic diversity which prevents adaptation to changes in this species environment.
WI_SWAP_2025_draft,.concepts.adaptive_capacity_components.ecological_dependencies,Threat/Issue P4-Climate Change (WWAP2025_E3E4_ThreatsActions06_PlantActions.pdf),0.306,FALSE,TRUE,Specialist pollinators with single host plant species face elevated risk under climate change due to potential phenological decoupling.
WI_SWAP_2025_draft,.concepts.adaptive_capacity_components.abiotic_niche,Herptile threats section (WWAP2025_E3E4_ThreatsActions04_HerpActions.pdf),1,TRUE,TRUE,Mink frog embryos have limited tolerance to warmer water temperatures and consequent lower oxygen diffusion rates.
WI_SWAP_2025_draft,.concepts.adaptive_capacity_components.life_history,Threat/Issue P4-Climate Change (WWAP2025_E3E4_ThreatsActions06_PlantActions.pdf),1,TRUE,TRUE,"Species with low phenotypic plasticity or ability to tolerate fluctuations in annual temperature or precipitation, those with poor dispersal ability, and those with dependence on a limited number of s"
WI_SWAP_2025_draft,.concepts.connectivity,Table E3-E4.1 Criteria for Conservation Opportunity Areas (WWAP2025_E3E4_Approach-Threats-Actions.pdf),1,TRUE,TRUE,Contributes to a network of climate resilient cores and corridors. This criterion emphasizes how resilient the site is to climate change and whether it has features of landscape connectivity important
WI_SWAP_2025_draft,.concepts.connectivity,SEF 13. Medium-sized Rivers and Streams (WWAP2025_E4-01_COA_SigEcologicalFeatures.pdf),1,TRUE,TRUE,"The concentration of natural habitats along these riparian corridors also make medium-sized rivers important for climate migration, and in more agricultural parts of the state form some of the only re"
WI_SWAP_2025_draft,.concepts.connectivity,SEF 10. Large Blocks of Northern Forest (WWAP2025_E4-01_COA_SigEcologicalFeatures.pdf),1,TRUE,TRUE,The broad areas of relatively continuous forested habitat also serve as a regionally important climate migration pathway.
WI_SWAP_2025_draft,.tools.vulnerability_models,Barrens Community Group (WWAP2025_E3E4_ThreatsActions09_BarrensCommunityGroup.pdf),1,TRUE,TRUE,Wisconsin Initiative on Climate Change Impacts -Plants and Natural Communities Working Group: Climate Vulnerability Ratings for Wisconsin's Natural Communities (2020) and Broad Community Group Fact Sh
WI_SWAP_2025_draft,.tools.vulnerability_models,Vulnerability Factors (WWAP2025_E1-SGCN_Approach-Results.pdf),1,TRUE,TRUE,"Specific climate change impacts to species or occupied habitats based on a vulnerability assessment using a 'low', 'medium', 'high' scale or equivalent."
WI_SWAP_2025_draft,.tools.vulnerability_models,E3-E4.4 Results -Threats and Actions (WWAP2025_E3E4_Approach-Threats-Actions.pdf),0.9686,TRUE,TRUE,Aanji-bimaadiziimagak o'ow aki [Climate Change Vulnerability Assessment Version 2 Great Lakes Indian Fish and Wildlife Commission (GLIFWC)]: Report produced by the Climate Change Program of GLIFWC.
WI_SWAP_2025_draft,.tools.niche_models,NA,NA,NA,FALSE,
WI_SWAP_2025_draft,.tools.niche_models,NA,NA,NA,FALSE,
WI_SWAP_2025_draft,.tools.niche_models,NA,NA,NA,FALSE,
WI_SWAP_2025_draft,.tools.climate_models,NA,NA,NA,FALSE,
WI_SWAP_2025_draft,.tools.climate_models,NA,NA,NA,FALSE,
WI_SWAP_2025_draft,.tools.climate_models,NA,NA,NA,FALSE,
WI_SWAP_2025_draft,.tools.connectivity_models,E3-E4 Approach-Threats-Actions (WWAP2025_E3E4_Approach-Threats-Actions.pdf),1,TRUE,TRUE,Input from many partners and comprehensive use of regional datasets and models such as The Nature Conservancy's Resilient and Connected Landscapes project and the Midwest Landscape Initiative's Midwes
WI_SWAP_2025_draft,.context.management_scale.local,Summary Element 4 -Conservation Opportunity Areas (WWAP2025_E0_SummaryRoadMap_NH0951.pdf),1,TRUE,TRUE,COAs are mappable sites relying on readily available georeferenced information and do not identify all the places important or necessary for conservation in our state.
WI_SWAP_2025_draft,.context.management_scale.site,Conservation Actions Classification AQ5 (WWAP2025_E3E4_ThreatsActions08_AquaticCommunityGroup.pdf),1,TRUE,TRUE,"At the site level, employ an eight-part approach to non-native invasive species: 1) careful planning; 2) prevention; 3) early detection and rapid response; 4) control; 5) slowing the spread; 6) reduci"
WI_SWAP_2025_draft,.context.management_scale.watershed,Conservation Actions F6 (WWAP2025_E3E4_ThreatsActions03_FishActions.pdf),0.8978,TRUE,TRUE,"Identify criteria for identifying these areas should incorporate climate change adaptation and other large-scale environmental changes, as well as shifting land use patterns and pressures."
WI_SWAP_2025_draft,.context.management_scale.city,NA,NA,NA,FALSE,
WI_SWAP_2025_draft,.context.management_scale.city,NA,NA,NA,FALSE,
WI_SWAP_2025_draft,.context.management_scale.city,NA,NA,NA,FALSE,
WI_SWAP_2025_draft,.context.management_scale.county,Muralt Bluff COA (WWAP_COA_Report_09-11_MuraltBluffCOA.pdf),1,TRUE,TRUE,County: Green / Ecological Landscape: Southeast Glacial Plains
WI_SWAP_2025_draft,.context.management_scale.within_state_region,"E2.2.3 SGCN, Natural Community and Ecological Landscape Association Scores (WWAP2025_E2-00_Habitat_Approach_Results.pdf)",1,TRUE,TRUE,"Ecological Landscapes are delineated by associated landform groups that share common physical, biological, vegetation, geological, soil, water and climatic conditions."
WI_SWAP_2025_draft,.context.management_scale.state,Wisconsin's Approach to the WWAP (WWAP2025_E0_SummaryRoadMap_NH0951.pdf),1,TRUE,TRUE,"The WWAP is a comprehensive inventory of the nature and status of rare and declining species, referred to as Species of Greatest Conservation Need (SGCN), natural communities and ecological landscapes"
WI_SWAP_2025_draft,.context.management_scale.multistate,Summary of Outcomes (WWAP2025_E0_SummaryRoadMap_NH0951.pdf),1,TRUE,TRUE,"The future of SWAPs lies in our ability to invest in the means to share, organize and access data and information about SGCN, habitats, threats and actions, and to use that investment to facilitate co"
WI_SWAP_2025_draft,.context.management_scale.national,NA,NA,NA,FALSE,
WI_SWAP_2025_draft,.context.management_scale.national,NA,NA,NA,FALSE,
WI_SWAP_2025_draft,.context.management_scale.national,NA,NA,NA,FALSE,
WI_SWAP_2025_draft,.context.management_scale.transnational,NA,NA,NA,FALSE,
WI_SWAP_2025_draft,.context.management_scale.transnational,NA,NA,NA,FALSE,
WI_SWAP_2025_draft,.context.management_scale.transnational,NA,NA,NA,FALSE,
WI_SWAP_2025_draft,.context.management_scale.ecosystem,E2.2.3 Species-Ecological Landscape Associations (WWAP2025_E2-00_Habitat_Approach_Results.pdf),0.3241,FALSE,TRUE,"Ecological Landscapes are used to identify the best areas of the state to manage for different natural communities, key habitats, aquatic features, and native plants and animals using an ecosystem man"
WI_SWAP_2025_draft,.context.management_scale.ecoregion,"E2.2.3 SGCN, Natural Community and Ecological Landscape Association Scores (WWAP2025_E2-00_Habitat_Approach_Results.pdf)",1,TRUE,TRUE,"Ecological Landscapes are delineated by associated landform groups that share common physical, biological, vegetation, geological, soil, water and climatic conditions."
WI_SWAP_2025_draft,.context.management_scale.province,NA,NA,NA,FALSE,
WI_SWAP_2025_draft,.context.management_scale.province,NA,NA,NA,FALSE,
WI_SWAP_2025_draft,.context.management_scale.province,NA,NA,NA,FALSE,
WI_SWAP_2025_draft,.context.management_scale.section,NA,NA,NA,FALSE,
WI_SWAP_2025_draft,.context.management_scale.section,NA,NA,NA,FALSE,
WI_SWAP_2025_draft,.context.management_scale.section,NA,NA,NA,FALSE,
WI_SWAP_2025_draft,.context.management_scale.subsection,NA,NA,NA,FALSE,
WI_SWAP_2025_draft,.context.management_scale.subsection,NA,NA,NA,FALSE,
WI_SWAP_2025_draft,.context.management_scale.subsection,NA,NA,NA,FALSE,
WI_SWAP_2025_draft,.context.management_scale.lake,Aquatic (WWAP2025_E2-00_Habitat_Approach_Results.pdf),1,TRUE,TRUE,Wisconsin's Great Lakes shoreline on Lakes Superior and Michigan is approximately 1000 miles long.
WI_SWAP_2025_draft,.context.management_scale.river,Conservation Actions (WWAP_COA_A-09_Pine-PoppleRiversCOA.pdf),0.4091,FALSE,TRUE,Improve stream connectivity by removing barriers at critical sites.
WI_SWAP_2025_draft,.context.management_scale.district,NA,NA,NA,FALSE,
WI_SWAP_2025_draft,.context.management_scale.district,NA,NA,NA,FALSE,
WI_SWAP_2025_draft,.context.management_scale.district,NA,NA,NA,FALSE,
WI_SWAP_2025_draft,.context.biological_unit_score,Threat/Issue B6-Climate Change and Extreme Weather (WWAP2025_E3E4_ThreatsActions02_BirdActions.pdf),1,TRUE,TRUE,Many SGCN birds are becoming rarer in the state as their range contracts and shifts northward due to climate change impacts.
WI_SWAP_2025_draft,.context.biological_unit_score,CMP Conservation Actions Classification M2 (WWAP2025_E3E4_ThreatsActions01_MammalActions.pdf),1,TRUE,TRUE,"Some northern conifer forest community types are predicted to shift northward out of the state jeopardizing populations of species found in these forest types, at the southern edge of the range in Wis"
WI_SWAP_2025_draft,.context.biological_unit_components.species,Threat/Issue B6-Climate Change and Extreme Weather (WWAP2025_E3E4_ThreatsActions02_BirdActions.pdf),1,TRUE,TRUE,Many SGCN birds are becoming rarer in the state as their range contracts and shifts northward due to climate change impacts.
WI_SWAP_2025_draft,.context.biological_unit_components.population,CMP Conservation Actions Classification M2 (WWAP2025_E3E4_ThreatsActions01_MammalActions.pdf),1,TRUE,TRUE,"Some northern conifer forest community types are predicted to shift northward out of the state jeopardizing populations of species found in these forest types, at the southern edge of the range in Wis"
WI_SWAP_2025_draft,.context.biological_unit_components.habitat,Threat/Issue B6-Climate Change and Extreme Weather (WWAP2025_E3E4_ThreatsActions02_BirdActions.pdf),1,TRUE,TRUE,Wetland habitats with SGCN species face changes/areal losses due to prolonged drought associated with climate change.
WI_SWAP_2025_draft,.context.biological_unit_components.ecosystem,CMP Conservation Actions Classification M2 (WWAP2025_E3E4_ThreatsActions01_MammalActions.pdf),1,TRUE,TRUE,"Some northern conifer forest community types are predicted to shift northward out of the state jeopardizing populations of species found in these forest types, at the southern edge of the range in Wis"
WI_SWAP_2025_draft,.context.biological_unit_components.community,Table E3-E4.1 Criteria for Conservation Opportunity Areas (WWAP2025_E3E4_Approach-Threats-Actions.pdf),1,TRUE,TRUE,"Recognition of these features focuses conservation not only on biological targets (species and natural communities) that may rearrange in response to a changing climate, but also on the physical facto"
WI_SWAP_2025_draft,.context.biological_unit_components.genotype_phenotype,Vulnerability Factors (WWAP2025_E1-SGCN_Approach-Results.pdf),0.907,TRUE,TRUE,Low genetic diversity which prevents adaptation to changes in this species environment.
WI_SWAP_2025_draft,.context.partnerships_and_funding,Contributors (WWAP2025_E0_SummaryRoadMap_NH0951.pdf),1,TRUE,TRUE,"The development of the 2025-2035 Wisconsin Wildlife Action Plan was made possible, by funding from the Wisconsin DNR Bureau of Natural Heritage Conservation."
WI_SWAP_2025_draft,.context.partnerships_and_funding,Contributors (WWAP2025_E0_SummaryRoadMap_NH0951.pdf),1,TRUE,TRUE,Over 300 experts and professionals both within and outside the Wisconsin Department of Natural Resources were invited to contribute their knowledge to the content of the Wisconsin Wildlife Action Plan
WI_SWAP_2025_draft,.context.partnerships_and_funding,External Partners (WWAP2025_E7E8_PartnerPublicInvolvement.pdf),0.8881,TRUE,TRUE,"The entire list of partners called upon to assist the Taxon Teams during development of Elements 1 to 4 was extensive, approximately 230 individuals and 30 organizations, representing a range of WWAP "
WI_SWAP_2025_draft,.context.climate_threat_habitat_degradation,Threat/Issue B6-Climate Change and Extreme Weather (WWAP2025_E3E4_ThreatsActions02_BirdActions.pdf),1,TRUE,TRUE,Wetland habitats with SGCN species face changes/areal losses due to prolonged drought associated with climate change.
WI_SWAP_2025_draft,.context.climate_threat_habitat_degradation,Threat/Issue AQ4 (WWAP2025_E3E4_ThreatsActions08_AquaticCommunityGroup.pdf),1,TRUE,TRUE,"Cool-and cold-water streams are warming due to increasing temperatures and lower base flow, limiting reproduction of species such as trout, walleye and aquatic invertebrates."
WI_SWAP_2025_draft,.context.climate_threat_species_vital_rates,Herptile threats section (WWAP2025_E3E4_ThreatsActions04_HerpActions.pdf),1,TRUE,TRUE,Prolonged flooding events have been found to drown species like eastern massasauga and turtle nests. Cold winters with little snowpack result in mortality of overwintering turtles and frogs.
WI_SWAP_2025_draft,.context.climate_threat_species_vital_rates,Herptile threats section (WWAP2025_E3E4_ThreatsActions04_HerpActions.pdf),1,TRUE,TRUE,Mink frog embryos have limited tolerance to warmer water temperatures and consequent lower oxygen diffusion rates.
WI_SWAP_2025_draft,.context.climate_threat_biotic_stressors,Threat/Issue Ba4-Climate Change (WWAP2025_E3E4_ThreatsActions09_BarrensCommunityGroup.pdf),0.9911,TRUE,TRUE,"Climate change scientists suggest that non-native invasive species may increase in productivity with increasing CO2, warmer temperatures, earlier springs, and reduced snowpack, and may invade new area"
WI_SWAP_2025_draft,.context.climate_threat_biotic_stressors,Herptile threats section (WWAP2025_E3E4_ThreatsActions04_HerpActions.pdf),1,TRUE,TRUE,"Competition among native species (green frogs, bullfrogs v. mink frogs) may occur if green and bullfrogs advance further into mink frog range with average increases in water and air temperature."
WI_SWAP_2025_draft,.actions.priority_habitat_identification,E3-E4.5.1 Updated Definition (WWAP2025_E3E4_Approach-Threats-Actions.pdf),1,TRUE,TRUE,Conservation Opportunity Areas (COAs) are the best places in Wisconsin to implement conservation actions in the Wisconsin Wildlife Action Plan (WWAP) to protect and conserve SGCNs and their habitat. T
WI_SWAP_2025_draft,.actions.priority_habitat_identification,E3-E4.3 Summary of Significant Changes (WWAP2025_E3E4_Approach-Threats-Actions.pdf),1,TRUE,TRUE,COA shapefiles are now shared in the DNR Open Data Portal.
WI_SWAP_2025_draft,.actions.priority_habitat_identification,Table E3-E4.1 Criteria for Conservation Opportunity Areas (WWAP2025_E3E4_Approach-Threats-Actions.pdf),1,TRUE,TRUE,Contributes to a network of climate resilient cores and corridors. This criterion emphasizes how resilient the site is to climate change and whether it has features of landscape connectivity important
WI_SWAP_2025_draft,.actions.targeted_range_shift_actions,CMP Conservation Actions Classification Invert3 (WWAP2025_E3E4_ThreatsActions05_InvertebrateActions.pdf),1,TRUE,TRUE,Create corridors and connect habitats when feasible. Implement best management practices (BMPs) to ameliorate the effects of climate change and to manage invasive species. Research efficacy of assiste
WI_SWAP_2025_draft,.actions.time_bound_and_monitoring,E6.2 WWAP Implementation and Improvements (WWAP2025_E6_ReviewRevision_Approach_Results.pdf),0.9697,TRUE,TRUE,The next comprehensive WWAP will be submitted in September of 2035.
WI_SWAP_2025_draft,.actions.time_bound_and_monitoring,Conservation Actions (WWAP_COA_01-06_Pokegama-NemadjiWetlandsCOA.pdf),0.2266,FALSE,TRUE,Conduct breeding bird surveys every 5 years for two consecutive years to determine status and trends of breeding birds and SGCNs.
WI_SWAP_2025_draft,.actions.evidence_of_efficacy,CMP Conservation Actions Classification M2 (WWAP2025_E3E4_ThreatsActions01_MammalActions.pdf),1,TRUE,TRUE,Management actions should be undertaken to make northern coniferous plant communities more resilient and better able to adapt to changing climates. All northern plant communities are particularly susc
WI_SWAP_2025_draft,.actions.adaptation_planning_frameworks,E6.2 WWAP Implementation and Improvements (WWAP2025_E6_ReviewRevision_Approach_Results.pdf),0.3162,FALSE,TRUE,"Review and revision of the major elements of the WWAP (SGCN, their habitats, threats and conservation actions) innately follow an adaptive management approach for improvement that incorporates the res"
WI_SWAP_2025_draft,.actions.adaptation_planning_frameworks,Conservation Actions Classification NF5 (WWAP2025_E3E4_ThreatsActions13_NorthernForestCommunityGroup.pdf),1,TRUE,TRUE,"In general, climate change adaptation is best approached from a risk management perspective that acknowledges uncertainty while increasing resistance and resiliency."
WI_SWAP_2025_draft,.actions.adaptation_planning_frameworks,Barrens Community Group (WWAP2025_E3E4_ThreatsActions09_BarrensCommunityGroup.pdf),1,TRUE,TRUE,Wisconsin Initiative on Climate Change Impacts -Plants and Natural Communities Working Group: Climate Vulnerability Ratings for Wisconsin's Natural Communities (2020) and Broad Community Group Fact Sh
WV_SWAP_2015,.concepts.climate_vulnerability,4.3.2.13: Conservation Actions to Address Climate Change,1,TRUE,TRUE,"Even within taxonomic and habitat groupings, species will respond to climate changes differently based on individual sensitivities to temperature, moisture, seasonal triggers, and other climate relate"
WV_SWAP_2015,.concepts.climate_vulnerability,4.3.2.13: Conservation Actions to Address Climate Change,1,TRUE,TRUE,A prior vulnerability assessment highlighted that a number of plants and animals in West Virginia are vulnerable to the potential negative effects of climate change while other species may not be vuln
WV_SWAP_2015,.concepts.climate_vulnerability,2.5.3: Prioritization,1,TRUE,TRUE,It received a Climate Change Vulnerability Index (CCVI) score of extremely or highly vulnerable.
WV_SWAP_2015,.concepts.adaptive_capacity_specificity,"3.2.1.11: Plants, Conservation Issues",1,TRUE,TRUE,Plants are particularly threatened by climate change because they have slow rates of migration. Plant SGCN occurring at high elevations near the southernmost extent of their global distribution are at
WV_SWAP_2015,.concepts.adaptive_capacity_components.demography,"3.2.1.1: Amphibians, Conservation Issues",1,TRUE,TRUE,These effects can occur rapidly through mass dieoffs or gradually by affecting reproduction and thereby inhibiting recruitment.
WV_SWAP_2015,.concepts.adaptive_capacity_components.distribution,3.2.1.15: Additional Information About Pollinators,1,TRUE,TRUE,Species requiring cooler environments to survive will likely be displaced initially to higher elevations and eventually to more northern latitudes out of the state.
WV_SWAP_2015,.concepts.adaptive_capacity_components.movement,"3.2.1.11: Plants, Conservation Issues",1,TRUE,TRUE,Plants are particularly threatened by climate change because they have slow rates of migration. Plant SGCN occurring at high elevations near the southernmost extent of their global distribution are at
WV_SWAP_2015,.concepts.adaptive_capacity_components.evolutionary_potential,NA,NA,NA,FALSE,
WV_SWAP_2015,.concepts.adaptive_capacity_components.evolutionary_potential,NA,NA,NA,FALSE,
WV_SWAP_2015,.concepts.adaptive_capacity_components.evolutionary_potential,NA,NA,NA,FALSE,
WV_SWAP_2015,.concepts.adaptive_capacity_components.ecological_dependencies,"3.2.1.3: Butterflies and Moths, Conservation Issues",1,TRUE,TRUE,"the larvae of many species of Lycaenidae participate in symbiotic relationships with ants, so that both the larval host plant and suitable ant partners must be available in order for the species to th"
WV_SWAP_2015,.concepts.adaptive_capacity_components.abiotic_niche,"3.2.1.1: Amphibians, Conservation Issues",1,TRUE,TRUE,"Terrestrial salamanders have specific moisture, humidity, and temperature requirements that affect their distribution across the landscape. Central Appalachian forest endemics are lungless and breathe"
WV_SWAP_2015,.concepts.adaptive_capacity_components.life_history,"3.2.1.11: Plants, Conservation Issues",1,TRUE,TRUE,Plants are particularly threatened by climate change because they have slow rates of migration.
WV_SWAP_2015,.concepts.connectivity,4.3.2.13: Conservation Actions to Address Climate Change,1,TRUE,TRUE,"Maintaining landscapes with characteristics conducive to supporting functioning ecological systems which may be more resilient to the effects of major perturbations such as climate change, and maintai"
WV_SWAP_2015,.concepts.connectivity,4.3.2.13: Conservation Actions to Address Climate Change,1,TRUE,TRUE,"fragmentation of aquatic and terrestrial habitats may prevent species shifts is response to changing conditions, invasive species and pests may spread higher in elevation, and food sources already red"
WV_SWAP_2015,.concepts.connectivity,5.4.1: Description (Cumberland Mountains Ecoregion),1,TRUE,TRUE,"The New River has long been recognized as a north-south migration corridor, which may have increased importance for wildlife in lieu of climate change."
WV_SWAP_2015,.tools.vulnerability_models,2.5.3: Prioritization,1,TRUE,TRUE,It received a Climate Change Vulnerability Index (CCVI) score of extremely or highly vulnerable.
WV_SWAP_2015,.tools.vulnerability_models,2.5.3: Prioritization,1,TRUE,TRUE,All species with a CCVI score of 1 or 2
WV_SWAP_2015,.tools.vulnerability_models,4.3.2.13: Conservation Actions to Address Climate Change,1,TRUE,TRUE,A prior vulnerability assessment highlighted that a number of plants and animals in West Virginia are vulnerable to the potential negative effects of climate change while other species may not be vuln
WV_SWAP_2015,.tools.niche_models,NA,NA,NA,FALSE,
WV_SWAP_2015,.tools.niche_models,NA,NA,NA,FALSE,
WV_SWAP_2015,.tools.niche_models,NA,NA,NA,FALSE,
WV_SWAP_2015,.tools.climate_models,NA,NA,NA,FALSE,
WV_SWAP_2015,.tools.climate_models,NA,NA,NA,FALSE,
WV_SWAP_2015,.tools.climate_models,NA,NA,NA,FALSE,
WV_SWAP_2015,.tools.connectivity_models,4.3.2.13: Conservation Actions to Address Climate Change,1,TRUE,TRUE,"Recent analyses have indicated that the high level of geophysical complexity (variability) and high degree of integrity (intactness) of natural cover in the Central Appalachians, including West Virgin"
WV_SWAP_2015,.context.management_scale.local,Executive Summary,1,TRUE,TRUE,"Stresses and associated conservation actions can occur on a statewide, regional, or local scale. Conservation Focus Areas are at a scale where more intensive investigation, collaboration, and conserva"
WV_SWAP_2015,.context.management_scale.site,4.3.2.13: Conservation Actions to Address Climate Change,1,TRUE,TRUE,"Opportunities for appropriate conservation actions vary among CFAs based on their particular set of species, habitats, land uses, stresses, and other features"
WV_SWAP_2015,.context.management_scale.watershed,Results of the Stress Assessment,1,TRUE,TRUE,"aquatic stresses are rarely limited to a specific habitat, i.e., they tend to ripple downstream, they were assessed at the Hydrologic Unit Code (HUC)-8 watershed level within ecoregion."
WV_SWAP_2015,.context.management_scale.city,NA,NA,NA,FALSE,
WV_SWAP_2015,.context.management_scale.city,NA,NA,NA,FALSE,
WV_SWAP_2015,.context.management_scale.city,NA,NA,NA,FALSE,
WV_SWAP_2015,.context.management_scale.county,"3.2.1.4: Cave Invertebrates, Distribution",1,TRUE,TRUE,"Greenbrier County has the highest species diversity since it has the most caves, the greatest variety of cave habitats, and the most sites which have been surveyed to date."
WV_SWAP_2015,.context.management_scale.within_state_region,5.1: Introduction,1,TRUE,TRUE,"For the West Virginia State Wildlife Action Plan (SWAP), the West Virginia Division of Natural Resources (WVDNR) adopted a modified version of Bailey's ecoregions at the Section level (Bailey et al. 1"
WV_SWAP_2015,.context.management_scale.state,Results of the Stress Assessment,0.7338,FALSE,TRUE,The stress assessment for the West Virginia SWAP was conducted by WVDNR biologists and ecologists using the IUCN classification system. Terrestrial stresses were assessed at the habitat level within e
WV_SWAP_2015,.context.management_scale.multistate,"3.2.1.2: Birds, Conservation issues",1,TRUE,TRUE,These declines have led to multi-state partnerships guiding research and management.
WV_SWAP_2015,.context.management_scale.national,NA,NA,NA,FALSE,
WV_SWAP_2015,.context.management_scale.national,NA,NA,NA,FALSE,
WV_SWAP_2015,.context.management_scale.national,NA,NA,NA,FALSE,
WV_SWAP_2015,.context.management_scale.transnational,NA,NA,NA,FALSE,
WV_SWAP_2015,.context.management_scale.transnational,NA,NA,NA,FALSE,
WV_SWAP_2015,.context.management_scale.transnational,NA,NA,NA,FALSE,
WV_SWAP_2015,.context.management_scale.ecosystem,4.3.2.13: Conservation Actions to Address Climate Change,1,TRUE,TRUE,"Maintaining landscapes with characteristics conducive to supporting functioning ecological systems which may be more resilient to the effects of major perturbations such as climate change, and maintai"
WV_SWAP_2015,.context.management_scale.ecoregion,5.1: Introduction,1,TRUE,TRUE,the West Virginia Division of Natural Resources (WVDNR) adopted a modified version of Bailey's ecoregions at the Section level (Bailey et al. 1994) which divides the state into four ecoregions based o
WV_SWAP_2015,.context.management_scale.province,NA,NA,NA,FALSE,
WV_SWAP_2015,.context.management_scale.province,NA,NA,NA,FALSE,
WV_SWAP_2015,.context.management_scale.province,NA,NA,NA,FALSE,
WV_SWAP_2015,.context.management_scale.section,NA,NA,NA,FALSE,
WV_SWAP_2015,.context.management_scale.section,NA,NA,NA,FALSE,
WV_SWAP_2015,.context.management_scale.section,NA,NA,NA,FALSE,
WV_SWAP_2015,.context.management_scale.subsection,NA,NA,NA,FALSE,
WV_SWAP_2015,.context.management_scale.subsection,NA,NA,NA,FALSE,
WV_SWAP_2015,.context.management_scale.subsection,NA,NA,NA,FALSE,
WV_SWAP_2015,.context.management_scale.lake,NA,NA,NA,FALSE,
WV_SWAP_2015,.context.management_scale.lake,NA,NA,NA,FALSE,
WV_SWAP_2015,.context.management_scale.lake,NA,NA,NA,FALSE,
WV_SWAP_2015,.context.management_scale.river,5.4.1: Description (Cumberland Mountains Ecoregion),1,TRUE,TRUE,"The New River has long been recognized as a north-south migration corridor, which may have increased importance for wildlife in lieu of climate change."
WV_SWAP_2015,.context.management_scale.district,NA,NA,NA,FALSE,
WV_SWAP_2015,.context.management_scale.district,NA,NA,NA,FALSE,
WV_SWAP_2015,.context.management_scale.district,NA,NA,NA,FALSE,
WV_SWAP_2015,.context.biological_unit_score,3.2.1.15: Additional Information About Pollinators,1,TRUE,TRUE,Species requiring cooler environments to survive will likely be displaced initially to higher elevations and eventually to more northern latitudes out of the state.
WV_SWAP_2015,.context.biological_unit_score,"3.3.1.11: Red Spruce Forests, Threats",1,TRUE,TRUE,Because they occur in the highest elevations which have the coldest climate in the state these habitats are most threatened by climate change.
WV_SWAP_2015,.context.biological_unit_components.species,3.2.1.15: Additional Information About Pollinators,1,TRUE,TRUE,Species requiring cooler environments to survive will likely be displaced initially to higher elevations and eventually to more northern latitudes out of the state.
WV_SWAP_2015,.context.biological_unit_components.population,4.3.2.13: Conservation Actions to Address Climate Change,1,TRUE,TRUE,fragmentation of aquatic and terrestrial habitats may prevent species shifts is response to changing conditions
WV_SWAP_2015,.context.biological_unit_components.habitat,"3.3.1.11: Red Spruce Forests, Threats",1,TRUE,TRUE,Because they occur in the highest elevations which have the coldest climate in the state these habitats are most threatened by climate change.
WV_SWAP_2015,.context.biological_unit_components.ecosystem,4.3.2.13: Conservation Actions to Address Climate Change,1,TRUE,TRUE,Maintaining landscapes with characteristics conducive to supporting functioning ecological systems which may be more resilient to the effects of major perturbations such as climate change
WV_SWAP_2015,.context.biological_unit_components.community,4.3.2.13: Conservation Actions to Address Climate Change,1,TRUE,TRUE,"maintaining connectivity within and between landscapes, are seen as efficient approaches to potentially maintain broad suites of species."
WV_SWAP_2015,.context.biological_unit_components.genotype_phenotype,"3.2.1.8: Mammals, Red Spruce/Northern Hardwood Forests Species",1,TRUE,TRUE,"Because this species has evolved to change pelage (fur) color from brown in the summer to white in the winter, a change in the timing of snow cover could lead to a 'mismatch' of the hares' coloration "
WV_SWAP_2015,.context.partnerships_and_funding,1.3: Value of a State Wildlife Action Plan to West Virginia,1,TRUE,TRUE,"State Wildlife Grant funding is a turning point in wildlife conservation funding, but it cannot possibly meet all the needs of West Virginia's wildlife species. The actions outlined in this document s"
WV_SWAP_2015,.context.partnerships_and_funding,1.3: Value of a State Wildlife Action Plan to West Virginia,1,TRUE,TRUE,"In the future, that collaboration will expand to include an even greater number of stakeholders as they assist with development and implementation of operational plans for each of the 21 Conservation "
WV_SWAP_2015,.context.climate_threat_habitat_degradation,"3.2.1.1: Amphibians, Conservation Issues",1,TRUE,TRUE,"Climate change is predicted to increase the frequency of such climate stresses as extreme drought and flood events. Droughts that occur during the breeding season, when most amphibians require aquatic"
WV_SWAP_2015,.context.climate_threat_species_vital_rates,"3.2.1.1: Amphibians, Conservation Issues",1,TRUE,TRUE,These effects can occur rapidly through mass dieoffs or gradually by affecting reproduction and thereby inhibiting recruitment.
WV_SWAP_2015,.context.climate_threat_biotic_stressors,4.3.2.13: Conservation Actions to Address Climate Change,1,TRUE,TRUE,"fragmentation of aquatic and terrestrial habitats may prevent species shifts is response to changing conditions, invasive species and pests may spread higher in elevation, and food sources already red"
WV_SWAP_2015,.actions.priority_habitat_identification,2.11: Conservation Focus Area Identification and Planning,1,TRUE,TRUE,"the 21 Conservation Focus Areas (CFA's) that have emerged from this analysis are intended, as their name implies, to be areas of more concentrated conservation focus. In the aggregate, the CFA's cover"
WV_SWAP_2015,.actions.priority_habitat_identification,4.3.2.13: Conservation Actions to Address Climate Change,1,TRUE,TRUE,This SWAP identifies CFAs where such values are especially high and opportunities for conservation action are deemed most promising. The importance of this perspective in addressing climate change wit
WV_SWAP_2015,.actions.priority_habitat_identification,4.3.2.13: Conservation Actions to Address Climate Change,1,TRUE,TRUE,"Recent analyses have indicated that the high level of geophysical complexity (variability) and high degree of integrity (intactness) of natural cover in the Central Appalachians, including West Virgin"
WV_SWAP_2015,.actions.targeted_range_shift_actions,6.20.4: Conservation Actions,1,TRUE,TRUE,"Implement a comprehensive plan to enhance climate change resiliency through reducing other stressors (such as invasive species), identifying, maintaining and creating key habitat cores and corridors, "
WV_SWAP_2015,.actions.time_bound_and_monitoring,7.2.3.2: Monitoring Results of Actions at the CFA Level,1,TRUE,TRUE,There will be no implementation of conservation action without integrated monitoring protocols. These protocols will include biological components and feedback assessments from partners.
WV_SWAP_2015,.actions.evidence_of_efficacy,2.9: Stress Identification and Prioritization,1,TRUE,TRUE,"climate change vulnerability assessments, NETHCS, NEAHCS, permit data from the West Virginia Division of Environmental Protection (WVDEP) and their own experience."
WV_SWAP_2015,.actions.adaptation_planning_frameworks,4.3.2.13: Conservation Actions to Address Climate Change,1,TRUE,TRUE,"Instead of a species-specific approach, the WV SWAP broadly addresses climate change concerns by 1) statewide actions to reduce additional stresses on habitats and species, 2) more geographically focu"
WY_SWAP_2017,.concepts.climate_vulnerability,Climate Change section – Climate Change Certainties and Uncertainties,0.2936,FALSE,TRUE,Understanding why species and ecosystems are vulnerable or potentially less resilient is a critical first step in developing effective conservation strategies. This vulnerability is based on sensitivi
WY_SWAP_2017,.concepts.climate_vulnerability,Climate Change section – Recommendations: Species Management (Assess vulnerability of SGCN),1,TRUE,TRUE,Vulnerability is a function of a species' or habitat's exposure to changes and its resilience to those changes.
WY_SWAP_2017,.concepts.climate_vulnerability,Climate Change section (terrestrial habitat impacts table),0.3351,FALSE,TRUE,Species that are habitat specialists or rely on specific interactions with other species… may be at greater risk of adverse effects of climate change than species that are more generalist in nature. A
WY_SWAP_2017,.concepts.adaptive_capacity_specificity,Climate Change section (terrestrial habitat impacts table),0.3862,FALSE,TRUE,"Species with an ability to move and adjust their range with changing conditions may have more success adapting than those that are unable to disperse or are relatively sedentary. Boreo-alpine taxa, wh"
WY_SWAP_2017,.concepts.adaptive_capacity_specificity,Climate Change section – Abundance and Biodiversity,0.3377,FALSE,TRUE,Species with low adaptive capacity such as those with specialized habitat needs or limited dispersal ability face higher vulnerability to these changes.
WY_SWAP_2017,.concepts.adaptive_capacity_components.demography,Climate Change section (terrestrial habitat impacts table),0.3053,FALSE,TRUE,"Finally, populations of species that have low genetic diversity or that have experienced recent or ongoing declines in population size may be more vulnerable to the effects of climate change than thos"
WY_SWAP_2017,.concepts.adaptive_capacity_components.distribution,Climate Change section – Abundance and Biodiversity,0.9362,TRUE,TRUE,"Species that are endemic to a particular area may be at greater risk than those that are geographically widespread. Similarly, species with an ability to move and adjust their range with changing cond"
WY_SWAP_2017,.concepts.adaptive_capacity_components.movement,Climate Change section (terrestrial habitat impacts table),0.3491,FALSE,TRUE,"Boreo-alpine taxa, which are already restricted to high elevations, will have limited options for population migration/dispersal as the climate warms and becomes more arid."
WY_SWAP_2017,.concepts.adaptive_capacity_components.evolutionary_potential,Climate Change section (terrestrial habitat impacts table),0.3053,FALSE,TRUE,"Finally, populations of species that have low genetic diversity or that have experienced recent or ongoing declines in population size may be more vulnerable to the effects of climate change than thos"
WY_SWAP_2017,.concepts.adaptive_capacity_components.ecological_dependencies,Climate Change section (terrestrial habitat impacts table),0.4,FALSE,TRUE,"Species that are habitat specialists or rely on specific interactions with other species, organisms, or physical aspects of the environment may be at greater risk of adverse effects of climate change "
WY_SWAP_2017,.concepts.adaptive_capacity_components.abiotic_niche,Climate Change section (terrestrial habitat impacts table),0.3956,FALSE,TRUE,"Additionally, climate change has the potential to negatively impact species with low physiological tolerances to changing atmospheric, local weather, or environmental quality conditions."
WY_SWAP_2017,.concepts.adaptive_capacity_components.life_history,NA,NA,NA,FALSE,
WY_SWAP_2017,.concepts.adaptive_capacity_components.life_history,NA,NA,NA,FALSE,
WY_SWAP_2017,.concepts.adaptive_capacity_components.life_history,NA,NA,NA,FALSE,
WY_SWAP_2017,.concepts.connectivity,Climate Change section – Recommendations: Habitat Management,0.3162,FALSE,TRUE,Climate corridors are explicitly designed to connect habitats along a climate gradient allowing altitudinal and latitudinal range shifts.
WY_SWAP_2017,.concepts.connectivity,Climate Change section (terrestrial habitat impacts table),1,TRUE,TRUE,"Riparian areas may become increasingly important as corridors for species movement to more suitable habitat, refuge, and also important areas for terrestrial grazers."
WY_SWAP_2017,.concepts.connectivity,Riparian Areas – Recommended Conservation Actions,1,TRUE,TRUE,Retaining the role of riparian habitats in providing travel corridors for wildlife will become an increasingly important component of effective mitigation plans for human development as well as climat
WY_SWAP_2017,.tools.vulnerability_models,Activities since the 2010 SWAP – Vulnerability Analysis section,1,TRUE,TRUE,"The Wyoming Chapter of the Nature Conservancy, WYNDD, and WGFD completed research evaluating the vulnerability of Wyoming 2010 SGCN and the 11 SWAP terrestrial habitat types to climate change, residen"
WY_SWAP_2017,.tools.vulnerability_models,Climate Change section – Current Initiatives: National,1,TRUE,TRUE,"NatureServe is responsible for the development of the Climate Change Vulnerability Index (CCVI), which is a tool that can be used to rank the level of vulnerability of individual species to climate ch"
WY_SWAP_2017,.tools.vulnerability_models,Climate Change section – Recommendations: Species Management,1,TRUE,TRUE,"Research results give an indication of which species and taxonomic groups are potentially vulnerable to climate change, as well as helps to direct future research to address information gaps."
WY_SWAP_2017,.tools.niche_models,Climate Change section – Climate Change and Uncertainty Regarding Impacts on Species,0.273,FALSE,TRUE,"Bioclimatic models, also called envelope models or ecological niche models, may be used for predicting the future range and distribution of native and invasive species. Resource managers may be able t"
WY_SWAP_2017,.tools.climate_models,Climate Change section – Current Initiatives: International,0.8634,TRUE,TRUE,"The North American Regional Climate Change Assessment Program (NARCCAP) is an international partnership using regional climate models (RCMs), atmosphere-ocean general circulation models (AOGCMs), and "
WY_SWAP_2017,.tools.climate_models,Climate Change section – Climate Modeling,1,TRUE,TRUE,"At present, General Circulation Models (GCMs) use simplified representations of Earth's oceans, atmosphere, and land surface, and the interactions among these units to help paint a broad picture of ge"
WY_SWAP_2017,.tools.connectivity_models,Energy Development section (GIS tools discussion),0.2981,FALSE,TRUE,"A regional habitat connectivity plan provides spatial layers depicting structural connectivity, network importance, landscape permeability, and climate connectivity."
WY_SWAP_2017,.context.management_scale.local,NA,NA,NA,FALSE,
WY_SWAP_2017,.context.management_scale.local,NA,NA,NA,FALSE,
WY_SWAP_2017,.context.management_scale.local,NA,NA,NA,FALSE,
WY_SWAP_2017,.context.management_scale.site,NA,NA,NA,FALSE,
WY_SWAP_2017,.context.management_scale.site,NA,NA,NA,FALSE,
WY_SWAP_2017,.context.management_scale.site,NA,NA,NA,FALSE,
WY_SWAP_2017,.context.management_scale.watershed,Energy Development section – Recommended Conservation Actions,1,TRUE,TRUE,"Connectivity, both in terms of animals that migrate seasonally as well as corridors between localized population segments, should be incorporated into mitigation planning."
WY_SWAP_2017,.context.management_scale.city,NA,NA,NA,FALSE,
WY_SWAP_2017,.context.management_scale.city,NA,NA,NA,FALSE,
WY_SWAP_2017,.context.management_scale.city,NA,NA,NA,FALSE,
WY_SWAP_2017,.context.management_scale.county,NA,NA,NA,FALSE,
WY_SWAP_2017,.context.management_scale.county,NA,NA,NA,FALSE,
WY_SWAP_2017,.context.management_scale.county,NA,NA,NA,FALSE,
WY_SWAP_2017,.context.management_scale.within_state_region,Climate Change section – Current Initiatives: National,1,TRUE,TRUE,"Wyoming is divided unevenly by five LCCs, but the majority of the state's land area is covered by two cooperatives, the Plains and Prairie Potholes LCC and the Great Northern LCC."
WY_SWAP_2017,.context.management_scale.state,Foreword,1,TRUE,TRUE,"Wyoming's SWAP will certainly evolve overtime as successes are expanded, shortcomings corrected, new information becomes available, threats change, and new partners become engaged."
WY_SWAP_2017,.context.management_scale.multistate,Climate Change section – Recommended Conservation Actions,1,TRUE,TRUE,"Statewide and regional interagency collaboration will facilitate information sharing, the assignment of appropriate roles to partner agencies, the request of appropriate data products from partner age"
WY_SWAP_2017,.context.management_scale.national,Climate Change section – Current Initiatives: National,1,TRUE,TRUE,The USFWS also emphasizes landscape-scale approaches as part of the agency's National Fish and Wildlife Climate Adaptation Strategy.
WY_SWAP_2017,.context.management_scale.transnational,NA,NA,NA,FALSE,
WY_SWAP_2017,.context.management_scale.transnational,NA,NA,NA,FALSE,
WY_SWAP_2017,.context.management_scale.transnational,NA,NA,NA,FALSE,
WY_SWAP_2017,.context.management_scale.ecosystem,Climate Change section – Climate Change and Uncertainty Regarding Impacts,1,TRUE,TRUE,Regional climate modeling may help resource managers identify ecosystems at risk of transformative change.
WY_SWAP_2017,.context.management_scale.ecoregion,Climate Change section – Current Initiatives: National,1,TRUE,TRUE,"Wyoming is divided unevenly by five LCCs, but the majority of the state's land area is covered by two cooperatives, the Plains and Prairie Potholes LCC and the Great Northern LCC."
WY_SWAP_2017,.context.management_scale.province,NA,NA,NA,FALSE,
WY_SWAP_2017,.context.management_scale.province,NA,NA,NA,FALSE,
WY_SWAP_2017,.context.management_scale.province,NA,NA,NA,FALSE,
WY_SWAP_2017,.context.management_scale.section,NA,NA,NA,FALSE,
WY_SWAP_2017,.context.management_scale.section,NA,NA,NA,FALSE,
WY_SWAP_2017,.context.management_scale.section,NA,NA,NA,FALSE,
WY_SWAP_2017,.context.management_scale.subsection,NA,NA,NA,FALSE,
WY_SWAP_2017,.context.management_scale.subsection,NA,NA,NA,FALSE,
WY_SWAP_2017,.context.management_scale.subsection,NA,NA,NA,FALSE,
WY_SWAP_2017,.context.management_scale.lake,NA,NA,NA,FALSE,
WY_SWAP_2017,.context.management_scale.lake,NA,NA,NA,FALSE,
WY_SWAP_2017,.context.management_scale.lake,NA,NA,NA,FALSE,
WY_SWAP_2017,.context.management_scale.river,Climate Change section – Recommendations: Habitat Management,1,TRUE,TRUE,"WGFD should use existing knowledge to map and prioritize wildlife corridors, transitional grounds, and refugia as an ongoing strategy to aid future management and land conservation efforts under chang"
WY_SWAP_2017,.context.management_scale.district,NA,NA,NA,FALSE,
WY_SWAP_2017,.context.management_scale.district,NA,NA,NA,FALSE,
WY_SWAP_2017,.context.management_scale.district,NA,NA,NA,FALSE,
WY_SWAP_2017,.context.biological_unit_score,Climate Change section – Abundance and Biodiversity,0.9362,TRUE,TRUE,"Species that are endemic to a particular area may be at greater risk than those that are geographically widespread. Similarly, species with an ability to move and adjust their range with changing cond"
WY_SWAP_2017,.context.biological_unit_score,Climate Change section – Potential Impacts of Climate Change on Habitat – Terrestrial Habitat,0.336,FALSE,TRUE,"The 11 terrestrial habitat types that are described in this SWAP include various types of forested land, shrublands, and grasslands; riparian areas and wetlands; and rocky areas with little vegetation"
WY_SWAP_2017,.context.biological_unit_components.species,Climate Change section – Abundance and Biodiversity,0.7285,FALSE,TRUE,"Species that are endemic to a particular area may be at greater risk than those that are geographically widespread. Similarly, species with an ability to move and adjust their range with changing cond"
WY_SWAP_2017,.context.biological_unit_components.population,Climate Change section (terrestrial habitat impacts table),0.3491,FALSE,TRUE,"Boreo-alpine taxa, which are already restricted to high elevations, will have limited options for population migration/dispersal as the climate warms and becomes more arid."
WY_SWAP_2017,.context.biological_unit_components.habitat,Climate Change section – Potential Impacts of Climate Change on Habitat,0.3177,FALSE,TRUE,"The 11 terrestrial habitat types that are described in this SWAP include various types of forested land, shrublands, and grasslands; riparian areas and wetlands; and rocky areas with little vegetation"
WY_SWAP_2017,.context.biological_unit_components.ecosystem,Climate Change section – Climate Change and Uncertainty Regarding Impacts,1,TRUE,TRUE,Regional climate modeling may help resource managers identify ecosystems at risk of transformative change.
WY_SWAP_2017,.context.biological_unit_components.community,Climate Change section – Abundance and Biodiversity,1,TRUE,TRUE,Changing species relationships will have a more significant impact on ecosystem structure and function than changes to any one particular species.
WY_SWAP_2017,.context.biological_unit_components.genotype_phenotype,NA,NA,NA,FALSE,
WY_SWAP_2017,.context.biological_unit_components.genotype_phenotype,NA,NA,NA,FALSE,
WY_SWAP_2017,.context.biological_unit_components.genotype_phenotype,NA,NA,NA,FALSE,
WY_SWAP_2017,.context.partnerships_and_funding,Activities since the 2010 SWAP – Sensitive Species Funding Sources,1,TRUE,TRUE,"The WGFD has received more than $3,190,000 from the SWG program for fiscal years 2011-2016."
WY_SWAP_2017,.context.partnerships_and_funding,Climate Change section – Recommended Conservation Actions,1,TRUE,TRUE,"Statewide and regional interagency collaboration will facilitate information sharing, the assignment of appropriate roles to partner agencies, the request of appropriate data products from partner age"
WY_SWAP_2017,.context.climate_threat_habitat_degradation,Climate Change section (terrestrial habitat impacts table),0.67490000000000006,FALSE,TRUE,"Long periods of drought may cause a decline in forested area as the land becomes too arid to support forest ecosystems, and may further increase the susceptibility of forests to insect epidemics. Decr"
WY_SWAP_2017,.context.climate_threat_species_vital_rates,Climate Change section – Abundance and Biodiversity,1,TRUE,TRUE,"In particular, warmer surface temperatures could alter the survival and reproduction rates of some pathogens and vectors, which may currently be constrained by temperature minimums and maximums, poten"
WY_SWAP_2017,.context.climate_threat_biotic_stressors,Leading Conservation Challenges – Invasive Species,1,TRUE,TRUE,"A warmer, more variable climate, which some predict for Wyoming, may provide a competitive advantage for cheatgrass over native plants, further facilitating its spread."
WY_SWAP_2017,.actions.priority_habitat_identification,Activities since the 2010 SWAP – Improved Terrestrial Habitat Prioritization section,1,TRUE,TRUE,A revised terrestrial SGCN habitat priority identification process was established to meet these goals based on four electronic map layers: 1. SGCN richness; 2. Habitat intactness; 3. Land ownership o
WY_SWAP_2017,.actions.priority_habitat_identification,Climate Change section – Recommendations: Habitat Management,1,TRUE,TRUE,"WGFD should use existing knowledge to map and prioritize wildlife corridors, transitional grounds, and refugia as an ongoing strategy to aid future management and land conservation efforts under chang"
WY_SWAP_2017,.actions.priority_habitat_identification,Climate Change section – Recommendations: Species Management,1,TRUE,TRUE,The Climate Shield website hosts geospatial data and related information that describes specific locations of cold-water refuge streams for native cutthroat trout and bull trout across the American We
WY_SWAP_2017,.actions.targeted_range_shift_actions,Climate Change section – Recommendations: Habitat Management,0.3162,FALSE,TRUE,Climate corridors are explicitly designed to connect habitats along a climate gradient allowing altitudinal and latitudinal range shifts.
WY_SWAP_2017,.actions.targeted_range_shift_actions,Climate Change section – Recommendations: Habitat Management,1,TRUE,TRUE,"Increasing the overall amount and connectivity of habitat, including migration corridors, transitional areas, and refugia, is a strategy that will build ecosystem health and species resilience to a va"
WY_SWAP_2017,.actions.time_bound_and_monitoring,"Introduction – Table 2 Road Map to Required SWAP Elements, Element 5",0.3929,FALSE,TRUE,Each of the five leading wildlife conservation challenges contains a section on recommended monitoring to track impacts and evaluate the success of conservation actions.
WY_SWAP_2017,.actions.evidence_of_efficacy,Climate Change section – Recommended Conservation Actions,1,TRUE,TRUE,Strategies that are practical across a range of possible future climate conditions will provide wildlife and habitat managers with the flexibility needed to adjust those strategies as appropriate and 
WY_SWAP_2017,.actions.adaptation_planning_frameworks,Climate Change section – Recommended Conservation Actions,1,TRUE,TRUE,Scenario planning is a strategy that allows resource managers to evaluate current goals and objectives in light of climate change and to identify management actions that will address a range of issues
WY_SWAP_2017,.actions.adaptation_planning_frameworks,Climate Change section – Recommended Conservation Actions,1,TRUE,TRUE,"In addition to scenario planning, adaptive management techniques may help wildlife and habitat managers deal with the uncertainty surrounding future climate conditions. Adaptive management involves th"
