doc_id,juris,doc_type,year,draft,jurisdiction,document_type,page_count,theme,element,evaluable,score,absence_note,n_evidence
AK_SWAP_2025,AK,SWAP,2025,FALSE,Alaska,SWAP,NA,concepts,climate_vulnerability,TRUE,3,NA,3
AK_SWAP_2025,AK,SWAP,2025,FALSE,Alaska,SWAP,NA,concepts,adaptive_capacity_specificity,TRUE,2,NA,2
AK_SWAP_2025,AK,SWAP,2025,FALSE,Alaska,SWAP,NA,concepts,connectivity,TRUE,2,NA,2
AK_SWAP_2025,AK,SWAP,2025,FALSE,Alaska,SWAP,NA,tools,vulnerability_models,TRUE,2,NA,2
AK_SWAP_2025,AK,SWAP,2025,FALSE,Alaska,SWAP,NA,tools,niche_models,TRUE,2,NA,2
AK_SWAP_2025,AK,SWAP,2025,FALSE,Alaska,SWAP,NA,tools,climate_models,TRUE,2,"The document uses ERA5 reanalysis data for historical/recent climate comparisons by biogeographic region. Future climate projections via GCMs or emission scenarios are referenced conceptually ('projected changes') but no specific GCM, RCP, or SSP scenario is formally applied. Score is 2 because the ERA5 climate data is applied to the document's focal subjects (SGCN biogeographic regions).",1
AK_SWAP_2025,AK,SWAP,2025,FALSE,Alaska,SWAP,NA,tools,connectivity_models,TRUE,0,"The document references habitat connectivity as a concept and discusses it in the context of climate adaptation, but does not reference or apply any formal connectivity models (CircuitScape, Omniscape, least-cost path, etc.).",0
AK_SWAP_2025,AK,SWAP,2025,FALSE,Alaska,SWAP,NA,context,biological_unit_score,TRUE,2,NA,2
AK_SWAP_2025,AK,SWAP,2025,FALSE,Alaska,SWAP,NA,context,partnerships_and_funding,TRUE,2,NA,2
AK_SWAP_2025,AK,SWAP,2025,FALSE,Alaska,SWAP,NA,context,climate_threat_habitat_degradation,TRUE,1,NA,2
AK_SWAP_2025,AK,SWAP,2025,FALSE,Alaska,SWAP,NA,context,climate_threat_species_vital_rates,TRUE,1,NA,2
AK_SWAP_2025,AK,SWAP,2025,FALSE,Alaska,SWAP,NA,context,climate_threat_biotic_stressors,TRUE,1,NA,2
AK_SWAP_2025,AK,SWAP,2025,FALSE,Alaska,SWAP,NA,actions,priority_habitat_identification,TRUE,2,NA,3
AK_SWAP_2025,AK,SWAP,2025,FALSE,Alaska,SWAP,NA,actions,targeted_range_shift_actions,TRUE,1,"The document mentions assisting dispersal-limited species to colonize new habitats due to climate change (direct manipulation framing), and references habitat connectivity as enabling species to track climate. These satisfy the threshold for score=1. No more detailed assisted migration or climate-corridor construction program is described.",1
AK_SWAP_2025,AK,SWAP,2025,FALSE,Alaska,SWAP,NA,actions,time_bound_and_monitoring,TRUE,1,"The plan has a 10-year planning horizon and mentions annual implementation monitoring, but does not attach specific deadlines or milestones to individual conservation actions in action tables. The plan repeatedly references the next revision due in 2035. Score 1 reflects the plan-level time horizon; score 2 is not warranted because effectiveness monitoring is not operationalized at the action level with specific deadlines.",2
AK_SWAP_2025,AK,SWAP,2025,FALSE,Alaska,SWAP,NA,actions,evidence_of_efficacy,TRUE,2,"The document presents several case studies with before-after evidence for invasive species removal, and cites specific studies supporting outcomes. However, direct evidence for climate-specific conservation actions (e.g., assisted migration, climate corridor effectiveness) is not provided. Score 2 (limited evidence) reflects that the cited case studies have partial applicability to the range-shift actions described.",2
AK_SWAP_2025,AK,SWAP,2025,FALSE,Alaska,SWAP,NA,actions,adaptation_planning_frameworks,TRUE,2,"The document references AFWA voluntary guidance for integrating climate adaptation into SWAPs (a specific framework) and discusses adaptive management principles in the climate change context. However, it does not name frameworks such as RAD, RRT, CCVA, or Structured Decision Making by name. Score 2 is warranted because the AFWA 2022 climate adaptation guidance is a specific named framework applied to the document's content.",2
AL_SWAP_2015,AL,SWAP,2015,FALSE,Alabama,SWAP,491,concepts,climate_vulnerability,TRUE,2,The document references climate vulnerability for habitats and species but does not operationalize 'adaptive capacity' as the other side of the vulnerability equation. It mentions 'poor dispersal abilities' and 'low genetic diversity' as factors but these appear in a list of sensitivity/exposure traits rather than a distinct treatment of adaptive capacity. Score 2 (exposure referenced; adaptive capacity not articulated as a distinct axis) rather than 3.,2
AL_SWAP_2015,AL,SWAP,2015,FALSE,Alabama,SWAP,491,concepts,adaptive_capacity_specificity,TRUE,1,"The document touches on characteristics that implicitly relate to adaptive capacity (dispersal, genetic diversity, reproductive rate) but does not operationalize 'adaptive capacity' as a distinct concept or apply any of its specific components systematically to focal species. Score 1 rather than 2.",1
AL_SWAP_2015,AL,SWAP,2015,FALSE,Alabama,SWAP,491,concepts,connectivity,TRUE,2,"The document explicitly links connectivity (movement corridors) to climate-driven range persistence and movement, earning score 2. The connectivity is framed as a tool to support species relocation in response to climate change impacts.",2
AL_SWAP_2015,AL,SWAP,2015,FALSE,Alabama,SWAP,491,tools,vulnerability_models,TRUE,1,"The document produces a habitat vulnerability table (Table 3-4) ranking Alabama habitats by climate change vulnerability, generated by 'SWAP Technical Teams,' but uses no named vulnerability model or formal framework. CCVI appears in the literature cited (Gardali et al. and others reference climate vulnerability assessments) but no CCVI scores are applied to focal species. The habitat vulnerability table is an internally generated ranking rather than application of a named model. Score 1 (referenced generally via literature) rather than 2.",1
AL_SWAP_2015,AL,SWAP,2015,FALSE,Alabama,SWAP,491,tools,niche_models,TRUE,0,No species distribution models or ecological niche models are applied to or referenced for the plan's focal species. Range maps are mentioned but no SDM framework is invoked.,0
AL_SWAP_2015,AL,SWAP,2015,FALSE,Alabama,SWAP,491,tools,climate_models,TRUE,0,"The document discusses climate change qualitatively (warming, sea level rise, altered precipitation) and cites climate-relevant literature but does not reference any specific climate model, GCM, downscaling product, RCP, SSP, or emission scenario. No climate projections are applied to the plan's focal subjects.",0
AL_SWAP_2015,AL,SWAP,2015,FALSE,Alabama,SWAP,491,tools,connectivity_models,TRUE,0,"Connectivity and corridors are discussed conceptually and in conservation action contexts, but no named connectivity modeling tool is referenced or applied.",0
AL_SWAP_2015,AL,SWAP,2015,FALSE,Alabama,SWAP,491,context,biological_unit_score,TRUE,2,NA,2
AL_SWAP_2015,AL,SWAP,2015,FALSE,Alabama,SWAP,491,context,partnerships_and_funding,TRUE,1,"Many partners are named throughout the document, and the SWAP process involved active coordination, but climate-specific or range-shift-specific partnerships and funding are not distinguished from general SWAP partnerships. Score 1 (some partnerships described but aspirational/general rather than strategic investment in range-shift actions specifically).",1
AL_SWAP_2015,AL,SWAP,2015,FALSE,Alabama,SWAP,491,context,climate_threat_habitat_degradation,TRUE,1,NA,1
AL_SWAP_2015,AL,SWAP,2015,FALSE,Alabama,SWAP,491,context,climate_threat_species_vital_rates,TRUE,1,The drought passage describes a direct climate effect on vital rates (reproductive failure — metamorphosis cannot occur). This is a direct chain: climate event (drought) → vital rate failure (recruitment failure). Score 1.,1
AL_SWAP_2015,AL,SWAP,2015,FALSE,Alabama,SWAP,491,context,climate_threat_biotic_stressors,TRUE,0,"Invasive species are discussed extensively but without climate framing. Succession is mentioned in the context of fire suppression, not climate change. No phenological mismatch or climate-favored invasion is explicitly discussed.",0
AL_SWAP_2015,AL,SWAP,2015,FALSE,Alabama,SWAP,491,actions,priority_habitat_identification,TRUE,2,"The document includes mapped priority areas (Figure 4-64 for terrestrial, SHU/SRRU maps for aquatic), earning score 2. Climate refugia are specifically mentioned as priority candidates for acquisition.",2
AL_SWAP_2015,AL,SWAP,2015,FALSE,Alabama,SWAP,491,actions,targeted_range_shift_actions,TRUE,1,"The document recommends identifying movement corridors and protecting refugia in the context of climate change (structural facilitation), earning score 1. However, there is no explicit assisted migration, climate-motivated translocation, or similarly direct range-shift action targeting specific SGCN. The corridor/refugia language is general rather than species-specific.",1
AL_SWAP_2015,AL,SWAP,2015,FALSE,Alabama,SWAP,491,actions,time_bound_and_monitoring,TRUE,2,"The document includes action-level measures (Measure(s) fields per action listing timelines and specific deliverables), biennial effectiveness review, and a 10-year plan revision cycle. This operationalizes both deadlines and monitoring at the action level, meeting the threshold for score 2.",2
AL_SWAP_2015,AL,SWAP,2015,FALSE,Alabama,SWAP,491,actions,evidence_of_efficacy,TRUE,1,"Actions in Chapter 4 consistently list 'Measure(s)' (performance metrics) but do not provide evidence of prior efficacy for most. General ecological first-principles and literature citations support the approach (score 1) but direct efficacy evidence for climate-specific actions is absent. The TNC resilient sites study cited is relevant but addresses general climate resilience, not specific range-shift management actions.",1
AL_SWAP_2015,AL,SWAP,2015,FALSE,Alabama,SWAP,491,actions,adaptation_planning_frameworks,TRUE,2,"Structured Decision Making (SDM) is specifically named in a climate-change context, and adaptive management is framed explicitly around climate-driven change, earning score 2. The RAD/RRT frameworks are not referenced. CCVA is referenced implicitly through the habitat vulnerability table but the framework is not named.",2
AR_SWAP_2025_draft,AR,SWAP,2025,TRUE,Arkansas,SWAP,885,concepts,climate_vulnerability,TRUE,3,NA,3
AR_SWAP_2025_draft,AR,SWAP,2025,TRUE,Arkansas,SWAP,885,concepts,adaptive_capacity_specificity,TRUE,2,NA,2
AR_SWAP_2025_draft,AR,SWAP,2025,TRUE,Arkansas,SWAP,885,concepts,connectivity,TRUE,2,NA,2
AR_SWAP_2025_draft,AR,SWAP,2025,TRUE,Arkansas,SWAP,885,tools,vulnerability_models,TRUE,2,NA,2
AR_SWAP_2025_draft,AR,SWAP,2025,TRUE,Arkansas,SWAP,885,tools,niche_models,TRUE,2,NA,2
AR_SWAP_2025_draft,AR,SWAP,2025,TRUE,Arkansas,SWAP,885,tools,climate_models,TRUE,2,NA,2
AR_SWAP_2025_draft,AR,SWAP,2025,TRUE,Arkansas,SWAP,885,tools,connectivity_models,TRUE,2,The document uses the SE Conservation Blueprint connectivity analysis output to identify hubs and corridors for management decisions in Arkansas; this satisfies the 'applied to focal subject' criterion even though the underlying model is not named by algorithm.,2
AR_SWAP_2025_draft,AR,SWAP,2025,TRUE,Arkansas,SWAP,885,context,biological_unit_score,TRUE,2,NA,2
AR_SWAP_2025_draft,AR,SWAP,2025,TRUE,Arkansas,SWAP,885,context,partnerships_and_funding,TRUE,2,NA,2
AR_SWAP_2025_draft,AR,SWAP,2025,TRUE,Arkansas,SWAP,885,context,climate_threat_habitat_degradation,TRUE,1,NA,1
AR_SWAP_2025_draft,AR,SWAP,2025,TRUE,Arkansas,SWAP,885,context,climate_threat_species_vital_rates,TRUE,1,"The document references higher water temperatures and longer low-flow periods affecting aquatic species, with COA plans noting climate change 'exacerbates the impact of all other threats' and 'Increasingly long droughts are thought to be impacting yellowcheek darter populations.' The yellowcheek darter framing is the clearest direct vital-rate link.",1
AR_SWAP_2025_draft,AR,SWAP,2025,TRUE,Arkansas,SWAP,885,context,climate_threat_biotic_stressors,TRUE,1,NA,1
AR_SWAP_2025_draft,AR,SWAP,2025,TRUE,Arkansas,SWAP,885,actions,priority_habitat_identification,TRUE,2,NA,2
AR_SWAP_2025_draft,AR,SWAP,2025,TRUE,Arkansas,SWAP,885,actions,targeted_range_shift_actions,TRUE,1,The document scores 1 primarily on the basis of recommending barrier removal as a climate adaptation strategy to support species that rely on aquatic connectivity—this is structural facilitation of movement in a climate-change framing. The document does not describe assisted migration or direct translocation for climate adaptation.,1
AR_SWAP_2025_draft,AR,SWAP,2025,TRUE,Arkansas,SWAP,885,actions,time_bound_and_monitoring,TRUE,2,NA,2
AR_SWAP_2025_draft,AR,SWAP,2025,TRUE,Arkansas,SWAP,885,actions,evidence_of_efficacy,TRUE,2,"Score of 2 (limited evidence) rather than 3: the document incorporates literature-derived CCVI and niche model results as evidence for proposed actions, but these are primarily vulnerability assessments rather than evaluations of specific management actions already implemented. No post-implementation case studies for climate adaptation actions in Arkansas are presented.",2
AR_SWAP_2025_draft,AR,SWAP,2025,TRUE,Arkansas,SWAP,885,actions,adaptation_planning_frameworks,TRUE,2,"Score of 2: the document explicitly references specific climate adaptation planning frameworks (AFWA Voluntary Guidance for SWAPs, CCVA/CCVI framework per Williams et al. 2008, and the SECAS/SE Blueprint as a spatial planning tool). This goes beyond generic mention of 'frameworks' to naming specific processes used in the context of climate adaptation planning.",2
AZ_SWAP_2022,AZ,SWAP,2022,FALSE,Arizona Game and Fish Department (AZGFD),SWAP,393,concepts,climate_vulnerability,TRUE,2,"The document explicitly names the three-axis vulnerability framework (sensitivity, exposure, adaptive capacity) and discusses climate exposure in detail via temperature/precipitation projections. Adaptive capacity is referenced generically in several places (e.g., 'lack the adaptive capacity'). However, the plan explicitly chose NOT to conduct a species-specific climate vulnerability assessment. Score 2 rather than 3 because although both exposure AND adaptive capacity are mentioned, they are not operationally combined into a scoring framework for the focal SGCN — the document explicitly declined to do so.",3
AZ_SWAP_2022,AZ,SWAP,2022,FALSE,Arizona Game and Fish Department (AZGFD),SWAP,393,concepts,adaptive_capacity_specificity,TRUE,2,"The document references specific components of adaptive capacity (dispersal ability, temperature tolerances, demographic rates, genetic diversity) for named species/taxa, earning a score of 2.",3
AZ_SWAP_2022,AZ,SWAP,2022,FALSE,Arizona Game and Fish Department (AZGFD),SWAP,393,concepts,connectivity,TRUE,2,NA,3
AZ_SWAP_2022,AZ,SWAP,2022,FALSE,Arizona Game and Fish Department (AZGFD),SWAP,393,tools,vulnerability_models,TRUE,1,"The document references climate vulnerability assessment as a concept and explicitly chose not to conduct one. The SGCN vulnerability assessment uses seven criteria but these are not framed as a climate vulnerability model (CCVI, PVA, etc.). Score 1: referenced as a concept but not applied to focal subjects. No specific climate vulnerability model (CCVI, etc.) is named or applied.",1
AZ_SWAP_2022,AZ,SWAP,2022,FALSE,Arizona Game and Fish Department (AZGFD),SWAP,393,tools,niche_models,TRUE,2,NA,2
AZ_SWAP_2022,AZ,SWAP,2022,FALSE,Arizona Game and Fish Department (AZGFD),SWAP,393,tools,climate_models,TRUE,1,"The document cites climate projections from USGCRP/Third National Climate Assessment and references 'climate models' generically. No specific GCM, CMIP ensemble, RCP, or downscaling product is named. Score 1: referenced generally, not applied.",2
AZ_SWAP_2022,AZ,SWAP,2022,FALSE,Arizona Game and Fish Department (AZGFD),SWAP,393,tools,connectivity_models,TRUE,1,"TNC's Resilient and Connected Network product is listed among datasets used to identify terrestrial COAs. CHAT is described as identifying wildlife corridors. However, neither is explicitly framed as a connectivity model applied in a range-shift context, and neither is CircuitScape or similar. Score 1: referenced/cited but application to range-shift science is indirect.",2
AZ_SWAP_2022,AZ,SWAP,2022,FALSE,Arizona Game and Fish Department (AZGFD),SWAP,393,context,biological_unit_score,TRUE,2,NA,2
AZ_SWAP_2022,AZ,SWAP,2022,FALSE,Arizona Game and Fish Department (AZGFD),SWAP,393,context,partnerships_and_funding,TRUE,2,"The document describes numerous active partnerships (NRCS, TNC, USFWS, tribal nations, NGOs, Nevada DOW, BLM, USFS) with named projects and completed funding (Heritage Fund $10M/yr, SWG, Pittman-Robertson, Section 6, $6.5M Verde River acquisition). Score 2: strategic investment with active named partnerships implementing conservation actions.",3
AZ_SWAP_2022,AZ,SWAP,2022,FALSE,Arizona Game and Fish Department (AZGFD),SWAP,393,context,climate_threat_habitat_degradation,TRUE,1,NA,2
AZ_SWAP_2022,AZ,SWAP,2022,FALSE,Arizona Game and Fish Department (AZGFD),SWAP,393,context,climate_threat_species_vital_rates,TRUE,1,NA,2
AZ_SWAP_2022,AZ,SWAP,2022,FALSE,Arizona Game and Fish Department (AZGFD),SWAP,393,context,climate_threat_biotic_stressors,TRUE,1,NA,2
AZ_SWAP_2022,AZ,SWAP,2022,FALSE,Arizona Game and Fish Department (AZGFD),SWAP,393,actions,priority_habitat_identification,TRUE,2,NA,3
AZ_SWAP_2022,AZ,SWAP,2022,FALSE,Arizona Game and Fish Department (AZGFD),SWAP,393,actions,targeted_range_shift_actions,TRUE,1,NA,2
AZ_SWAP_2022,AZ,SWAP,2022,FALSE,Arizona Game and Fish Department (AZGFD),SWAP,393,actions,time_bound_and_monitoring,TRUE,1,"The plan has a 10-year horizon and a 2032 revision deadline at the plan level, plus general calls for long-term monitoring. However, individual conservation actions in the habitat chapters do not have specific deadlines or milestones attached. The monitoring described is aspirational/general rather than tied to specific action-level effectiveness criteria. Score 1 (has clear plan-level deadline and monitoring as a principle but not operationalized at the action level with both deadlines AND effectiveness monitoring).",2
AZ_SWAP_2022,AZ,SWAP,2022,FALSE,Arizona Game and Fish Department (AZGFD),SWAP,393,actions,evidence_of_efficacy,TRUE,2,"Several case studies reference measured outcomes (volume of water retained, effective bullfrog removal), providing limited but direct evidence. These are real-world implemented actions with results, but are not directly tied to range-shift-specific actions. Score 2 (limited evidence: case studies present but not directly testing range-shift facilitation actions).",2
AZ_SWAP_2022,AZ,SWAP,2022,FALSE,Arizona Game and Fish Department (AZGFD),SWAP,393,actions,adaptation_planning_frameworks,TRUE,2,"The document names the Resistance-Recovery-Reorganization framework explicitly and applies it to forest management under climate change, and uses the AFWA climate change adaptation strategies framework across all 17 habitat profiles. Score 2: specific named frameworks (R-R-R equivalent to RRT) applied to the document's focal subjects.",3
AmericanSamoa_CWCS_2018,AmericanSamoa,CWCS,2018,FALSE,American Samoa (Territory of the United States),CWCS (Comprehensive Wildlife Conservation Strategy),220,concepts,climate_vulnerability,TRUE,2,"The document references climate exposure (ocean warming, sea level rise, acidification, altered ENSO) affecting species. However, adaptive capacity is not operationalized: the document calls for vulnerability assessments that have not yet been done ('There has been no formal vulnerability assessment of the Territory's coral reefs to global climate change'). The term 'vulnerability' is used but it is not decomposed into exposure plus adaptive capacity in any substantive way. Score is 2 (exposure referenced) rather than 3 because adaptive capacity as a distinct axis is not engaged — resilience is mentioned generically but not analyzed.",3
AmericanSamoa_CWCS_2018,AmericanSamoa,CWCS,2018,FALSE,American Samoa (Territory of the United States),CWCS (Comprehensive Wildlife Conservation Strategy),220,concepts,adaptive_capacity_specificity,TRUE,1,"The document mentions resilience and the ability of species to withstand disturbance in passing, but does not operationalize adaptive capacity with reference to specific components (dispersal, thermal tolerance, life history, etc.) in a climate context. The reference to species with 'broad diets and habitat breadth' is the closest passage but is brief. Score 1 rather than 2.",1
AmericanSamoa_CWCS_2018,AmericanSamoa,CWCS,2018,FALSE,American Samoa (Territory of the United States),CWCS (Comprehensive Wildlife Conservation Strategy),220,concepts,connectivity,TRUE,1,The document references connectivity in the context of larval transport among islands (currents as major determinant of larval transport) and mesophotic reefs as refugia/source for shallow reefs. These are generic ecological connectivity concepts rather than climate-gradient corridors or connectivity explicitly framed as supporting climate-driven range shifts. Score 1 (generic) rather than 2.,1
AmericanSamoa_CWCS_2018,AmericanSamoa,CWCS,2018,FALSE,American Samoa (Territory of the United States),CWCS (Comprehensive Wildlife Conservation Strategy),220,tools,vulnerability_models,TRUE,1,"The document repeatedly calls for vulnerability assessments to be conducted but acknowledges none have been done yet. This constitutes a recommendation (future use), not application. Score 1 (referenced generally) rather than 2.",1
AmericanSamoa_CWCS_2018,AmericanSamoa,CWCS,2018,FALSE,American Samoa (Territory of the United States),CWCS (Comprehensive Wildlife Conservation Strategy),220,tools,niche_models,TRUE,1,"Species distribution modeling is mentioned as a potential future use of the newly produced habitat maps, but no SDM or niche model is actually applied to any focal species in the document. Score 1 (referenced generally as a future tool) rather than 2.",1
AmericanSamoa_CWCS_2018,AmericanSamoa,CWCS,2018,FALSE,American Samoa (Territory of the United States),CWCS (Comprehensive Wildlife Conservation Strategy),220,tools,climate_models,TRUE,1,"The document cites IPCC (2013) projections for temperature and ocean pH but does not apply any climate model directly to American Samoa's focal species or habitats — it imports projections from the IPCC as background information for a threats section. No named GCMs, RCPs, SSPs, or downscaled products are applied. Score 1 (referenced generally) rather than 2.",1
AmericanSamoa_CWCS_2018,AmericanSamoa,CWCS,2018,FALSE,American Samoa (Territory of the United States),CWCS (Comprehensive Wildlife Conservation Strategy),220,tools,connectivity_models,TRUE,0,No connectivity modeling tools are referenced in the document.,0
AmericanSamoa_CWCS_2018,AmericanSamoa,CWCS,2018,FALSE,American Samoa (Territory of the United States),CWCS (Comprehensive Wildlife Conservation Strategy),220,context,biological_unit_score,TRUE,2,NA,2
AmericanSamoa_CWCS_2018,AmericanSamoa,CWCS,2018,FALSE,American Samoa (Territory of the United States),CWCS (Comprehensive Wildlife Conservation Strategy),220,context,partnerships_and_funding,TRUE,1,"The document describes partnerships extensively for general wildlife conservation, but for climate change-specific work, partnerships are largely aspirational (e.g., calling for vulnerability assessments in collaboration with partners). No specific funding is allocated for range-shift or climate adaptation work. Score 1.",1
AmericanSamoa_CWCS_2018,AmericanSamoa,CWCS,2018,FALSE,American Samoa (Territory of the United States),CWCS (Comprehensive Wildlife Conservation Strategy),220,context,climate_threat_habitat_degradation,TRUE,1,NA,1
AmericanSamoa_CWCS_2018,AmericanSamoa,CWCS,2018,FALSE,American Samoa (Territory of the United States),CWCS (Comprehensive Wildlife Conservation Strategy),220,context,climate_threat_species_vital_rates,TRUE,1,NA,1
AmericanSamoa_CWCS_2018,AmericanSamoa,CWCS,2018,FALSE,American Samoa (Territory of the United States),CWCS (Comprehensive Wildlife Conservation Strategy),220,context,climate_threat_biotic_stressors,TRUE,1,NA,1
AmericanSamoa_CWCS_2018,AmericanSamoa,CWCS,2018,FALSE,American Samoa (Territory of the United States),CWCS (Comprehensive Wildlife Conservation Strategy),220,actions,priority_habitat_identification,TRUE,2,"The document provides habitat maps (Appendix 4, Figures 4-8) with designated priority conservation areas, meeting the spatial representation criterion. The climate-resilience framing is present (identify resilient areas) though not the dominant driver of the spatial prioritization. Score 2 because maps and spatially explicit priority areas are included.",2
AmericanSamoa_CWCS_2018,AmericanSamoa,CWCS,2018,FALSE,American Samoa (Territory of the United States),CWCS (Comprehensive Wildlife Conservation Strategy),220,actions,targeted_range_shift_actions,TRUE,0,"The document discusses reintroductions (Ma'oma'o, Pacific boa, sheath-tailed bat) and captive rearing, but none are explicitly framed as climate-driven range-shift actions — they are motivated by extinction risk and predation, not shifting habitat suitability due to climate. No assisted migration, climate-corridor construction, or climate-motivated translocations are proposed. Score 0.",0
AmericanSamoa_CWCS_2018,AmericanSamoa,CWCS,2018,FALSE,American Samoa (Territory of the United States),CWCS (Comprehensive Wildlife Conservation Strategy),220,actions,time_bound_and_monitoring,TRUE,1,"The document includes plan-level review cycles (10-year formal reviews, yearly informal updates) but does not attach specific deadlines to individual conservation actions in the context of climate change. Monitoring is proposed but as a general strategy (Section 9, inventory and monitoring category) rather than effectiveness monitoring tied to specific climate-related actions at the action level. Score 1 for having a deadline structure at the plan level.",1
AmericanSamoa_CWCS_2018,AmericanSamoa,CWCS,2018,FALSE,American Samoa (Territory of the United States),CWCS (Comprehensive Wildlife Conservation Strategy),220,actions,evidence_of_efficacy,TRUE,2,"Evidence of efficacy is present for some restoration actions (giant clam hatcheries, coral fragment transplanting) but is limited: it references successes from other Pacific locations without systematic evaluation of outcomes in American Samoa. The climate-vulnerability-assessment actions are called for but have no prior evidence. Score 2 (limited evidence: studies with limited applicability/from other locations).",2
AmericanSamoa_CWCS_2018,AmericanSamoa,CWCS,2018,FALSE,American Samoa (Territory of the United States),CWCS (Comprehensive Wildlife Conservation Strategy),220,actions,adaptation_planning_frameworks,TRUE,1,"The document references participation in a 'local action strategy on Climate Change' and calls for vulnerability assessments and adaptive management cycles (PROGRAM EVALUATION AND ADAPTIVE MANAGEMENT section), but no specific named climate adaptation planning frameworks (RAD, RRT, SBDA, CCVA, etc.) are invoked. The adaptive management framework described is general, not specifically structured around climate change. Score 1 (non-specific reference to climate adaptation planning).",1
CA_SWAP_2025,CA,SWAP,2025,FALSE,California (CDFW),SWAP,914,concepts,climate_vulnerability,TRUE,3,NA,3
CA_SWAP_2025,CA,SWAP,2025,FALSE,California (CDFW),SWAP,914,concepts,adaptive_capacity_specificity,TRUE,2,NA,2
CA_SWAP_2025,CA,SWAP,2025,FALSE,California (CDFW),SWAP,914,concepts,connectivity,TRUE,2,NA,3
CA_SWAP_2025,CA,SWAP,2025,FALSE,California (CDFW),SWAP,914,tools,vulnerability_models,TRUE,2,NA,3
CA_SWAP_2025,CA,SWAP,2025,FALSE,California (CDFW),SWAP,914,tools,niche_models,TRUE,2,NA,2
CA_SWAP_2025,CA,SWAP,2025,FALSE,California (CDFW),SWAP,914,tools,climate_models,TRUE,2,NA,3
CA_SWAP_2025,CA,SWAP,2025,FALSE,California (CDFW),SWAP,914,tools,connectivity_models,TRUE,2,NA,3
CA_SWAP_2025,CA,SWAP,2025,FALSE,California (CDFW),SWAP,914,context,biological_unit_score,TRUE,2,NA,2
CA_SWAP_2025,CA,SWAP,2025,FALSE,California (CDFW),SWAP,914,context,partnerships_and_funding,TRUE,2,NA,3
CA_SWAP_2025,CA,SWAP,2025,FALSE,California (CDFW),SWAP,914,context,climate_threat_habitat_degradation,TRUE,1,NA,3
CA_SWAP_2025,CA,SWAP,2025,FALSE,California (CDFW),SWAP,914,context,climate_threat_species_vital_rates,TRUE,1,NA,2
CA_SWAP_2025,CA,SWAP,2025,FALSE,California (CDFW),SWAP,914,context,climate_threat_biotic_stressors,TRUE,1,NA,3
CA_SWAP_2025,CA,SWAP,2025,FALSE,California (CDFW),SWAP,914,actions,priority_habitat_identification,TRUE,2,NA,3
CA_SWAP_2025,CA,SWAP,2025,FALSE,California (CDFW),SWAP,914,actions,targeted_range_shift_actions,TRUE,1,NA,2
CA_SWAP_2025,CA,SWAP,2025,FALSE,California (CDFW),SWAP,914,actions,time_bound_and_monitoring,TRUE,1,"The plan endorses adaptive management and SMART objectives broadly, but most conservation strategies in the provincial chapters lack specific deadlines attached to individual actions. The SMART objective language in Chapter 6 provides some time-bound framing but at a conceptual level rather than action-specific milestones paired with effectiveness monitoring protocols, which would be required for score 2.",2
CA_SWAP_2025,CA,SWAP,2025,FALSE,California (CDFW),SWAP,914,actions,evidence_of_efficacy,TRUE,2,"The document references numerous success stories and prior conservation outcomes (Channel Islands, dam removal, trout eradication) that constitute limited-to-moderate evidence of efficacy for specific actions. Evidence is drawn primarily from different taxa or systems than the full SGCN list, and most of the action tables do not cite specific efficacy studies. Score is 2 (limited evidence) rather than 3 (strong evidence) because the bulk of the action strategies lack directly applicable efficacy citations.",2
CA_SWAP_2025,CA,SWAP,2025,FALSE,California (CDFW),SWAP,914,actions,adaptation_planning_frameworks,TRUE,2,NA,3
CNMI_SWAP_2025_draft,CNMI,SWAP,2025,TRUE,Commonwealth of the Northern Mariana Islands (CNMI),SWAP,321,concepts,climate_vulnerability,TRUE,3,NA,3
CNMI_SWAP_2025_draft,CNMI,SWAP,2025,TRUE,Commonwealth of the Northern Mariana Islands (CNMI),SWAP,321,concepts,adaptive_capacity_specificity,TRUE,2,NA,2
CNMI_SWAP_2025_draft,CNMI,SWAP,2025,TRUE,Commonwealth of the Northern Mariana Islands (CNMI),SWAP,321,concepts,connectivity,TRUE,1,"The document references connectivity in a generic sense (wildlife corridors as movement pathways for native species, marine larval connectivity) but does not frame connectivity explicitly as supporting climate-driven range shifts or as 'climate corridors.' Score is 1 (generic). The closest passage to climate framing is the species resilience assessment framework listing 'movement' and 'distribution' as adaptive capacity components, but the specific discussion of corridors and connectivity is not framed in terms of climate-driven range shifts.",2
CNMI_SWAP_2025_draft,CNMI,SWAP,2025,TRUE,Commonwealth of the Northern Mariana Islands (CNMI),SWAP,321,tools,vulnerability_models,TRUE,2,NA,2
CNMI_SWAP_2025_draft,CNMI,SWAP,2025,TRUE,Commonwealth of the Northern Mariana Islands (CNMI),SWAP,321,tools,niche_models,TRUE,0,"No species distribution models, habitat suitability models, MaxEnt, or similar niche modeling tools are referenced or applied in the document.",0
CNMI_SWAP_2025_draft,CNMI,SWAP,2025,TRUE,Commonwealth of the Northern Mariana Islands (CNMI),SWAP,321,tools,climate_models,TRUE,1,"The document references climate projections from the East-West Center 2021 report but does not itself apply GCMs, name specific climate models, or specify emission scenarios. The projections are incorporated as background context rather than being applied in any analysis of the document's focal subjects. Score is 1 (referenced generally/results incorporated as background). Ocean pH is projected to 2100 (Orr et al. 2005) and sea level to end of century, but these are literature citations rather than document-applied climate modeling.",2
CNMI_SWAP_2025_draft,CNMI,SWAP,2025,TRUE,Commonwealth of the Northern Mariana Islands (CNMI),SWAP,321,tools,connectivity_models,TRUE,0,"No connectivity modeling tools (CircuitScape, Omniscape, least-cost path, etc.) are referenced or applied. The document calls for better understanding of marine connectivity as a research need but does not reference or use connectivity models.",0
CNMI_SWAP_2025_draft,CNMI,SWAP,2025,TRUE,Commonwealth of the Northern Mariana Islands (CNMI),SWAP,321,context,biological_unit_score,TRUE,2,NA,2
CNMI_SWAP_2025_draft,CNMI,SWAP,2025,TRUE,Commonwealth of the Northern Mariana Islands (CNMI),SWAP,321,context,partnerships_and_funding,TRUE,2,NA,3
CNMI_SWAP_2025_draft,CNMI,SWAP,2025,TRUE,Commonwealth of the Northern Mariana Islands (CNMI),SWAP,321,context,climate_threat_habitat_degradation,TRUE,1,NA,3
CNMI_SWAP_2025_draft,CNMI,SWAP,2025,TRUE,Commonwealth of the Northern Mariana Islands (CNMI),SWAP,321,context,climate_threat_species_vital_rates,TRUE,1,NA,2
CNMI_SWAP_2025_draft,CNMI,SWAP,2025,TRUE,Commonwealth of the Northern Mariana Islands (CNMI),SWAP,321,context,climate_threat_biotic_stressors,TRUE,1,"The document links climate change to invasive species spread and community composition shifts. The framing is somewhat generic (e.g., climate-driven spread of invasives is not named for specific species) but the connection between climate and biotic stressors is explicitly stated.",2
CNMI_SWAP_2025_draft,CNMI,SWAP,2025,TRUE,Commonwealth of the Northern Mariana Islands (CNMI),SWAP,321,actions,priority_habitat_identification,TRUE,2,"The document identifies priority/key habitats (wetlands, forests, mangroves, coral reefs, caves) and provides spatial maps (Figures 37-50 for marine habitats; conservation area maps Figures 5-23 for terrestrial areas). Multiple conservation areas are mapped with boundaries. This meets the score-2 criterion of spatially represented priority habitat identification.",3
CNMI_SWAP_2025_draft,CNMI,SWAP,2025,TRUE,Commonwealth of the Northern Mariana Islands (CNMI),SWAP,321,actions,targeted_range_shift_actions,TRUE,1,"The bird translocations are primarily framed as biosecurity insurance (against brown tree snake) rather than as climate-driven range shift facilitation. However, the document also explicitly discusses the uncertainty of northern islands as long-term habitat refuges given climate and volcanic dynamics, and the Thomas Framework used in resiliency assessments explicitly considers 'range expansion' as a possible species benefit from changing environmental conditions. The translocation actions themselves are not explicitly framed as climate-motivated, but the broader plan context of resiliency assessments under climate change, combined with the acknowledgment that 'habitat on the Northern Islands may not be and an ideal substitute for all species in the Southern Islands,' shows at least borderline climate-motivated redistribution of species. This is a close call; score of 1 is assigned because the translocations are mentioned as actions planned and implemented, and the plan frames them within a climate adaptation context (resiliency planning). The evidence is not fully in-scope per the codebook's 'must explicitly invoke climate change as motivation' rule, but the resiliency-assessment-driven planning context is suggestive.",2
CNMI_SWAP_2025_draft,CNMI,SWAP,2025,TRUE,Commonwealth of the Northern Mariana Islands (CNMI),SWAP,321,actions,time_bound_and_monitoring,TRUE,2,"The document contains both time-bound milestones (2030 midpoint review, 2034 revision start, 10-year plan) and effectiveness monitoring provisions at the action level (status monitoring tied to SGCN objectives, adaptive management cycles, multiple named ongoing monitoring programs). Score is 2.",3
CNMI_SWAP_2025_draft,CNMI,SWAP,2025,TRUE,Commonwealth of the Northern Mariana Islands (CNMI),SWAP,321,actions,evidence_of_efficacy,TRUE,2,"The document provides several case studies and lessons learned from the 2015 SWAP implementation (progress report), including specific project outcomes. Evidence includes documented results from prior actions (Sarigan eradication, coral nurseries, åga program) with some citations to relevant studies. This meets the 'limited evidence' threshold (score 2) as these are real-world implementations with documented outcomes, though not all are directly applicable to climate-specific actions.",3
CNMI_SWAP_2025_draft,CNMI,SWAP,2025,TRUE,Commonwealth of the Northern Mariana Islands (CNMI),SWAP,321,actions,adaptation_planning_frameworks,TRUE,2,"The document explicitly names and applies specific climate adaptation planning frameworks: CCVI (climate change vulnerability assessment), Thomas Framework, and adaptive management. The CCVI and Thomas Framework are specific named tools applied to the plan's focal species. Adaptive management is framed explicitly in the context of climate-driven environmental change. Score is 2.",3
CO_SWAP_2015,CO,SWAP,2015,FALSE,Colorado,SWAP,865,concepts,climate_vulnerability,TRUE,3,NA,3
CO_SWAP_2015,CO,SWAP,2015,FALSE,Colorado,SWAP,865,concepts,adaptive_capacity_specificity,TRUE,2,NA,2
CO_SWAP_2015,CO,SWAP,2015,FALSE,Colorado,SWAP,865,concepts,connectivity,TRUE,2,The document discusses corridors and landscape connectivity in the context of facilitating species range adjustments under climate change. Score=2 because connectivity is explicitly framed as supporting climate-driven range shifts in multiple places.,2
CO_SWAP_2015,CO,SWAP,2015,FALSE,Colorado,SWAP,865,tools,vulnerability_models,TRUE,2,NA,3
CO_SWAP_2015,CO,SWAP,2015,FALSE,Colorado,SWAP,865,tools,niche_models,TRUE,2,NA,2
CO_SWAP_2015,CO,SWAP,2015,FALSE,Colorado,SWAP,865,tools,climate_models,TRUE,2,NA,2
CO_SWAP_2015,CO,SWAP,2015,FALSE,Colorado,SWAP,865,tools,connectivity_models,TRUE,1,"CHAT is referenced as a habitat prioritization tool incorporating wildlife corridors and connectivity. However, no dedicated connectivity model output (e.g., CircuitScape, Linkage Mapper) is named or applied as a connectivity model to the document's focal subjects. Score=1: referenced generally but not applied as a connectivity model per se.",1
CO_SWAP_2015,CO,SWAP,2015,FALSE,Colorado,SWAP,865,context,biological_unit_score,TRUE,2,NA,2
CO_SWAP_2015,CO,SWAP,2015,FALSE,Colorado,SWAP,865,context,partnerships_and_funding,TRUE,1,"The plan describes broad aspirations for partnerships and mentions programs like the Conservation Reserve Program, Farm Bill incentives, and CPW's own habitat protection program. However, there are no specific dollar allocations or budgets explicitly attached to range-shift-related actions; funding for the SWAP process itself is mentioned (State Wildlife Grants). Score=1 for some funding/partnerships described but primarily aspirational for range-shift work.",2
CO_SWAP_2015,CO,SWAP,2015,FALSE,Colorado,SWAP,865,context,climate_threat_habitat_degradation,TRUE,1,NA,1
CO_SWAP_2015,CO,SWAP,2015,FALSE,Colorado,SWAP,865,context,climate_threat_species_vital_rates,TRUE,1,NA,1
CO_SWAP_2015,CO,SWAP,2015,FALSE,Colorado,SWAP,865,context,climate_threat_biotic_stressors,TRUE,1,NA,1
CO_SWAP_2015,CO,SWAP,2015,FALSE,Colorado,SWAP,865,actions,priority_habitat_identification,TRUE,2,NA,3
CO_SWAP_2015,CO,SWAP,2015,FALSE,Colorado,SWAP,865,actions,targeted_range_shift_actions,TRUE,1,"Structural facilitation actions (e.g., landscape-scale connectivity to allow range adjustment) are explicitly framed as climate responses for prairie dog species and lynx. Additionally, translocations for Columbian sharp-tailed grouse are mentioned, though this particular translocation is framed as 'historic range' restoration rather than explicit climate-driven range shift facilitation. The habitat connectivity maintenance framing for prairie dogs and the 'Model potential habitat/range shifts...prepare adaptation plan' actions in Table 3 plants earn score=1.",1
CO_SWAP_2015,CO,SWAP,2015,FALSE,Colorado,SWAP,865,actions,time_bound_and_monitoring,TRUE,1,"The plan has a 10-year revision cycle and periodic biodiversity scorecard updates, plus species-specific monitoring described in Table 9. However, individual conservation actions in Tables 7 and 8 generally lack specific deadlines attached to individual actions; most specify H/M/L priority without binding timelines. The plan endorses monitoring and adaptive management as principles but does not operationalize deadlines at the action level. Score=1 (plan-level timelines and monitoring exist but not tied to individual actions).",1
CO_SWAP_2015,CO,SWAP,2015,FALSE,Colorado,SWAP,865,actions,evidence_of_efficacy,TRUE,1,"The document presents rationale (ecological first principles) for most conservation actions but rarely cites specific prior studies demonstrating action efficacy. Some references to ongoing management (e.g., black-footed ferret reintroduction, oral plague vaccine research) mention existing programs but do not systematically evaluate outcomes. Score=1 for rationale-based justifications without direct action efficacy evidence.",1
CO_SWAP_2015,CO,SWAP,2015,FALSE,Colorado,SWAP,865,actions,adaptation_planning_frameworks,TRUE,2,"The document explicitly applies climate change vulnerability assessment (CCVA) per the AFWA/Glick framework, and references adaptive management in climate contexts. Specific named frameworks like RAD or Resist-Accept-Direct are not mentioned, but the CCVA methodology is specifically applied to this plan's focal subjects, justifying score=2.",3
CT_SWAP_2025,CT,SWAP,2025,FALSE,Connecticut,SWAP,NA,concepts,climate_vulnerability,TRUE,3,NA,3
CT_SWAP_2025,CT,SWAP,2025,FALSE,Connecticut,SWAP,NA,concepts,adaptive_capacity_specificity,TRUE,2,NA,2
CT_SWAP_2025,CT,SWAP,2025,FALSE,Connecticut,SWAP,NA,concepts,connectivity,TRUE,2,NA,2
CT_SWAP_2025,CT,SWAP,2025,FALSE,Connecticut,SWAP,NA,tools,vulnerability_models,TRUE,2,NA,2
CT_SWAP_2025,CT,SWAP,2025,FALSE,Connecticut,SWAP,NA,tools,niche_models,TRUE,2,NA,2
CT_SWAP_2025,CT,SWAP,2025,FALSE,Connecticut,SWAP,NA,tools,climate_models,TRUE,2,NA,2
CT_SWAP_2025,CT,SWAP,2025,FALSE,Connecticut,SWAP,NA,tools,connectivity_models,TRUE,2,NA,2
CT_SWAP_2025,CT,SWAP,2025,FALSE,Connecticut,SWAP,NA,context,biological_unit_score,TRUE,2,NA,2
CT_SWAP_2025,CT,SWAP,2025,FALSE,Connecticut,SWAP,NA,context,partnerships_and_funding,TRUE,2,NA,3
CT_SWAP_2025,CT,SWAP,2025,FALSE,Connecticut,SWAP,NA,context,climate_threat_habitat_degradation,TRUE,1,NA,2
CT_SWAP_2025,CT,SWAP,2025,FALSE,Connecticut,SWAP,NA,context,climate_threat_species_vital_rates,TRUE,1,NA,2
CT_SWAP_2025,CT,SWAP,2025,FALSE,Connecticut,SWAP,NA,context,climate_threat_biotic_stressors,TRUE,1,NA,2
CT_SWAP_2025,CT,SWAP,2025,FALSE,Connecticut,SWAP,NA,actions,priority_habitat_identification,TRUE,2,NA,3
CT_SWAP_2025,CT,SWAP,2025,FALSE,Connecticut,SWAP,NA,actions,targeted_range_shift_actions,TRUE,1,NA,2
CT_SWAP_2025,CT,SWAP,2025,FALSE,Connecticut,SWAP,NA,actions,time_bound_and_monitoring,TRUE,2,NA,3
CT_SWAP_2025,CT,SWAP,2025,FALSE,Connecticut,SWAP,NA,actions,evidence_of_efficacy,TRUE,2,NA,2
CT_SWAP_2025,CT,SWAP,2025,FALSE,Connecticut,SWAP,NA,actions,adaptation_planning_frameworks,TRUE,2,NA,3
DC_SWAP_2015,DC,SWAP,2015,FALSE,District of Columbia,SWAP,214,concepts,climate_vulnerability,TRUE,3,NA,3
DC_SWAP_2015,DC,SWAP,2015,FALSE,District of Columbia,SWAP,214,concepts,adaptive_capacity_specificity,TRUE,2,NA,3
DC_SWAP_2015,DC,SWAP,2015,FALSE,District of Columbia,SWAP,214,concepts,connectivity,TRUE,2,"The glossary explicitly defines connectivity in terms of organisms' ability to 'cope with climate change,' which meets the score-2 threshold for climate-relevant framing. The wildlife corridors section also discusses fragmentation limiting movement, and meadow restoration sites were prioritized by connectivity. Score 2 is warranted.",2
DC_SWAP_2015,DC,SWAP,2015,FALSE,District of Columbia,SWAP,214,tools,vulnerability_models,TRUE,2,NA,1
DC_SWAP_2015,DC,SWAP,2015,FALSE,District of Columbia,SWAP,214,tools,niche_models,TRUE,2,"The Tree Atlas is a species distribution model product applied to the District's focal forest species. SLAMM is primarily a physical model, not a species niche model, but Tree Atlas is clearly an SDM product applied to the document's subject.",1
DC_SWAP_2015,DC,SWAP,2015,FALSE,District of Columbia,SWAP,214,tools,climate_models,TRUE,2,NA,3
DC_SWAP_2015,DC,SWAP,2015,FALSE,District of Columbia,SWAP,214,tools,connectivity_models,TRUE,0,"The document discusses connectivity and wildlife corridors qualitatively, and prioritizes meadow restoration sites by connectivity (using GIS). However, no quantitative connectivity modeling tool (CircuitScape, Linkage Mapper, least-cost path, etc.) is named or applied. The GIS-based habitat condition analysis does not constitute a connectivity model in the codebook sense.",0
DC_SWAP_2015,DC,SWAP,2015,FALSE,District of Columbia,SWAP,214,context,biological_unit_score,TRUE,2,NA,2
DC_SWAP_2015,DC,SWAP,2015,FALSE,District of Columbia,SWAP,214,context,partnerships_and_funding,TRUE,1,"The document describes partnerships aspirationally (coordination with USFWS, NALCC, Northeast states) and acknowledges funding gaps. There is no evidence of strategic investment with active partnerships specifically for range-shift actions. Score 1 is appropriate.",2
DC_SWAP_2015,DC,SWAP,2015,FALSE,District of Columbia,SWAP,214,context,climate_threat_habitat_degradation,TRUE,1,NA,3
DC_SWAP_2015,DC,SWAP,2015,FALSE,District of Columbia,SWAP,214,context,climate_threat_species_vital_rates,TRUE,1,NA,2
DC_SWAP_2015,DC,SWAP,2015,FALSE,District of Columbia,SWAP,214,context,climate_threat_biotic_stressors,TRUE,1,NA,1
DC_SWAP_2015,DC,SWAP,2015,FALSE,District of Columbia,SWAP,214,actions,priority_habitat_identification,TRUE,2,NA,3
DC_SWAP_2015,DC,SWAP,2015,FALSE,District of Columbia,SWAP,214,actions,targeted_range_shift_actions,TRUE,1,"The document proposes wildlife corridor identification explicitly framed as addressing fragmentation limiting species movement (structural facilitation). The glossary defines connectivity explicitly in terms of organisms' ability to cope with climate change. This qualifies as structural facilitation for range shifts. No direct manipulation (assisted migration, translocation for climate reasons) is proposed.",1
DC_SWAP_2015,DC,SWAP,2015,FALSE,District of Columbia,SWAP,214,actions,time_bound_and_monitoring,TRUE,1,"The document specifies a 5-year SGCN list revision and a 10-year plan implementation window with monitoring via TRACS and NRMPRF. However, individual conservation actions in the action tables (Tables 11-25) lack specific deadlines or milestones. The monitoring framework is described at the plan level, not the action level. Score 1 (clear deadlines at plan level) is warranted; score 2 would require action-level deadlines AND effectiveness monitoring tied to specific actions.",2
DC_SWAP_2015,DC,SWAP,2015,FALSE,District of Columbia,SWAP,214,actions,evidence_of_efficacy,TRUE,2,NA,2
DC_SWAP_2015,DC,SWAP,2015,FALSE,District of Columbia,SWAP,214,actions,adaptation_planning_frameworks,TRUE,2,NA,3
DE_SWAP_2015,DE,SWAP,2015,FALSE,Delaware,SWAP,1288,concepts,climate_vulnerability,TRUE,3,NA,3
DE_SWAP_2015,DE,SWAP,2015,FALSE,Delaware,SWAP,1288,concepts,adaptive_capacity_specificity,TRUE,2,NA,2
DE_SWAP_2015,DE,SWAP,2015,FALSE,Delaware,SWAP,1288,concepts,connectivity,TRUE,2,NA,3
DE_SWAP_2015,DE,SWAP,2015,FALSE,Delaware,SWAP,1288,tools,vulnerability_models,TRUE,1,"The CCVI is referenced critically as a tool used in other prioritization systems but is not reported as applied to Delaware's focal SGCN in this plan. The reference is evaluative commentary on the tool's limitations, not a report of CCVI scores calculated for Delaware species.",1
DE_SWAP_2015,DE,SWAP,2015,FALSE,Delaware,SWAP,1288,tools,niche_models,TRUE,1,SDMs/bioclimatic envelope models are referenced generically with a citation but are not applied to Delaware's focal SGCN in this plan. The discussion is a general critique of these modeling approaches.,1
DE_SWAP_2015,DE,SWAP,2015,FALSE,Delaware,SWAP,1288,tools,climate_models,TRUE,2,"Hayhoe et al. (2013) downscaled climate models specifically for Delaware using 14 weather stations; projections are incorporated into the plan's threat analysis, meeting the 'applied to subject' criterion. CMIP5 models are also referenced via Bopp et al. 2013 for marine impacts.",2
DE_SWAP_2015,DE,SWAP,2015,FALSE,Delaware,SWAP,1288,tools,connectivity_models,TRUE,2,"The Delaware Ecological Network (DEN) is a spatial connectivity model whose outputs (core areas, existing corridors, potential corridors) are used to define Priority Wildlife Habitats and Conservation Opportunity Areas throughout the plan. Though the DEN was produced by The Conservation Fund, the plan substantively incorporates its outputs into management decisions for Delaware's focal subjects, satisfying the 'applied' criterion.",2
DE_SWAP_2015,DE,SWAP,2015,FALSE,Delaware,SWAP,1288,context,biological_unit_score,TRUE,2,NA,2
DE_SWAP_2015,DE,SWAP,2015,FALSE,Delaware,SWAP,1288,context,partnerships_and_funding,TRUE,1,"While the plan describes many existing partnerships (USFWS, TNC, NALCC, etc.) and some funding programs (SWG, Working Lands for Wildlife), these are not described in the context of a specifically climate-adaptive range-shift management program. Partnerships are broadly described but funding for range-shift-specific work is acknowledged as insufficient. Score of 1 reflects aspirational/general partnership descriptions without strong evidence of strategic investment specifically in range-shift conservation actions.",2
DE_SWAP_2015,DE,SWAP,2015,FALSE,Delaware,SWAP,1288,context,climate_threat_habitat_degradation,TRUE,1,NA,1
DE_SWAP_2015,DE,SWAP,2015,FALSE,Delaware,SWAP,1288,context,climate_threat_species_vital_rates,TRUE,1,"The plan describes mortality of intertidal communities from marine heatwaves and climate-driven disease spread, constituting direct effects on vital rates. The framing 'heat stress to aquatic organisms' and disease emergence linked to climate represent direct vital rate impacts.",1
DE_SWAP_2015,DE,SWAP,2015,FALSE,Delaware,SWAP,1288,context,climate_threat_biotic_stressors,TRUE,1,NA,1
DE_SWAP_2015,DE,SWAP,2015,FALSE,Delaware,SWAP,1288,actions,priority_habitat_identification,TRUE,2,"Priority Wildlife Habitats are spatially mapped (the DEN with core areas and corridors) and Conservation Opportunity Areas are defined and mapped. These are used to guide management. However, the plan explicitly notes the DEN does not yet incorporate climate change or SLR into prioritization. The spatial representation is present and used in the plan, scoring 2.",3
DE_SWAP_2015,DE,SWAP,2015,FALSE,Delaware,SWAP,1288,actions,targeted_range_shift_actions,TRUE,1,The plan explicitly discusses assisted migration/managed relocation as a contested management option and recommends developing policies regarding it (structural facilitation framing). The discussion of connecting habitats via corridors to facilitate species range shifts (Chapter 3) also qualifies as structural facilitation. Score of 1 reflects that the plan acknowledges and partially recommends these actions.,1
DE_SWAP_2015,DE,SWAP,2015,FALSE,Delaware,SWAP,1288,actions,time_bound_and_monitoring,TRUE,1,"The plan has a general adaptive management framework (Chapter 5) and some urgency rankings (deadlines for actions in Appendix 4), but action-level deadlines are not consistently attached throughout the action tables. Urgency criteria in Appendix 4 indicate 'Initiate immediately (2016)', '5 years (2017-2020)', '5-10 years (2020-2025)', which provides some time-binding at the action level. However, effectiveness monitoring tied specifically to climate-driven range-shift actions is not operationalized. Score of 1 reflects that deadlines appear in the urgency criteria framework but effectiveness monitoring at the action level is not fully operationalized.",2
DE_SWAP_2015,DE,SWAP,2015,FALSE,Delaware,SWAP,1288,actions,evidence_of_efficacy,TRUE,1,"The plan cites various literature to contextualize threats but does not present case studies or efficacy evaluations of its specific climate-adaptation conservation actions. Actions are supported by general ecological reasoning and framing from referenced plans, not by data from implemented demonstrations. Score of 1 reflects that rationale is outlined and some literature is cited but no direct evidence of action efficacy is presented.",1
DE_SWAP_2015,DE,SWAP,2015,FALSE,Delaware,SWAP,1288,actions,adaptation_planning_frameworks,TRUE,2,"The plan references adaptive management as a central organizing principle and incorporates sea level rise scenarios (climate change scenario planning) into habitat management prescriptions. The plan also references climate change vulnerability assessment framing (sensitivity, exposure, adaptive capacity from Chapter 3). These constitute named specific planning tools/processes in the climate adaptation context, warranting score of 2.",3
FL_SWAP_2019,FL,SWAP,2019,FALSE,Florida,SWAP,254,concepts,climate_vulnerability,TRUE,3,NA,3
FL_SWAP_2019,FL,SWAP,2019,FALSE,Florida,SWAP,254,concepts,adaptive_capacity_specificity,TRUE,2,NA,2
FL_SWAP_2019,FL,SWAP,2019,FALSE,Florida,SWAP,254,concepts,connectivity,TRUE,2,NA,3
FL_SWAP_2019,FL,SWAP,2019,FALSE,Florida,SWAP,254,tools,vulnerability_models,TRUE,2,NA,3
FL_SWAP_2019,FL,SWAP,2019,FALSE,Florida,SWAP,254,tools,niche_models,TRUE,0,"The document does not reference species distribution models, MaxEnt, or any niche modeling tools. The LCC discussion mentions 'habitat and species distributions' combined with sea level rise projections but attributes this to external LCC projects rather than performing or incorporating SDM results for focal SGCN.",0
FL_SWAP_2019,FL,SWAP,2019,FALSE,Florida,SWAP,254,tools,climate_models,TRUE,1,"The document references climate projections qualitatively (temperature increases, sea level rise, changed precipitation) with a general mention of 'a range of emissions scenarios' and a time horizon of end of century, but no specific GCM, CMIP, RCP, or SSP is named. Qualifies as 'referenced generally' (1) per the codebook.",1
FL_SWAP_2019,FL,SWAP,2019,FALSE,Florida,SWAP,254,tools,connectivity_models,TRUE,1,"CLIP is referenced as a spatial planning tool used to identify conservation priorities including connectivity, but specific connectivity modeling tools (CircuitScape, Linkage Mapper, least-cost path) are not named and the document does not clearly apply connectivity modeling outputs to specific SGCN management decisions. Score 1 (referenced generally).",1
FL_SWAP_2019,FL,SWAP,2019,FALSE,Florida,SWAP,254,context,biological_unit_score,TRUE,2,NA,2
FL_SWAP_2019,FL,SWAP,2019,FALSE,Florida,SWAP,254,context,partnerships_and_funding,TRUE,2,NA,2
FL_SWAP_2019,FL,SWAP,2019,FALSE,Florida,SWAP,254,context,climate_threat_habitat_degradation,TRUE,1,NA,2
FL_SWAP_2019,FL,SWAP,2019,FALSE,Florida,SWAP,254,context,climate_threat_species_vital_rates,TRUE,1,NA,2
FL_SWAP_2019,FL,SWAP,2019,FALSE,Florida,SWAP,254,context,climate_threat_biotic_stressors,TRUE,1,NA,2
FL_SWAP_2019,FL,SWAP,2019,FALSE,Florida,SWAP,254,actions,priority_habitat_identification,TRUE,2,"The plan includes statewide habitat maps for all major habitat types with acreages of conservation lands, Strategic Habitat Conservation Areas, and Florida Forever lands spatially represented. Climate-driven habitat migration corridors are identified as priority conservation actions. This supports score 2.",3
FL_SWAP_2019,FL,SWAP,2019,FALSE,Florida,SWAP,254,actions,targeted_range_shift_actions,TRUE,1,NA,2
FL_SWAP_2019,FL,SWAP,2019,FALSE,Florida,SWAP,254,actions,time_bound_and_monitoring,TRUE,2,NA,3
FL_SWAP_2019,FL,SWAP,2019,FALSE,Florida,SWAP,254,actions,evidence_of_efficacy,TRUE,1,"The plan references prior actions and their reviews but does not present specific evidence of efficacy for climate adaptation actions. Actions are presented as logical responses to threats but without citations or case studies demonstrating their effectiveness. Score is 1 (rationale outlined, no direct evidence of efficacy for actions).",1
FL_SWAP_2019,FL,SWAP,2019,FALSE,Florida,SWAP,254,actions,adaptation_planning_frameworks,TRUE,2,"The document names specific climate adaptation planning tools: climate vulnerability assessments (CCVA), decision support tools for adaptation strategy selection, and references 'A Guide to Climate Change Adaptation for Conservation' (FWC 2016a) as an operational framework applied to Florida SGCN. The plan has dedicated objectives and actions around adaptation planning, qualifying for score 2.",3
GA_SWAP_2015,GA,SWAP,2015,FALSE,Georgia,SWAP,262,concepts,climate_vulnerability,TRUE,3,NA,3
GA_SWAP_2015,GA,SWAP,2015,FALSE,Georgia,SWAP,262,concepts,adaptive_capacity_specificity,TRUE,2,"The document references adaptive capacity explicitly with named components (dispersal ability, specialized habitat needs), meeting the threshold for score 2.",2
GA_SWAP_2015,GA,SWAP,2015,FALSE,Georgia,SWAP,262,concepts,connectivity,TRUE,2,NA,2
GA_SWAP_2015,GA,SWAP,2015,FALSE,Georgia,SWAP,262,tools,vulnerability_models,TRUE,2,"The UGA vulnerability assessment is applied to focal Georgia SGCN species, satisfying the 'applied to subject' criterion.",2
GA_SWAP_2015,GA,SWAP,2015,FALSE,Georgia,SWAP,262,tools,niche_models,TRUE,1,"The document recommends developing/applying distribution models incorporating climate change but does not present new SDM analyses for focal species within the plan. This is a recommendation (score 1), not application.",1
GA_SWAP_2015,GA,SWAP,2015,FALSE,Georgia,SWAP,262,tools,climate_models,TRUE,1,SLAMM and USFS vegetation change models are referenced and recommended for use but not applied to produce new analyses within the plan itself. The assessment maps for amphibians citing habitat in 2050 come from an external UGA study. Score is 1 (referenced generally/recommended) rather than 2.,2
GA_SWAP_2015,GA,SWAP,2015,FALSE,Georgia,SWAP,262,tools,connectivity_models,TRUE,2,The Georgia Greenway Opportunities Map was developed using connectivity model outputs and is used to guide land conservation decisions for focal subjects in the plan. This satisfies the 'applied to subject' criterion.,2
GA_SWAP_2015,GA,SWAP,2015,FALSE,Georgia,SWAP,262,context,biological_unit_score,TRUE,2,NA,2
GA_SWAP_2015,GA,SWAP,2015,FALSE,Georgia,SWAP,262,context,partnerships_and_funding,TRUE,2,"The plan describes multiple active partnerships (LCCs, SEAFWA, SEARS, TNC, USFWS, academic institutions) that are actively implementing range-shift-relevant actions, and identifies funding sources for plan implementation.",2
GA_SWAP_2015,GA,SWAP,2015,FALSE,Georgia,SWAP,262,context,climate_threat_habitat_degradation,TRUE,1,NA,1
GA_SWAP_2015,GA,SWAP,2015,FALSE,Georgia,SWAP,262,context,climate_threat_species_vital_rates,TRUE,1,"Temperature-dependent sex determination directly affects reproductive vital rates (sex ratio at birth), qualifying as a direct climate effect on vital rates.",1
GA_SWAP_2015,GA,SWAP,2015,FALSE,Georgia,SWAP,262,context,climate_threat_biotic_stressors,TRUE,1,NA,1
GA_SWAP_2015,GA,SWAP,2015,FALSE,Georgia,SWAP,262,actions,priority_habitat_identification,TRUE,2,NA,2
GA_SWAP_2015,GA,SWAP,2015,FALSE,Georgia,SWAP,262,actions,targeted_range_shift_actions,TRUE,1,"Structural facilitation via corridors explicitly framed for climate-driven movement earns a 1. The GPCA assisted migration mention is aspirational. No direct manipulation (translocation, assisted migration implemented) is described as implemented.",1
GA_SWAP_2015,GA,SWAP,2015,FALSE,Georgia,SWAP,262,actions,time_bound_and_monitoring,TRUE,1,"The plan includes a 10-year revision cycle and a stated August 2025 deadline for the next revision, plus annual informal assessments. However, specific climate-related conservation actions lack attached deadlines or effectiveness monitoring protocols at the action level. Score 1 for plan-level time-binding; does not reach 2 without action-level monitoring tied to specific actions.",1
GA_SWAP_2015,GA,SWAP,2015,FALSE,Georgia,SWAP,262,actions,evidence_of_efficacy,TRUE,1,"Actions are supported by first principles (connectivity helps species shift ranges, shade reduces stream temperatures) and references to vulnerability assessments, but not by evaluations of prior implemented actions. Score 1 for rationale without direct efficacy evidence.",1
GA_SWAP_2015,GA,SWAP,2015,FALSE,Georgia,SWAP,262,actions,adaptation_planning_frameworks,TRUE,2,"The document explicitly invokes Climate-Smart Conservation (NWF framework), AFWA Best Practices for SWAP revision incorporating climate change, and adaptive management framed in the climate decision-making context. These named frameworks satisfy score 2.",2
GU_SWAP_2025_draft,GU,SWAP,2025,TRUE,Guam (U.S. territory),SWAP,314,concepts,climate_vulnerability,TRUE,2,"The document scores 2 (exposure referenced without paired adaptive capacity discussion). Exposure is extensively documented: rising temperatures, sea-level rise, ocean acidification, altered precipitation, bleaching events. Adaptive capacity is mentioned only very generically in the phrase 'ecosystem resilience' and 'vulnerability assessments' without operationalizing specific components of adaptive capacity for focal species. The document does not systematically discuss adaptive capacity components (dispersal ability, evolutionary potential, etc.) in a vulnerability framework for SGCN. One passage (in the 'Climate Change and Its Impacts' section) notes 'shifting habitat and species distributions' as a climate indicator, but adaptive capacity is not addressed as the second axis of a vulnerability framework.",3
GU_SWAP_2025_draft,GU,SWAP,2025,TRUE,Guam (U.S. territory),SWAP,314,concepts,adaptive_capacity_specificity,TRUE,1,"Adaptive capacity is referenced in a non-specific way. The document mentions 'ecosystem resilience' and 'vulnerability assessments' in climate contexts but does not articulate specific components (dispersal ability, thermal tolerance, evolutionary potential, etc.) for any SGCN in a climate-adaptive-capacity framing. Score is 1, not 2, because no specific components of adaptive capacity are operationalized.",1
GU_SWAP_2025_draft,GU,SWAP,2025,TRUE,Guam (U.S. territory),SWAP,314,concepts,connectivity,TRUE,1,"Connectivity is referenced generically in the context of landscape-scale conservation across the Mariana Islands ('movement through the islands') but is not framed in climate-relevant terms (e.g., climate corridors, climate-gradient connectivity, connectivity to support climate-driven range shifts). Score is 1 (generic) rather than 2 (climate-specific). The document does not use terms like 'climate corridors,' 'climate connectivity,' or frame connectivity as enabling range shifts under climate change.",1
GU_SWAP_2025_draft,GU,SWAP,2025,TRUE,Guam (U.S. territory),SWAP,314,tools,vulnerability_models,TRUE,1,"The document references vulnerability assessments to climate change as a future action and mentions participation in a Guam Vulnerability Assessment to Climate Change Plan. However, no vulnerability model results are reported as applied to SGCN in the current plan; the CCVI or equivalent is not applied to focal species. Score is 1 (referenced generally/as a future action) not 2 (applied to focal subjects).",1
GU_SWAP_2025_draft,GU,SWAP,2025,TRUE,Guam (U.S. territory),SWAP,314,tools,niche_models,TRUE,1,The document references habitat suitability models and SAHM as future actions/recommendations but does not report results of niche modeling applied to current SGCN management. Score is 1 (referenced generally/future recommendation) not 2.,2
GU_SWAP_2025_draft,GU,SWAP,2025,TRUE,Guam (U.S. territory),SWAP,314,tools,climate_models,TRUE,1,"The document mentions a 'dynamically downscaled model of climate impacts in Guam' as something for which funding should be identified, and references '21st Century high-resolution climate projections for Guam and American Samoa (Wang, 2016)' in the bibliography, but does not apply climate model projections to management decisions in the plan body. No GCMs, RCPs, SSPs, or time horizons are named in the narrative. Score is 1 (referenced generally as a future action).",1
GU_SWAP_2025_draft,GU,SWAP,2025,TRUE,Guam (U.S. territory),SWAP,314,tools,connectivity_models,TRUE,0,"No connectivity models (CircuitScape, least-cost path, etc.) are referenced in the document. Landscape-scale conservation across the Mariana Islands is discussed but no modeling apparatus is mentioned.",0
GU_SWAP_2025_draft,GU,SWAP,2025,TRUE,Guam (U.S. territory),SWAP,314,context,biological_unit_score,TRUE,2,NA,2
GU_SWAP_2025_draft,GU,SWAP,2025,TRUE,Guam (U.S. territory),SWAP,314,context,partnerships_and_funding,TRUE,2,NA,3
GU_SWAP_2025_draft,GU,SWAP,2025,TRUE,Guam (U.S. territory),SWAP,314,context,climate_threat_habitat_degradation,TRUE,1,NA,3
GU_SWAP_2025_draft,GU,SWAP,2025,TRUE,Guam (U.S. territory),SWAP,314,context,climate_threat_species_vital_rates,TRUE,1,NA,3
GU_SWAP_2025_draft,GU,SWAP,2025,TRUE,Guam (U.S. territory),SWAP,314,context,climate_threat_biotic_stressors,TRUE,1,"The document discusses invasive species extensively but almost entirely without climate framing. The manta ray and sicklefin devil ray entries note climate change affecting prey availability/feeding patterns, which qualifies as a biotic stressor (trophic asynchrony/altered food resource availability) driven by climate. Large-scale nuisance seaweed outbreaks are mentioned but not explicitly framed as climate-driven in the main text. Score is 1.",2
GU_SWAP_2025_draft,GU,SWAP,2025,TRUE,Guam (U.S. territory),SWAP,314,actions,priority_habitat_identification,TRUE,2,"The document identifies priority conservation areas (marine preserves, government conservation lands, GNWR Overlay) with spatial representation through maps (Figures 2-3 in landcover and conservation area maps) and GIS objectives. While the primary driver is species recovery rather than climate-driven range shifts specifically, the document does frame habitat prioritization in the context of climate change impacts and the need for climate adaptation. Score is 2 because spatial representation is explicitly included.",3
GU_SWAP_2025_draft,GU,SWAP,2025,TRUE,Guam (U.S. territory),SWAP,314,actions,targeted_range_shift_actions,TRUE,0,"The document discusses captive breeding, translocation, and reintroduction extensively, but these are framed as species recovery actions for species extirpated primarily by the brown tree snake and invasive species — not as responses to climate-driven range shifts. The document does not frame any translocation, assisted migration, or corridor action explicitly as a response to climate change shifting habitat suitability. The landscape-scale conservation work with CNMI focuses on shared SGCN recovery across the archipelago but is not framed as facilitating climate-driven range shifts. No climate corridors or climate-motivated translocations are proposed.",0
GU_SWAP_2025_draft,GU,SWAP,2025,TRUE,Guam (U.S. territory),SWAP,314,actions,time_bound_and_monitoring,TRUE,2,"The plan has a clear 10-year revision deadline (by October 1, 2035) with annual interim performance reports. Action-level monitoring is operationalized through the Three-Level Approach (implementation, evaluation, adaptive management) and the result chains framework. Species-specific monitoring protocols are detailed (quarterly bat surveys, annual roadside bird counts, five-year population surveys, etc.). Score is 2 because both time-bound deadlines and effectiveness monitoring are present at the action level.",3
GU_SWAP_2025_draft,GU,SWAP,2025,TRUE,Guam (U.S. territory),SWAP,314,actions,evidence_of_efficacy,TRUE,2,"The document provides some prior case studies (Guam rail reintroduction on Islan Dåno', electrified barrier efficacy for crow nests) and cites scientific literature for select actions. However, most action plans list recommended actions without referencing supporting studies or efficacy data. Score is 2 (limited evidence) because the case studies are real-world implementations with outcome data, but evidence for most actions is absent or only vaguely implied by general ecological principles.",2
GU_SWAP_2025_draft,GU,SWAP,2025,TRUE,Guam (U.S. territory),SWAP,314,actions,adaptation_planning_frameworks,TRUE,1,"The document references adaptive management in the context of climate change (participating in working groups to establish adaptive management goals for climate impacts on SGCN), which qualifies as a climate adaptation planning framework referenced non-specifically. Score is 1 because adaptive management is referenced in a climate context but no specific named framework (RAD, RRT, CCSP, SBDA, etc.) is mentioned. The Three-Level Approach (Levels 1-2-3) described in 'Effectiveness of Measures' resembles adaptive management but is not explicitly framed as a climate adaptation planning framework.",2
HI_SWAP_2025,HI,SWAP,2025,FALSE,State of Hawai'i / DLNR,SWAP,1029,concepts,climate_vulnerability,TRUE,3,NA,3
HI_SWAP_2025,HI,SWAP,2025,FALSE,State of Hawai'i / DLNR,SWAP,1029,concepts,adaptive_capacity_specificity,TRUE,2,NA,2
HI_SWAP_2025,HI,SWAP,2025,FALSE,State of Hawai'i / DLNR,SWAP,1029,concepts,connectivity,TRUE,1,"Connectivity is mentioned in the context of landscape-scale management but is not explicitly linked to climate-driven range shifts. The document references protecting 'an elevational range of forests' as habitat connectivity for birds avoiding malaria, but does not use the specific concept of climate corridors or climate-gradient connectivity. Score of 1 for generic connectivity framing without climate-specific framing.",1
HI_SWAP_2025,HI,SWAP,2025,FALSE,State of Hawai'i / DLNR,SWAP,1029,tools,vulnerability_models,TRUE,1,"The document references vulnerability assessments as an approach and notes past work on vulnerability assessments in the 2015 SWAP ('information on vulnerability assessments and the impacts of climate change' was a focus area for the 2025 update), but does not apply a specific named vulnerability model (e.g., CCVI) to its focal SGCN in this document. Score = 1 (referenced generally, not applied to focal subjects in the plan).",1
HI_SWAP_2025,HI,SWAP,2025,FALSE,State of Hawai'i / DLNR,SWAP,1029,tools,niche_models,TRUE,1,"The document references 'projecting responses of species to expected changes' in the context of climate change, and Fortini et al. 2013 (a habitat suitability/distribution study) is cited in the habitat restriction section. However, no SDM is run or applied in this document itself to its focal SGCN list. Score = 1.",1
HI_SWAP_2025,HI,SWAP,2025,FALSE,State of Hawai'i / DLNR,SWAP,1029,tools,climate_models,TRUE,1,"Climate projections are cited (Timm et al. 2015 for rainfall; IPCC for sea-level rise) but no specific GCM, RCP, SSP, or downscaling product is named in the document itself. Score = 1 (referenced generally).",2
HI_SWAP_2025,HI,SWAP,2025,FALSE,State of Hawai'i / DLNR,SWAP,1029,tools,connectivity_models,TRUE,0,No connectivity models are mentioned or applied in this document.,0
HI_SWAP_2025,HI,SWAP,2025,FALSE,State of Hawai'i / DLNR,SWAP,1029,context,biological_unit_score,TRUE,2,NA,2
HI_SWAP_2025,HI,SWAP,2025,FALSE,State of Hawai'i / DLNR,SWAP,1029,context,partnerships_and_funding,TRUE,1,"Partnerships are described broadly (watershed partnerships, invasive species committees, federal-state-NGO coordination) and some funding amounts are named. However, specific funding dedicated to addressing climate-driven range shifts is not identified. Score = 1 for some partnerships and funding described but limited or aspirational in the range-shift context.",3
HI_SWAP_2025,HI,SWAP,2025,FALSE,State of Hawai'i / DLNR,SWAP,1029,context,climate_threat_habitat_degradation,TRUE,1,NA,3
HI_SWAP_2025,HI,SWAP,2025,FALSE,State of Hawai'i / DLNR,SWAP,1029,context,climate_threat_species_vital_rates,TRUE,1,NA,1
HI_SWAP_2025,HI,SWAP,2025,FALSE,State of Hawai'i / DLNR,SWAP,1029,context,climate_threat_biotic_stressors,TRUE,1,NA,2
HI_SWAP_2025,HI,SWAP,2025,FALSE,State of Hawai'i / DLNR,SWAP,1029,actions,priority_habitat_identification,TRUE,2,NA,3
HI_SWAP_2025,HI,SWAP,2025,FALSE,State of Hawai'i / DLNR,SWAP,1029,actions,targeted_range_shift_actions,TRUE,1,NA,2
HI_SWAP_2025,HI,SWAP,2025,FALSE,State of Hawai'i / DLNR,SWAP,1029,actions,time_bound_and_monitoring,TRUE,1,"The document describes annual reviews and a 10-year revision cycle, but individual conservation actions do not have specific deadlines or milestones attached to them in action tables. Effectiveness monitoring is discussed as a principle and noted as needed/ongoing, but is not operationalized at the individual action level for climate-related actions. Score = 1 (plan-level time-binding via the 10-year revision mandate, but no action-level deadlines).",2
HI_SWAP_2025,HI,SWAP,2025,FALSE,State of Hawai'i / DLNR,SWAP,1029,actions,evidence_of_efficacy,TRUE,2,"The document contains numerous references to ongoing management actions and some case studies with outcome data (particularly for bird translocations and habitat restoration). However, evidence specifically tied to climate adaptation actions (e.g., translocations motivated by climate change) is presented at a general level. Score = 2 for limited but present evidence from prior projects with documented outcomes.",3
HI_SWAP_2025,HI,SWAP,2025,FALSE,State of Hawai'i / DLNR,SWAP,1029,actions,adaptation_planning_frameworks,TRUE,2,The Maui Nui Landscape Conservation Plan is described as a 'climate-resilient' systematic planning tool — qualifying as a specific climate adaptation planning framework being operationalized. The document also explicitly references adaptive management as a structured iterative cycle for the SWAP. Score = 2.,3
IA_SWAP_2025_draft,IA,SWAP,2025,TRUE,Iowa,SWAP,282,concepts,climate_vulnerability,TRUE,2,"The document assesses climate change as a rated threat (Very High for multiple taxa) and describes specific exposure mechanisms (temperature increases, precipitation variability, drought, range/community shifts). However, adaptive capacity is not explicitly decomposed or discussed in relation to climate vulnerability for focal species—there is no discussion of why some species are more or less able to cope. Score is 2 (exposure referenced) rather than 3 (both exposure and adaptive capacity).",3
IA_SWAP_2025_draft,IA,SWAP,2025,TRUE,Iowa,SWAP,282,concepts,adaptive_capacity_specificity,TRUE,1,"Adaptive capacity components (genetic diversity, movement/dispersal) are mentioned but not operationalized in a climate-specific vulnerability framework for any specific species or taxon. Score 1 rather than 2.",1
IA_SWAP_2025_draft,IA,SWAP,2025,TRUE,Iowa,SWAP,282,concepts,connectivity,TRUE,1,"The document discusses connectivity, corridors, and habitat fragmentation extensively as conservation priorities. However, these are not framed as climate-gradient connectivity or climate-driven range shift facilitation—they are general wildlife movement/habitat connectivity goals. Score is 1 (generic) rather than 2 (climate-specific). No explicit framing of corridors as facilitating climate-driven range shifts was found.",3
IA_SWAP_2025_draft,IA,SWAP,2025,TRUE,Iowa,SWAP,282,tools,vulnerability_models,TRUE,0,"The document conducts its own species conservation status assessments using a scoring system based on 8 criteria (range extent, area of occupancy, trends, specialization, threats), but this is not framed as a climate vulnerability assessment and does not use CCVI, PVA, or any recognized vulnerability modeling framework. Climate is listed as one of many threats in the threat assessment tables but no dedicated vulnerability model is applied.",0
IA_SWAP_2025_draft,IA,SWAP,2025,TRUE,Iowa,SWAP,282,tools,niche_models,TRUE,2,Species distribution models (GAP-style) are applied to the document's focal subjects (SGCN). The models are used to identify conservation priorities and inform management decisions. Score 2. Note: the models are not specifically framed as climate-scenario projections—they predict current distribution based on habitat/landscape variables—but they are applied to focal species and inform management.,3
IA_SWAP_2025_draft,IA,SWAP,2025,TRUE,Iowa,SWAP,282,tools,climate_models,TRUE,0,"The document discusses climate change extensively (temperature trends, precipitation changes, NOAA data) but does not reference any GCM, RCP, SSP, CMIP, downscaled climate projections, or named climate modeling tools. NOAA climate data is used descriptively for observed trends only. This matches the canonical '0' case for climate models per the codebook.",0
IA_SWAP_2025_draft,IA,SWAP,2025,TRUE,Iowa,SWAP,282,tools,connectivity_models,TRUE,0,"The document identifies connectivity evaluation and landscape permeability as research needs (Table 7-1) but does not reference or apply any connectivity modeling tools (CircuitScape, Marxan, least-cost path, etc.). Connectivity is discussed conceptually and as a planning goal, but no modeling results are incorporated into management decisions.",0
IA_SWAP_2025_draft,IA,SWAP,2025,TRUE,Iowa,SWAP,282,context,biological_unit_score,TRUE,2,NA,2
IA_SWAP_2025_draft,IA,SWAP,2025,TRUE,Iowa,SWAP,282,context,partnerships_and_funding,TRUE,1,"The document has significant funding discussions and many active partnerships (USFWS, NRCS, NGOs, County Conservation Boards, Iowa State University), but the funding gap for range-shift-specific work is never directly addressed. Overall funding is characterized as inadequate ($80M+ annual shortfall). The partnerships discussed are for general SGCN conservation, not specifically for range-shift science or climate-adaptation actions. Score is 1 (some funding and partnerships described, but limited/aspirational in climate-range-shift context).",2
IA_SWAP_2025_draft,IA,SWAP,2025,TRUE,Iowa,SWAP,282,context,climate_threat_habitat_degradation,TRUE,1,NA,1
IA_SWAP_2025_draft,IA,SWAP,2025,TRUE,Iowa,SWAP,282,context,climate_threat_species_vital_rates,TRUE,1,"The threat tables rate climate change as Very High for several taxa, with specific mention of temperature extremes affecting survival. The note about flooding timing shifting to summer affecting wood turtle nesting provides a direct vital-rate impact framing. Score 1.",1
IA_SWAP_2025_draft,IA,SWAP,2025,TRUE,Iowa,SWAP,282,context,climate_threat_biotic_stressors,TRUE,1,NA,1
IA_SWAP_2025_draft,IA,SWAP,2025,TRUE,Iowa,SWAP,282,actions,priority_habitat_identification,TRUE,2,"Priority habitat is extensively identified with spatial representation through multiple maps (Map 8-2 through Map 8-25), including Bird Conservation Areas, PARCA, critical habitat, etc. However, these are not specifically framed as addressing climate-driven range shifts—they are general SGCN conservation priorities. Per the codebook element 4.1, priority habitat for restoration and management to address range shifts and climate-induced threats qualifies; the document does discuss climate as a threat and the spatial maps are used to address SGCN conservation. Score 2.",3
IA_SWAP_2025_draft,IA,SWAP,2025,TRUE,Iowa,SWAP,282,actions,targeted_range_shift_actions,TRUE,0,"Translocation and reintroduction actions are discussed (trumpeter swans, prairie chickens, mussels, pallid sturgeon), but these are framed as species recovery/restoration to historical ranges, not as climate-motivated range shift facilitation. The document does mention that connectivity needs to be developed between habitat blocks and that populations may need translocation to newly created habitats, but this is not explicitly framed as responding to climate-driven range shifts. No passages explicitly frame assisted migration, climate corridors, or translocation as responses to shifting habitat suitability driven by climate. Score 0.",0
IA_SWAP_2025_draft,IA,SWAP,2025,TRUE,Iowa,SWAP,282,actions,time_bound_and_monitoring,TRUE,2,"The document has a clear 2030 goal for habitat protection and a 10-year review cycle. The MSIM program provides effectiveness monitoring and adaptive management is operationalized through the TRACS system and periodic subcommittee reviews. Score 2 because both time-bound goals (2030 habitat target) and effectiveness monitoring (MSIM, TRACS) are present at the action level.",3
IA_SWAP_2025_draft,IA,SWAP,2025,TRUE,Iowa,SWAP,282,actions,evidence_of_efficacy,TRUE,2,"The document references prior research and monitoring demonstrating restoration efficacy (species re-colonization of restored wetlands, long-term management regime evaluations), which qualifies as 'limited evidence.' The evidence is applicable to the document's focal subjects (Iowa SGCN) but is focused on habitat management generally rather than climate-adaptation actions specifically. Score 2.",2
IA_SWAP_2025_draft,IA,SWAP,2025,TRUE,Iowa,SWAP,282,actions,adaptation_planning_frameworks,TRUE,1,"The document references Adaptive Resource Management (ARM) as an overarching implementation framework, and mentions the National Fish, Wildlife and Plants Climate Change Adaptation Strategy as a referenced plan (Appendix 20). However, the ARM framework is not specifically framed in the context of climate change adaptation—it is applied to general wildlife management. The reference to 'Iowa will use new information or changing conditions to adapt our conservation actions' is generic. No specific climate adaptation planning frameworks (RAD, RRT, CCVA, CCSP, SBDA) are named or applied. Score 1 (referenced non-specifically).",1
ID_SWAP_2023,ID,SWAP,2023,FALSE,Idaho,SWAP,435,concepts,climate_vulnerability,TRUE,2,"The plan references exposure (warming, drought, changing precipitation/snowpack) and references adaptive capacity indirectly (limited dispersal ability, specialized habitat needs), but it does not apply a structured vulnerability framework (e.g., CCVI, SEAC) to the SGCN list, and the two axes are not systematically discussed together. Score is 2 (exposure OR adaptive capacity, but not both operationally in a unified vulnerability framework). The adaptive capacity references are generic (no components specified beyond dispersal/specialization).",3
ID_SWAP_2023,ID,SWAP,2023,FALSE,Idaho,SWAP,435,concepts,adaptive_capacity_specificity,TRUE,1,Adaptive capacity is referenced in a non-specific way — the plan mentions limited dispersal ability and specialized habitat needs as indicators of low adaptive capacity but does not operationalize components systematically. Score 1 rather than 2.,1
ID_SWAP_2023,ID,SWAP,2023,FALSE,Idaho,SWAP,435,concepts,connectivity,TRUE,2,"The plan discusses connectivity in the context of facilitating SGCN movement to track climate — both the alpine tundra network passage language and the 'northward, higher elevation' movement language constitute climate-framed connectivity. Score 2.",3
ID_SWAP_2023,ID,SWAP,2023,FALSE,Idaho,SWAP,435,tools,vulnerability_models,TRUE,0,"No vulnerability models (CCVI, PVA, NatureServe CCVI, etc.) are applied to or referenced for the SGCN list. The plan mentions incorporating AFWA climate guidance and references NatureServe status assessment methodology, but NatureServe S-ranks are conservation status ranks, not climate vulnerability assessments. No CCVI or equivalent is used.",0
ID_SWAP_2023,ID,SWAP,2023,FALSE,Idaho,SWAP,435,tools,niche_models,TRUE,1,"The plan recommends modeling future distribution as a future action, which counts as referenced generally (1) but not applied to SGCN. No named SDM tool is used in the plan itself.",1
ID_SWAP_2023,ID,SWAP,2023,FALSE,Idaho,SWAP,435,tools,climate_models,TRUE,1,"The plan references climate projections and cites specific studies (Abatzoglou et al., Hamlet et al., Rupp et al.) describing projected changes, but does not itself apply a named GCM, CMIP product, or emission scenario to management analysis. Score 1 (referenced generally, not applied to the plan's focal subjects with named model/scenario).",1
ID_SWAP_2023,ID,SWAP,2023,FALSE,Idaho,SWAP,435,tools,connectivity_models,TRUE,0,"The plan discusses connectivity conceptually and mentions a 'regional habitat connectivity plan' in passing, but no connectivity model (CircuitScape, Linkage Mapper, least-cost path, etc.) is applied to or referenced for the SGCN in this document.",0
ID_SWAP_2023,ID,SWAP,2023,FALSE,Idaho,SWAP,435,context,biological_unit_score,TRUE,2,NA,2
ID_SWAP_2023,ID,SWAP,2023,FALSE,Idaho,SWAP,435,context,partnerships_and_funding,TRUE,1,"Partnerships described in the context of climate/range-shift actions are largely aspirational and involve named federal entities (USGS CASCs, federal agencies) and frameworks (conservation easements), but no specific budget allocation or active implementation partnership for range-shift work is described. Score 1.",2
ID_SWAP_2023,ID,SWAP,2023,FALSE,Idaho,SWAP,435,context,climate_threat_habitat_degradation,TRUE,1,NA,2
ID_SWAP_2023,ID,SWAP,2023,FALSE,Idaho,SWAP,435,context,climate_threat_species_vital_rates,TRUE,1,NA,2
ID_SWAP_2023,ID,SWAP,2023,FALSE,Idaho,SWAP,435,context,climate_threat_biotic_stressors,TRUE,1,NA,1
ID_SWAP_2023,ID,SWAP,2023,FALSE,Idaho,SWAP,435,actions,priority_habitat_identification,TRUE,2,"The plan references spatial identification of climate-resilient areas (Fig. 3.11.3, Morelli et al. 2016 framework) and the USGS refugia mapping effort, which constitutes spatially-referenced priority habitat identification for climate adaptation. Score 2.",3
ID_SWAP_2023,ID,SWAP,2023,FALSE,Idaho,SWAP,435,actions,targeted_range_shift_actions,TRUE,1,NA,2
ID_SWAP_2023,ID,SWAP,2023,FALSE,Idaho,SWAP,435,actions,time_bound_and_monitoring,TRUE,1,"The plan has a clear 10-year time frame and a comprehensive review deadline (January 2033), and Chapter 4 describes a monitoring and evaluation approach including ambient, performance, and impact evaluation types. However, the action tables in Chapter 3 do not attach specific deadlines to individual actions — they are framed as 'priority for implementation during the next 10 years' rather than with specific milestone dates. Monitoring is described principally as a plan-level approach rather than operationalized at the action level. Score 1 rather than 2.",2
ID_SWAP_2023,ID,SWAP,2023,FALSE,Idaho,SWAP,435,actions,evidence_of_efficacy,TRUE,2,"The plan includes conservation success stories from prior SWAP implementation that provide case-study evidence for the efficacy of specific actions (habitat protection, population surveys, collaborative conservation). These constitute limited evidence (case studies with some applicability) but are not systematically cited alongside proposed actions in Chapter 3. Score 2 (limited evidence) rather than 3 (strong, directly applicable evidence linked to specific actions).",2
ID_SWAP_2023,ID,SWAP,2023,FALSE,Idaho,SWAP,435,actions,adaptation_planning_frameworks,TRUE,2,"The plan explicitly references the AFWA voluntary guidance on incorporating climate change into SWAPs (a named climate adaptation planning framework), and adaptive management is operationalized throughout. Score 2 because specific named frameworks (AFWA 2022 guidance, USGS CASCs, adaptive management) are referenced in a climate-adaptation context.",3
IL_SWAP_2022,IL,SWAP,2022,FALSE,Illinois,SWAP,334,concepts,climate_vulnerability,TRUE,3,NA,3
IL_SWAP_2022,IL,SWAP,2022,FALSE,Illinois,SWAP,334,concepts,adaptive_capacity_specificity,TRUE,2,NA,2
IL_SWAP_2022,IL,SWAP,2022,FALSE,Illinois,SWAP,334,concepts,connectivity,TRUE,2,"The document primarily discusses connectivity in generic habitat management terms (corridors, fragmentation). The climate-relevant framing appears in the Introduction's overarching goal about species adjusting to environmental changes, the Green Cities section referencing climate-driven movement through urban areas (Hellmann et al. 2010), and the Streams Campaign linking limited dispersal capacity to climate vulnerability. This earns a score of 2.",3
IL_SWAP_2022,IL,SWAP,2022,FALSE,Illinois,SWAP,334,tools,vulnerability_models,TRUE,2,NA,1
IL_SWAP_2022,IL,SWAP,2022,FALSE,Illinois,SWAP,334,tools,niche_models,TRUE,0,No species distribution models or niche models are referenced in the document.,0
IL_SWAP_2022,IL,SWAP,2022,FALSE,Illinois,SWAP,334,tools,climate_models,TRUE,1,"The document references climate model projections (temperature increase of 2-7°F, precipitation changes) without naming any specific GCM, downscaling product, or emission scenario. This scores 1 (referenced generally) not 2.",2
IL_SWAP_2022,IL,SWAP,2022,FALSE,Illinois,SWAP,334,tools,connectivity_models,TRUE,0,The document discusses connectivity extensively but does not reference any specific connectivity modeling tools or outputs of such modeling applied to Illinois SGCN.,0
IL_SWAP_2022,IL,SWAP,2022,FALSE,Illinois,SWAP,334,context,biological_unit_score,TRUE,2,NA,2
IL_SWAP_2022,IL,SWAP,2022,FALSE,Illinois,SWAP,334,context,partnerships_and_funding,TRUE,1,"The document describes broad partnerships (26-organization Action Team, multi-agency campaigns) but the funding discussion explicitly acknowledges gaps. No dedicated funding specifically for range-shift actions is described. Partnerships exist but are aspirational in nature for range-shift-specific work, scoring 1.",2
IL_SWAP_2022,IL,SWAP,2022,FALSE,Illinois,SWAP,334,context,climate_threat_habitat_degradation,TRUE,1,NA,2
IL_SWAP_2022,IL,SWAP,2022,FALSE,Illinois,SWAP,334,context,climate_threat_species_vital_rates,TRUE,0,"The document discusses climate change as a threat to habitats and species generally, but does not frame climate-driven events (wildfire, heat, pathogens) as causing direct mortality or reproduction failure in the specific 'climate event → vital rate impact' framing required. The Lake Michigan section mentions climate disrupting food availability during migration, but this is indirect (habitat/food chain) rather than direct mortality from a climate event.",0
IL_SWAP_2022,IL,SWAP,2022,FALSE,Illinois,SWAP,334,context,climate_threat_biotic_stressors,TRUE,1,NA,1
IL_SWAP_2022,IL,SWAP,2022,FALSE,Illinois,SWAP,334,actions,priority_habitat_identification,TRUE,2,"The document identifies and maps Focus Areas and Conservation Opportunity Areas spatially, earning a score of 2. While not specifically climate-driven habitat prioritization, Focus Areas are spatially represented throughout the campaign chapters.",2
IL_SWAP_2022,IL,SWAP,2022,FALSE,Illinois,SWAP,334,actions,targeted_range_shift_actions,TRUE,1,"The connectivity actions are tied to the overarching goal of helping species 'adjust to landscape and environmental changes,' which includes climate change. This qualifies as structural facilitation. The reintroduction actions mentioned (Piping Plovers, Baltimore Checkerspot) are framed as recovery from extirpation rather than climate-driven range shift facilitation. Score = 1 for structural facilitation via corridors and connectivity in climate-adjustment framing.",2
IL_SWAP_2022,IL,SWAP,2022,FALSE,Illinois,SWAP,334,actions,time_bound_and_monitoring,TRUE,2,"The document specifies a 10-year implementation horizon (2015-2025) with a 2025 target for viable populations, and each campaign includes output and outcome performance measures tied to focal species monitoring. This qualifies for score 2 — deadlines plus effectiveness monitoring operationalized at the action level.",2
IL_SWAP_2022,IL,SWAP,2022,FALSE,Illinois,SWAP,334,actions,evidence_of_efficacy,TRUE,2,"The evidence presented is primarily from ongoing monitoring programs at specific sites (Oakwood Bottoms, Cache River) rather than from evaluations of climate-specific actions. The monitoring data is directly applicable (field conditions, relevant taxa, Illinois context). Score of 2 reflects 'limited evidence' — directly applicable monitoring studies exist but are for general forest management actions rather than climate-specific range-shift actions.",2
IL_SWAP_2022,IL,SWAP,2022,FALSE,Illinois,SWAP,334,actions,adaptation_planning_frameworks,TRUE,1,"The document references adaptive management in the Forest Campaign context but does not explicitly frame it as climate adaptation planning. The Green Cities section mentions a 'Climate Adaptation Update to Chicago Wilderness Biodiversity Recovery Plan' but only as a resource link without substantive integration. The overarching goals mention species adjusting to environmental change, but no specific climate adaptation frameworks (RAD, RRT, CCVA, scenario planning, SBDA) are named or described. Score = 1 for non-specific reference to adaptive management that is not explicitly climate-framed.",1
IN_SWAP_2015,IN,SWAP,2015,FALSE,Indiana,SWAP,293,concepts,climate_vulnerability,TRUE,1,"The document lists 'Climate Change and Severe Weather' as a threat category and names specific sub-threats (shifting and alteration of habitats, drought frequency, temperature extremes, shifting seasons), but never frames these in terms of exposure, sensitivity, or adaptive capacity. It does not use the word 'vulnerability' in a climate-specific ecological sense or decompose climate risk into recognizable components. Score 1: generic reference to climate as a threat to species/habitats, no exposure or adaptive capacity framing.",1
IN_SWAP_2015,IN,SWAP,2015,FALSE,Indiana,SWAP,293,concepts,adaptive_capacity_specificity,TRUE,0,"The document does not reference adaptive capacity of species or habitats in any form — generic or specific. There is no discussion of species' ability to cope with climate change, disperse, evolve, or persist in place under climate pressure.",0
IN_SWAP_2015,IN,SWAP,2015,FALSE,Indiana,SWAP,293,concepts,connectivity,TRUE,1,"Connectivity is referenced generically throughout the document — corridor preservation, habitat connectivity for SGCN, COA identification considers connectivity potential. However, connectivity is never framed in relation to climate change, range shifts, or species tracking shifting climatic conditions. The document discusses corridors as a habitat fragmentation solution, not as a climate-gradient facilitation mechanism. Score 1 (generic, not climate-relevant).",2
IN_SWAP_2015,IN,SWAP,2015,FALSE,Indiana,SWAP,293,tools,vulnerability_models,TRUE,0,"No vulnerability models (CCVI, PVA, or other climate vulnerability assessment frameworks) are referenced anywhere in the document.",0
IN_SWAP_2015,IN,SWAP,2015,FALSE,Indiana,SWAP,293,tools,niche_models,TRUE,1,"The document describes habitat suitability models built for 14 representative species using current land cover (NLCD 2011). These are functionally species distribution / habitat suitability models. However, they are not applied under climate scenarios, they use only current conditions, and the Core Team largely set aside the modeling results from the final plan. No future climate projections were used. Score 1: referenced/applied to focal species in current-conditions sense, but not in a climate-projection context. Named as habitat suitability models, no specific algorithm named (e.g., MaxEnt).",1
IN_SWAP_2015,IN,SWAP,2015,FALSE,Indiana,SWAP,293,tools,climate_models,TRUE,0,"No climate models, GCMs, downscaling products, RCPs, SSPs, or climate scenario tools are referenced anywhere in the document. Climate change is discussed qualitatively as a threat category but no formal climate modeling apparatus is used.",0
IN_SWAP_2015,IN,SWAP,2015,FALSE,Indiana,SWAP,293,tools,connectivity_models,TRUE,0,"No connectivity models (CircuitScape, Linkage Mapper, least-cost path, etc.) are referenced. The document discusses corridor preservation and connectivity as a conservation action but does not reference any underlying connectivity modeling tools or outputs.",0
IN_SWAP_2015,IN,SWAP,2015,FALSE,Indiana,SWAP,293,context,biological_unit_score,TRUE,2,NA,2
IN_SWAP_2015,IN,SWAP,2015,FALSE,Indiana,SWAP,293,context,partnerships_and_funding,TRUE,1,"The document describes many partners and aspirational collaboration, and explicitly acknowledges funding gaps as a major barrier. Conservation Opportunity Areas mention grants as a criterion, and State Wildlife Grants (SWG) are cited as the funding context. However, range-shift-specific actions have no dedicated funding or active partnerships. Score 1: some funding and partnerships described, but limited/aspirational and funding gaps explicitly acknowledged.",2
IN_SWAP_2015,IN,SWAP,2015,FALSE,Indiana,SWAP,293,context,climate_threat_habitat_degradation,TRUE,1,NA,1
IN_SWAP_2015,IN,SWAP,2015,FALSE,Indiana,SWAP,293,context,climate_threat_species_vital_rates,TRUE,0,"The document lists 'Climate Change and Severe Weather' as a threat category but the specific threats named (changing drought frequency, temperature extremes, shifting seasons, habitat shifting/alteration, changing flood frequency) all describe habitat-level or ecological-system-level impacts rather than direct effects on species vital rates. There is no framing of wildfire killing individuals, heat-related die-offs, climate-favored disease causing mortality, etc. Score 0.",0
IN_SWAP_2015,IN,SWAP,2015,FALSE,Indiana,SWAP,293,context,climate_threat_biotic_stressors,TRUE,0,"The document discusses invasive species extensively as the top threat to habitats, but never frames the invasion or spread of invasive species as climate-driven. There is no mention of phenological mismatch, trophic asynchrony, climate-favored succession, or novel communities. The 'Shifting seasons/phenology' threat within the climate category is listed in Table 5-6 but only as a ranking label with no elaborating text connecting it to biotic stressors. This is insufficient for a score of 1.",0
IN_SWAP_2015,IN,SWAP,2015,FALSE,Indiana,SWAP,293,actions,priority_habitat_identification,TRUE,2,"The COA are spatially represented on maps (Figure 5-22) and are the primary spatial prioritization tool of the SWAP. The COA are identified for their habitat potential, SGCN presence, connectivity opportunity, and existing conservation work. This meets the criteria for score 2 (spatially explicit prioritization). However, COA are not framed as climate refugia or climate-driven priority areas; they are general conservation prioritization areas.",3
IN_SWAP_2015,IN,SWAP,2015,FALSE,Indiana,SWAP,293,actions,targeted_range_shift_actions,TRUE,0,"The document does not reference any actions explicitly framed as managing climate-driven range shifts. Species reintroductions mentioned in the Drift Plains Region are framed as restoring extirpated native species, not as climate-motivated relocations. A 'Translocation program for Franklin's Ground Squirrels' appears in the Great Lakes Region SGCN grassland actions, but this is not framed as climate-driven. Connectivity actions (corridor preservation, habitat linkage) are framed as habitat fragmentation responses, not range-shift facilitation. Score 0.",0
IN_SWAP_2015,IN,SWAP,2015,FALSE,Indiana,SWAP,293,actions,time_bound_and_monitoring,TRUE,1,"The plan explicitly states it is not an operational plan with schedules. A 10-year review cycle is mandated but no action-level deadlines are attached to the conservation actions listed. The plan describes effectiveness monitoring as a need, and discusses adaptive management principles, but these are not operationalized at the action level. Score 1: there is a plan-level time horizon (next SWAP revision by 2025) but no action-level deadlines or monitoring protocols tied to specific actions.",2
IN_SWAP_2015,IN,SWAP,2015,FALSE,Indiana,SWAP,293,actions,evidence_of_efficacy,TRUE,1,"The document asserts actions should be 'based on the best available science' and cites a general adaptive management principle, but does not present evidence, case studies, or literature supporting the efficacy of specific conservation actions. The surveys collected expert opinion on what actions are needed, but no studies, monitoring results, or prior project evaluations are cited to support those actions. Score 1: rationale is outlined (expert survey ratings, science-based framing) but no actual evidence is presented for any specific action.",1
IN_SWAP_2015,IN,SWAP,2015,FALSE,Indiana,SWAP,293,actions,adaptation_planning_frameworks,TRUE,0,"The document does not reference any climate adaptation planning frameworks (RAD, RRT, CCVA, CCSP, SBDA, SDM as structured decision-making, or any named adaptation menu). 'Adaptive management' is mentioned once as a general principle in the context of monitoring, but it is not framed in a climate-adaptation context — it refers to updating the SWAP based on new information generally. No specific climate adaptation planning process or tool is named or applied.",0
KS_SWAP_2022,KS,SWAP,2022,FALSE,Kansas,SWAP,194,concepts,climate_vulnerability,TRUE,3,NA,3
KS_SWAP_2022,KS,SWAP,2022,FALSE,Kansas,SWAP,194,concepts,adaptive_capacity_specificity,TRUE,2,NA,2
KS_SWAP_2022,KS,SWAP,2022,FALSE,Kansas,SWAP,194,concepts,connectivity,TRUE,1,"Connectivity is discussed through the CHAT connectivity layer and habitat fragmentation framing, but is not explicitly framed as supporting climate-driven range shifts. The connectivity discussion is general (movement between habitat patches, travel corridors) without a climate gradient or climate-shift motivation. Score 1 (generic) rather than 2 (climate-relevant).",2
KS_SWAP_2022,KS,SWAP,2022,FALSE,Kansas,SWAP,194,tools,vulnerability_models,TRUE,2,NA,2
KS_SWAP_2022,KS,SWAP,2022,FALSE,Kansas,SWAP,194,tools,niche_models,TRUE,0,"No species distribution models or niche models (MaxEnt, SDM, etc.) are referenced or applied in this document. The CCVI assessment uses range maps and natural history information but not SDMs.",0
KS_SWAP_2022,KS,SWAP,2022,FALSE,Kansas,SWAP,194,tools,climate_models,TRUE,1,"Climate models are referenced generically (precipitation projections to 2090-2099 are cited) but no specific GCMs, downscaling products, or emission scenarios are named. Score 1 (referenced generally, not applied).",1
KS_SWAP_2022,KS,SWAP,2022,FALSE,Kansas,SWAP,194,tools,connectivity_models,TRUE,2,"CHAT connectivity outputs (Important Connectivity Zones, landscape permeability layers) were used to delineate terrestrial EFAs, which shape the management decisions in the plan. This qualifies as applied per codebook §4 rule 2 (substantive incorporation of prior tool-based results into management decisions). The CHAT is not framed explicitly as a climate-connectivity tool, but its spatial outputs are directly used to identify conservation priority areas for the plan's focal subjects.",2
KS_SWAP_2022,KS,SWAP,2022,FALSE,Kansas,SWAP,194,context,biological_unit_score,TRUE,2,NA,2
KS_SWAP_2022,KS,SWAP,2022,FALSE,Kansas,SWAP,194,context,partnerships_and_funding,TRUE,1,"The plan mentions numerous partners (federal agencies, NGOs, universities, tribes) and State Wildlife Grants funding, but these partnerships and funding streams are not specifically described as addressing climate-driven range shifts. The climate adaptation strategies are broad and aspirational without identified dedicated funding or active partner commitments for range-shift actions specifically. Score 1 (some described but limited/aspirational for range-shift work).",2
KS_SWAP_2022,KS,SWAP,2022,FALSE,Kansas,SWAP,194,context,climate_threat_habitat_degradation,TRUE,1,NA,1
KS_SWAP_2022,KS,SWAP,2022,FALSE,Kansas,SWAP,194,context,climate_threat_species_vital_rates,TRUE,1,"The document references altered flooding affecting spawning and rearing, which represents climate-driven direct impact on reproduction (vital rates) for aquatic species. This meets the threshold for score 1.",1
KS_SWAP_2022,KS,SWAP,2022,FALSE,Kansas,SWAP,194,context,climate_threat_biotic_stressors,TRUE,1,NA,1
KS_SWAP_2022,KS,SWAP,2022,FALSE,Kansas,SWAP,194,actions,priority_habitat_identification,TRUE,2,"The EFAs are spatially explicit (maps are provided as Figures 3, 5, 6, 7, 8, 9, 10) and represent spatially delineated priority areas. However, the EFAs are primarily habitat-based conservation priority areas not explicitly framed around climate-driven range shifts. The plan does discuss climate change as one of the statewide issues addressed by these areas. Score 2 for spatial representation of priority habitats, though the climate-shift framing is partial.",2
KS_SWAP_2022,KS,SWAP,2022,FALSE,Kansas,SWAP,194,actions,targeted_range_shift_actions,TRUE,0,"The document's climate adaptation strategies are explicitly described as 'fairly broad' due to uncertainties. The NFWP strategy goals are listed (conserve habitat, manage species, enhance capacity) but no targeted actions specifically aimed at facilitating, preventing, or responding to species range shifts are identified. There is no assisted migration, climate corridor construction, or translocation framed around climate. Score 0.",0
KS_SWAP_2022,KS,SWAP,2022,FALSE,Kansas,SWAP,194,actions,time_bound_and_monitoring,TRUE,1,"The plan specifies a 5-year review cycle and 10-year revision, and references adaptive management principles and monitoring. However, individual conservation actions in the EFA sections do not have specific deadlines or milestones attached to them. The monitoring described is for tracking species status and plan progress generally, not action-level effectiveness monitoring tied to specific time-bound actions. Score 1 (plan-level timeline exists but no action-level deadlines or effectiveness monitoring).",1
KS_SWAP_2022,KS,SWAP,2022,FALSE,Kansas,SWAP,194,actions,evidence_of_efficacy,TRUE,2,"The document contains multiple success stories with monitoring results (fish passage monitoring, species recolonization data). These constitute limited to moderate evidence—they demonstrate efficacy of habitat connectivity actions (fish passage, invasive species removal) for specific species, but the evidence is largely specific to non-climate-driven habitat restoration rather than climate adaptation actions. The climate adaptation strategies themselves are presented with general ecological rationale but no case studies. Score 2 (limited evidence: success stories with monitoring data exist but are mostly for non-climate-specific actions; climate adaptation actions are unsupported by evidence).",2
KS_SWAP_2022,KS,SWAP,2022,FALSE,Kansas,SWAP,194,actions,adaptation_planning_frameworks,TRUE,2,"The document references a specific named framework (National Fish, Wildlife, and Plants Climate Adaptation Strategy 2012) with its seven goals listed, and also references the three-component vulnerability assessment framework (sensitivity, exposure, adaptive capacity) and the resist-accept-direct type language ('building resistance,' 'enhancing resilience,' 'facilitating ecological transitions'). These constitute specific climate adaptation planning frameworks referenced and incorporated into the plan. Score 2.",2
KY_SWAP_2023,KY,SWAP,2023,FALSE,Kentucky,SWAP,1632,concepts,climate_vulnerability,TRUE,3,NA,3
KY_SWAP_2023,KY,SWAP,2023,FALSE,Kentucky,SWAP,1632,concepts,adaptive_capacity_specificity,TRUE,2,"The document references specific components of adaptive capacity (dispersal ability, specialized habitat needs, distributional position relative to range edge) but does not deeply operationalize them across taxa. Score 2 is warranted because specific components are named.",2
KY_SWAP_2023,KY,SWAP,2023,FALSE,Kentucky,SWAP,1632,concepts,connectivity,TRUE,2,NA,3
KY_SWAP_2023,KY,SWAP,2023,FALSE,Kentucky,SWAP,1632,tools,vulnerability_models,TRUE,0,"No vulnerability model (CCVI, PVA, etc.) is referenced or applied. The plan discusses vulnerability conceptually but does not cite or apply any formal vulnerability assessment tool to Kentucky's SGCN.",0
KY_SWAP_2023,KY,SWAP,2023,FALSE,Kentucky,SWAP,1632,tools,niche_models,TRUE,1,GAP/LANDFIRE is used as a habitat suitability classification layer rather than a predictive niche model projecting distributions under future conditions. The document also mentions future recommendations to 'develop and document distribution-model methods for under-studied focal species' (score 1 framing). Score 1 is appropriate: habitat-type models are applied to current distribution mapping but not to project future distributions under climate scenarios.,1
KY_SWAP_2023,KY,SWAP,2023,FALSE,Kentucky,SWAP,1632,tools,climate_models,TRUE,0,"The document discusses climate change impacts extensively in qualitative terms but does not reference any specific climate model, GCM, downscaling product, RCP/SSP scenario, or climate projection tool. The EPA is cited as predicting southeastern US impacts, but no formal climate modeling apparatus is named or applied.",0
KY_SWAP_2023,KY,SWAP,2023,FALSE,Kentucky,SWAP,1632,tools,connectivity_models,TRUE,2,"The SECAS Southeast Conservation Blueprint incorporates connectivity modeling outputs (climate flow zones, corridors) that were substantively used to inform the COA delineation for Kentucky's SGCN. This meets the 'applied' criterion because the modeling results shape management decisions. The underlying algorithms (CircuitScape, etc.) are not named, but the output layer is directly incorporated.",2
KY_SWAP_2023,KY,SWAP,2023,FALSE,Kentucky,SWAP,1632,context,biological_unit_score,TRUE,2,NA,2
KY_SWAP_2023,KY,SWAP,2023,FALSE,Kentucky,SWAP,1632,context,partnerships_and_funding,TRUE,2,NA,3
KY_SWAP_2023,KY,SWAP,2023,FALSE,Kentucky,SWAP,1632,context,climate_threat_habitat_degradation,TRUE,1,NA,1
KY_SWAP_2023,KY,SWAP,2023,FALSE,Kentucky,SWAP,1632,context,climate_threat_species_vital_rates,TRUE,1,NA,1
KY_SWAP_2023,KY,SWAP,2023,FALSE,Kentucky,SWAP,1632,context,climate_threat_biotic_stressors,TRUE,1,NA,1
KY_SWAP_2023,KY,SWAP,2023,FALSE,Kentucky,SWAP,1632,actions,priority_habitat_identification,TRUE,2,NA,3
KY_SWAP_2023,KY,SWAP,2023,FALSE,Kentucky,SWAP,1632,actions,targeted_range_shift_actions,TRUE,1,"The plan includes structural facilitation actions (corridor protection, climate resilient area identification, barrier removal) framed in the context of enabling species to adapt to climate change. There is no explicit assisted migration or translocation action framed as a response to range shifts. Score 1 is earned through structural facilitation explicitly framed as climate adaptation.",1
KY_SWAP_2023,KY,SWAP,2023,FALSE,Kentucky,SWAP,1632,actions,time_bound_and_monitoring,TRUE,1,"The plan has a 10-year review cycle and articulates effectiveness monitoring as a principle (Element 5), but individual conservation actions in the action tables do not have specific deadlines attached to them. The plan-level timeline (next revision by 2033) and general adaptive management language qualify for score 1 (clear deadline at plan level), but score 2 requires both action-level deadlines AND effectiveness monitoring at the action level—the former is absent.",1
KY_SWAP_2023,KY,SWAP,2023,FALSE,Kentucky,SWAP,1632,actions,evidence_of_efficacy,TRUE,2,NA,3
KY_SWAP_2023,KY,SWAP,2023,FALSE,Kentucky,SWAP,1632,actions,adaptation_planning_frameworks,TRUE,2,"The document references a named 'Kentucky's Climate Change Plan' with three structured goals and a series of numbered action items (Action 1a through 1k, 2a-2d, 3a-3b). This constitutes a specific climate adaptation planning process. The document also explicitly references 'climate resilient areas' and 'climate flow zones' as frameworks informing COA selection. Score 2 is appropriate because named specific processes and tools are referenced.",2
LA_SWAP_2025,LA,SWAP,2025,FALSE,Louisiana,SWAP,356,concepts,climate_vulnerability,TRUE,3,NA,3
LA_SWAP_2025,LA,SWAP,2025,FALSE,Louisiana,SWAP,356,concepts,adaptive_capacity_specificity,TRUE,2,NA,2
LA_SWAP_2025,LA,SWAP,2025,FALSE,Louisiana,SWAP,356,concepts,connectivity,TRUE,2,NA,2
LA_SWAP_2025,LA,SWAP,2025,FALSE,Louisiana,SWAP,356,tools,vulnerability_models,TRUE,2,NA,2
LA_SWAP_2025,LA,SWAP,2025,FALSE,Louisiana,SWAP,356,tools,niche_models,TRUE,2,"Niche models were applied to Louisiana SGCN but largely via results aggregated from prior academic studies rather than new analysis performed by LDWF. Per codebook §4 rule 2, incorporating prior tool-based results into management decisions counts as 'applied.'",2
LA_SWAP_2025,LA,SWAP,2025,FALSE,Louisiana,SWAP,356,tools,climate_models,TRUE,2,NA,2
LA_SWAP_2025,LA,SWAP,2025,FALSE,Louisiana,SWAP,356,tools,connectivity_models,TRUE,2,NA,2
LA_SWAP_2025,LA,SWAP,2025,FALSE,Louisiana,SWAP,356,context,biological_unit_score,TRUE,2,NA,2
LA_SWAP_2025,LA,SWAP,2025,FALSE,Louisiana,SWAP,356,context,partnerships_and_funding,TRUE,2,NA,2
LA_SWAP_2025,LA,SWAP,2025,FALSE,Louisiana,SWAP,356,context,climate_threat_habitat_degradation,TRUE,1,NA,2
LA_SWAP_2025,LA,SWAP,2025,FALSE,Louisiana,SWAP,356,context,climate_threat_species_vital_rates,TRUE,1,NA,2
LA_SWAP_2025,LA,SWAP,2025,FALSE,Louisiana,SWAP,356,context,climate_threat_biotic_stressors,TRUE,1,NA,2
LA_SWAP_2025,LA,SWAP,2025,FALSE,Louisiana,SWAP,356,actions,priority_habitat_identification,TRUE,2,NA,3
LA_SWAP_2025,LA,SWAP,2025,FALSE,Louisiana,SWAP,356,actions,targeted_range_shift_actions,TRUE,1,"The document proposes corridor establishment and habitat protection to facilitate species movement under climate change (structural facilitation). No explicit assisted migration, translocation, or climate-motivated reintroduction actions are proposed. The structural facilitation actions suffice for a score of 1.",1
LA_SWAP_2025,LA,SWAP,2025,FALSE,Louisiana,SWAP,356,actions,time_bound_and_monitoring,TRUE,1,"The document has a 10-year plan revision deadline and references SMART objectives and adaptive management at the general level. However, specific individual climate-adaptation actions are not assigned explicit deadlines or milestones in action tables; the monitoring framework for climate actions is described aspirationally rather than at the action level with both deadlines and effectiveness monitoring attached. Score 1 (deadlines at plan level) rather than 2.",2
LA_SWAP_2025,LA,SWAP,2025,FALSE,Louisiana,SWAP,356,actions,evidence_of_efficacy,TRUE,2,"Evidence is primarily from studies with limited direct applicability (CCVIs and niche models conducted at regional or multistate scale, not specific project evaluations in Louisiana). No post-action evaluations or case studies of implemented climate adaptation actions are presented. Score 2 (limited evidence from referenced studies) is appropriate.",2
LA_SWAP_2025,LA,SWAP,2025,FALSE,Louisiana,SWAP,356,actions,adaptation_planning_frameworks,TRUE,2,NA,2
MA_SWAP_2015,MA,SWAP,2015,FALSE,Massachusetts,SWAP,410,concepts,climate_vulnerability,TRUE,3,NA,3
MA_SWAP_2015,MA,SWAP,2015,FALSE,Massachusetts,SWAP,410,concepts,adaptive_capacity_specificity,TRUE,2,NA,2
MA_SWAP_2015,MA,SWAP,2015,FALSE,Massachusetts,SWAP,410,concepts,connectivity,TRUE,2,NA,3
MA_SWAP_2015,MA,SWAP,2015,FALSE,Massachusetts,SWAP,410,tools,vulnerability_models,TRUE,2,NA,3
MA_SWAP_2015,MA,SWAP,2015,FALSE,Massachusetts,SWAP,410,tools,niche_models,TRUE,1,"The document references distribution models as a future recommendation but does not apply specific SDMs (MaxEnt, etc.) to focal species. One passage discusses developing distribution models for under-studied species as a future action, scoring 1.",1
MA_SWAP_2015,MA,SWAP,2015,FALSE,Massachusetts,SWAP,410,tools,climate_models,TRUE,1,"The document mentions 'two emission scenarios' were used in the Manomet CCVA but does not name specific GCMs, RCP values, CMIP products, or downscaling tools. Qualitative climate change descriptions are abundant but no named climate model or formal emission scenario (RCP/SSP) is cited in the document's own analysis. Score 1 (referenced generally) is appropriate.",1
MA_SWAP_2015,MA,SWAP,2015,FALSE,Massachusetts,SWAP,410,tools,connectivity_models,TRUE,1,"BioMap2 incorporates connectivity analyses and the document references 'UMass Critical Linkages/CAPS data' as future landscape planning tools to incorporate. No specific connectivity model (CircuitScape, Linkage Mapper, etc.) is named and applied to the document's focal subjects. Score 1.",1
MA_SWAP_2015,MA,SWAP,2015,FALSE,Massachusetts,SWAP,410,context,biological_unit_score,TRUE,2,NA,2
MA_SWAP_2015,MA,SWAP,2015,FALSE,Massachusetts,SWAP,410,context,partnerships_and_funding,TRUE,2,NA,3
MA_SWAP_2015,MA,SWAP,2015,FALSE,Massachusetts,SWAP,410,context,climate_threat_habitat_degradation,TRUE,1,NA,3
MA_SWAP_2015,MA,SWAP,2015,FALSE,Massachusetts,SWAP,410,context,climate_threat_species_vital_rates,TRUE,1,NA,2
MA_SWAP_2015,MA,SWAP,2015,FALSE,Massachusetts,SWAP,410,context,climate_threat_biotic_stressors,TRUE,1,NA,2
MA_SWAP_2015,MA,SWAP,2015,FALSE,Massachusetts,SWAP,410,actions,priority_habitat_identification,TRUE,2,NA,3
MA_SWAP_2015,MA,SWAP,2015,FALSE,Massachusetts,SWAP,410,actions,targeted_range_shift_actions,TRUE,1,NA,3
MA_SWAP_2015,MA,SWAP,2015,FALSE,Massachusetts,SWAP,410,actions,time_bound_and_monitoring,TRUE,1,"The document endorses adaptive management and effectiveness monitoring as principles repeatedly across habitat chapters, and the Montague Plains WMA workbook (Table 5-2) includes time frames and monitoring items. However, those time frames are tied to a specific site-level planning exercise rather than being broadly operationalized at the action level across the plan. The plan's primary time-binding is at the plan-revision level (10 years), not action-level deadlines. Score 1 is appropriate; score 2 would require both action-level deadlines and effectiveness monitoring operationalized at the action level plan-wide.",2
MA_SWAP_2015,MA,SWAP,2015,FALSE,Massachusetts,SWAP,410,actions,evidence_of_efficacy,TRUE,2,"The document presents limited evidence of efficacy for climate-specific range-shift actions. The strongest evidence is the turtle road mortality reduction (90%) from the Linking Landscapes program. Climate adaptation actions (assisted migration research, translocation recommendations) are aspirational without prior efficacy data. Score 2 (limited evidence) is appropriate: some prior project results are cited but they have limited direct applicability to climate-specific range-shift conservation.",3
MA_SWAP_2015,MA,SWAP,2015,FALSE,Massachusetts,SWAP,410,actions,adaptation_planning_frameworks,TRUE,2,NA,3
MD_SWAP_2025_draft,MD,SWAP,2025,TRUE,Maryland,SWAP,672,concepts,climate_vulnerability,TRUE,3,NA,3
MD_SWAP_2025_draft,MD,SWAP,2025,TRUE,Maryland,SWAP,672,concepts,adaptive_capacity_specificity,TRUE,2,NA,2
MD_SWAP_2025_draft,MD,SWAP,2025,TRUE,Maryland,SWAP,672,concepts,connectivity,TRUE,2,NA,2
MD_SWAP_2025_draft,MD,SWAP,2025,TRUE,Maryland,SWAP,672,tools,vulnerability_models,TRUE,1,"The document references Climate Change Vulnerability Assessments and CCVI as recommended tools and notes that the 2015 SWAP incorporated vulnerability assessments, but no CCVI scores or formal vulnerability assessments are documented as having been applied to the 2025 SGCN list. The language is largely aspirational or backward-looking at 2015 work.",2
MD_SWAP_2025_draft,MD,SWAP,2025,TRUE,Maryland,SWAP,672,tools,niche_models,TRUE,2,NA,2
MD_SWAP_2025_draft,MD,SWAP,2025,TRUE,Maryland,SWAP,672,tools,climate_models,TRUE,2,SLAMM is applied directly to Maryland's coastal counties and used operationally. No named GCMs or RCP/SSP scenarios appear explicitly; the SLAMM SLR scenarios are physically based. The document also references NECASC climate synthesis products as inputs to planning.,2
MD_SWAP_2025_draft,MD,SWAP,2025,TRUE,Maryland,SWAP,672,tools,connectivity_models,TRUE,2,NA,2
MD_SWAP_2025_draft,MD,SWAP,2025,TRUE,Maryland,SWAP,672,context,biological_unit_score,TRUE,2,NA,2
MD_SWAP_2025_draft,MD,SWAP,2025,TRUE,Maryland,SWAP,672,context,partnerships_and_funding,TRUE,2,NA,2
MD_SWAP_2025_draft,MD,SWAP,2025,TRUE,Maryland,SWAP,672,context,climate_threat_habitat_degradation,TRUE,1,NA,2
MD_SWAP_2025_draft,MD,SWAP,2025,TRUE,Maryland,SWAP,672,context,climate_threat_species_vital_rates,TRUE,1,NA,2
MD_SWAP_2025_draft,MD,SWAP,2025,TRUE,Maryland,SWAP,672,context,climate_threat_biotic_stressors,TRUE,1,NA,2
MD_SWAP_2025_draft,MD,SWAP,2025,TRUE,Maryland,SWAP,672,actions,priority_habitat_identification,TRUE,2,NA,3
MD_SWAP_2025_draft,MD,SWAP,2025,TRUE,Maryland,SWAP,672,actions,targeted_range_shift_actions,TRUE,1,"The document provides structural facilitation through the HCN corridors framed explicitly as supporting climate-driven range shifts. Direct manipulation (assisted migration, climate-motivated translocation) is not explicitly proposed for climate range-shift purposes; mussel augmentation/reintroduction is discussed as recovery, not explicitly climate-motivated range-shift facilitation.",1
MD_SWAP_2025_draft,MD,SWAP,2025,TRUE,Maryland,SWAP,672,actions,time_bound_and_monitoring,TRUE,1,"The document has a 10-year plan revision cycle and annual reporting requirements, which is time-binding at the plan level, not at the individual action level. Individual species/habitat-level conservation actions in Appendices 6a and 6b have priority levels (low/medium/high) and duration estimates, but individual deadlines tied to specific climate-related actions are not clearly articulated in the narrative text reviewed. Effectiveness monitoring is referenced extensively as a principle (Chapter 7) but is aspirational rather than operationalized per individual action with specified protocols and deadlines. Score = 1 reflects that the plan structure includes time-based benchmarks but individual action-level deadlines and effectiveness monitoring tied to climate range-shift actions are not fully operationalized.",1
MD_SWAP_2025_draft,MD,SWAP,2025,TRUE,Maryland,SWAP,672,actions,evidence_of_efficacy,TRUE,2,"The document presents several case studies with measurable outcomes (mussel reintroduction, tern raft, dam removal) that provide limited to moderate evidence of efficacy for specific actions. However, the evidence primarily concerns recovery actions and habitat management rather than directly tested climate adaptation actions. Score = 2 (limited evidence) because the case studies focus on different settings and primarily test general restoration/conservation principles rather than directly testing climate adaptation efficacy.",2
MD_SWAP_2025_draft,MD,SWAP,2025,TRUE,Maryland,SWAP,672,actions,adaptation_planning_frameworks,TRUE,2,"The document references specific frameworks including Climate Change Vulnerability Assessments (CCVA), adaptive management (operationalized within Chapter 7), and mentions the Resist-Accept-Direct (RAD) or Resistance-Resilience-Transition (RRT) frameworks are not explicitly named. The regional Climate Adaptation Strategy and CCVA are mentioned as specific tools, scoring this a 2.",3
ME_SWAP_2025,ME,SWAP,2025,FALSE,Maine,SWAP,643,concepts,climate_vulnerability,TRUE,3,NA,3
ME_SWAP_2025,ME,SWAP,2025,FALSE,Maine,SWAP,643,concepts,adaptive_capacity_specificity,TRUE,2,NA,2
ME_SWAP_2025,ME,SWAP,2025,FALSE,Maine,SWAP,643,concepts,connectivity,TRUE,2,NA,3
ME_SWAP_2025,ME,SWAP,2025,FALSE,Maine,SWAP,643,tools,vulnerability_models,TRUE,2,"The plan references applying vulnerability assessments to its SGCN list as a SGCN prioritization criterion (Whitman et al. 2013 applied to focal species), and proposes conducting a new vulnerability assessment. Score 2 is warranted because prior vulnerability assessments (Whitman et al. 2013) were substantively incorporated into SGCN selection and prioritization for the plan's focal subjects.",2
ME_SWAP_2025,ME,SWAP,2025,FALSE,Maine,SWAP,643,tools,niche_models,TRUE,1,"The plan mentions species distribution modeling as a future recommended action (score 1), and references the Climate Change Tree Atlas in the literature. No SDMs are applied to the focal subjects in the plan itself.",1
ME_SWAP_2025,ME,SWAP,2025,FALSE,Maine,SWAP,643,tools,climate_models,TRUE,1,"The plan cites climate change studies but does not name or apply any specific climate model, GCM, downscaling product, or emission scenario. Score is 1 (referenced generally via cited studies) rather than 0 because the plan does engage with climate projections through referenced literature, but never names a model class, scenario, or time horizon for its own projections.",1
ME_SWAP_2025,ME,SWAP,2025,FALSE,Maine,SWAP,643,tools,connectivity_models,TRUE,2,"The plan references connectivity mapping products (Habitat Connectors modeled using GIS, the Maine Stream Habitat Viewer, the Tidal Restriction Atlas, BwH Focus Areas mapping) that are based on model outputs used to inform management decisions for focal subjects. Per the codebook, application of modeling output to management decisions counts even without naming the specific algorithm.",2
ME_SWAP_2025,ME,SWAP,2025,FALSE,Maine,SWAP,643,context,biological_unit_score,TRUE,2,NA,2
ME_SWAP_2025,ME,SWAP,2025,FALSE,Maine,SWAP,643,context,partnerships_and_funding,TRUE,2,NA,3
ME_SWAP_2025,ME,SWAP,2025,FALSE,Maine,SWAP,643,context,climate_threat_habitat_degradation,TRUE,1,NA,2
ME_SWAP_2025,ME,SWAP,2025,FALSE,Maine,SWAP,643,context,climate_threat_species_vital_rates,TRUE,1,The Black Tern nest failure example is a direct climate event (flooding from extreme precipitation) causing reproductive failure—a vital rate directly impacted. This meets the threshold for 3.6.,1
ME_SWAP_2025,ME,SWAP,2025,FALSE,Maine,SWAP,643,context,climate_threat_biotic_stressors,TRUE,1,NA,2
ME_SWAP_2025,ME,SWAP,2025,FALSE,Maine,SWAP,643,actions,priority_habitat_identification,TRUE,2,NA,3
ME_SWAP_2025,ME,SWAP,2025,FALSE,Maine,SWAP,643,actions,targeted_range_shift_actions,TRUE,1,NA,2
ME_SWAP_2025,ME,SWAP,2025,FALSE,Maine,SWAP,643,actions,time_bound_and_monitoring,TRUE,2,NA,3
ME_SWAP_2025,ME,SWAP,2025,FALSE,Maine,SWAP,643,actions,evidence_of_efficacy,TRUE,2,"Score is 2 (limited evidence) rather than 3 (strong evidence) because while the plan includes case studies with outcome data (Piping Plover, turtle crossing), the majority of conservation actions in the plan are presented without citations or evidence of efficacy. The case studies provide limited direct evidence for range-shift-specific actions specifically.",2
ME_SWAP_2025,ME,SWAP,2025,FALSE,Maine,SWAP,643,actions,adaptation_planning_frameworks,TRUE,2,"The plan references adaptive management explicitly in a climate context and has a Maine Won't Wait crosswalk (a specific climate adaptation planning tool). The Climate Subcommittee process and crosswalk constitute a climate adaptation planning framework specifically referenced. Score 2 is appropriate because named specific frameworks (Maine Won't Wait, climate vulnerability assessment) are referenced and applied.",3
MI_SWAP_2025_draft,MI,SWAP,2025,TRUE,Michigan,SWAP,480,concepts,climate_vulnerability,TRUE,3,NA,3
MI_SWAP_2025_draft,MI,SWAP,2025,TRUE,Michigan,SWAP,480,concepts,adaptive_capacity_specificity,TRUE,2,NA,2
MI_SWAP_2025_draft,MI,SWAP,2025,TRUE,Michigan,SWAP,480,concepts,connectivity,TRUE,2,"The document references connectivity in climate-relevant contexts (supporting range shifts, species movement in response to changing conditions). Scored 2 because connectivity is explicitly linked to range shifts and climate-driven movement.",2
MI_SWAP_2025_draft,MI,SWAP,2025,TRUE,Michigan,SWAP,480,tools,vulnerability_models,TRUE,2,NA,3
MI_SWAP_2025_draft,MI,SWAP,2025,TRUE,Michigan,SWAP,480,tools,niche_models,TRUE,2,NA,2
MI_SWAP_2025_draft,MI,SWAP,2025,TRUE,Michigan,SWAP,480,tools,climate_models,TRUE,2,"The plan references regionally downscaled climate projections applied to focal species and habitats (Cooper et al. 2022, Hansen et al. 2022) but does not name specific GCMs or emission scenarios (RCPs/SSPs).",2
MI_SWAP_2025_draft,MI,SWAP,2025,TRUE,Michigan,SWAP,480,tools,connectivity_models,TRUE,1,"The plan references connectivity generally as a concept but does not apply named connectivity modeling tools (CircuitScape, Omniscape, etc.) to its focal subjects. GIS-based habitat assessments are referenced (Cooper et al. 2022) but primarily for suitability rather than explicit connectivity modeling outputs. Scored 1 (referenced generally).",1
MI_SWAP_2025_draft,MI,SWAP,2025,TRUE,Michigan,SWAP,480,context,biological_unit_score,TRUE,2,NA,2
MI_SWAP_2025_draft,MI,SWAP,2025,TRUE,Michigan,SWAP,480,context,partnerships_and_funding,TRUE,2,NA,2
MI_SWAP_2025_draft,MI,SWAP,2025,TRUE,Michigan,SWAP,480,context,climate_threat_habitat_degradation,TRUE,1,NA,2
MI_SWAP_2025_draft,MI,SWAP,2025,TRUE,Michigan,SWAP,480,context,climate_threat_species_vital_rates,TRUE,1,NA,2
MI_SWAP_2025_draft,MI,SWAP,2025,TRUE,Michigan,SWAP,480,context,climate_threat_biotic_stressors,TRUE,1,NA,2
MI_SWAP_2025_draft,MI,SWAP,2025,TRUE,Michigan,SWAP,480,actions,priority_habitat_identification,TRUE,2,NA,2
MI_SWAP_2025_draft,MI,SWAP,2025,TRUE,Michigan,SWAP,480,actions,targeted_range_shift_actions,TRUE,1,NA,2
MI_SWAP_2025_draft,MI,SWAP,2025,TRUE,Michigan,SWAP,480,actions,time_bound_and_monitoring,TRUE,2,NA,2
MI_SWAP_2025_draft,MI,SWAP,2025,TRUE,Michigan,SWAP,480,actions,evidence_of_efficacy,TRUE,2,NA,2
MI_SWAP_2025_draft,MI,SWAP,2025,TRUE,Michigan,SWAP,480,actions,adaptation_planning_frameworks,TRUE,2,NA,2
MN_SWAP_2015,MN,SWAP,2015,FALSE,Minnesota,SWAP,240,concepts,climate_vulnerability,TRUE,3,NA,3
MN_SWAP_2015,MN,SWAP,2015,FALSE,Minnesota,SWAP,240,concepts,adaptive_capacity_specificity,TRUE,2,NA,2
MN_SWAP_2015,MN,SWAP,2015,FALSE,Minnesota,SWAP,240,concepts,connectivity,TRUE,2,NA,2
MN_SWAP_2015,MN,SWAP,2015,FALSE,Minnesota,SWAP,240,tools,vulnerability_models,TRUE,2,"The document conducted a habitat climate change vulnerability assessment and incorporated external species and habitat vulnerability assessment results (Handler et al. 2014; Small-Lorenz et al. 2013; LeDee and Ribic 2015). These results were substantively incorporated into management decisions for focal habitats and species, satisfying 'applied to subject.' No specific named framework like CCVI is confirmed applied, but the assessment described is operationally applied to the plan's focal habitats.",2
MN_SWAP_2015,MN,SWAP,2015,FALSE,Minnesota,SWAP,240,tools,niche_models,TRUE,1,"The document references use of 'habitat models' for some bird species (goshawk, boreal chickadee, Connecticut warbler, grasshopper sparrow, Le Conte's sparrow) from external sources used to map viable populations. These are referenced generally without a named SDM framework (MaxEnt etc.) and the modeling was done by others. The population mapping also explicitly limited reliance on modeled habitat. Score 1 is appropriate as the document uses some modeled habitat output but does not perform or deeply reference formal niche/SDM analysis.",1
MN_SWAP_2015,MN,SWAP,2015,FALSE,Minnesota,SWAP,240,tools,climate_models,TRUE,1,"The document discusses climate change extensively and references projected temperature increases to 2060-69, but does not apply named climate models (GCMs, CMIP, RCPs/SSPs, downscaled products) itself. Climate projections appear only in the referenced Appendix D and are drawn from secondary sources. Score 1 (referenced generally) rather than 2 because no named climate model is run or formally applied to the plan's own analysis.",1
MN_SWAP_2015,MN,SWAP,2015,FALSE,Minnesota,SWAP,240,tools,connectivity_models,TRUE,2,"Marxan outputs were substantively incorporated into the Wildlife Action Network, which directly shapes the plan's conservation prioritization and focus area identification. This meets the 'applied to subject' criterion.",2
MN_SWAP_2015,MN,SWAP,2015,FALSE,Minnesota,SWAP,240,context,biological_unit_score,TRUE,2,NA,2
MN_SWAP_2015,MN,SWAP,2015,FALSE,Minnesota,SWAP,240,context,partnerships_and_funding,TRUE,2,"The plan describes active, named partnerships with specific organizations (Nature Conservancy, USFWS, Audubon Minnesota, NRCS, Tribal Governments, Ducks Unlimited, etc.) and confirmed funding ($10M+ SWG, nongame checkoff, Environment and Natural Resources Trust Fund, Outdoor Heritage Fund). This represents strategic investment with active partnerships meeting score 2.",2
MN_SWAP_2015,MN,SWAP,2015,FALSE,Minnesota,SWAP,240,context,climate_threat_habitat_degradation,TRUE,1,NA,2
MN_SWAP_2015,MN,SWAP,2015,FALSE,Minnesota,SWAP,240,context,climate_threat_species_vital_rates,TRUE,1,"This passage directly frames how climate-driven phenological changes affect vital rates (food unavailability during critical life stages potentially contributing to extinction, i.e. reduced survival/reproduction). This satisfies the direct vital-rate impact criterion. Additional evidence: climate-induced increased moisture stress causing greater mortality in managed aspen systems is also mentioned.",1
MN_SWAP_2015,MN,SWAP,2015,FALSE,Minnesota,SWAP,240,context,climate_threat_biotic_stressors,TRUE,1,NA,2
MN_SWAP_2015,MN,SWAP,2015,FALSE,Minnesota,SWAP,240,actions,priority_habitat_identification,TRUE,2,"The document spatially maps the Wildlife Action Network (terrestrial and aquatic habitat cores and corridors) and 36 Conservation Focus Areas using GIS-based methodology, with maps provided (Figures 1.3, 1.5, 1.6, E10, etc.). This clearly satisfies the spatial representation criterion for score 2.",2
MN_SWAP_2015,MN,SWAP,2015,FALSE,Minnesota,SWAP,240,actions,targeted_range_shift_actions,TRUE,1,The document proposes structural facilitation (maintaining/building habitat connections and cores explicitly to allow species to move in response to climate-driven range shifts). This meets the structural facilitation criterion under 4.2. No direct translocation or assisted migration actions are proposed with climate motivation.,2
MN_SWAP_2015,MN,SWAP,2015,FALSE,Minnesota,SWAP,240,actions,time_bound_and_monitoring,TRUE,2,"The document has both time-bound elements (explicit 2015-25 timeframe, 10-year objectives, biennial regional meetings beginning 2016, 'by 2022' deadlines for specific survey objectives) and effectiveness monitoring requirements built into Conservation Focus Areas and Wildlife Action Network monitoring. Score 2 is appropriate.",2
MN_SWAP_2015,MN,SWAP,2015,FALSE,Minnesota,SWAP,240,actions,evidence_of_efficacy,TRUE,2,"The document presents citations to studies with limited applicability (meta-analyses, general biodiversity-invasibility research) to support corridor and diversity-based actions. These are relevant but not directly applied studies of the specific MN context. Score 2 (limited evidence) is appropriate: studies referenced test underlying principles but not the specific actions in MN conditions.",2
MN_SWAP_2015,MN,SWAP,2015,FALSE,Minnesota,SWAP,240,actions,adaptation_planning_frameworks,TRUE,2,"The document explicitly references the National Fish, Wildlife and Plants Climate Adaptation Strategy (2012) as a framework guiding plan content, and operationalizes adaptive management at the Conservation Focus Area level in a climate-change context. The vulnerability assessment framework (sensitivity + exposure + adaptive capacity) is also explicitly named in the glossary and used throughout. Score 2 is appropriate as specific frameworks are named and applied.",2
MO_SWAP_2015,MO,SWAP,2015,FALSE,Missouri,SWAP,253,concepts,climate_vulnerability,TRUE,2,"The document references exposure and sensitivity to climate change through the Brandt et al. 2014 external assessment, but does not articulate adaptive capacity as a concept for the assessed ecosystems or species. Score is 2 (exposure referenced but not adaptive capacity as a distinct axis). The vulnerability discussion is limited to the external report and a brief statewide climate threat section.",3
MO_SWAP_2015,MO,SWAP,2015,FALSE,Missouri,SWAP,253,concepts,adaptive_capacity_specificity,TRUE,1,"Adaptive capacity is referenced only in the generic sense of 'resilience' without specifying which components (e.g., dispersal, genetic diversity, life history) confer it. Score is 1.",1
MO_SWAP_2015,MO,SWAP,2015,FALSE,Missouri,SWAP,253,concepts,connectivity,TRUE,2,NA,1
MO_SWAP_2015,MO,SWAP,2015,FALSE,Missouri,SWAP,253,tools,vulnerability_models,TRUE,1,"The Brandt et al. 2014 Central Hardwoods vulnerability assessment is referenced, but it covers a multi-state region, not Missouri's SGCN specifically. The document incorporates the findings descriptively but does not apply a named vulnerability model tool (e.g., CCVI) to Missouri's own SGCN. Score is 1.",1
MO_SWAP_2015,MO,SWAP,2015,FALSE,Missouri,SWAP,253,tools,niche_models,TRUE,1,"Species-level model projections from the external Brandt et al. 2014 report are described, implying species distribution or niche modeling occurred in that external report, but no named niche model (MaxEnt, SDM, etc.) is cited, and no such modeling was applied by Missouri to its own SGCN. Score is 1 (referenced generally through an external report's findings).",1
MO_SWAP_2015,MO,SWAP,2015,FALSE,Missouri,SWAP,253,tools,climate_models,TRUE,1,"Downscaled global climate model data are referenced through the Brandt et al. 2014 external report, but no specific GCM, CMIP version, or emission scenario is named. The projections inform the document's discussion of climate threats but were not applied by the Department to Missouri's own SGCN or COAs. Score is 1.",1
MO_SWAP_2015,MO,SWAP,2015,FALSE,Missouri,SWAP,253,tools,connectivity_models,TRUE,0,"Connectivity is discussed conceptually and spatially (COA maps), but no connectivity modeling tool (CircuitScape, Linkage Mapper, etc.) is referenced or applied. GIS prioritization for COAs used landcover and species databases, not connectivity models per se.",0
MO_SWAP_2015,MO,SWAP,2015,FALSE,Missouri,SWAP,253,context,biological_unit_score,TRUE,2,NA,2
MO_SWAP_2015,MO,SWAP,2015,FALSE,Missouri,SWAP,253,context,partnerships_and_funding,TRUE,1,"While the document describes extensive partnerships and funding for habitat conservation generally (wetland restoration, grassland cost-share, etc.), these are not specifically framed as addressing range shifts or climate-driven distributional change. No partnership or funding is specifically allocated for range-shift actions. Score is 1 (some partnerships described, but aspirational/general in climate-range-shift context).",2
MO_SWAP_2015,MO,SWAP,2015,FALSE,Missouri,SWAP,253,context,climate_threat_habitat_degradation,TRUE,1,NA,1
MO_SWAP_2015,MO,SWAP,2015,FALSE,Missouri,SWAP,253,context,climate_threat_species_vital_rates,TRUE,1,"The document discusses direct effects on fish growth (vital rate) from high water temperatures caused by climate change, satisfying the 'climate event → vital rate impact' chain. Score is 1.",1
MO_SWAP_2015,MO,SWAP,2015,FALSE,Missouri,SWAP,253,context,climate_threat_biotic_stressors,TRUE,1,NA,1
MO_SWAP_2015,MO,SWAP,2015,FALSE,Missouri,SWAP,253,actions,priority_habitat_identification,TRUE,2,"COAs are spatially represented on maps and GIS layers. While the COA identification is not explicitly framed as addressing climate-driven range shifts, the document explicitly states that these priority areas serve as the management response to climate change threats (connectivity and resilience). Score is 2.",2
MO_SWAP_2015,MO,SWAP,2015,FALSE,Missouri,SWAP,253,actions,targeted_range_shift_actions,TRUE,1,"The document describes structural facilitation (connectivity promotion) explicitly to support climate-driven range adjustments. No direct manipulation actions (assisted migration, translocation for climate purposes) are described. Score is 1 per the codebook binary scale.",1
MO_SWAP_2015,MO,SWAP,2015,FALSE,Missouri,SWAP,253,actions,time_bound_and_monitoring,TRUE,1,"The document describes monitoring frameworks (CHI, LHI models) and an adaptive management philosophy, but action-level deadlines are generally absent. The plan mentions a 10-year revision cycle but does not attach specific deadlines to individual climate-related conservation actions. Score is 1 (adaptive management principle stated but not fully operationalized at the action level with both deadlines and effectiveness monitoring for climate-specific actions).",1
MO_SWAP_2015,MO,SWAP,2015,FALSE,Missouri,SWAP,253,actions,evidence_of_efficacy,TRUE,2,"The document presents limited but real evidence from case studies and internal monitoring data (e.g., geocarpon increases, fish response to connectivity restoration). These are directly applicable studies in Missouri but focused on habitat management outcomes rather than specifically climate range-shift actions. Score is 2 (limited evidence from relevant prior projects).",2
MO_SWAP_2015,MO,SWAP,2015,FALSE,Missouri,SWAP,253,actions,adaptation_planning_frameworks,TRUE,1,"Adaptive management is mentioned as a guiding principle in the context of responding to management outcomes and climate change threats, but no specific named climate adaptation planning framework (RAD, CCVA, SBDA, RRT, etc.) is referenced. Score is 1 (non-specific reference to adaptive/adaptive management in climate context).",1
MS_SWAP_2025_draft,MS,SWAP,2025,TRUE,Mississippi,SWAP,1493,concepts,climate_vulnerability,TRUE,3,NA,3
MS_SWAP_2025_draft,MS,SWAP,2025,TRUE,Mississippi,SWAP,1493,concepts,adaptive_capacity_specificity,TRUE,2,NA,2
MS_SWAP_2025_draft,MS,SWAP,2025,TRUE,Mississippi,SWAP,1493,concepts,connectivity,TRUE,2,NA,2
MS_SWAP_2025_draft,MS,SWAP,2025,TRUE,Mississippi,SWAP,1493,tools,vulnerability_models,TRUE,2,NA,2
MS_SWAP_2025_draft,MS,SWAP,2025,TRUE,Mississippi,SWAP,1493,tools,niche_models,TRUE,2,NA,2
MS_SWAP_2025_draft,MS,SWAP,2025,TRUE,Mississippi,SWAP,1493,tools,climate_models,TRUE,2,NA,2
MS_SWAP_2025_draft,MS,SWAP,2025,TRUE,Mississippi,SWAP,1493,tools,connectivity_models,TRUE,2,NA,2
MS_SWAP_2025_draft,MS,SWAP,2025,TRUE,Mississippi,SWAP,1493,context,biological_unit_score,TRUE,2,NA,2
MS_SWAP_2025_draft,MS,SWAP,2025,TRUE,Mississippi,SWAP,1493,context,partnerships_and_funding,TRUE,2,NA,3
MS_SWAP_2025_draft,MS,SWAP,2025,TRUE,Mississippi,SWAP,1493,context,climate_threat_habitat_degradation,TRUE,1,NA,2
MS_SWAP_2025_draft,MS,SWAP,2025,TRUE,Mississippi,SWAP,1493,context,climate_threat_species_vital_rates,TRUE,1,NA,2
MS_SWAP_2025_draft,MS,SWAP,2025,TRUE,Mississippi,SWAP,1493,context,climate_threat_biotic_stressors,TRUE,1,NA,2
MS_SWAP_2025_draft,MS,SWAP,2025,TRUE,Mississippi,SWAP,1493,actions,priority_habitat_identification,TRUE,2,NA,2
MS_SWAP_2025_draft,MS,SWAP,2025,TRUE,Mississippi,SWAP,1493,actions,targeted_range_shift_actions,TRUE,1,"The document identifies structural facilitation (corridors, connectivity) in the context of climate-driven range shifts, earning a 1. No direct manipulation actions (assisted migration, translocation) are framed in climate terms.",2
MS_SWAP_2025_draft,MS,SWAP,2025,TRUE,Mississippi,SWAP,1493,actions,time_bound_and_monitoring,TRUE,1,"The document specifies plan-level review deadlines (5-year interim, 10-year comprehensive) and annual reviews, but does not attach specific deadlines to individual range-shift conservation actions. Effectiveness monitoring at the action level is not clearly operationalized for climate-specific actions. Score is 1 rather than 2.",2
MS_SWAP_2025_draft,MS,SWAP,2025,TRUE,Mississippi,SWAP,1493,actions,evidence_of_efficacy,TRUE,2,The evidence is limited in applicability — studies were mostly conducted in other states or are assessments rather than direct tests of conservation action efficacy. This qualifies as 'limited evidence' (score 2) rather than strong evidence.,2
MS_SWAP_2025_draft,MS,SWAP,2025,TRUE,Mississippi,SWAP,1493,actions,adaptation_planning_frameworks,TRUE,2,NA,2
MT_SWAP_2025_draft,MT,SWAP,2025,TRUE,"Montana Fish, Wildlife & Parks",SWAP,688,concepts,climate_vulnerability,TRUE,2,"The document references climate exposure extensively through threat tables (temperature regime changes, hydrological changes, habitat loss) and references adaptive capacity conceptually through the connectivity chapter's framing. However, it does not use the full IPCC vulnerability decomposition (exposure + adaptive capacity named together for the same species/habitat) that would earn a score of 3. Exposure is well-evidenced; adaptive capacity is engaged through connectivity and dispersal framing but not formally paired with exposure in a vulnerability framework. Score 2 reflects exposure without a formal adaptive-capacity pairing.",3
MT_SWAP_2025_draft,MT,SWAP,2025,TRUE,"Montana Fish, Wildlife & Parks",SWAP,688,concepts,adaptive_capacity_specificity,TRUE,2,"The document discusses adaptive capacity components specifically — dispersal/movement ability, genetic diversity, and habitat connectivity — particularly in the connectivity chapter. These are named specific components, supporting a score of 2.",2
MT_SWAP_2025_draft,MT,SWAP,2025,TRUE,"Montana Fish, Wildlife & Parks",SWAP,688,concepts,connectivity,TRUE,2,NA,3
MT_SWAP_2025_draft,MT,SWAP,2025,TRUE,"Montana Fish, Wildlife & Parks",SWAP,688,tools,vulnerability_models,TRUE,0,"No CCVI scores, PVA, or other formal vulnerability assessment models are applied to the document's SGCN. The document references NatureServe methodology for conservation status ranking, but this is not a climate vulnerability model. Audubon's 'Survival by Degrees' project is mentioned for a few grassland birds but is not described as a vulnerability model applied to the SWAP's SGCN list.",0
MT_SWAP_2025_draft,MT,SWAP,2025,TRUE,"Montana Fish, Wildlife & Parks",SWAP,688,tools,niche_models,TRUE,1,"The MTNHP constructs predicted habitat suitability models (including MaxEnt-based models) for species, and these are referenced as background tools. However, the plan does not apply future-projected niche models to inform management decisions for its SGCN under climate scenarios. Score 1 (referenced generally) is appropriate. MaxEnt is cited in table metadata but only as a method used for general MTNHP models, not as climate-projected SDMs applied to SWAP focal species.",2
MT_SWAP_2025_draft,MT,SWAP,2025,TRUE,"Montana Fish, Wildlife & Parks",SWAP,688,tools,climate_models,TRUE,0,"The document discusses climate change qualitatively throughout (warming temperatures, drought, altered precipitation) but does not reference any GCM, CMIP product, RCP, SSP, downscaling product, or emission scenario. Audubon's 'Survival by Degrees' is mentioned for a few species threats, but no climate model apparatus is described or applied. This is a legitimate 0: climate-aware document without formal climate modeling.",0
MT_SWAP_2025_draft,MT,SWAP,2025,TRUE,"Montana Fish, Wildlife & Parks",SWAP,688,tools,connectivity_models,TRUE,0,"Chapter 8 discusses wildlife connectivity extensively, and Chapter 6 mentions focal area mapping under development that will integrate spatial distribution maps. However, no connectivity modeling tools (CircuitScape, Omniscape, Linkage Mapper, etc.) are named or applied. The 2015 SWAP focal areas are mentioned as still in use, and new focal areas are described as forthcoming (expected October 2026), but no underlying connectivity model is identified.",0
MT_SWAP_2025_draft,MT,SWAP,2025,TRUE,"Montana Fish, Wildlife & Parks",SWAP,688,context,biological_unit_score,TRUE,2,NA,2
MT_SWAP_2025_draft,MT,SWAP,2025,TRUE,"Montana Fish, Wildlife & Parks",SWAP,688,context,partnerships_and_funding,TRUE,2,"The SWAP describes active partnerships with state agencies, federal agencies, tribes, NGOs, universities, and private landowners actively engaged in implementation. Funding includes State Wildlife Grants and new dedicated coordinator and biometrician positions. Score 2 reflects strategic investment with active partnerships.",3
MT_SWAP_2025_draft,MT,SWAP,2025,TRUE,"Montana Fish, Wildlife & Parks",SWAP,688,context,climate_threat_habitat_degradation,TRUE,1,NA,3
MT_SWAP_2025_draft,MT,SWAP,2025,TRUE,"Montana Fish, Wildlife & Parks",SWAP,688,context,climate_threat_species_vital_rates,TRUE,1,NA,3
MT_SWAP_2025_draft,MT,SWAP,2025,TRUE,"Montana Fish, Wildlife & Parks",SWAP,688,context,climate_threat_biotic_stressors,TRUE,1,NA,3
MT_SWAP_2025_draft,MT,SWAP,2025,TRUE,"Montana Fish, Wildlife & Parks",SWAP,688,actions,priority_habitat_identification,TRUE,1,"Priority habitat is discussed for HGCN throughout the document, and focal areas are explicitly described as spatially mapped products. However, the new focal areas are described as 'forthcoming' (expected by October 2026) and the 2025 SWAP currently uses the 2015 SWAP focal areas as a placeholder. The climate-specific spatial prioritization (e.g., climate refugia identification) is discussed narratively but not delivered as a complete spatial product in this draft. Score 1 rather than 2 because spatial representation of climate-linked priority habitats is not yet completed in this document.",3
MT_SWAP_2025_draft,MT,SWAP,2025,TRUE,"Montana Fish, Wildlife & Parks",SWAP,688,actions,targeted_range_shift_actions,TRUE,1,The document includes connectivity actions framed as supporting species range shifts (Chapter 8) and Bull Trout translocation into habitats predicted to remain suitable under climate change — meeting the threshold for structural facilitation and direct manipulation respectively. Score 1.,2
MT_SWAP_2025_draft,MT,SWAP,2025,TRUE,"Montana Fish, Wildlife & Parks",SWAP,688,actions,time_bound_and_monitoring,TRUE,1,"The plan describes a 3-year SWAP Implementation Plan cycle, a forthcoming SWAP dashboard for tracking actions, and a monitoring strategy. However, individual actions in the threats/actions tables do not have deadlines or milestones attached. The adaptive management cycle is described at the plan level but not operationalized with explicit deadlines at the action level. Score 1 for having a plan-level timeline structure without action-level deadlines.",3
MT_SWAP_2025_draft,MT,SWAP,2025,TRUE,"Montana Fish, Wildlife & Parks",SWAP,688,actions,evidence_of_efficacy,TRUE,2,"The plan cites published studies (Pollock, Wheaton, Ritter) and references conservation evidence databases for some actions, particularly beaver restoration. However, most actions in the threats/actions tables lack citations or supporting evidence. Score 2 for 'limited evidence' — some applicable studies cited for specific actions (beaver restoration) but the majority of the 6,000+ actions lack explicit evidence citations.",3
MT_SWAP_2025_draft,MT,SWAP,2025,TRUE,"Montana Fish, Wildlife & Parks",SWAP,688,actions,adaptation_planning_frameworks,TRUE,1,"The document mentions adaptive management in the context of wildlife disease and changing conditions, and describes a monitoring-and-response strategy. However, no specific climate adaptation planning frameworks (RAD, RRT, CCVA, SBDA, Resist-Accept-Direct, etc.) are named or applied. The adaptive management references are generic and not framed explicitly in a climate context. Score 1 for non-specific reference to adaptive management in a context where changing climate conditions are mentioned.",2
NC_SWAP_2025,NC,SWAP,2025,FALSE,North Carolina,SWAP,1630,concepts,climate_vulnerability,TRUE,3,NA,3
NC_SWAP_2025,NC,SWAP,2025,FALSE,North Carolina,SWAP,1630,concepts,adaptive_capacity_specificity,TRUE,2,"The document references specific components of adaptive capacity (dispersal ability, specialized habitat needs, genetic diversity) in multiple places, qualifying for score 2.",2
NC_SWAP_2025,NC,SWAP,2025,FALSE,North Carolina,SWAP,1630,concepts,connectivity,TRUE,2,NA,3
NC_SWAP_2025,NC,SWAP,2025,FALSE,North Carolina,SWAP,1630,tools,vulnerability_models,TRUE,2,CCVI assessments are cited and incorporated for SGCN in the Appalachian species analysis section and referenced as informing Chapter 4 habitat vulnerability tables.,2
NC_SWAP_2025,NC,SWAP,2025,FALSE,North Carolina,SWAP,1630,tools,niche_models,TRUE,1,"Niche models are discussed in general terms in Appendix 5 as tools used by academic researchers, and results are summarized for SGCN taxa. They are not directly applied to NC management decisions in the main SWAP chapters. Score 1 rather than 2.",1
NC_SWAP_2025,NC,SWAP,2025,FALSE,North Carolina,SWAP,1630,tools,climate_models,TRUE,1,Climate projections (SSP/RCP scenarios) appear primarily in Appendix 5 reference documents (the SECAS regional assessment) rather than being directly applied to management decisions for NC SGCN in the main SWAP chapters. The main chapters reference climate change qualitatively. Score 1 is appropriate.,1
NC_SWAP_2025,NC,SWAP,2025,FALSE,North Carolina,SWAP,1630,tools,connectivity_models,TRUE,2,"The Blueprint connectivity analysis results are directly used to delineate the 2025 Conservation Opportunity Areas, qualifying as applied to the document's focal subjects.",2
NC_SWAP_2025,NC,SWAP,2025,FALSE,North Carolina,SWAP,1630,context,biological_unit_score,TRUE,2,NA,2
NC_SWAP_2025,NC,SWAP,2025,FALSE,North Carolina,SWAP,1630,context,partnerships_and_funding,TRUE,2,NA,3
NC_SWAP_2025,NC,SWAP,2025,FALSE,North Carolina,SWAP,1630,context,climate_threat_habitat_degradation,TRUE,1,NA,3
NC_SWAP_2025,NC,SWAP,2025,FALSE,North Carolina,SWAP,1630,context,climate_threat_species_vital_rates,TRUE,1,"The document discusses climate-driven mortality in several places including Black Rail decline from sea level rise, marine heatwave impacts, and impacts to mussels at thermal limits.",2
NC_SWAP_2025,NC,SWAP,2025,FALSE,North Carolina,SWAP,1630,context,climate_threat_biotic_stressors,TRUE,1,NA,3
NC_SWAP_2025,NC,SWAP,2025,FALSE,North Carolina,SWAP,1630,actions,priority_habitat_identification,TRUE,2,NA,3
NC_SWAP_2025,NC,SWAP,2025,FALSE,North Carolina,SWAP,1630,actions,targeted_range_shift_actions,TRUE,1,"The document advocates for structural facilitation of range shifts (corridors spanning climate gradients, allowing coastal habitat migration) in multiple places. No direct manipulation actions (assisted migration, translocation for climate adaptation) are explicitly proposed. Score 1 based on structural facilitation.",3
NC_SWAP_2025,NC,SWAP,2025,FALSE,North Carolina,SWAP,1630,actions,time_bound_and_monitoring,TRUE,1,"The plan calls for monitoring broadly but does not attach specific deadlines to individual conservation actions at the action-table level. The 10-year revision cycle is plan-level, not action-level. Score 1 for having clear plan-level review cycle without action-level deadlines. Effectiveness monitoring for climate adaptation is recommended but not systematically operationalized.",2
NC_SWAP_2025,NC,SWAP,2025,FALSE,North Carolina,SWAP,1630,actions,evidence_of_efficacy,TRUE,2,Evidence of efficacy is present but primarily at the level of prior conservation outcomes (case studies) rather than rigorous before-after controlled studies. Score 2 reflects limited but real evidence from field case studies.,3
NC_SWAP_2025,NC,SWAP,2025,FALSE,North Carolina,SWAP,1630,actions,adaptation_planning_frameworks,TRUE,2,"RAD and RRT frameworks are named in the SECAS regional reference document appended to the SWAP. The main chapters use the AFWA voluntary guidance framework explicitly. Score 2 for naming specific frameworks and processes (RAD, RRT, AFWA voluntary guidance, Climate Resiliency Strategy).",3
ND_SWAP_2025,ND,SWAP,2025,FALSE,North Dakota,SWAP,326,concepts,climate_vulnerability,TRUE,3,NA,3
ND_SWAP_2025,ND,SWAP,2025,FALSE,North Dakota,SWAP,326,concepts,adaptive_capacity_specificity,TRUE,2,NA,2
ND_SWAP_2025,ND,SWAP,2025,FALSE,North Dakota,SWAP,326,concepts,connectivity,TRUE,2,NA,3
ND_SWAP_2025,ND,SWAP,2025,FALSE,North Dakota,SWAP,326,tools,vulnerability_models,TRUE,0,"The document does not reference CCVI, PVA, or other vulnerability assessment frameworks. Species accounts use Audubon's 'climate-threatened/climate-endangered' designations, but no formal vulnerability model framework (e.g., NatureServe CCVI) is referenced or applied to the focal species.",0
ND_SWAP_2025,ND,SWAP,2025,FALSE,North Dakota,SWAP,326,tools,niche_models,TRUE,2,"No named SDM tools (MaxEnt, BIOCLIM, etc.) are explicitly identified, but the document substantively incorporates results of species distribution/climate envelope models applied to Dakota skipper and regal fritillary, two focal SGCN.",3
ND_SWAP_2025,ND,SWAP,2025,FALSE,North Dakota,SWAP,326,tools,climate_models,TRUE,2,NA,3
ND_SWAP_2025,ND,SWAP,2025,FALSE,North Dakota,SWAP,326,tools,connectivity_models,TRUE,2,"No specific named connectivity modeling software (CircuitScape, Linkage Mapper, etc.) is identified. However, the document applies outputs from the MLI's spatially explicit climate connectivity/resilience mapping (Midwest Conservation Blueprint, Resilient and Connected Network) to inform habitat prioritization decisions for the plan's focal subjects.",2
ND_SWAP_2025,ND,SWAP,2025,FALSE,North Dakota,SWAP,326,context,biological_unit_score,TRUE,2,NA,2
ND_SWAP_2025,ND,SWAP,2025,FALSE,North Dakota,SWAP,326,context,partnerships_and_funding,TRUE,2,NA,3
ND_SWAP_2025,ND,SWAP,2025,FALSE,North Dakota,SWAP,326,context,climate_threat_habitat_degradation,TRUE,1,NA,3
ND_SWAP_2025,ND,SWAP,2025,FALSE,North Dakota,SWAP,326,context,climate_threat_species_vital_rates,TRUE,0,"The document discusses climate as a threat to species distributions and habitats extensively, but does not make explicit 'climate event → vital rate impact' framings (e.g., mass mortality from heat, climate-caused reproductive failure). Indirect pathways (habitat loss → species decline) are discussed but not direct vital rate effects per the codebook definition.",0
ND_SWAP_2025,ND,SWAP,2025,FALSE,North Dakota,SWAP,326,context,climate_threat_biotic_stressors,TRUE,1,NA,2
ND_SWAP_2025,ND,SWAP,2025,FALSE,North Dakota,SWAP,326,actions,priority_habitat_identification,TRUE,2,NA,3
ND_SWAP_2025,ND,SWAP,2025,FALSE,North Dakota,SWAP,326,actions,targeted_range_shift_actions,TRUE,1,Structural facilitation (connectivity actions framed for climate-driven species shifts) qualifies. The grassland/forest/wetland threat tables also include 'provide habitat connectivity to ease species shifts' as a specific climate change action. No assisted migration or climate-motivated translocation actions are proposed for the SGCN (sage-grouse translocation was not climate-motivated; lake sturgeon reintroduction is recovery-framed).,2
ND_SWAP_2025,ND,SWAP,2025,FALSE,North Dakota,SWAP,326,actions,time_bound_and_monitoring,TRUE,1,"The plan endorses adaptive management and effectiveness monitoring as principles, and commits to a 2035 revision, but action-level deadlines (specific milestones attached to individual conservation actions in the threat/action tables) are absent. The monitoring chapter describes a framework but does not operationalize specific deadlines for conservation actions. Score 1 is appropriate: the plan-level time-binding (2035 revision) exists, but action-level deadlines required for score 2 are not present.",2
ND_SWAP_2025,ND,SWAP,2025,FALSE,North Dakota,SWAP,326,actions,evidence_of_efficacy,TRUE,2,"The plan references academic studies supporting the case for concern about range shifts for specific SGCN, including published SDM work and case studies with published references. The sage-grouse translocation example provides direct evidence from a prior implementation. However, the studies referenced are primarily projective/diagnostic rather than testing conservation action efficacy — hence score 2 (limited evidence) rather than 3.",3
ND_SWAP_2025,ND,SWAP,2025,FALSE,North Dakota,SWAP,326,actions,adaptation_planning_frameworks,TRUE,2,"The plan explicitly uses climate change scenario planning (CCSP) as its approach to climate uncertainty in Chapter 1's climate section, referencing Lawrence et al. (2021) and Miller et al. (2022). It also implicitly invokes a Resist-Accept-Direct (RAD) framework in the wetlands case study discussion without using the specific term. Adaptive management is framed specifically in the context of managing under climate change and uncertainty.",3
NE_SWAP_2025,NE,SWAP,2025,FALSE,Nebraska,SWAP,415,concepts,climate_vulnerability,TRUE,1,"The document references vulnerability in passing ('vulnerability assessments' listed as a future tool) and discusses species being 'less adaptable to changing environmental conditions,' but never systematically decomposes vulnerability into exposure and adaptive capacity. The framing is generically 'changing environmental conditions' rather than 'climate change' with structured IPCC-style components. Score 1 rather than 2 because exposure and adaptive capacity are not both explicitly addressed — exposure is referenced only obliquely through descriptions of environmental shifts, while adaptive capacity is mentioned generically (resilience) without decomposition.",1
NE_SWAP_2025,NE,SWAP,2025,FALSE,Nebraska,SWAP,415,concepts,adaptive_capacity_specificity,TRUE,1,"Adaptive capacity is referenced in a non-specific way through 'resilience' language and general references to species' ability to respond to changing conditions. The document does not systematically name specific components (movement, evolutionary potential, etc.) as adaptive capacity components in a climate-adaptation framing. Score 1.",1
NE_SWAP_2025,NE,SWAP,2025,FALSE,Nebraska,SWAP,415,concepts,connectivity,TRUE,2,"Connectivity is explicitly framed as enabling species relocation/range shifts under changing conditions (score 2). The adaptation strategies section specifically invokes connectivity to enable 'species relocation' in the context of changing environmental conditions, which qualifies as climate-relevant framing per the codebook.",2
NE_SWAP_2025,NE,SWAP,2025,FALSE,Nebraska,SWAP,415,tools,vulnerability_models,TRUE,1,"Vulnerability assessments are mentioned as a recommended future action/tool, but no CCVI, PVA (beyond a brief historical reference about Florida planning), or other formal vulnerability model is applied to Nebraska's SGCN. PVAs are mentioned in a historical context (Florida planning) for goal-setting methodology, but not applied as a climate vulnerability tool. Score 1 (referenced generally, not applied).",1
NE_SWAP_2025,NE,SWAP,2025,FALSE,Nebraska,SWAP,415,tools,niche_models,TRUE,1,"Species distribution/habitat suitability models are referenced (for aquatic systems and generally recommended for future inventory work), but no named SDM tools (MaxEnt, BIOCLIM, etc.) are applied to Nebraska's SGCN for climate-change projections. Score 1.",2
NE_SWAP_2025,NE,SWAP,2025,FALSE,Nebraska,SWAP,415,tools,climate_models,TRUE,0,"The document discusses climate-related changes extensively (altered hydrology, warming, drought, wildfire increase) but references no climate models, GCMs, downscaled products, RCPs, or SSPs. This is the canonical 0 case per the codebook: climate-aware but no formal climate modeling apparatus.",0
NE_SWAP_2025,NE,SWAP,2025,FALSE,Nebraska,SWAP,415,tools,connectivity_models,TRUE,1,"The Midwest Landscape Initiative's Conservation Blueprint and TNC's Resilient Lands Mapping Tool were used in BUL boundary review, but these are referenced as supplementary information sources rather than primary tools applied to produce connectivity outputs for management decisions. No named connectivity modeling software (CircuitScape, Omniscape, etc.) is applied. Score 1 (referenced generally; the tools inform but are not the primary applied modeling apparatus).",1
NE_SWAP_2025,NE,SWAP,2025,FALSE,Nebraska,SWAP,415,context,biological_unit_score,TRUE,2,NA,2
NE_SWAP_2025,NE,SWAP,2025,FALSE,Nebraska,SWAP,415,context,partnerships_and_funding,TRUE,1,"The document extensively describes partnerships (Partnership Team, federal/state/tribal/NGO collaborations, Sandhills Task Force, Rainwater Basin Joint Venture, etc.) and notes significant funding gaps. Partnerships exist and are named, but are not specifically characterized as strategic investments in range-shift facilitation. Score 1 (some funding and partnerships described but also explicit funding gaps acknowledged and partnerships largely aspirational for new range-shift-specific work).",2
NE_SWAP_2025,NE,SWAP,2025,FALSE,Nebraska,SWAP,415,context,climate_threat_habitat_degradation,TRUE,1,NA,2
NE_SWAP_2025,NE,SWAP,2025,FALSE,Nebraska,SWAP,415,context,climate_threat_species_vital_rates,TRUE,1,"The document mentions altered reproduction cycles of aquatic SGCN due to shifts in precipitation and temperature — a direct effect on vital rates from climate-driven changes. Also mentions increased water temperatures causing lower dissolved oxygen in the Upper Niobrara River. These are direct effects on species vital rates (reproduction, likely survival).",1
NE_SWAP_2025,NE,SWAP,2025,FALSE,Nebraska,SWAP,415,context,climate_threat_biotic_stressors,TRUE,1,NA,1
NE_SWAP_2025,NE,SWAP,2025,FALSE,Nebraska,SWAP,415,actions,priority_habitat_identification,TRUE,2,"The BUL system is explicitly spatially represented with maps for each ecoregion and the Sandhills BUE. Priority watershed maps are also included. BUL selection was done specifically to identify priority areas for conservation, and the document contains multiple maps (referenced throughout the BUL description sections). This clearly qualifies for score 2.",2
NE_SWAP_2025,NE,SWAP,2025,FALSE,Nebraska,SWAP,415,actions,targeted_range_shift_actions,TRUE,1,"Structural facilitation actions (connectivity, migration corridors) are proposed explicitly in the context of enabling species range shifts under changing environmental conditions. Direct manipulation (assisted migration, translocation for climate) is not explicitly discussed. The structural facilitation actions earn a 1. The aquatic reintroduction program is for species recovery, not climate-driven range facilitation specifically.",2
NE_SWAP_2025,NE,SWAP,2025,FALSE,Nebraska,SWAP,415,actions,time_bound_and_monitoring,TRUE,1,"The document has a 10-year plan review cycle, and the adaptive management chapter outlines monitoring principles and mentions specific species monitoring programs. However, individual conservation actions in the BUL sections are not time-bound with specific deadlines or milestones. Monitoring is described as a principle but is not operationally attached to specific actions with deadlines. Score 1 (clear plan-level deadlines and monitoring principles, but not action-level deadlines + effectiveness monitoring).",1
NE_SWAP_2025,NE,SWAP,2025,FALSE,Nebraska,SWAP,415,actions,evidence_of_efficacy,TRUE,2,"The document provides one clear case study with quantitative results (mountain plover nest marking). Most other actions lack efficacy evidence beyond general ecological rationale. Score 2 (limited evidence: one directly applicable case study is present, but most conservation actions lack cited evidence of efficacy).",1
NE_SWAP_2025,NE,SWAP,2025,FALSE,Nebraska,SWAP,415,actions,adaptation_planning_frameworks,TRUE,2,"Adaptive management is explicitly named and operationalized in the context of adapting to changing environmental conditions (climate adaptation planning). It is referenced with enough specificity to score 2 — it names 'adaptive management' as a framework, explains its components (iterative cycle, monitoring, adjustment), and frames it in the context of uncertainty under changing environmental conditions. The document devotes an entire chapter to adaptive management as a climate-relevant planning framework.",2
NH_SWAP_2025,NH,SWAP,2025,FALSE,New Hampshire,SWAP,114,concepts,climate_vulnerability,TRUE,2,"The document discusses climate exposure (temperature increases, sea-level rise, projected shifts) and touches on adaptive capacity (species' ability to move, adapt, or go extinct; phenological shifts; limited dispersal) but does not combine both dimensions in a structured vulnerability framework applied to its focal species. Score 2 rather than 3: exposure is discussed more rigorously than adaptive capacity, which is referenced but not operationalized for specific SGCN in the text available.",3
NH_SWAP_2025,NH,SWAP,2025,FALSE,New Hampshire,SWAP,114,concepts,adaptive_capacity_specificity,TRUE,2,"The document references specific components of adaptive capacity (dispersal/movement, physiological tolerances, phenology, life history timing) in a climate context, warranting score 2.",2
NH_SWAP_2025,NH,SWAP,2025,FALSE,New Hampshire,SWAP,114,concepts,connectivity,TRUE,2,"Connectivity is explicitly framed in the context of a changing climate (conserved lands enabling species to adapt to shifting conditions, incorporating resilience and connectivity for changing landscape). This crosses the threshold to score 2.",3
NH_SWAP_2025,NH,SWAP,2025,FALSE,New Hampshire,SWAP,114,tools,vulnerability_models,TRUE,0,"No CCVI, NatureServe vulnerability index, PVA, or other formal vulnerability model is named or applied in the document. The threats assessment methodology is qualitative (expert ranking), not a formal vulnerability model.",0
NH_SWAP_2025,NH,SWAP,2025,FALSE,New Hampshire,SWAP,114,tools,niche_models,TRUE,0,"No species distribution models (MaxEnt, SDMs, ENMs, etc.) are referenced or applied in the document text provided.",0
NH_SWAP_2025,NH,SWAP,2025,FALSE,New Hampshire,SWAP,114,tools,climate_models,TRUE,2,"The document substantively incorporates climate model projections from the NE CASC Regional Climate Synthesis (Karmalkar et al., 2024) to inform management decisions about NH SGCN and habitats. This constitutes application (score 2) per codebook rule 2: prior tool-based results are substantively incorporated into management decisions.",3
NH_SWAP_2025,NH,SWAP,2025,FALSE,New Hampshire,SWAP,114,tools,connectivity_models,TRUE,2,"The document applies connectivity modeling outputs (TNC Resilient and Connected Network, local connectedness permeability dataset by Compton 2023, NH Wildlife Corridors map) to inform habitat condition ranking and management decisions for the focal subjects. Score 2 is warranted.",3
NH_SWAP_2025,NH,SWAP,2025,FALSE,New Hampshire,SWAP,114,context,biological_unit_score,TRUE,2,NA,2
NH_SWAP_2025,NH,SWAP,2025,FALSE,New Hampshire,SWAP,114,context,partnerships_and_funding,TRUE,1,"The document describes active partnerships (WAPIT, NHFG, TNC, NH Audubon, UNHCE, federal agencies, NGOs) but a recurring theme is the need for more funding. No specific strategic funding allocation for range-shift-related work is described. Score 1 (some funding/partnerships described but limited or aspirational for range-shift work specifically).",2
NH_SWAP_2025,NH,SWAP,2025,FALSE,New Hampshire,SWAP,114,context,climate_threat_habitat_degradation,TRUE,1,"Sea-level rise, increased storm intensity, and altered precipitation are discussed as climate-driven threats to habitats. The document does not use the term 'drought' or 'wildfire' prominently in its New Hampshire climate context but does discuss sea-level rise inundation of coastal habitats and increased storm severity.",2
NH_SWAP_2025,NH,SWAP,2025,FALSE,New Hampshire,SWAP,114,context,climate_threat_species_vital_rates,TRUE,0,"The document discusses climate change effects on species broadly (move/adapt/go extinct framework, phenological shifts) but does not contain explicit passages framing climate-driven events as causing direct vital rate impacts (mortality events, recruitment failure, etc.) in a way that meets the 'direct influence on vital rates' threshold. References to phenological shifts are not framed as direct vital rate effects.",0
NH_SWAP_2025,NH,SWAP,2025,FALSE,New Hampshire,SWAP,114,context,climate_threat_biotic_stressors,TRUE,1,NA,2
NH_SWAP_2025,NH,SWAP,2025,FALSE,New Hampshire,SWAP,114,actions,priority_habitat_identification,TRUE,2,NA,3
NH_SWAP_2025,NH,SWAP,2025,FALSE,New Hampshire,SWAP,114,actions,targeted_range_shift_actions,TRUE,1,"The document proposes structural facilitation actions such as protecting wildlife corridors and climate refugia explicitly in the context of a changing climate (e.g., 1.1.12 on climate refugia, 3.1.6 on connectivity in a changing landscape, explicit statement that conserved lands enable species to adapt to shifting conditions). No direct manipulation actions (assisted migration, climate-motivated translocation) are found in this document excerpt. Score 1 is appropriate for structural facilitation.",2
NH_SWAP_2025,NH,SWAP,2025,FALSE,New Hampshire,SWAP,114,actions,time_bound_and_monitoring,TRUE,2,"The document operationalizes both time-bound implementation (2-year increments, 5-year review, 10-year revision) and effectiveness monitoring at the action level. Score 2 is warranted.",3
NH_SWAP_2025,NH,SWAP,2025,FALSE,New Hampshire,SWAP,114,actions,evidence_of_efficacy,TRUE,1,"The document references intent to use evidence-based resources (Conservation Evidence) in the future but does not present existing evidence for the efficacy of specific actions. Actions are presented with ecological rationale (e.g., corridor protection for connectivity) but without citations to studies testing the efficacy of those specific actions. The document scores 1 (rationale outlined, no evidence presented) rather than 2 or 3.",1
NH_SWAP_2025,NH,SWAP,2025,FALSE,New Hampshire,SWAP,114,actions,adaptation_planning_frameworks,TRUE,2,"The document explicitly applies the CMP Adaptive Management Cycle framework to its planning process in the context of changing conditions including climate. This constitutes a specific named planning framework applied in a climate-adaptation context, warranting score 2. No RAD, RRT, SDM (Structured Decision Making), or SBDA frameworks are referenced.",3
NM_SWAP_2025,NM,SWAP,2025,FALSE,New Mexico,SWAP,781,concepts,climate_vulnerability,TRUE,3,NA,3
NM_SWAP_2025,NM,SWAP,2025,FALSE,New Mexico,SWAP,781,concepts,adaptive_capacity_specificity,TRUE,2,NA,2
NM_SWAP_2025,NM,SWAP,2025,FALSE,New Mexico,SWAP,781,concepts,connectivity,TRUE,2,NA,3
NM_SWAP_2025,NM,SWAP,2025,FALSE,New Mexico,SWAP,781,tools,vulnerability_models,TRUE,2,NA,3
NM_SWAP_2025,NM,SWAP,2025,FALSE,New Mexico,SWAP,781,tools,niche_models,TRUE,2,NA,3
NM_SWAP_2025,NM,SWAP,2025,FALSE,New Mexico,SWAP,781,tools,climate_models,TRUE,2,NA,3
NM_SWAP_2025,NM,SWAP,2025,FALSE,New Mexico,SWAP,781,tools,connectivity_models,TRUE,1,"The document references wildlife corridor planning outputs and a connectivity plan with spatial layers (structural connectivity, network importance, landscape permeability, climate connectivity) but does not name a specific connectivity modeling software or algorithm (e.g., CircuitScape, Linkage Mapper). The Wildlife Corridors Action Plan (WCAP) identifies priority road-crossing projects but the underlying modeling methodology is not specified.",1
NM_SWAP_2025,NM,SWAP,2025,FALSE,New Mexico,SWAP,781,context,biological_unit_score,TRUE,2,NA,2
NM_SWAP_2025,NM,SWAP,2025,FALSE,New Mexico,SWAP,781,context,partnerships_and_funding,TRUE,2,NA,3
NM_SWAP_2025,NM,SWAP,2025,FALSE,New Mexico,SWAP,781,context,climate_threat_habitat_degradation,TRUE,1,NA,1
NM_SWAP_2025,NM,SWAP,2025,FALSE,New Mexico,SWAP,781,context,climate_threat_species_vital_rates,TRUE,1,NA,1
NM_SWAP_2025,NM,SWAP,2025,FALSE,New Mexico,SWAP,781,context,climate_threat_biotic_stressors,TRUE,1,NA,1
NM_SWAP_2025,NM,SWAP,2025,FALSE,New Mexico,SWAP,781,actions,priority_habitat_identification,TRUE,2,NA,3
NM_SWAP_2025,NM,SWAP,2025,FALSE,New Mexico,SWAP,781,actions,targeted_range_shift_actions,TRUE,1,NA,1
NM_SWAP_2025,NM,SWAP,2025,FALSE,New Mexico,SWAP,781,actions,time_bound_and_monitoring,TRUE,1,"The document mandates a 10-year review cycle (by October 1, 2035) and requires monitoring of effectiveness of conservation actions as a SWG program requirement. However, individual conservation actions in the ecoregion chapters are framed as 'proposed, voluntary conservation actions' without specific deadlines or milestones attached to each. The monitoring chapter discusses approaches but does not specify time-bound effectiveness monitoring protocols for individual actions. This satisfies a general adaptive management principle (score 1) but does not reach score 2, which requires action-level deadlines AND effectiveness monitoring operationalized per action.",2
NM_SWAP_2025,NM,SWAP,2025,FALSE,New Mexico,SWAP,781,actions,evidence_of_efficacy,TRUE,2,NA,3
NM_SWAP_2025,NM,SWAP,2025,FALSE,New Mexico,SWAP,781,actions,adaptation_planning_frameworks,TRUE,2,NA,3
NV_SWAP_2022,NV,SWAP,2022,FALSE,Nevada,SWAP,333,concepts,climate_vulnerability,TRUE,3,NA,3
NV_SWAP_2022,NV,SWAP,2022,FALSE,Nevada,SWAP,333,concepts,adaptive_capacity_specificity,TRUE,2,NA,2
NV_SWAP_2022,NV,SWAP,2022,FALSE,Nevada,SWAP,333,concepts,connectivity,TRUE,2,NA,3
NV_SWAP_2022,NV,SWAP,2022,FALSE,Nevada,SWAP,333,tools,vulnerability_models,TRUE,2,NA,3
NV_SWAP_2022,NV,SWAP,2022,FALSE,Nevada,SWAP,333,tools,niche_models,TRUE,2,"Nevada's own SWAP incorporates the SDM results from the AZ-NV collaboration (47 shared SGCN), counting as application. Additional niche-type modeling (vulnerability analysis for sagebrush suitability) is also cited.",2
NV_SWAP_2022,NV,SWAP,2022,FALSE,Nevada,SWAP,333,tools,climate_models,TRUE,2,NA,2
NV_SWAP_2022,NV,SWAP,2022,FALSE,Nevada,SWAP,333,tools,connectivity_models,TRUE,1,"The document references The Nature Conservancy developing a climate change corridor assessment but describes it as under development, not yet applied to Nevada's focal SGCN within this plan. A statewide habitat connectivity plan is referenced in action tables but no named connectivity modeling tool (e.g., CircuitScape) is cited.",1
NV_SWAP_2022,NV,SWAP,2022,FALSE,Nevada,SWAP,333,context,biological_unit_score,TRUE,2,NA,2
NV_SWAP_2022,NV,SWAP,2022,FALSE,Nevada,SWAP,333,context,partnerships_and_funding,TRUE,2,NA,3
NV_SWAP_2022,NV,SWAP,2022,FALSE,Nevada,SWAP,333,context,climate_threat_habitat_degradation,TRUE,1,NA,3
NV_SWAP_2022,NV,SWAP,2022,FALSE,Nevada,SWAP,333,context,climate_threat_species_vital_rates,TRUE,1,The pinyon ips beetle mortality framing is the clearest example of a direct climate-event → vital rate chain (drought → beetle epidemic → tree mortality). The aquatic species passage touches on lifecycle impacts. Both are climate-attributed.,2
NV_SWAP_2022,NV,SWAP,2022,FALSE,Nevada,SWAP,333,context,climate_threat_biotic_stressors,TRUE,1,NA,2
NV_SWAP_2022,NV,SWAP,2022,FALSE,Nevada,SWAP,333,actions,priority_habitat_identification,TRUE,2,NA,3
NV_SWAP_2022,NV,SWAP,2022,FALSE,Nevada,SWAP,333,actions,targeted_range_shift_actions,TRUE,1,"Actions are structural facilitation type (corridors, connectivity maintenance for anticipated northward/elevational shifts) rather than direct manipulation (assisted migration). The 'facilitate movement of species adapted to future conditions' language explicitly invokes climate-driven shifts.",2
NV_SWAP_2022,NV,SWAP,2022,FALSE,Nevada,SWAP,333,actions,time_bound_and_monitoring,TRUE,2,NA,3
NV_SWAP_2022,NV,SWAP,2022,FALSE,Nevada,SWAP,333,actions,evidence_of_efficacy,TRUE,1,The plan primarily presents ecological rationale and frameworks for actions rather than citing studies testing outcomes. The bighorn sheep crossing study provides evidence for that specific action type; broader climate-adaptation actions lack cited efficacy evidence beyond first-principles ecological assumptions.,1
NV_SWAP_2022,NV,SWAP,2022,FALSE,Nevada,SWAP,333,actions,adaptation_planning_frameworks,TRUE,2,NA,3
NY_SWAP_2025_draft,NY,SWAP,2025,TRUE,New York State,SWAP,331,concepts,climate_vulnerability,TRUE,2,"The document discusses climate exposure extensively (temperature change, precipitation, sea level rise) and references vulnerability of species through life history traits and habitat specificity. However, it does not explicitly frame adaptive capacity as a dimension of vulnerability in an integrated vulnerability assessment sense — it discusses adaptation actions and resilience of populations (e.g., genetic diversity, habitat connectivity) but not in a structured exposure + adaptive capacity framework applied to focal SGCN. Score is 2 (exposure addressed, but adaptive capacity not explicitly integrated as a vulnerability component for SGCN). The Audubon 'Survival by Degrees' assessment is referenced as identifying high-vulnerability species, but this is an external reference not applied as a formal vulnerability assessment by the plan itself.",3
NY_SWAP_2025_draft,NY,SWAP,2025,TRUE,New York State,SWAP,331,concepts,adaptive_capacity_specificity,TRUE,1,"Adaptive capacity is referenced implicitly through mentions of resilience, genetic diversity, life history traits, and dispersal/connectivity, but not framed as a formal component of climate adaptive capacity in the technical sense. Score is 1.",1
NY_SWAP_2025_draft,NY,SWAP,2025,TRUE,New York State,SWAP,331,concepts,connectivity,TRUE,2,"Connectivity is explicitly discussed as a conservation action for facilitating range recolonization under climate change in the context of large carnivores, and 'northeast regional habitat connectivity projects' are recommended multiple times across ecoregions. Climate framing for connectivity is present — facilitating recolonization of extirpated species 'as conditions permit' under climate context, and the IEI includes 'ecological connectedness' as a resiliency metric. Score 2.",3
NY_SWAP_2025_draft,NY,SWAP,2025,TRUE,New York State,SWAP,331,tools,vulnerability_models,TRUE,1,"The Audubon Survival by Degrees assessment is referenced and results (23 bird SGCN identified as high vulnerability) are noted for New York, which approaches application. However, the plan does not conduct its own vulnerability assessments, and no formal CCVI or NatureServe-style analysis is applied to the SGCN list. The reference to Audubon's results mentioning 23 NY bird SGCN is close to applied, but the plan does not substantively incorporate these results into management decisions for those species — they are mentioned in passing. Score 1.",1
NY_SWAP_2025_draft,NY,SWAP,2025,TRUE,New York State,SWAP,331,tools,niche_models,TRUE,1,"The Audubon Birds and Climate Change report is referenced as having modeled species suitability within and beyond range — this is niche modeling — but the plan does not apply SDMs to its own SGCN. The Macrogroup habitat maps are noted as modeled by NatureServe, but those are habitat distribution maps, not species niche/climate envelope models. Score 1.",1
NY_SWAP_2025_draft,NY,SWAP,2025,TRUE,New York State,SWAP,331,tools,climate_models,TRUE,1,"Climate projections are referenced through IPCC AR6 and state-level reports, and specific projections are cited (e.g., 50% increase in precipitation, water levels risen more than a foot since 1900, Karmalkar et al. 2024). However, no specific GCM names, CMIP versions, or emission scenarios (RCPs/SSPs) are named in the plan narrative. The plan references projection data but does not apply named climate models to its focal SGCN in a systematic analysis. Score 1.",1
NY_SWAP_2025_draft,NY,SWAP,2025,TRUE,New York State,SWAP,331,tools,connectivity_models,TRUE,0,"The plan discusses habitat connectivity extensively and references the IEI metric (which includes 'ecological connectedness'), and maps Conservation Opportunity Areas (COAs) in Appendix 6. However, no named connectivity modeling tools (e.g., CircuitScape, Linkage Mapper, least-cost path) are referenced, and the COA maps are based on species occurrence data rather than connectivity modeling outputs. Score 0.",0
NY_SWAP_2025_draft,NY,SWAP,2025,TRUE,New York State,SWAP,331,context,biological_unit_score,TRUE,2,NA,2
NY_SWAP_2025_draft,NY,SWAP,2025,TRUE,New York State,SWAP,331,context,partnerships_and_funding,TRUE,2,NA,3
NY_SWAP_2025_draft,NY,SWAP,2025,TRUE,New York State,SWAP,331,context,climate_threat_habitat_degradation,TRUE,1,NA,2
NY_SWAP_2025_draft,NY,SWAP,2025,TRUE,New York State,SWAP,331,context,climate_threat_species_vital_rates,TRUE,1,"The document discusses climate-driven direct vital rate effects including altered sex ratios from temperature-dependent sex determination and reduced dissolved oxygen for fish, which qualify as direct vital rate impacts. The threat category 11.3.3 'Gradual temperature change' explicitly gives these as examples. Score 1.",1
NY_SWAP_2025_draft,NY,SWAP,2025,TRUE,New York State,SWAP,331,context,climate_threat_biotic_stressors,TRUE,1,NA,2
NY_SWAP_2025_draft,NY,SWAP,2025,TRUE,New York State,SWAP,331,actions,priority_habitat_identification,TRUE,2,"The plan spatially maps Conservation Opportunity Areas in Appendix 6 and organizes priority conservation actions by ecoregion and watershed with maps (Figure 8-1, 8-2). Climate-relevant habitat prioritization includes identifying cold Adirondack lakes as climate refuges. Score 2.",3
NY_SWAP_2025_draft,NY,SWAP,2025,TRUE,New York State,SWAP,331,actions,targeted_range_shift_actions,TRUE,1,The plan explicitly recommends fostering regional habitat connectivity to facilitate natural recolonization under changing conditions — this is structural facilitation for range-shift-related movement. The climate framing is explicit ('conditions permit' after discussion of climate change and range shifts). Score 1.,2
NY_SWAP_2025_draft,NY,SWAP,2025,TRUE,New York State,SWAP,331,actions,time_bound_and_monitoring,TRUE,2,"The plan includes a 10-year implementation timeframe for HPSGCN actions, specific survey cycle deadlines (10-year cycles for insects, fish), and effectiveness monitoring built into each action via 'Measure' fields. The SWAP revision cycle (2035) and chapter on adaptive management provide a plan-level monitoring framework. Effectiveness monitoring is operationalized at the action level through the 'Measure' field for each action. Score 2.",3
NY_SWAP_2025_draft,NY,SWAP,2025,TRUE,New York State,SWAP,331,actions,evidence_of_efficacy,TRUE,2,"The plan presents monitoring data from the Young Forest Initiative comparing before/after management at WMAs with controls — this is direct efficacy evidence for a prior implemented action. However, this is the only strong case study. Most other actions are presented without evidence of efficacy. Score 2 (limited evidence — one relevant case study, with broader reference to SWG-funded projects having been implemented).",2
NY_SWAP_2025_draft,NY,SWAP,2025,TRUE,New York State,SWAP,331,actions,adaptation_planning_frameworks,TRUE,1,"The plan references the National Fish, Wildlife, and Plants Climate Adaptation Strategy (2021) as a general guidance document and mentions adaptive management as a principle in Chapter 9. However, no specific climate adaptation planning frameworks (RAD, RRT, CCVA, Structured Decision Making, adaptation menus) are named or applied. The reference to climate adaptation guidance is generic. Score 1.",2
OH_SWAP_2015,OH,SWAP,2015,FALSE,Ohio,SWAP,448,concepts,climate_vulnerability,TRUE,3,NA,3
OH_SWAP_2015,OH,SWAP,2015,FALSE,Ohio,SWAP,448,concepts,adaptive_capacity_specificity,TRUE,2,NA,2
OH_SWAP_2015,OH,SWAP,2015,FALSE,Ohio,SWAP,448,concepts,connectivity,TRUE,2,NA,3
OH_SWAP_2015,OH,SWAP,2015,FALSE,Ohio,SWAP,448,tools,vulnerability_models,TRUE,1,CCVAs are referenced as having been conducted elsewhere in the region and summarized in external literature; they are not applied to Ohio's specific SGCN in this plan. Score 1 (referenced generally) rather than 2.,1
OH_SWAP_2015,OH,SWAP,2015,FALSE,Ohio,SWAP,448,tools,niche_models,TRUE,0,No species distribution models or niche models are referenced in the document.,0
OH_SWAP_2015,OH,SWAP,2015,FALSE,Ohio,SWAP,448,tools,climate_models,TRUE,0,"The document discusses climate change extensively using qualitative language (warming, increased precipitation, etc.) but does not reference any GCMs, CMIP models, RCPs, SSPs, or specific downscaled climate projection products. The climate change chapter draws on external literature summaries without specifying any modeling apparatus.",0
OH_SWAP_2015,OH,SWAP,2015,FALSE,Ohio,SWAP,448,tools,connectivity_models,TRUE,0,"While connectivity is discussed conceptually, no connectivity modeling tools (CircuitScape, Linkage Mapper, etc.) are referenced.",0
OH_SWAP_2015,OH,SWAP,2015,FALSE,Ohio,SWAP,448,context,biological_unit_score,TRUE,2,NA,2
OH_SWAP_2015,OH,SWAP,2015,FALSE,Ohio,SWAP,448,context,partnerships_and_funding,TRUE,1,"The document describes extensive general partnership infrastructure (SWG, LCCs, state agencies, NGOs, academics) and notes significant funding under the prior CWCS. However, the 2015 SWAP explicitly states that climate-change-specific work will focus on 'data collection and planning' — no specific partnerships or budget allocations are described specifically for range-shift actions. Score 1 (some funding and partnerships described but limited/aspirational for range-shift work specifically).",2
OH_SWAP_2015,OH,SWAP,2015,FALSE,Ohio,SWAP,448,context,climate_threat_habitat_degradation,TRUE,1,NA,2
OH_SWAP_2015,OH,SWAP,2015,FALSE,Ohio,SWAP,448,context,climate_threat_species_vital_rates,TRUE,1,"The document discusses direct effects of climate events on species in a general way (disease/parasite activity, concentrating effects on vulnerable species). This passes the threshold as it frames warmer winters directly enabling pathogens that impact species vital rates. Score 1.",1
OH_SWAP_2015,OH,SWAP,2015,FALSE,Ohio,SWAP,448,context,climate_threat_biotic_stressors,TRUE,1,NA,2
OH_SWAP_2015,OH,SWAP,2015,FALSE,Ohio,SWAP,448,actions,priority_habitat_identification,TRUE,2,"Conservation Opportunity Areas and Conservation Opportunity Watersheds are mapped with figures (e.g., Fig. 8, 11, 12, 15) and described in detail with spatial boundaries across all habitat categories. While these are not specifically framed as climate refugia, they are explicitly linked to mitigating climate change impacts and appear spatially represented via maps. Score 2.",3
OH_SWAP_2015,OH,SWAP,2015,FALSE,Ohio,SWAP,448,actions,targeted_range_shift_actions,TRUE,1,"The document mentions dam removals and connecting fragmented habitats as actions that mitigate climate change impacts, which qualifies as structural facilitation framed in a climate context. However, there are no direct manipulation actions (assisted migration, climate-motivated translocation) explicitly framed for range shift purposes. Score 1 based on structural facilitation reference.",1
OH_SWAP_2015,OH,SWAP,2015,FALSE,Ohio,SWAP,448,actions,time_bound_and_monitoring,TRUE,2,NA,3
OH_SWAP_2015,OH,SWAP,2015,FALSE,Ohio,SWAP,448,actions,evidence_of_efficacy,TRUE,2,"The document provides limited case-study evidence: the snowshoe hare reintroduction provides actual monitoring data showing failure. Other examples (Karner blue butterfly, trumpeter swan, lake sturgeon) note population progress but do not tie efficacy explicitly to climate-adaptive framing. Score 2 (limited evidence — cases from relevant systems but not directly testing climate adaptation efficacy).",2
OH_SWAP_2015,OH,SWAP,2015,FALSE,Ohio,SWAP,448,actions,adaptation_planning_frameworks,TRUE,2,"The document explicitly references an adaptation strategies table (Table 13) with ten broad strategies derived from Butler et al. 2012 / Staudinger et al. and frames the chapter around a climate change vulnerability assessment framework (exposure, sensitivity, adaptive capacity). This qualifies as referencing specific climate adaptation planning frameworks (CCVA framework and adaptation menu). Score 2.",2
OK_SWAP_2025,OK,SWAP,2025,FALSE,Oklahoma,SWAP,297,concepts,climate_vulnerability,TRUE,2,"The document discusses both climate exposure (projected temperature increases, range shifts, habitat impacts) and adaptive capacity (genetic diversity, dispersal, resistance/resilience/adaptability framing) in a climate context. Both axes are present, so score 3 is possible. However, the framing of adaptive capacity is primarily in management-response terms (how to manage for it) rather than as a formal assessment of species' intrinsic adaptive capacity. The exposure discussion is fairly operationalized (specific temperature projections, species range shifts). The adaptive capacity discussion references 'adaptability' explicitly and includes genetic diversity and movement. Score 2 is appropriate because exposure is clearly referenced with specific projections, and adaptive capacity is referenced but the two axes are not systematically brought together in a vulnerability framework for specific SGCN—they are discussed generically in the Climate Adaptation section without integrating them into species-specific vulnerability assessments. Close call between 2 and 3.",3
OK_SWAP_2025,OK,SWAP,2025,FALSE,Oklahoma,SWAP,297,concepts,adaptive_capacity_specificity,TRUE,2,NA,1
OK_SWAP_2025,OK,SWAP,2025,FALSE,Oklahoma,SWAP,297,concepts,connectivity,TRUE,2,NA,2
OK_SWAP_2025,OK,SWAP,2025,FALSE,Oklahoma,SWAP,297,tools,vulnerability_models,TRUE,0,"No vulnerability models (CCVI, PVA, etc.) are referenced in the document. The document discusses vulnerability conceptually in the Climate Adaptation section but does not reference or apply any specific vulnerability assessment framework or model.",0
OK_SWAP_2025,OK,SWAP,2025,FALSE,Oklahoma,SWAP,297,tools,niche_models,TRUE,0,"No niche models or species distribution models (MaxEnt, SDMs, etc.) are referenced in the document. Range maps are included for SGCN but without reference to underlying modeling.",0
OK_SWAP_2025,OK,SWAP,2025,FALSE,Oklahoma,SWAP,297,tools,climate_models,TRUE,2,NA,3
OK_SWAP_2025,OK,SWAP,2025,FALSE,Oklahoma,SWAP,297,tools,connectivity_models,TRUE,2,NA,2
OK_SWAP_2025,OK,SWAP,2025,FALSE,Oklahoma,SWAP,297,context,biological_unit_score,TRUE,2,NA,2
OK_SWAP_2025,OK,SWAP,2025,FALSE,Oklahoma,SWAP,297,context,partnerships_and_funding,TRUE,2,"The document describes extensive active partnerships (SECAS, four avian Joint Ventures, USFWS, tribes, NGOs, Nature Conservancy) that are operationally implementing range-shift-relevant connectivity actions. SWG funding is actively used. Score 2 is warranted.",2
OK_SWAP_2025,OK,SWAP,2025,FALSE,Oklahoma,SWAP,297,context,climate_threat_habitat_degradation,TRUE,1,NA,2
OK_SWAP_2025,OK,SWAP,2025,FALSE,Oklahoma,SWAP,297,context,climate_threat_species_vital_rates,TRUE,0,"The document discusses wildlife health, disease (white-nose syndrome, chytridiomycosis), and population declines, but these are not explicitly framed as climate-induced. The climate adaptation section discusses phenological shifts and reproductive timing mismatches, which edge toward vital rates, but the framing is 'some species may experience population declines' as a potential future effect rather than direct climate-event-caused vital rate changes. This does not meet the threshold for 3.6.",0
OK_SWAP_2025,OK,SWAP,2025,FALSE,Oklahoma,SWAP,297,context,climate_threat_biotic_stressors,TRUE,1,"The document references phenological mismatches between species and their food resources as a climate-driven biotic stressor, qualifying for 3.7. Invasive species expansion without explicit climate framing does not count; the phenological mismatch passage does.",1
OK_SWAP_2025,OK,SWAP,2025,FALSE,Oklahoma,SWAP,297,actions,priority_habitat_identification,TRUE,2,NA,3
OK_SWAP_2025,OK,SWAP,2025,FALSE,Oklahoma,SWAP,297,actions,targeted_range_shift_actions,TRUE,1,"Structural facilitation (building connectivity to enable climate-driven range shifts) is present, qualifying for score 1. There is no direct manipulation (assisted migration, climate-motivated translocation). The connectivity action is explicitly framed as enabling species to 'track changes and shift their range' under climate change.",1
OK_SWAP_2025,OK,SWAP,2025,FALSE,Oklahoma,SWAP,297,actions,time_bound_and_monitoring,TRUE,1,"The document has plan-level time-binding (10-year review cycle, revision scheduled for 2033-2035) but individual conservation actions in the habitat chapters are presented without specific deadlines or milestones. Monitoring is discussed extensively as a principle and monitoring metrics are listed per habitat chapter, but effectiveness monitoring tied to specific actions is not operationalized at the action level. Score is 1 (time-bound at plan level but not action level; monitoring endorsed as a principle without action-level operationalization satisfying score 2).",1
OK_SWAP_2025,OK,SWAP,2025,FALSE,Oklahoma,SWAP,297,actions,evidence_of_efficacy,TRUE,1,"The document presents conservation actions primarily with rationale based on ecological principles (e.g., larger tracts support larger populations, connectivity enables dispersal) without citing studies that directly test the efficacy of specific climate-adaptation actions. The document references prior SWG-funded data collection used to refine SGCN lists, and mentions that adaptive management data informs revisions, but this is not evidence of action efficacy. Score 1: rationale is outlined but no evidence to directly support specific climate-adaptation actions is presented.",1
OK_SWAP_2025,OK,SWAP,2025,FALSE,Oklahoma,SWAP,297,actions,adaptation_planning_frameworks,TRUE,2,"The document explicitly uses the resistance–resilience–adaptability (RRT-adjacent) framework for climate adaptation planning, naming all three components and defining them in the climate context. Adaptive management is described in the context of SWAP revision as a climate-informed process. The Resistance-Resilience-Transition/RRT framework is named implicitly through use of its three core components in the climate context. Score 2: specific named frameworks (resistance-resilience-adaptability) are referenced with climate context.",2
OR_SWAP_2025_draft,OR,SWAP,2025,TRUE,Oregon,SWAP,737,concepts,climate_vulnerability,TRUE,3,NA,3
OR_SWAP_2025_draft,OR,SWAP,2025,TRUE,Oregon,SWAP,737,concepts,adaptive_capacity_specificity,TRUE,2,NA,2
OR_SWAP_2025_draft,OR,SWAP,2025,TRUE,Oregon,SWAP,737,concepts,connectivity,TRUE,2,NA,2
OR_SWAP_2025_draft,OR,SWAP,2025,TRUE,Oregon,SWAP,737,tools,vulnerability_models,TRUE,1,"CCVI and vulnerability assessment are listed as resources to be consulted, not applied to Oregon focal species in this plan. The 2016 SWAP had a vulnerability chapter (referenced in the Nearshore appendix as 'the agency incorporated vulnerability assessments into a dedicated chapter of the prior plan'), but the current 2025 draft does not report new CCVI scores for focal SGCN. Score 1 (referenced generally).",1
OR_SWAP_2025_draft,OR,SWAP,2025,TRUE,Oregon,SWAP,737,tools,niche_models,TRUE,1,"The document references future development of species distribution models as a recommendation but does not report application of any named SDM tool to Oregon SGCN. Modeled SGCN ranges from USGS GAP data are used in the COA Marxan analysis as target inputs, which is a borderline case; however, the document does not describe performing new niche modeling. Score 1.",1
OR_SWAP_2025_draft,OR,SWAP,2025,TRUE,Oregon,SWAP,737,tools,climate_models,TRUE,2,NA,2
OR_SWAP_2025_draft,OR,SWAP,2025,TRUE,Oregon,SWAP,737,tools,connectivity_models,TRUE,2,NA,2
OR_SWAP_2025_draft,OR,SWAP,2025,TRUE,Oregon,SWAP,737,context,biological_unit_score,TRUE,2,NA,2
OR_SWAP_2025_draft,OR,SWAP,2025,TRUE,Oregon,SWAP,737,context,partnerships_and_funding,TRUE,1,"The document names many potential partners for climate-related work and describes multi-agency frameworks, but explicitly acknowledges insufficient funding. No specific budget allocations for range-shift actions are identified. Score 1 (some partnerships described but aspirational).",2
OR_SWAP_2025_draft,OR,SWAP,2025,TRUE,Oregon,SWAP,737,context,climate_threat_habitat_degradation,TRUE,1,NA,2
OR_SWAP_2025_draft,OR,SWAP,2025,TRUE,Oregon,SWAP,737,context,climate_threat_species_vital_rates,TRUE,1,NA,2
OR_SWAP_2025_draft,OR,SWAP,2025,TRUE,Oregon,SWAP,737,context,climate_threat_biotic_stressors,TRUE,1,NA,2
OR_SWAP_2025_draft,OR,SWAP,2025,TRUE,Oregon,SWAP,737,actions,priority_habitat_identification,TRUE,2,NA,3
OR_SWAP_2025_draft,OR,SWAP,2025,TRUE,Oregon,SWAP,737,actions,targeted_range_shift_actions,TRUE,1,NA,2
OR_SWAP_2025_draft,OR,SWAP,2025,TRUE,Oregon,SWAP,737,actions,time_bound_and_monitoring,TRUE,1,"The SWAP has a 10-year plan revision deadline and references monitoring as a principle extensively, but individual climate-related range-shift actions do not carry specific implementation deadlines or milestones. The plan endorses adaptive management as a guiding principle (per codebook 4.3 rules, this scores at most 1). Score 1.",2
OR_SWAP_2025_draft,OR,SWAP,2025,TRUE,Oregon,SWAP,737,actions,evidence_of_efficacy,TRUE,1,"Actions for range-shift facilitation are presented without citations to studies demonstrating efficacy of those specific interventions. The marine reserves synthesis is the clearest example of evaluating a prior management action, but it is specific to marine reserves rather than range-shift actions. General ecological rationale (e.g., connectivity promotes adaptation) is presented as first-principles reasoning. Score 1.",1
OR_SWAP_2025_draft,OR,SWAP,2025,TRUE,Oregon,SWAP,737,actions,adaptation_planning_frameworks,TRUE,2,NA,3
PA_SWAP_2015,PA,SWAP,2015,FALSE,Pennsylvania,SWAP,75,concepts,climate_vulnerability,TRUE,1,"The document commits to discussing climate change vulnerability in Chapter 3, and lists CCVI and CCVA in the abbreviations table, but the chapter itself is not in the extracted text. The introductory and administrative sections reference climate change generically as a threat ('from habitat loss to climate change and invasive species') without articulating exposure or adaptive capacity in any substantive way. Score 1 for generic non-specific vulnerability reference; cannot score 2 or 3 without the chapter content.",2
PA_SWAP_2015,PA,SWAP,2015,FALSE,Pennsylvania,SWAP,75,concepts,adaptive_capacity_specificity,TRUE,1,"The document uses the exact phrase 'adaptive capacity' once, in Strategy 1.1.6, but without specifying which components of adaptive capacity are being engaged. No specific components (dispersal, thermal tolerance, demography, etc.) are operationally named in this context. Score 1 for generic reference.",1
PA_SWAP_2015,PA,SWAP,2015,FALSE,Pennsylvania,SWAP,75,concepts,connectivity,TRUE,1,The document references habitat connectivity in generic terms — as a conservation tool and in a strategy to connect secured lands — but does not explicitly frame connectivity in relation to climate-driven range shifts or climate corridors in the extracted text. The word 'resilient' in Strategy 1.2.3 appears to be part of a longer phrase ('resilient landscapes' or similar) that is truncated by the extraction. No climate-corridor or climate-gradient framing appears in the available text. Score 1 (generic).,2
PA_SWAP_2015,PA,SWAP,2015,FALSE,Pennsylvania,SWAP,75,tools,vulnerability_models,TRUE,1,CCVI and CCVA appear only as abbreviation definitions; there is no in-text discussion of their application to the plan's focal species. Chapter 3 (where vulnerability assessment is apparently discussed) is not in the extracted text. Cannot confirm application; score 1 (referenced generally).,2
PA_SWAP_2015,PA,SWAP,2015,FALSE,Pennsylvania,SWAP,75,tools,niche_models,TRUE,0,"No reference to species distribution models, MaxEnt, SDMs, ENMs, or related tools found in the extracted text.",0
PA_SWAP_2015,PA,SWAP,2015,FALSE,Pennsylvania,SWAP,75,tools,climate_models,TRUE,1,"CMIP5, GCM, and RCP appear only as abbreviation definitions in the glossary. There is one strategy to 'Align climate data and models with decision-support tools for conservation actions' and another to 'Maintain contacts with climate science centers and use models and tools for management planning and implementation,' both of which are aspirational/general references. No projections are applied to focal species in the extracted text, and no time horizon or scenario is specified. Score 1 (referenced generally).",3
PA_SWAP_2015,PA,SWAP,2015,FALSE,Pennsylvania,SWAP,75,tools,connectivity_models,TRUE,0,"No connectivity models (CircuitScape, Linkage Mapper, least-cost path, etc.) are referenced in the extracted text. Connectivity is discussed conceptually and as a management goal, but no modeling tools or outputs are mentioned.",0
PA_SWAP_2015,PA,SWAP,2015,FALSE,Pennsylvania,SWAP,75,context,biological_unit_score,TRUE,2,NA,2
PA_SWAP_2015,PA,SWAP,2015,FALSE,Pennsylvania,SWAP,75,context,partnerships_and_funding,TRUE,2,"The document demonstrates active, named partnerships (NEAFWA, LCCs, NALCC, NFWF, TNC, USDA-NRCS, USFWS, tribal partners) with documented funding flows and active project implementation. This meets score 2 (strategic investment with active partnerships), though the range-shift-specific framing of these partnerships is limited in the extracted text.",3
PA_SWAP_2015,PA,SWAP,2015,FALSE,Pennsylvania,SWAP,75,context,climate_threat_habitat_degradation,TRUE,1,Climate change is named as a habitat-related threat alongside habitat loss and invasive species. The document defers detailed discussion to Chapter 3 which is not in the extracted text. The framing in the Introduction and tables is generic but does connect climate change to habitat/natural resource impacts. Score 1.,2
PA_SWAP_2015,PA,SWAP,2015,FALSE,Pennsylvania,SWAP,75,context,climate_threat_species_vital_rates,TRUE,0,"No direct discussion of climate events causing mortality, recruitment failure, or other vital rate impacts is found in the extracted text. The white-nose syndrome discussion involves bat mortality but is not framed as climate-driven. Score 0.",0
PA_SWAP_2015,PA,SWAP,2015,FALSE,Pennsylvania,SWAP,75,context,climate_threat_biotic_stressors,TRUE,1,"Invasive species are mentioned repeatedly alongside climate change as co-threats ('from habitat loss to climate change and invasive species'). The Pennsylvania Invasive Species Management Plan (PAISMP) and Pennsylvania Invasive Species Council (PISC) are referenced in the abbreviations. However, the framing in the extracted text does not explicitly link climate change to facilitating invasive species spread or succession. The co-listing of climate change and invasive species in the same breath across multiple passages does suggest an implicit climate-biotic stressor framing, especially given that the document committed to full climate change integration. Score 1 for this borderline case, as climate change and invasive species are named together as a paired threat category.",1
PA_SWAP_2015,PA,SWAP,2015,FALSE,Pennsylvania,SWAP,75,actions,priority_habitat_identification,TRUE,1,"The plan discusses priority habitat identification as a goal and strategy, and mentions that the plan should be 'spatially explicit' (Steering Committee guidance), and Strategy 2.6.1 calls for developing 'a geospatial framework that supports conservation decision-making.' However, the extracted text does not show actual maps, zonation outputs, or spatial layers applied to climate-driven habitat priorities. The climate connectivity framing needed to make this a full score-2 (spatially represented priority habitat for range shifts) is absent or deferred to Chapter 3. Score 1.",2
PA_SWAP_2015,PA,SWAP,2015,FALSE,Pennsylvania,SWAP,75,actions,targeted_range_shift_actions,TRUE,0,"Strategy 1.1.3 discusses head-start reintroduction and Strategy 1.1.4 discusses artificial propagation, but both are framed in terms of generic species recovery ('severely depleted species,' 'ecologically valid'), not climate-driven range shifts. Strategy 1.2.3 mentions connectivity between secured lands but is truncated and not explicitly climate-framed. No assisted migration, climate-motivated translocation, or climate-corridor construction is explicitly described in the extracted text. Score 0.",0
PA_SWAP_2015,PA,SWAP,2015,FALSE,Pennsylvania,SWAP,75,actions,time_bound_and_monitoring,TRUE,2,The plan specifies a 10-year planning horizon (2015-2025) with a hard deadline for comprehensive revision by October 2025. Individual strategies include explicit annual and semi-annual monitoring requirements. This meets the codebook's score-2 criterion of both deadlines and effectiveness monitoring at the action level.,3
PA_SWAP_2015,PA,SWAP,2015,FALSE,Pennsylvania,SWAP,75,actions,evidence_of_efficacy,TRUE,2,"The Allegheny Woodrat case study provides limited applied evidence from field conditions relevant to the plan's focal species, qualifying for score 2. The evidence is field-based but preliminary (no clear treatment effect demonstrated in the immediate post-treatment period; effects expected over several years). The PIA review provides process-level documentation of implementation but not effectiveness of outcomes. Score 3 would require strong evidence with demonstrated outcomes from directly applicable studies; the available evidence is limited in its demonstrated efficacy.",2
PA_SWAP_2015,PA,SWAP,2015,FALSE,Pennsylvania,SWAP,75,actions,adaptation_planning_frameworks,TRUE,1,"The document references climate change adaptation planning as a commitment and goal, and lists CCRF (Climate Change Response Framework), CCVA, and NIACS in its abbreviations, suggesting Chapter 3 engages specific frameworks. However, the extracted text does not include the chapters where these frameworks would be operationally described. The commitment to 'full inclusion of climate change adaption priorities' and the reference to using 'models and tools for management planning' constitute a generic (non-specific) reference to adaptation planning frameworks. No specific framework (RAD, RRT, SBDA, SDM-in-climate-context, etc.) is named in the available text. Score 1.",2
PR_SWAP_2015,PR,SWAP,2015,FALSE,Puerto Rico (Commonwealth),SWAP,187,concepts,climate_vulnerability,TRUE,2,"The document references both climate exposure and adaptive capacity, but the adaptive capacity framing is brief and not operationally decomposed (no specific components like dispersal ability or thermal tolerance are linked to vulnerability scoring). The exposure axis is more developed. Score 2 is appropriate: both axes appear but exposure dominates and adaptive capacity is referenced in a passing, non-specific way at the ecosystem level — just barely sufficient for both axes to be present.",3
PR_SWAP_2015,PR,SWAP,2015,FALSE,Puerto Rico (Commonwealth),SWAP,187,concepts,adaptive_capacity_specificity,TRUE,1,Adaptive capacity is named explicitly in a climate context but without operationalization via specific components. Score 1.,1
PR_SWAP_2015,PR,SWAP,2015,FALSE,Puerto Rico (Commonwealth),SWAP,187,concepts,connectivity,TRUE,2,NA,3
PR_SWAP_2015,PR,SWAP,2015,FALSE,Puerto Rico (Commonwealth),SWAP,187,tools,vulnerability_models,TRUE,1,"The PRCCC vulnerability assessments are referenced and their results incorporated narratively, but these assessments were conducted by a separate external body (PRCCC), not by or for the specific SGCN list in this plan. The results are discussed qualitatively without being operationally applied to PRSWAP focal species scores. Score 1 (referenced generally/externally, not applied to the focal subjects of this plan in a structured way).",1
PR_SWAP_2015,PR,SWAP,2015,FALSE,Puerto Rico (Commonwealth),SWAP,187,tools,niche_models,TRUE,1,"The PR-GAP project developed predicted habitat models and species distribution modeling components, and these results are used to identify conservation priority areas. However, the modeling work is described as part of a prior/ongoing gap analysis rather than a niche model applied specifically to project future distributions under climate change. Score 1 rather than 2: the models are referenced and their output used, but not in a climate-projection context.",1
PR_SWAP_2015,PR,SWAP,2015,FALSE,Puerto Rico (Commonwealth),SWAP,187,tools,climate_models,TRUE,1,"The document references IPCC projections for sea level rise and the PRCCC report which incorporates climate projections, but does not name specific GCMs, downscaling products, or emission scenarios. The IPCC reference is for a projection range, not a specific model applied to PR's focal species or habitats. Score 1.",1
PR_SWAP_2015,PR,SWAP,2015,FALSE,Puerto Rico (Commonwealth),SWAP,187,tools,connectivity_models,TRUE,0,"The document discusses biological corridors and connectivity extensively as a concept and management goal, and the PR-GAP project produces spatial layers, but no connectivity model (e.g., CircuitScape, Linkage Mapper, least-cost path) is named or referenced as having been applied. The spatial outputs referenced are land cover maps and conservation priority areas, not quantitative connectivity models.",0
PR_SWAP_2015,PR,SWAP,2015,FALSE,Puerto Rico (Commonwealth),SWAP,187,context,biological_unit_score,TRUE,2,NA,2
PR_SWAP_2015,PR,SWAP,2015,FALSE,Puerto Rico (Commonwealth),SWAP,187,context,partnerships_and_funding,TRUE,1,"The document describes partnerships extensively (USFWS, NRCS, NGOs, CLCC, universities), and limited funding is noted (approximately $750,000/year for SGCN). However, funding for range-shift-specific actions (corridor creation, climate adaptation) is not specifically budgeted or described beyond general program references. Partnerships are named but aspirational for range-shift work specifically. Score 1.",2
PR_SWAP_2015,PR,SWAP,2015,FALSE,Puerto Rico (Commonwealth),SWAP,187,context,climate_threat_habitat_degradation,TRUE,1,NA,2
PR_SWAP_2015,PR,SWAP,2015,FALSE,Puerto Rico (Commonwealth),SWAP,187,context,climate_threat_species_vital_rates,TRUE,0,"The document discusses climate-driven threats broadly (sea level rise, wildfires, drought) and mentions 'widespread loss' at ecosystem level, but the framing consistently links climate to habitat degradation rather than to direct vital rate impacts. There is no passage that frames climate events as directly causing mortality, reproductive failure, or extirpation events for specific species. The wildfire discussion is about habitat loss, not direct mortality. Score 0.",0
PR_SWAP_2015,PR,SWAP,2015,FALSE,Puerto Rico (Commonwealth),SWAP,187,context,climate_threat_biotic_stressors,TRUE,1,NA,2
PR_SWAP_2015,PR,SWAP,2015,FALSE,Puerto Rico (Commonwealth),SWAP,187,actions,priority_habitat_identification,TRUE,2,"The document includes extensive spatial representation of priority conservation areas (multiple figures: Figs. 26-36 showing marine/terrestrial priority areas, CWAs, forest types for conservation), and explicitly frames corridors as a new conservation priority in response to climate-driven range shifts. The Model Forest and corridor networks are spatially represented. Score 2.",2
PR_SWAP_2015,PR,SWAP,2015,FALSE,Puerto Rico (Commonwealth),SWAP,187,actions,targeted_range_shift_actions,TRUE,1,"Structural facilitation (creating corridors to facilitate projected climate-driven range shifts) is clearly and explicitly proposed. No direct manipulation (assisted migration, translocation) is mentioned. Score 1 per codebook: structural facilitation alone earns 1.",2
PR_SWAP_2015,PR,SWAP,2015,FALSE,Puerto Rico (Commonwealth),SWAP,187,actions,time_bound_and_monitoring,TRUE,2,"The plan includes both specific deadlines (2.5-year internal reviews, 5-year detailed evaluations, regulatory timelines for recovery plans) and effectiveness monitoring (monitoring conservation action outcomes, species status, habitat conditions). Score 2.",3
PR_SWAP_2015,PR,SWAP,2015,FALSE,Puerto Rico (Commonwealth),SWAP,187,actions,evidence_of_efficacy,TRUE,1,"The corridor/range-shift facilitation actions are justified by general ecological reasoning (corridors facilitate movement, fragmentation is a barrier) but without citations to efficacy studies or case studies demonstrating the effectiveness of this approach for climate-driven range shifts. The rationale is stated as an expected outcome based on ecological first principles. Score 1: rationale is outlined but no evidence to support the specific climate-adaptation corridor actions is presented.",1
PR_SWAP_2015,PR,SWAP,2015,FALSE,Puerto Rico (Commonwealth),SWAP,187,actions,adaptation_planning_frameworks,TRUE,1,"The document describes an adaptive management approach in the context of conservation planning (monitoring loop, 2.5-year and 5-year reviews), and mentions measures to 'adapt and mitigate climate change.' However, the adaptive management is described generically without reference to specific climate adaptation planning frameworks (no RAD, RRT, CCVA as a named framework, SBDA, or similar). The CLCC is noted as supporting scenario development but no specific framework is named. Score 1: climate adaptation planning frameworks referenced in a non-specific way.",1
RI_SWAP_2025_draft,RI,SWAP,2025,TRUE,Rhode Island,SWAP,94,concepts,climate_vulnerability,TRUE,2,"The document invokes climate vulnerability and exposure extensively (temperature increase, sea level rise, marine heatwaves, projected warming). However, it does not explicitly frame adaptive capacity as a component of vulnerability for its focal species or habitats — dispersal limitation is mentioned once in the context of development barriers to range shifts, but is not framed as an adaptive capacity dimension. Score is 2 (exposure referenced, adaptive capacity not explicitly discussed as a vulnerability axis).",3
RI_SWAP_2025_draft,RI,SWAP,2025,TRUE,Rhode Island,SWAP,94,concepts,adaptive_capacity_specificity,TRUE,1,"The document touches on movement/dispersal as constrained by development in the context of climate-driven range shifts, which is an adaptive capacity component, but does not explicitly frame this as 'adaptive capacity' or enumerate specific components (dispersal, evolutionary potential, etc.) in that framing. Score is 1 (referenced non-specifically).",1
RI_SWAP_2025_draft,RI,SWAP,2025,TRUE,Rhode Island,SWAP,94,concepts,connectivity,TRUE,2,NA,2
RI_SWAP_2025_draft,RI,SWAP,2025,TRUE,Rhode Island,SWAP,94,tools,vulnerability_models,TRUE,2,Climate change vulnerability assessments are referenced as having been applied to RI habitats (brackish marshes identified as most vulnerable) and as a criterion informing the SGCN selection process. This meets the 'applied to the document's focal subjects' threshold. Named as 'climate change vulnerability assessments' rather than CCVI specifically.,2
RI_SWAP_2025_draft,RI,SWAP,2025,TRUE,Rhode Island,SWAP,94,tools,niche_models,TRUE,1,"SLAMM is a habitat change model for marshes under sea level rise scenarios, which is more closely related to niche/habitat suitability modeling than other categories. It was applied to RI coastal areas. Habitat suitability models are also referenced as a future development goal for marine species. However, the main application of SLAMM described here is for habitat-level modeling, not species distribution modeling per se. Score of 1 as SLAMM results are referenced for habitat projections (applied to RI's coast) and species distribution/habitat suitability models are referenced as a planned future tool.",2
RI_SWAP_2025_draft,RI,SWAP,2025,TRUE,Rhode Island,SWAP,94,tools,climate_models,TRUE,2,"Climate models are explicitly referenced as a category (""Climate models identify 2035-2040 as the critical point..."") and their projections are applied to Rhode Island's future conditions to 2100, with emission scenarios referenced. This satisfies the 'applied' criterion. No specific GCM or CMIP product is named, but the document uses modeled projections substantively for planning.",1
RI_SWAP_2025_draft,RI,SWAP,2025,TRUE,Rhode Island,SWAP,94,tools,connectivity_models,TRUE,2,"TNC's regional connectivity analysis (Northeast Terrestrial Resilience project) is cited as informing the RI corridor mapping in COAs, meeting the 'applied to focal subjects' criterion even though the modeling was conducted by a partner.",2
RI_SWAP_2025_draft,RI,SWAP,2025,TRUE,Rhode Island,SWAP,94,context,biological_unit_score,TRUE,2,NA,2
RI_SWAP_2025_draft,RI,SWAP,2025,TRUE,Rhode Island,SWAP,94,context,partnerships_and_funding,TRUE,1,"The document describes partnerships (TNC, URI, RINHS, federal agencies, NEFWDTC) and the RCN funding program in the context of conservation broadly, but does not describe strategic dedicated funding or active partnerships specifically for range-shift work. Funding gaps are acknowledged. Score 1 reflects some funding and partnerships described but limited or aspirational in the range-shift-specific context.",1
RI_SWAP_2025_draft,RI,SWAP,2025,TRUE,Rhode Island,SWAP,94,context,climate_threat_habitat_degradation,TRUE,1,NA,3
RI_SWAP_2025_draft,RI,SWAP,2025,TRUE,Rhode Island,SWAP,94,context,climate_threat_species_vital_rates,TRUE,1,"Ocean acidification directly affecting survivorship of shellfish and crustaceans satisfies the 'climate event → impact on species vital rate' criterion. Marine heatwaves are also referenced, though the vital rate framing is somewhat indirect there.",1
RI_SWAP_2025_draft,RI,SWAP,2025,TRUE,Rhode Island,SWAP,94,context,climate_threat_biotic_stressors,TRUE,1,NA,2
RI_SWAP_2025_draft,RI,SWAP,2025,TRUE,Rhode Island,SWAP,94,actions,priority_habitat_identification,TRUE,2,NA,3
RI_SWAP_2025_draft,RI,SWAP,2025,TRUE,Rhode Island,SWAP,94,actions,targeted_range_shift_actions,TRUE,1,"The document explicitly frames corridor protection/establishment as enabling species to shift in response to climate change (structural facilitation). This earns a 1. No direct manipulation actions (assisted migration, translocation for climate purposes) are discussed.",1
RI_SWAP_2025_draft,RI,SWAP,2025,TRUE,Rhode Island,SWAP,94,actions,time_bound_and_monitoring,TRUE,1,"The document describes a 10-year revision cycle, annual reporting through TRACS, and a 5-year review cycle, which represents time-bound plan-level structure. However, the codebook requires time-binding at the action level (specific deadlines on individual actions) to score higher than 1. The action urgency categories ('Initiate immediately,' 'Initiate within 5 years,' etc.) are noted in the action descriptor table, which gives urgency framing to actions, but effectiveness monitoring tied to specific range-shift actions is not operationalized at that level in the text reviewed. Score 1 for plan-level deadlines and adaptive management principles.",1
RI_SWAP_2025_draft,RI,SWAP,2025,TRUE,Rhode Island,SWAP,94,actions,evidence_of_efficacy,TRUE,1,"The document references the NECASC climate synthesis as supporting the rationale for several actions, which provides some justification but falls in the 'general or vague ecological assumptions presented as first principles' category — the actions menu is described as providing 'example approaches' rather than evidence of tested efficacy. Score 1.",1
RI_SWAP_2025_draft,RI,SWAP,2025,TRUE,Rhode Island,SWAP,94,actions,adaptation_planning_frameworks,TRUE,1,"Adaptive management is referenced throughout as a guiding principle for plan implementation, and is explicitly linked to responding to changing conditions including climate change. However, specific named climate adaptation planning frameworks (RAD, RRT, CCVA, SBDA, scenario planning, etc.) are not named. The NECASC report is referenced as an 'actions menu' resource but not named as a specific framework. Score 1 for non-specific reference to adaptive management in a climate context.",1
SC_SWAP_2025,SC,SWAP,2025,FALSE,South Carolina,SWAP,569,concepts,climate_vulnerability,TRUE,3,NA,3
SC_SWAP_2025,SC,SWAP,2025,FALSE,South Carolina,SWAP,569,concepts,adaptive_capacity_specificity,TRUE,2,NA,2
SC_SWAP_2025,SC,SWAP,2025,FALSE,South Carolina,SWAP,569,concepts,connectivity,TRUE,2,NA,2
SC_SWAP_2025,SC,SWAP,2025,FALSE,South Carolina,SWAP,569,tools,vulnerability_models,TRUE,2,NA,2
SC_SWAP_2025,SC,SWAP,2025,FALSE,South Carolina,SWAP,569,tools,niche_models,TRUE,2,NA,2
SC_SWAP_2025,SC,SWAP,2025,FALSE,South Carolina,SWAP,569,tools,climate_models,TRUE,2,NA,2
SC_SWAP_2025,SC,SWAP,2025,FALSE,South Carolina,SWAP,569,tools,connectivity_models,TRUE,2,NA,1
SC_SWAP_2025,SC,SWAP,2025,FALSE,South Carolina,SWAP,569,context,biological_unit_score,TRUE,2,NA,2
SC_SWAP_2025,SC,SWAP,2025,FALSE,South Carolina,SWAP,569,context,partnerships_and_funding,TRUE,2,The plan has extensive partnership descriptions and active implementations of climate-related actions. The SE CASC-SCDNR partnership for Chapter 10 climate data represents active partnerships implementing range-shift relevant analyses.,2
SC_SWAP_2025,SC,SWAP,2025,FALSE,South Carolina,SWAP,569,context,climate_threat_habitat_degradation,TRUE,1,NA,1
SC_SWAP_2025,SC,SWAP,2025,FALSE,South Carolina,SWAP,569,context,climate_threat_species_vital_rates,TRUE,1,The document discusses climate threats primarily through habitat pathways rather than direct vital-rate impacts. The marine mammal passage comes closest to a direct vital-rate framing (starvation).,1
SC_SWAP_2025,SC,SWAP,2025,FALSE,South Carolina,SWAP,569,context,climate_threat_biotic_stressors,TRUE,1,NA,1
SC_SWAP_2025,SC,SWAP,2025,FALSE,South Carolina,SWAP,569,actions,priority_habitat_identification,TRUE,2,NA,3
SC_SWAP_2025,SC,SWAP,2025,FALSE,South Carolina,SWAP,569,actions,targeted_range_shift_actions,TRUE,1,NA,1
SC_SWAP_2025,SC,SWAP,2025,FALSE,South Carolina,SWAP,569,actions,time_bound_and_monitoring,TRUE,2,"The plan has both a clear review deadline (February 28, 2035) and requires effectiveness monitoring of SWG projects. However, individual conservation actions in the action tables generally lack specific deadlines, with the plan-level cycle and SWG reporting requirements as the primary mechanisms.",2
SC_SWAP_2025,SC,SWAP,2025,FALSE,South Carolina,SWAP,569,actions,evidence_of_efficacy,TRUE,2,The plan's evidence for efficacy of climate-specific range-shift actions is limited; most evidence concerns broader habitat management. The citations support actions at a principles level rather than directly demonstrating range-shift facilitation efficacy.,2
SC_SWAP_2025,SC,SWAP,2025,FALSE,South Carolina,SWAP,569,actions,adaptation_planning_frameworks,TRUE,2,NA,2
SD_SWAP_2025,SD,SWAP,2025,FALSE,South Dakota,SWAP,504,concepts,climate_vulnerability,TRUE,3,NA,3
SD_SWAP_2025,SD,SWAP,2025,FALSE,South Dakota,SWAP,504,concepts,adaptive_capacity_specificity,TRUE,2,NA,2
SD_SWAP_2025,SD,SWAP,2025,FALSE,South Dakota,SWAP,504,concepts,connectivity,TRUE,1,"Connectivity is discussed as a habitat management concept (corridors, linkage zones) but is not explicitly framed in climate-gradient or range-shift terms. COAs may include 'important linkage zones' but this is not specifically tied to facilitating climate-driven range shifts. Score is 1 (generic) rather than 2 (climate-specific).",1
SD_SWAP_2025,SD,SWAP,2025,FALSE,South Dakota,SWAP,504,tools,vulnerability_models,TRUE,2,NA,3
SD_SWAP_2025,SD,SWAP,2025,FALSE,South Dakota,SWAP,504,tools,niche_models,TRUE,1,"The document references spatially explicit species-based models for wetland conservation delivery (HAPET, Figure 6.1) but these are habitat models for waterfowl, not species distribution models in the niche-modeling sense. The reference to 'develop distribution-model methods' is a future recommendation, not an application. Score is 1 (referenced generally).",1
SD_SWAP_2025,SD,SWAP,2025,FALSE,South Dakota,SWAP,504,tools,climate_models,TRUE,2,NA,3
SD_SWAP_2025,SD,SWAP,2025,FALSE,South Dakota,SWAP,504,tools,connectivity_models,TRUE,1,"The MLI Conservation Blueprint and TNC Resilient Land/Rivers tools are referenced as data sources for the HSI used in aquatic COA selection, but the document does not apply a dedicated connectivity model to predict or facilitate species range shifts. Score is 1 (referenced generally, used as one layer among stressors, not as a primary connectivity model for range shifts).",2
SD_SWAP_2025,SD,SWAP,2025,FALSE,South Dakota,SWAP,504,context,biological_unit_score,TRUE,2,NA,2
SD_SWAP_2025,SD,SWAP,2025,FALSE,South Dakota,SWAP,504,context,partnerships_and_funding,TRUE,2,NA,2
SD_SWAP_2025,SD,SWAP,2025,FALSE,South Dakota,SWAP,504,context,climate_threat_habitat_degradation,TRUE,1,NA,2
SD_SWAP_2025,SD,SWAP,2025,FALSE,South Dakota,SWAP,504,context,climate_threat_species_vital_rates,TRUE,1,"The document does not prominently frame climate as directly causing mortality events or reproductive failure in vital-rate terms. The frogs/drought passage is the clearest example of a climate event linked to a direct vital rate impact (population decline via habitat loss). Some passages about bats mention 'extreme temperatures that intensify colony mortality' in relation to climate change, supporting this score.",1
SD_SWAP_2025,SD,SWAP,2025,FALSE,South Dakota,SWAP,504,context,climate_threat_biotic_stressors,TRUE,1,NA,1
SD_SWAP_2025,SD,SWAP,2025,FALSE,South Dakota,SWAP,504,actions,priority_habitat_identification,TRUE,2,NA,3
SD_SWAP_2025,SD,SWAP,2025,FALSE,South Dakota,SWAP,504,actions,targeted_range_shift_actions,TRUE,1,"The plan discusses translocation and reintroduction generically (species management actions) but does not frame them explicitly as climate-shift facilitation. The passage about species moving to 'new areas representing favorable plant communities in future locations under climate change' is the closest to explicit range-shift facilitation in a structural sense, combined with broader COA connectivity language. Score is 1 for structural facilitation implied.",2
SD_SWAP_2025,SD,SWAP,2025,FALSE,South Dakota,SWAP,504,actions,time_bound_and_monitoring,TRUE,1,The plan commits to a 10-year review cycle and discusses monitoring principles broadly. Individual actions do not have specific deadlines attached. Effectiveness monitoring is endorsed as a principle but is not operationalized at the action level with specific tied protocols. Score is 1 rather than 2.,2
SD_SWAP_2025,SD,SWAP,2025,FALSE,South Dakota,SWAP,504,actions,evidence_of_efficacy,TRUE,2,"The plan provides multiple case studies and SWG project highlights with results, but these are largely monitoring/research projects rather than efficacy evaluations of specific climate adaptation actions. Evidence is mostly of limited applicability (different stressors or tangentially related to climate shifts). Score is 2 for limited evidence.",2
SD_SWAP_2025,SD,SWAP,2025,FALSE,South Dakota,SWAP,504,actions,adaptation_planning_frameworks,TRUE,1,"The plan references climate adaptation planning in a general sense and notes the need to adapt management objectives under climate change. It does not explicitly name or apply specific frameworks such as RAD (Resist-Accept-Direct), RRT, Structured Decision Making, or CCSP. The CCVA performed through MAFWA/Earl et al. 2024 is a tool used rather than a named planning framework applied in decision-making. Score is 1 (referenced non-specifically).",2
TN_SWAP_2015,TN,SWAP,2015,FALSE,Tennessee,SWAP,506,concepts,climate_vulnerability,TRUE,3,NA,3
TN_SWAP_2015,TN,SWAP,2015,FALSE,Tennessee,SWAP,506,concepts,adaptive_capacity_specificity,TRUE,2,NA,2
TN_SWAP_2015,TN,SWAP,2015,FALSE,Tennessee,SWAP,506,concepts,connectivity,TRUE,2,NA,3
TN_SWAP_2015,TN,SWAP,2015,FALSE,Tennessee,SWAP,506,tools,vulnerability_models,TRUE,2,NA,2
TN_SWAP_2015,TN,SWAP,2015,FALSE,Tennessee,SWAP,506,tools,niche_models,TRUE,0,"No species distribution models or ecological niche models (MaxEnt, SDMs, ENMs, etc.) are referenced in the document. The habitat prioritization uses GCN species occurrence records and expert-assigned habitat preferences, but this is not a niche model in the SDM sense.",0
TN_SWAP_2015,TN,SWAP,2015,FALSE,Tennessee,SWAP,506,tools,climate_models,TRUE,1,"The document extensively discusses climate change projections qualitatively (warming, drought, floods, forest composition change) and references a climate change vulnerability assessment (Glick et al. 2015) and the Terrestrial Climate Stress Index, but does not name any specific GCM, downscaling product, emission scenario (RCP/SSP), or time horizon. The Terrestrial Climate Stress Index methodology is referenced (Joyce et al. 2008) but is not itself a GCM. Score 1 (referenced generally) is appropriate — the plan acknowledges projected climate change but uses no formal climate modeling apparatus directly.",1
TN_SWAP_2015,TN,SWAP,2015,FALSE,Tennessee,SWAP,506,tools,connectivity_models,TRUE,1,"The document discusses connectivity and references TNC's resilient sites analysis and spatial habitat priority maps, but no named connectivity modeling tools (CircuitScape, Linkage Mapper, least-cost path, etc.) are applied to the document's focal subjects. The resilient sites analysis by TNC is referenced but is primarily a landscape resilience/microrefugia analysis rather than a connectivity model per se. Score 1 (referenced generally) rather than 2 (applied to subject).",1
TN_SWAP_2015,TN,SWAP,2015,FALSE,Tennessee,SWAP,506,context,biological_unit_score,TRUE,2,NA,2
TN_SWAP_2015,TN,SWAP,2015,FALSE,Tennessee,SWAP,506,context,partnerships_and_funding,TRUE,2,NA,3
TN_SWAP_2015,TN,SWAP,2015,FALSE,Tennessee,SWAP,506,context,climate_threat_habitat_degradation,TRUE,1,NA,2
TN_SWAP_2015,TN,SWAP,2015,FALSE,Tennessee,SWAP,506,context,climate_threat_species_vital_rates,TRUE,1,NA,2
TN_SWAP_2015,TN,SWAP,2015,FALSE,Tennessee,SWAP,506,context,climate_threat_biotic_stressors,TRUE,1,NA,2
TN_SWAP_2015,TN,SWAP,2015,FALSE,Tennessee,SWAP,506,actions,priority_habitat_identification,TRUE,2,NA,3
TN_SWAP_2015,TN,SWAP,2015,FALSE,Tennessee,SWAP,506,actions,targeted_range_shift_actions,TRUE,1,NA,2
TN_SWAP_2015,TN,SWAP,2015,FALSE,Tennessee,SWAP,506,actions,time_bound_and_monitoring,TRUE,2,NA,3
TN_SWAP_2015,TN,SWAP,2015,FALSE,Tennessee,SWAP,506,actions,evidence_of_efficacy,TRUE,2,"The document provides some limited case study evidence for habitat management and species restoration actions, particularly the Golden-winged Warbler case study with monitoring data. However, the climate-specific adaptation actions (corridors for range shifts, refugia protection) are not backed by directly applicable efficacy studies; they are framed with general ecological rationale and reference to the NFWPCAS framework. Score 2 (limited evidence) is appropriate — some real monitoring data on non-climate-specific restoration actions, and reference to a national guidance publication, but no directly applicable tested climate adaptation action efficacy.",2
TN_SWAP_2015,TN,SWAP,2015,FALSE,Tennessee,SWAP,506,actions,adaptation_planning_frameworks,TRUE,2,NA,3
TX_SWAP_2023,TX,SWAP,2023,FALSE,Texas,SWAP,463,concepts,climate_vulnerability,TRUE,2,"The document references climate vulnerability primarily through the lens of exposure (warming, drought, sea-level rise) and mentions CCVI implicitly via NatureServe tools, but does not explicitly discuss adaptive capacity as an axis of vulnerability in the IPCC sense. The SWG prioritization criteria do ask 'Is the species vulnerable to climate change?' without decomposing it into exposure and adaptive capacity. Score is 2 (exposure referenced) rather than 3 because adaptive capacity is not explicitly framed as a component of climate vulnerability assessment.",3
TX_SWAP_2023,TX,SWAP,2023,FALSE,Texas,SWAP,463,concepts,adaptive_capacity_specificity,TRUE,1,"The document references the general idea of species' ability to adapt (using terms like 'resiliency' and 'adaptive capacity') in the context of climate change, but does not operationalize any specific components of adaptive capacity. Score is 1 (generic reference) rather than 2 because no specific components (dispersal, genetic diversity, thermal niche, etc.) are explicitly named as drivers of adaptive capacity in a climate context.",1
TX_SWAP_2023,TX,SWAP,2023,FALSE,Texas,SWAP,463,concepts,connectivity,TRUE,2,NA,2
TX_SWAP_2023,TX,SWAP,2023,FALSE,Texas,SWAP,463,tools,vulnerability_models,TRUE,1,"The document references NatureServe conservation status ranks extensively for SGCN selection but these are general conservation status assessments, not specifically climate vulnerability models. The document mentions 'testing species vulnerability models' in passing. NatureServe CCVI is not explicitly applied to the SGCN. Score 1 (referenced generally) rather than 2.",1
TX_SWAP_2023,TX,SWAP,2023,FALSE,Texas,SWAP,463,tools,niche_models,TRUE,2,NA,2
TX_SWAP_2023,TX,SWAP,2023,FALSE,Texas,SWAP,463,tools,climate_models,TRUE,1,Climate Wizard projections are cited for multiple habitat types but these are drawn from a 2013 TNC report rather than being applied directly by this document. The document also references 'general circulation models' descriptively in the threats chapter. Score is 1 (referenced generally / via prior reports) rather than 2 because the document does not perform its own climate modeling or directly apply climate projections to SGCN management decisions.,1
TX_SWAP_2023,TX,SWAP,2023,FALSE,Texas,SWAP,463,tools,connectivity_models,TRUE,2,NA,2
TX_SWAP_2023,TX,SWAP,2023,FALSE,Texas,SWAP,463,context,biological_unit_score,TRUE,2,NA,2
TX_SWAP_2023,TX,SWAP,2023,FALSE,Texas,SWAP,463,context,partnerships_and_funding,TRUE,2,"The plan describes extensive active partnerships (TPWD, Nature Conservancy, universities, NGOs, USFWS, NRCS, landowners) and specific funding allocations (State Wildlife Grants, National Fish and Wildlife Foundation grants, TFRLCP grants) for conservation actions within the NFCAs. Score 2 reflects strategic investment with active partnerships implementing range-shift-relevant conservation actions.",2
TX_SWAP_2023,TX,SWAP,2023,FALSE,Texas,SWAP,463,context,climate_threat_habitat_degradation,TRUE,1,NA,2
TX_SWAP_2023,TX,SWAP,2023,FALSE,Texas,SWAP,463,context,climate_threat_species_vital_rates,TRUE,1,The document discusses how climate-driven drought will affect spawning (a vital rate) of freshwater fishes. This crosses the threshold for score 1.,1
TX_SWAP_2023,TX,SWAP,2023,FALSE,Texas,SWAP,463,context,climate_threat_biotic_stressors,TRUE,1,NA,2
TX_SWAP_2023,TX,SWAP,2023,FALSE,Texas,SWAP,463,actions,priority_habitat_identification,TRUE,2,NA,2
TX_SWAP_2023,TX,SWAP,2023,FALSE,Texas,SWAP,463,actions,targeted_range_shift_actions,TRUE,1,"The document proposes connectivity improvements and habitat protection to allow species to shift with climate change (structural facilitation). There is no explicit assisted migration or climate-motivated translocation. Connectivity improvements are framed in the context of range shifts ('as species shift northward because of changing climate conditions, connections between habitat patches will be critical'). Score 1 for structural facilitation.",2
TX_SWAP_2023,TX,SWAP,2023,FALSE,Texas,SWAP,463,actions,time_bound_and_monitoring,TRUE,1,"The plan includes a monitoring framework (Knowledge Gap Analysis, S-Rank Improvement Plans, SWG review cycles) and some time-bound elements (e.g., 10-year review cycles, annual SWG review processes). However, individual conservation actions in Chapter 6 do not have explicit deadlines or time-bound milestones attached. The monitoring element is described principally at the plan level (periodic review) rather than operationalized at the level of individual actions. Score 1 for plan-level adaptive management framework without action-level deadlines.",1
TX_SWAP_2023,TX,SWAP,2023,FALSE,Texas,SWAP,463,actions,evidence_of_efficacy,TRUE,2,"The document provides some case studies (Guadalupe Bass, NFCAs Network) with documented outcomes, but much of the evidence is for habitat and species conservation broadly rather than specifically for climate adaptation actions. Score 2 (limited evidence) rather than 3 because the climate-specific action efficacy is not directly tested; the case studies provide relevant but not directly climate-adaptation-targeted evidence.",2
TX_SWAP_2023,TX,SWAP,2023,FALSE,Texas,SWAP,463,actions,adaptation_planning_frameworks,TRUE,2,"The document references the Southeast Conservation Adaptation Strategy (SECAS) Blueprint as a specific climate adaptation planning tool that has been applied to Texas. It also calls for adaptive management frameworks framed in a climate context. The SECAS Blueprint is a named, specific climate adaptation planning framework that has been applied to the document's focal subjects (Texas habitats and SGCN). Score 2 for reference to specific framework (SECAS) applied to the plan's subject.",2
UT_SWAP_2025,UT,SWAP,2025,FALSE,Utah,SWAP,619,concepts,climate_vulnerability,TRUE,3,NA,3
UT_SWAP_2025,UT,SWAP,2025,FALSE,Utah,SWAP,619,concepts,adaptive_capacity_specificity,TRUE,2,NA,2
UT_SWAP_2025,UT,SWAP,2025,FALSE,Utah,SWAP,619,concepts,connectivity,TRUE,2,NA,2
UT_SWAP_2025,UT,SWAP,2025,FALSE,Utah,SWAP,619,tools,vulnerability_models,TRUE,1,"The CCVI is identified as a long-term goal not yet achieved for the 2025 UWAP. The document also references the U.S. Forest Service conducting climate change vulnerability assessments (Ch. 3), but these are not applied to Utah SGCN. Score is 1 (referenced generally/recommended for future use), not 2.",1
UT_SWAP_2025,UT,SWAP,2025,FALSE,Utah,SWAP,619,tools,niche_models,TRUE,2,NA,2
UT_SWAP_2025,UT,SWAP,2025,FALSE,Utah,SWAP,619,tools,climate_models,TRUE,2,NA,2
UT_SWAP_2025,UT,SWAP,2025,FALSE,Utah,SWAP,619,tools,connectivity_models,TRUE,2,NA,2
UT_SWAP_2025,UT,SWAP,2025,FALSE,Utah,SWAP,619,context,biological_unit_score,TRUE,2,NA,2
UT_SWAP_2025,UT,SWAP,2025,FALSE,Utah,SWAP,619,context,partnerships_and_funding,TRUE,2,NA,2
UT_SWAP_2025,UT,SWAP,2025,FALSE,Utah,SWAP,619,context,climate_threat_habitat_degradation,TRUE,1,NA,2
UT_SWAP_2025,UT,SWAP,2025,FALSE,Utah,SWAP,619,context,climate_threat_species_vital_rates,TRUE,1,"The document discusses stream temperature increases affecting aquatic species distributions and abundance as a direct climate-driven threat. The GSL drought case study also describes mortality-level impacts (desiccation of microbialites, reduced brine fly populations threatening birds). The framing is direct enough to score 1.",1
UT_SWAP_2025,UT,SWAP,2025,FALSE,Utah,SWAP,619,context,climate_threat_biotic_stressors,TRUE,1,NA,1
UT_SWAP_2025,UT,SWAP,2025,FALSE,Utah,SWAP,619,actions,priority_habitat_identification,TRUE,2,NA,2
UT_SWAP_2025,UT,SWAP,2025,FALSE,Utah,SWAP,619,actions,targeted_range_shift_actions,TRUE,1,The document includes language about 'assisted migration in anticipation of climate change' and 'facilitated translocations to establish refuge populations' in climate contexts. It also includes action 2.1.6: 'Identify and maintain wildlife migration corridors and protected buffers around populations of SGCNs that may need to move up or down in elevation in response to climate change.' Both structural facilitation (corridors for climate-driven shifts) and direct manipulation (assisted migration) are mentioned with climate framing.,1
UT_SWAP_2025,UT,SWAP,2025,FALSE,Utah,SWAP,619,actions,time_bound_and_monitoring,TRUE,2,NA,3
UT_SWAP_2025,UT,SWAP,2025,FALSE,Utah,SWAP,619,actions,evidence_of_efficacy,TRUE,2,"The plan presents several case studies with monitoring results that provide limited-to-moderate evidence of action efficacy. The wildlife crossing case provides strong applied evidence (53% crash reduction, >90% success rates). Most other evidence involves general restoration monitoring with early or partial results, qualifying as limited evidence overall. Score is 2.",2
UT_SWAP_2025,UT,SWAP,2025,FALSE,Utah,SWAP,619,actions,adaptation_planning_frameworks,TRUE,2,NA,2
VA_SWAP_2025,VA,SWAP,2025,FALSE,Virginia,SWAP,506,concepts,climate_vulnerability,TRUE,3,NA,3
VA_SWAP_2025,VA,SWAP,2025,FALSE,Virginia,SWAP,506,concepts,adaptive_capacity_specificity,TRUE,2,NA,2
VA_SWAP_2025,VA,SWAP,2025,FALSE,Virginia,SWAP,506,concepts,connectivity,TRUE,2,NA,3
VA_SWAP_2025,VA,SWAP,2025,FALSE,Virginia,SWAP,506,tools,vulnerability_models,TRUE,2,NA,2
VA_SWAP_2025,VA,SWAP,2025,FALSE,Virginia,SWAP,506,tools,niche_models,TRUE,1,"The plan mentions developing distribution models as a future research need. The marine mammal and sea turtle appendices reference habitat suitability models (e.g., DiMatteo et al. 2022 for sea turtles in Chesapeake Bay), but these were applied to sea turtles and marine mammals rather than the SGCN focal subjects of the core SWAP. The core SWAP itself did not apply SDMs to its focal SGCN. Score 1 for general reference.",1
VA_SWAP_2025,VA,SWAP,2025,FALSE,Virginia,SWAP,506,tools,climate_models,TRUE,0,"The document discusses climate change and changing environmental conditions extensively but does not reference any specific climate model, GCM, RCP/SSP scenario, or downscaled climate projection product. It uses observed historical data and qualitative projections. Canonical example of a climate-aware document scoring 0 on this element.",0
VA_SWAP_2025,VA,SWAP,2025,FALSE,Virginia,SWAP,506,tools,connectivity_models,TRUE,2,"The document incorporates the Southeast Blueprint connectivity analysis, which is based on quantitative connectivity modeling, and uses it to inform conservation priorities for Virginia SGCN. It also references species-specific habitat corridor modeling for 11 SGCN using Google Earth Engine.",2
VA_SWAP_2025,VA,SWAP,2025,FALSE,Virginia,SWAP,506,context,biological_unit_score,TRUE,2,NA,2
VA_SWAP_2025,VA,SWAP,2025,FALSE,Virginia,SWAP,506,context,partnerships_and_funding,TRUE,2,NA,3
VA_SWAP_2025,VA,SWAP,2025,FALSE,Virginia,SWAP,506,context,climate_threat_habitat_degradation,TRUE,1,NA,2
VA_SWAP_2025,VA,SWAP,2025,FALSE,Virginia,SWAP,506,context,climate_threat_species_vital_rates,TRUE,1,"The framing in the core SWAP is mostly indirect (habitat degradation affecting species). The most direct vital-rate framing appears in the sea turtle and marine mammal appendices. Score 1 because the document does discuss climate-driven changes to species vital rates (amphibian reproduction, cold-stunned sea turtles) even if mostly from appendices.",2
VA_SWAP_2025,VA,SWAP,2025,FALSE,Virginia,SWAP,506,context,climate_threat_biotic_stressors,TRUE,1,NA,2
VA_SWAP_2025,VA,SWAP,2025,FALSE,Virginia,SWAP,506,actions,priority_habitat_identification,TRUE,2,NA,3
VA_SWAP_2025,VA,SWAP,2025,FALSE,Virginia,SWAP,506,actions,targeted_range_shift_actions,TRUE,1,NA,2
VA_SWAP_2025,VA,SWAP,2025,FALSE,Virginia,SWAP,506,actions,time_bound_and_monitoring,TRUE,2,NA,3
VA_SWAP_2025,VA,SWAP,2025,FALSE,Virginia,SWAP,506,actions,evidence_of_efficacy,TRUE,2,"The document provides implementation success stories and prior project results, which constitutes 'limited evidence' as the evidence comes from prior actions implemented in Virginia but is not framed as formal efficacy evaluation or based on scientific studies testing the actions.",2
VA_SWAP_2025,VA,SWAP,2025,FALSE,Virginia,SWAP,506,actions,adaptation_planning_frameworks,TRUE,2,"The document references specific climate adaptation planning frameworks including CCVAs (Climate Change Vulnerability Assessments) applied to focal species, and the development of a formal adaptation and resilience plan. The SECAS Southeast Blueprint and structured conservation prioritization processes are also referenced in climate adaptation contexts.",2
VI_SWAP_2015,VI,SWAP,2015,FALSE,U.S. Virgin Islands,SWAP,120,concepts,climate_vulnerability,TRUE,2,"The document clearly discusses climate exposure for multiple species/habitats (sea level rise, temperature, ocean acidification). It also implicitly discusses adaptive capacity limitations — particularly the inability of island species to disperse and the need for corridors. However, the document does not explicitly operationalize both exposure AND adaptive capacity together in the IPCC-framework sense; it names exposure metrics and gestures at adaptive capacity limitations but never explicitly names adaptive capacity as a framework. Score 2 reflects exposure + implicit adaptive capacity framing, but not the explicit dual-axis articulation required for 3.",2
VI_SWAP_2015,VI,SWAP,2015,FALSE,U.S. Virgin Islands,SWAP,120,concepts,adaptive_capacity_specificity,TRUE,1,"Adaptive capacity is invoked through dispersal limitations and connectivity needs but is never named as 'adaptive capacity.' The components (distribution, movement, abiotic niche) are referenced individually but not under the umbrella of a named framework. Score 1.",1
VI_SWAP_2015,VI,SWAP,2015,FALSE,U.S. Virgin Islands,SWAP,120,concepts,connectivity,TRUE,2,NA,3
VI_SWAP_2015,VI,SWAP,2015,FALSE,U.S. Virgin Islands,SWAP,120,tools,vulnerability_models,TRUE,2,"The document describes in-progress vulnerability models applied to focal subjects (cays and USVI species/habitats). Also mentions 'use of vulnerability assessments' in best management practices design (Table 5.2, strategy 2.1.3). Named tools are not specified. Score 2 because the modeling is being applied to the document's focal subjects.",1
VI_SWAP_2015,VI,SWAP,2015,FALSE,U.S. Virgin Islands,SWAP,120,tools,niche_models,TRUE,0,"No species distribution models or ecological niche models are referenced. Strategy 1.2.1 mentions 'habitat change, retreat models' in general terms but these are aspirational actions rather than applied niche models.",0
VI_SWAP_2015,VI,SWAP,2015,FALSE,U.S. Virgin Islands,SWAP,120,tools,climate_models,TRUE,1,"NOAA sea level rise projections are referenced and applied to the USVI context (specific figures for all three islands), which elevates above mere general mention. However, no specific GCM, RCP, or SSP scenario is named, and no climate model is used to directly project species habitat suitability or distributions. The coastal vulnerability analysis referenced (Bush et al. 2014) used 'current sea-level rise data' but no named climate model. Score 1 — the projections are referenced and implicitly applied but no formal climate model apparatus is named.",1
VI_SWAP_2015,VI,SWAP,2015,FALSE,U.S. Virgin Islands,SWAP,120,tools,connectivity_models,TRUE,1,The document recommends mapping and modeling for migration corridors but does not describe having applied a connectivity model. No tools are named. Score 1 (referenced generally as future action).,1
VI_SWAP_2015,VI,SWAP,2015,FALSE,U.S. Virgin Islands,SWAP,120,context,biological_unit_score,TRUE,2,NA,2
VI_SWAP_2015,VI,SWAP,2015,FALSE,U.S. Virgin Islands,SWAP,120,context,partnerships_and_funding,TRUE,1,"The document describes extensive partnerships (DFW, UVI, SEA, NPS, USFWS, TNC, CLCC, etc.) but characterizes funding as deeply constrained and largely aspirational. The document does not describe strategic investment with active partnerships specifically implementing range-shift actions; rather, it identifies the need for such partnerships. Score 1.",2
VI_SWAP_2015,VI,SWAP,2015,FALSE,U.S. Virgin Islands,SWAP,120,context,climate_threat_habitat_degradation,TRUE,1,NA,1
VI_SWAP_2015,VI,SWAP,2015,FALSE,U.S. Virgin Islands,SWAP,120,context,climate_threat_species_vital_rates,TRUE,1,NA,1
VI_SWAP_2015,VI,SWAP,2015,FALSE,U.S. Virgin Islands,SWAP,120,context,climate_threat_biotic_stressors,TRUE,1,NA,1
VI_SWAP_2015,VI,SWAP,2015,FALSE,U.S. Virgin Islands,SWAP,120,actions,priority_habitat_identification,TRUE,2,"The document includes maps of projected sea level rise for all three islands (Figures 4.1, 4.2, 4.3) and the strategy table explicitly proposes mapping and acquisition of priority habitat areas for connectivity and species migration in a climate context. The presence of spatial mapping (sea level rise projections) linked to habitat management decisions justifies score 2.",2
VI_SWAP_2015,VI,SWAP,2015,FALSE,U.S. Virgin Islands,SWAP,120,actions,targeted_range_shift_actions,TRUE,1,NA,2
VI_SWAP_2015,VI,SWAP,2015,FALSE,U.S. Virgin Islands,SWAP,120,actions,time_bound_and_monitoring,TRUE,1,"The document sets a 2025 revision deadline and mentions measurable indicators in the Priority Actions table, but does not operationalize effectiveness monitoring at the individual action level with clear protocols. The monitoring programs described (seabirds, turtles, bats, etc.) are existing programs, not new action-linked monitoring. The statement 'By working towards these measurable indicators, successes and shortfalls can be specifically identified' gestures at effectiveness monitoring but without specific protocols tied to individual actions. Score 1.",1
VI_SWAP_2015,VI,SWAP,2015,FALSE,U.S. Virgin Islands,SWAP,120,actions,evidence_of_efficacy,TRUE,2,"The document provides some evidence of efficacy through case studies (translocation, invasive eradication outcomes) and the 2005 CWCS evaluation, but the evidence base is limited in scope and applicability. The translocation of the St. Croix Ground Lizard is the strongest example. Most actions are justified on ecological principles without systematic citations to efficacy studies. Score 2 for limited evidence.",2
VI_SWAP_2015,VI,SWAP,2015,FALSE,U.S. Virgin Islands,SWAP,120,actions,adaptation_planning_frameworks,TRUE,2,NA,2
VT_SWAP_2015,VT,SWAP,2015,FALSE,Vermont,SWAP,1502,concepts,climate_vulnerability,TRUE,3,NA,3
VT_SWAP_2015,VT,SWAP,2015,FALSE,Vermont,SWAP,1502,concepts,adaptive_capacity_specificity,TRUE,2,NA,2
VT_SWAP_2015,VT,SWAP,2015,FALSE,Vermont,SWAP,1502,concepts,connectivity,TRUE,2,NA,3
VT_SWAP_2015,VT,SWAP,2015,FALSE,Vermont,SWAP,1502,tools,vulnerability_models,TRUE,2,NA,2
VT_SWAP_2015,VT,SWAP,2015,FALSE,Vermont,SWAP,1502,tools,niche_models,TRUE,2,Species distribution models are referenced through external studies; the document does not name MaxEnt or specific SDM software but uses outputs of habitat suitability projections applied to Vermont's focal species and habitats.,2
VT_SWAP_2015,VT,SWAP,2015,FALSE,Vermont,SWAP,1502,tools,climate_models,TRUE,2,The document references climate projections and uses temperature projections explicitly but does not name specific GCMs or CMIP products. Emission scenarios are referenced by name.,2
VT_SWAP_2015,VT,SWAP,2015,FALSE,Vermont,SWAP,1502,tools,connectivity_models,TRUE,2,"Connectivity modeling outputs are clearly applied to focal subjects (Vermont SGCN, landscape blocks), but specific software names (CircuitScape, etc.) are not mentioned. The outputs shape management decisions, satisfying the 'applied' criterion.",2
VT_SWAP_2015,VT,SWAP,2015,FALSE,Vermont,SWAP,1502,context,biological_unit_score,TRUE,2,NA,2
VT_SWAP_2015,VT,SWAP,2015,FALSE,Vermont,SWAP,1502,context,partnerships_and_funding,TRUE,2,NA,3
VT_SWAP_2015,VT,SWAP,2015,FALSE,Vermont,SWAP,1502,context,climate_threat_habitat_degradation,TRUE,1,NA,1
VT_SWAP_2015,VT,SWAP,2015,FALSE,Vermont,SWAP,1502,context,climate_threat_species_vital_rates,TRUE,1,NA,1
VT_SWAP_2015,VT,SWAP,2015,FALSE,Vermont,SWAP,1502,context,climate_threat_biotic_stressors,TRUE,1,NA,1
VT_SWAP_2015,VT,SWAP,2015,FALSE,Vermont,SWAP,1502,actions,priority_habitat_identification,TRUE,2,NA,3
VT_SWAP_2015,VT,SWAP,2015,FALSE,Vermont,SWAP,1502,actions,targeted_range_shift_actions,TRUE,1,"The document explicitly discusses assisted migration as a strategy under consideration for state lands and for plant SGCN, satisfying the threshold. Most range-shift facilitation is structural (connectivity, forest blocks), with only limited direct-manipulation language.",2
VT_SWAP_2015,VT,SWAP,2015,FALSE,Vermont,SWAP,1502,actions,time_bound_and_monitoring,TRUE,2,NA,3
VT_SWAP_2015,VT,SWAP,2015,FALSE,Vermont,SWAP,1502,actions,evidence_of_efficacy,TRUE,1,Actions are generally presented with ecological rationale (first principles) but rarely with citations to studies directly testing action outcomes. The 'No Regrets' riparian buffer language is the closest to evidence-based justification. Score of 1 reflects general rationale without strong evidence of efficacy for specific actions.,1
VT_SWAP_2015,VT,SWAP,2015,FALSE,Vermont,SWAP,1502,actions,adaptation_planning_frameworks,TRUE,2,NA,3
WA_SWAP_2025,WA,SWAP,2025,FALSE,Washington State (WDFW),SWAP,353,concepts,climate_vulnerability,TRUE,3,NA,3
WA_SWAP_2025,WA,SWAP,2025,FALSE,Washington State (WDFW),SWAP,353,concepts,adaptive_capacity_specificity,TRUE,2,NA,2
WA_SWAP_2025,WA,SWAP,2025,FALSE,Washington State (WDFW),SWAP,353,concepts,connectivity,TRUE,2,NA,3
WA_SWAP_2025,WA,SWAP,2025,FALSE,Washington State (WDFW),SWAP,353,tools,vulnerability_models,TRUE,2,The 2015 SWAP's vulnerability assessment is substantively incorporated as the basis for 2025 SGCN selection and threat identification. The 2025 plan explicitly states no new CCVI assessment was conducted; CCVI pilot for additional SGCN is a planning recommendation for the future. Score 2 is warranted because the 2015 CCVI results were applied to the document's focal subjects in the 2025 SGCN selection process.,2
WA_SWAP_2025,WA,SWAP,2025,FALSE,Washington State (WDFW),SWAP,353,tools,niche_models,TRUE,1,"SDMs are referenced as a future planning recommendation, not applied to the focal subjects in this plan. Score 1 (referenced generally, as a tool to develop). The NVC/GET habitat association frameworks are not SDMs; they are classification frameworks.",1
WA_SWAP_2025,WA,SWAP,2025,FALSE,Washington State (WDFW),SWAP,353,tools,climate_models,TRUE,0,"The document extensively discusses climate change impacts (warming, drought, snowpack loss, wildfire) but does not reference any GCMs, RCPs, SSPs, CMIP products, downscaled climate projections, or named climate modeling tools. Qualitative descriptions of climate trends appear throughout but no formal climate-modeling apparatus is used. This is consistent with the canonical canonical example noted in the codebook.",0
WA_SWAP_2025,WA,SWAP,2025,FALSE,Washington State (WDFW),SWAP,353,tools,connectivity_models,TRUE,2,"The WAHCAP is explicitly a connectivity modeling product (spatial layers for cores, corridors, permeability, climate connectivity) applied to Washington's focal species and habitats. The underlying modeling algorithms (CircuitScape, etc.) are not named in this document, but the codebook's decision rule states that using the output of connectivity modeling shapes management decisions and counts as application. Named tool is WAHCAP.",2
WA_SWAP_2025,WA,SWAP,2025,FALSE,Washington State (WDFW),SWAP,353,context,biological_unit_score,TRUE,2,NA,2
WA_SWAP_2025,WA,SWAP,2025,FALSE,Washington State (WDFW),SWAP,353,context,partnerships_and_funding,TRUE,1,"The document extensively describes partnerships (Tribes, agencies, NGOs) but in the context of the overall SWAP program, not specifically targeted to range-shift actions. Funding is discussed but primarily emphasizing gaps — partial funding received, cuts in 2025 budget cycle. The WAHCAP was co-developed with WSDOT (an active partnership for connectivity work) but specific range-shift implementation partnerships are aspirational rather than strategic/funded. Score 1 reflects some funding and partnerships described but limited or aspirational for range-shift work specifically.",2
WA_SWAP_2025,WA,SWAP,2025,FALSE,Washington State (WDFW),SWAP,353,context,climate_threat_habitat_degradation,TRUE,1,NA,2
WA_SWAP_2025,WA,SWAP,2025,FALSE,Washington State (WDFW),SWAP,353,context,climate_threat_species_vital_rates,TRUE,1,NA,2
WA_SWAP_2025,WA,SWAP,2025,FALSE,Washington State (WDFW),SWAP,353,context,climate_threat_biotic_stressors,TRUE,1,"The document discusses cheatgrass invasion in the context of climate-exacerbated fire regimes and changing conditions, and mentions phenological mismatches for migratory birds. The cheatgrass discussion could be borderline since fire/drought are described as the climate stressors amplifying invasive dynamics; however, the document frames warming and drought as enabling the cheatgrass-fire feedback loop, satisfying the climate attribution requirement for 3.7.",2
WA_SWAP_2025,WA,SWAP,2025,FALSE,Washington State (WDFW),SWAP,353,actions,priority_habitat_identification,TRUE,2,NA,3
WA_SWAP_2025,WA,SWAP,2025,FALSE,Washington State (WDFW),SWAP,353,actions,targeted_range_shift_actions,TRUE,1,NA,2
WA_SWAP_2025,WA,SWAP,2025,FALSE,Washington State (WDFW),SWAP,353,actions,time_bound_and_monitoring,TRUE,1,"The document explicitly states 'the SWAP cannot make a commitment to action in a timeframe.' While it endorses adaptive management and monitoring as principles (plan-do-check-adjust cycle), it does not attach deadlines or milestones to specific conservation actions. Monitoring is described as a principle and as a type of conservation action in Table L (8.1 Basic Research and Status Monitoring) but is not operationalized at the level of individual range-shift actions. This earns a 1 (clear plan revision cycle at 10 years; adaptive management principle) but not 2 (no action-level deadlines + effectiveness monitoring).",2
WA_SWAP_2025,WA,SWAP,2025,FALSE,Washington State (WDFW),SWAP,353,actions,evidence_of_efficacy,TRUE,2,"The document provides references and citations supporting various actions, including ecological rationale and some external studies. However, the evidence is largely general (e.g., process-based strategies 'widely identified in adaptation guidance') or relies on studies with limited direct applicability to the specific range-shift actions proposed. Score 2 (limited evidence) rather than 3 (strong evidence) because most cited evidence is from studies conducted in different contexts or represents basic ecological principles rather than direct efficacy evaluations of the specific actions proposed for Washington SGCN and HGCN.",2
WA_SWAP_2025,WA,SWAP,2025,FALSE,Washington State (WDFW),SWAP,353,actions,adaptation_planning_frameworks,TRUE,2,"The document references structured decision-making and adaptive management in the context of climate change and biodiversity conservation. It also references the climate change vulnerability assessment framework (CCVI) from the 2015 SWAP and recommends a CCVI pilot for this plan. These are specific named frameworks. Score 2 (specific frameworks referenced) rather than 1. RAD, RRT, SBDA, and similar frameworks are not named, but CCVI, structured decision-making, and adaptive management in climate contexts are named.",3
WI_SWAP_2025_draft,WI,SWAP,2025,TRUE,Wisconsin,SWAP,514,concepts,climate_vulnerability,TRUE,3,NA,3
WI_SWAP_2025_draft,WI,SWAP,2025,TRUE,Wisconsin,SWAP,514,concepts,adaptive_capacity_specificity,TRUE,2,NA,2
WI_SWAP_2025_draft,WI,SWAP,2025,TRUE,Wisconsin,SWAP,514,concepts,connectivity,TRUE,2,NA,3
WI_SWAP_2025_draft,WI,SWAP,2025,TRUE,Wisconsin,SWAP,514,tools,vulnerability_models,TRUE,2,NA,3
WI_SWAP_2025_draft,WI,SWAP,2025,TRUE,Wisconsin,SWAP,514,tools,niche_models,TRUE,0,"The document does not reference species distribution models, MaxEnt, SDMs, or similar niche modeling tools. Range maps are discussed in terms of NHI occurrence data, not niche modeling outputs.",0
WI_SWAP_2025_draft,WI,SWAP,2025,TRUE,Wisconsin,SWAP,514,tools,climate_models,TRUE,0,"The document discusses climate change extensively as a threat across all taxonomic and community groups, referencing warming, drought, altered hydrology, and other climate-change manifestations. However, it does not reference any specific climate model, GCM, downscaling product, emission scenario (RCP/SSP), or quantitative climate projection. References to the WICCI and Midwest CASC reports are to vulnerability assessment frameworks, not to climate projection models per se.",0
WI_SWAP_2025_draft,WI,SWAP,2025,TRUE,Wisconsin,SWAP,514,tools,connectivity_models,TRUE,1,The document references connectivity models as tools needed for future COA mapping but does not apply them to focal species or habitats in the current plan. Score is 1 (referenced generally/aspirationally).,1
WI_SWAP_2025_draft,WI,SWAP,2025,TRUE,Wisconsin,SWAP,514,context,biological_unit_score,TRUE,2,NA,2
WI_SWAP_2025_draft,WI,SWAP,2025,TRUE,Wisconsin,SWAP,514,context,partnerships_and_funding,TRUE,2,"Partnerships and funding are described extensively across federal-state-tribal-NGO structures. Score of 2 reflects strategic investment with active multi-sector partnerships. Specific dollar amounts are not generally provided for range-shift conservation actions specifically, but partnerships are named and active.",3
WI_SWAP_2025_draft,WI,SWAP,2025,TRUE,Wisconsin,SWAP,514,context,climate_threat_habitat_degradation,TRUE,1,NA,2
WI_SWAP_2025_draft,WI,SWAP,2025,TRUE,Wisconsin,SWAP,514,context,climate_threat_species_vital_rates,TRUE,1,NA,2
WI_SWAP_2025_draft,WI,SWAP,2025,TRUE,Wisconsin,SWAP,514,context,climate_threat_biotic_stressors,TRUE,1,NA,2
WI_SWAP_2025_draft,WI,SWAP,2025,TRUE,Wisconsin,SWAP,514,actions,priority_habitat_identification,TRUE,2,NA,3
WI_SWAP_2025_draft,WI,SWAP,2025,TRUE,Wisconsin,SWAP,514,actions,targeted_range_shift_actions,TRUE,1,"The document proposes structural facilitation through climate-resilient corridors as part of COA criteria, and explicitly mentions researching assisted migration for invertebrates. These are climate-motivated range-shift actions. The COA criteria explicitly require contributing to a network of climate-resilient cores and corridors to support species movement under climate change.",1
WI_SWAP_2025_draft,WI,SWAP,2025,TRUE,Wisconsin,SWAP,514,actions,time_bound_and_monitoring,TRUE,1,"The document has a plan-level timeline (comprehensive revision by 2035) and some site-level monitoring intervals (e.g., breeding bird surveys every 5 years). However, actions in the Threats and Actions reports generally lack specific deadlines attached to individual conservation actions. The plan endorses adaptive management as a guiding principle but does not consistently operationalize effectiveness monitoring at the action level across all conservation actions. Score 1 rather than 2.",2
WI_SWAP_2025_draft,WI,SWAP,2025,TRUE,Wisconsin,SWAP,514,actions,evidence_of_efficacy,TRUE,1,"The document presents conservation actions with some general ecological rationale (e.g., fire promotes drought-adapted species, corridors facilitate movement), but rarely provides citations or study results directly tied to action efficacy. The plan references broader frameworks (WICCI vulnerability assessments, Midwest CASC reports, GLIFWC climate vulnerability assessments) and cites them as supporting context. Actions are generally presented as ecological best practices rather than as evidence-supported interventions with literature citations at the action level. Score 1 (rationale outlined but little empirical evidence for specific actions).",1
WI_SWAP_2025_draft,WI,SWAP,2025,TRUE,Wisconsin,SWAP,514,actions,adaptation_planning_frameworks,TRUE,2,"The plan references specific named frameworks for climate adaptation planning: WICCI Climate Vulnerability Assessments applied to all community groups, adaptive management as a formal process for plan revision, and the Resist-Accept-Direct framing is implicitly present in how management responses are framed (resist through management, accept transitions, direct toward new conditions) though not named by that terminology. Score 2 because specific named frameworks (WICCI CVAs, adaptive management cycle) are referenced and applied.",3
WV_SWAP_2015,WV,SWAP,2015,FALSE,West Virginia,SWAP,1106,concepts,climate_vulnerability,TRUE,2,"Vulnerability is discussed broadly in terms of exposure (temperature sensitivity, CCVI scoring), and adaptive capacity is referenced implicitly (dispersal limits, habitat specificity). However, the document does not explicitly integrate both exposure and adaptive capacity into a coherent vulnerability framework applied to SGCN. Score 2 rather than 3 because adaptive capacity is not explicitly invoked as such — the document does not frame species limitations as 'adaptive capacity' per se.",3
WV_SWAP_2015,WV,SWAP,2015,FALSE,West Virginia,SWAP,1106,concepts,adaptive_capacity_specificity,TRUE,1,"The document references dispersal limitations, thermal sensitivity, and habitat specificity as reasons some species are more at risk under climate change, but never uses the term 'adaptive capacity' and does not systematically enumerate its components. Score 1 rather than 2 because no specific adaptive capacity component is named under that label.",1
WV_SWAP_2015,WV,SWAP,2015,FALSE,West Virginia,SWAP,1106,concepts,connectivity,TRUE,2,NA,3
WV_SWAP_2015,WV,SWAP,2015,FALSE,West Virginia,SWAP,1106,tools,vulnerability_models,TRUE,2,NA,3
WV_SWAP_2015,WV,SWAP,2015,FALSE,West Virginia,SWAP,1106,tools,niche_models,TRUE,0,"No species distribution models, MaxEnt, SDMs, or equivalent niche modeling tools are mentioned or applied in the document.",0
WV_SWAP_2015,WV,SWAP,2015,FALSE,West Virginia,SWAP,1106,tools,climate_models,TRUE,0,"The document discusses climate change qualitatively (warming, drought, extreme events) throughout but does not reference any GCMs, CMIP products, RCPs, SSPs, downscaled projections, or any named climate modeling tool or scenario. The reference to Byers and Norris 2011 predicting higher elevations warming is a qualitative projection attribution, not a climate model reference.",0
WV_SWAP_2015,WV,SWAP,2015,FALSE,West Virginia,SWAP,1106,tools,connectivity_models,TRUE,1,"Connectivity analyses are referenced (Anderson et al. series) but the underlying modeling tools (e.g., CircuitScape, Linkage Mapper) are not named and the analyses are not operationally applied to specific SGCN management decisions in the plan. Score 1 (referenced, not applied to focal subjects).",1
WV_SWAP_2015,WV,SWAP,2015,FALSE,West Virginia,SWAP,1106,context,biological_unit_score,TRUE,2,NA,2
WV_SWAP_2015,WV,SWAP,2015,FALSE,West Virginia,SWAP,1106,context,partnerships_and_funding,TRUE,1,"While the plan identifies many partners (USFWS, USFS, TNC, WVU, NGOs, etc.) and has existing cooperative agreements, funding is acknowledged as insufficient and most partnerships described in the climate change context are aspirational or general rather than strategic investments explicitly for range-shift work. Score 1.",2
WV_SWAP_2015,WV,SWAP,2015,FALSE,West Virginia,SWAP,1106,context,climate_threat_habitat_degradation,TRUE,1,NA,1
WV_SWAP_2015,WV,SWAP,2015,FALSE,West Virginia,SWAP,1106,context,climate_threat_species_vital_rates,TRUE,1,NA,1
WV_SWAP_2015,WV,SWAP,2015,FALSE,West Virginia,SWAP,1106,context,climate_threat_biotic_stressors,TRUE,1,NA,1
WV_SWAP_2015,WV,SWAP,2015,FALSE,West Virginia,SWAP,1106,actions,priority_habitat_identification,TRUE,2,NA,3
WV_SWAP_2015,WV,SWAP,2015,FALSE,West Virginia,SWAP,1106,actions,targeted_range_shift_actions,TRUE,1,NA,1
WV_SWAP_2015,WV,SWAP,2015,FALSE,West Virginia,SWAP,1106,actions,time_bound_and_monitoring,TRUE,1,"The plan describes monitoring frameworks and an Adaptive Management Team with annual workshops starting 2016, but individual conservation actions do not carry explicit deadlines or milestones. The plan proposes continuous revision but does not attach time-bound targets to specific climate-related actions. Score 1 (commitment to monitoring as a principle, no action-level deadlines for climate-specific actions).",1
WV_SWAP_2015,WV,SWAP,2015,FALSE,West Virginia,SWAP,1106,actions,evidence_of_efficacy,TRUE,1,Actions are primarily justified by general ecological principles and prior CCVI/vulnerability studies. No case studies of previously implemented climate-adaptation actions and their outcomes are presented. Score 1 (rationale given but no evidence supporting action efficacy).,1
WV_SWAP_2015,WV,SWAP,2015,FALSE,West Virginia,SWAP,1106,actions,adaptation_planning_frameworks,TRUE,1,"The document describes a general planning approach to climate adaptation (reduce stressors, focus on CFAs, conduct vulnerability assessments) but does not name or apply any recognized adaptation planning framework (RAD, RRT, SBDA, structured decision making, adaptation menus, etc.). Score 1 (non-specific climate adaptation planning referenced but no named framework).",1
WY_SWAP_2017,WY,SWAP,2017,FALSE,Wyoming,SWAP,1692,concepts,climate_vulnerability,TRUE,3,NA,3
WY_SWAP_2017,WY,SWAP,2017,FALSE,Wyoming,SWAP,1692,concepts,adaptive_capacity_specificity,TRUE,2,NA,2
WY_SWAP_2017,WY,SWAP,2017,FALSE,Wyoming,SWAP,1692,concepts,connectivity,TRUE,2,NA,3
WY_SWAP_2017,WY,SWAP,2017,FALSE,Wyoming,SWAP,1692,tools,vulnerability_models,TRUE,2,NA,3
WY_SWAP_2017,WY,SWAP,2017,FALSE,Wyoming,SWAP,1692,tools,niche_models,TRUE,1,"The document references niche/bioclimatic models generally as tools that 'may be used' and recommends their development for SGCN, but does not describe them as having been applied to Wyoming focal species in producing this plan.",1
WY_SWAP_2017,WY,SWAP,2017,FALSE,Wyoming,SWAP,1692,tools,climate_models,TRUE,2,"NARCCAP projections are discussed as informing the plan's understanding of future climate trends; GCMs are discussed extensively. The plan also references that cheatgrass thrives 'in a climate that is warmer and has more variability in precipitation which is commonly predicted for Wyoming in many climate change models' (Bradley et al. 2008), and multiple habitat sections cite Christensen et al. 2007 for regional climate projections, suggesting climate model outputs informed management decisions.",2
WY_SWAP_2017,WY,SWAP,2017,FALSE,Wyoming,SWAP,1692,tools,connectivity_models,TRUE,1,"The plan references a 'regional habitat connectivity plan' with spatial layers including climate connectivity as an output product. No specific connectivity modeling software (e.g., CircuitScape) is named. The plan recommends mapping wildlife corridors and refugia but doesn't describe applying a named connectivity model to focal subjects.",1
WY_SWAP_2017,WY,SWAP,2017,FALSE,Wyoming,SWAP,1692,context,biological_unit_score,TRUE,2,NA,2
WY_SWAP_2017,WY,SWAP,2017,FALSE,Wyoming,SWAP,1692,context,partnerships_and_funding,TRUE,1,"While funding amounts are mentioned for non-climate SGCN work and partnerships are discussed as aspirational strategies for climate adaptation, there is no evidence of dedicated, active partnerships specifically for range-shift actions. The framing is largely aspirational ('should,' 'may offer') rather than describing active implementations.",2
WY_SWAP_2017,WY,SWAP,2017,FALSE,Wyoming,SWAP,1692,context,climate_threat_habitat_degradation,TRUE,1,NA,1
WY_SWAP_2017,WY,SWAP,2017,FALSE,Wyoming,SWAP,1692,context,climate_threat_species_vital_rates,TRUE,1,NA,1
WY_SWAP_2017,WY,SWAP,2017,FALSE,Wyoming,SWAP,1692,context,climate_threat_biotic_stressors,TRUE,1,NA,1
WY_SWAP_2017,WY,SWAP,2017,FALSE,Wyoming,SWAP,1692,actions,priority_habitat_identification,TRUE,2,NA,3
WY_SWAP_2017,WY,SWAP,2017,FALSE,Wyoming,SWAP,1692,actions,targeted_range_shift_actions,TRUE,1,The document proposes climate corridors and refugia as habitat management actions explicitly framed around enabling range shifts under climate change. No assisted migration or climate-motivated translocation actions are proposed.,2
WY_SWAP_2017,WY,SWAP,2017,FALSE,Wyoming,SWAP,1692,actions,time_bound_and_monitoring,TRUE,1,The plan has an extensive section on monitoring recommendations for the climate change chapter but actions lack specific deadlines tied to individual climate adaptation actions. The plan describes ongoing strategies rather than time-bound milestones. Score of 1 reflects the clear articulation of monitoring needs but lack of action-level deadlines for climate-specific actions.,1
WY_SWAP_2017,WY,SWAP,2017,FALSE,Wyoming,SWAP,1692,actions,evidence_of_efficacy,TRUE,1,"The plan provides general ecological rationale for recommended adaptation strategies (e.g., maintaining connectivity, reducing non-climate stressors) but does not cite specific studies demonstrating efficacy of those strategies for facilitating range shifts or testing climate adaptation actions. Recommendations are framed as 'good management' principles without citing evidence from implemented projects or applicable field studies.",1
WY_SWAP_2017,WY,SWAP,2017,FALSE,Wyoming,SWAP,1692,actions,adaptation_planning_frameworks,TRUE,2,NA,2
