doc_id,element,location,similarity,verified,is_quote,quote
AK_FAP_2020,.concepts.climate_vulnerability,Climate change,1,TRUE,TRUE,"Climate change has already altered the structure and function of Alaska's boreal and coastal forests, and greater alterations are projected (Wolken et al. 2011) In the boreal forest, the main climate "
AK_FAP_2020,.concepts.climate_vulnerability,Climate change and fish and wildlife habitat,1,TRUE,TRUE,"Climate change is a crossover threat with the State Wildlife Action Plan. According to the State Wildlife Action Plan, of particular concern is that climate-induced vegetation change may cause the bor"
AK_FAP_2020,.concepts.climate_vulnerability,Climate change and forest health,1,TRUE,TRUE,"The changing climate may also result in increased stress on the native trees, leading to higher susceptibility to insect attacks (Vose et al 2018) and increased geographic suitability for invasive thr"
AK_FAP_2020,.concepts.adaptive_capacity_specificity,Climate change and forest management,1,TRUE,TRUE,Ecological niches for displaced flora and fauna may develop naturally or through assisted migration.
AK_FAP_2020,.concepts.adaptive_capacity_components.demography,NA,NA,NA,FALSE,
AK_FAP_2020,.concepts.adaptive_capacity_components.demography,NA,NA,NA,FALSE,
AK_FAP_2020,.concepts.adaptive_capacity_components.demography,NA,NA,NA,FALSE,
AK_FAP_2020,.concepts.adaptive_capacity_components.distribution,Climate change and fish and wildlife habitat,1,TRUE,TRUE,"of particular concern is that climate-induced vegetation change may cause the boreal forest to expand into tundra on the northern edge, while being replaced by grasslands at the southern edge. The Sta"
AK_FAP_2020,.concepts.adaptive_capacity_components.movement,Climate change and forest management,1,TRUE,TRUE,Ecological niches for displaced flora and fauna may develop naturally or through assisted migration.
AK_FAP_2020,.concepts.adaptive_capacity_components.evolutionary_potential,NA,NA,NA,FALSE,
AK_FAP_2020,.concepts.adaptive_capacity_components.evolutionary_potential,NA,NA,NA,FALSE,
AK_FAP_2020,.concepts.adaptive_capacity_components.evolutionary_potential,NA,NA,NA,FALSE,
AK_FAP_2020,.concepts.adaptive_capacity_components.ecological_dependencies,Climate change and forest health,1,TRUE,TRUE,"Coniferous forest types may shift, , and with that, a shift in associated forest pests may occur (Bentz et al 2010)."
AK_FAP_2020,.concepts.adaptive_capacity_components.abiotic_niche,Climate change and forest health,1,TRUE,TRUE,"Yellow-cedar decline has long impacted the yellow-cedar stands of Southeast Alaska and is directly connected to decreased early spring snowpack, which allows uninsulated fine roots to freeze, ultimate"
AK_FAP_2020,.concepts.adaptive_capacity_components.life_history,Climate change and forest health,1,TRUE,TRUE,"In Alaska, studies have shown that increased temperatures can decrease the time it takes for spruce beetles to complete their lifecycles, which can lead to rapid population increases (Werner & Holsten"
AK_FAP_2020,.concepts.connectivity,Strategies to Conserve and Manage Working Forest Landscapes,1,TRUE,TRUE,Guideline 2c: Identify landscape connectivity beneficial to wide-ranging species.
AK_FAP_2020,.concepts.connectivity,Strategies to Conserve and Manage Working Forest Landscapes,1,TRUE,TRUE,Guideline 1a: Describe habitat features and their landscape connectivity to the extent possible from existing environmental data and use this information in forest planning.
AK_FAP_2020,.tools.vulnerability_models,NA,NA,NA,FALSE,
AK_FAP_2020,.tools.vulnerability_models,NA,NA,NA,FALSE,
AK_FAP_2020,.tools.vulnerability_models,NA,NA,NA,FALSE,
AK_FAP_2020,.tools.niche_models,NA,NA,NA,FALSE,
AK_FAP_2020,.tools.niche_models,NA,NA,NA,FALSE,
AK_FAP_2020,.tools.niche_models,NA,NA,NA,FALSE,
AK_FAP_2020,.tools.climate_models,Carbon Storage,1,TRUE,TRUE,"Under projected climate scenarios, this could increase by 8 to 27% by the end of the 21 st century, depending on forest management."
AK_FAP_2020,.tools.climate_models,Climate change,1,TRUE,TRUE,"Because of increases in fire frequency, the area of late successional boreal forest landcover is expected to decrease, while the area in early successional hardwood forest is expected to increase (Rup"
AK_FAP_2020,.tools.connectivity_models,NA,NA,NA,FALSE,
AK_FAP_2020,.tools.connectivity_models,NA,NA,NA,FALSE,
AK_FAP_2020,.tools.connectivity_models,NA,NA,NA,FALSE,
AK_FAP_2020,.context.management_scale.local,Community Wildfire Protection Plans (CWPPs),0.8784,TRUE,TRUE,Community Wildfire Protection Plans (CWPPs) identify prevention needs such as hazardous fuel reduction projects to reduce the risk of wildfire impacts
AK_FAP_2020,.context.management_scale.site,Levels of Protection,1,TRUE,TRUE,Monitoring and individual site or 'point' protection consistent with agency policy are typical strategies.
AK_FAP_2020,.context.management_scale.watershed,Evaluating Implementation of the Forest Action Plan,1,TRUE,TRUE,Forests in Priority Watersheds are healthy and being sustained
AK_FAP_2020,.context.management_scale.city,NA,NA,NA,FALSE,
AK_FAP_2020,.context.management_scale.city,NA,NA,NA,FALSE,
AK_FAP_2020,.context.management_scale.city,NA,NA,NA,FALSE,
AK_FAP_2020,.context.management_scale.county,NA,NA,NA,FALSE,
AK_FAP_2020,.context.management_scale.county,NA,NA,NA,FALSE,
AK_FAP_2020,.context.management_scale.county,NA,NA,NA,FALSE,
AK_FAP_2020,.context.management_scale.within_state_region,Alaska's Forests,1,TRUE,TRUE,"The 2020 Alaska Forest Action Plan categorizes Alaska's forest into coastal forest and boreal forest, with the transitional forest in Southcentral categorized as boreal forest."
AK_FAP_2020,.context.management_scale.state,National State and Private Forestry Priorities,1,TRUE,TRUE,"The overriding purpose of the Alaska Forest Action Plan is to efficiently guide the use of federal, state, local, and private funding to conserve Alaska's forest resources"
AK_FAP_2020,.context.management_scale.multistate,Multi-state areas that are a regional priority,1,TRUE,TRUE,"The Northwest Wildland Fire Protection Agreement (P.L. 105-377), known as the Northwest Compact, promotes cooperation by State, Provincial, and Territorial wildland fire protection agencies to prevent"
AK_FAP_2020,.context.management_scale.national,Executive Summary,1,TRUE,TRUE,A new State Forest Action Plan is required by the 2008 Farm Bill every 10 years.
AK_FAP_2020,.context.management_scale.transnational,Multi-state areas that are a regional priority,1,TRUE,TRUE,"Alaska and the Yukon Territory collaborate on wood energy opportunities, including through the Alaska-Yukon Wood Energy Conference. Forest health managers in Alaska and British Columbia coordinate inf"
AK_FAP_2020,.context.management_scale.ecosystem,Boreal forest,1,TRUE,TRUE,"The boreal forest covers about one-third of Alaska, or 110 million acres, from the Kenai Peninsula in the south to the Brooks Range in the north"
AK_FAP_2020,.context.management_scale.ecoregion,Priority Landscape Area,1,TRUE,TRUE,the forested ecoregions (Nowacki et al. 2001) were used to filter forested versus non-forested areas.
AK_FAP_2020,.context.management_scale.province,NA,NA,NA,FALSE,
AK_FAP_2020,.context.management_scale.province,NA,NA,NA,FALSE,
AK_FAP_2020,.context.management_scale.province,NA,NA,NA,FALSE,
AK_FAP_2020,.context.management_scale.section,NA,NA,NA,FALSE,
AK_FAP_2020,.context.management_scale.section,NA,NA,NA,FALSE,
AK_FAP_2020,.context.management_scale.section,NA,NA,NA,FALSE,
AK_FAP_2020,.context.management_scale.subsection,NA,NA,NA,FALSE,
AK_FAP_2020,.context.management_scale.subsection,NA,NA,NA,FALSE,
AK_FAP_2020,.context.management_scale.subsection,NA,NA,NA,FALSE,
AK_FAP_2020,.context.management_scale.lake,NA,NA,NA,FALSE,
AK_FAP_2020,.context.management_scale.lake,NA,NA,NA,FALSE,
AK_FAP_2020,.context.management_scale.lake,NA,NA,NA,FALSE,
AK_FAP_2020,.context.management_scale.river,Bureau of Land Management Lands,1,TRUE,TRUE,"Wild and Scenic River corridors, as well as lands managed under a multiple use, sustained yield mandate"
AK_FAP_2020,.context.management_scale.district,NA,NA,NA,FALSE,
AK_FAP_2020,.context.management_scale.district,NA,NA,NA,FALSE,
AK_FAP_2020,.context.management_scale.district,NA,NA,NA,FALSE,
AK_FAP_2020,.context.biological_unit_score,Climate change and fish and wildlife habitat,1,TRUE,TRUE,"of particular concern is that climate-induced vegetation change may cause the boreal forest to expand into tundra on the northern edge, while being replaced by grasslands at the southern edge."
AK_FAP_2020,.context.biological_unit_score,Climate change and forest health,1,TRUE,TRUE,"Coniferous forest types may shift, , and with that, a shift in associated forest pests may occur (Bentz et al 2010)."
AK_FAP_2020,.context.biological_unit_components.species,Climate change and forest health,1,TRUE,TRUE,"Yellow-cedar decline has long impacted the yellow-cedar stands of Southeast Alaska and is directly connected to decreased early spring snowpack, which allows uninsulated fine roots to freeze, ultimate"
AK_FAP_2020,.context.biological_unit_components.population,NA,NA,NA,FALSE,
AK_FAP_2020,.context.biological_unit_components.population,NA,NA,NA,FALSE,
AK_FAP_2020,.context.biological_unit_components.population,NA,NA,NA,FALSE,
AK_FAP_2020,.context.biological_unit_components.habitat,Climate change and fish and wildlife habitat,1,TRUE,TRUE,"Climate change is a crossover threat with the State Wildlife Action Plan. According to the State Wildlife Action Plan, of particular concern is that climate-induced vegetation change may cause the bor"
AK_FAP_2020,.context.biological_unit_components.ecosystem,Climate change,1,TRUE,TRUE,"Climate change has already altered the structure and function of Alaska's boreal and coastal forests, and greater alterations are projected (Wolken et al. 2011)"
AK_FAP_2020,.context.biological_unit_components.community,Climate change,1,TRUE,TRUE,"Because of increases in fire frequency, the area of late successional boreal forest landcover is expected to decrease, while the area in early successional hardwood forest is expected to increase (Rup"
AK_FAP_2020,.context.biological_unit_components.genotype_phenotype,NA,NA,NA,FALSE,
AK_FAP_2020,.context.biological_unit_components.genotype_phenotype,NA,NA,NA,FALSE,
AK_FAP_2020,.context.biological_unit_components.genotype_phenotype,NA,NA,NA,FALSE,
AK_FAP_2020,.context.partnerships_and_funding,Cooperative Forestry Programs,1,TRUE,TRUE,"Over $1 million in federal funds are infused annually into the state economy through these programs. In addition, local governments and organizations contribute matching funds for projects."
AK_FAP_2020,.context.partnerships_and_funding,Partners,0.8099,FALSE,TRUE,"Partners are one of the main resources needed by the State Forester to implement the Forest Action Plan...Partners include, but are not limited to, federal agencies, state and local governments, soil "
AK_FAP_2020,.context.climate_threat_habitat_degradation,Climate change,0.5659,FALSE,TRUE,"Climate change can dramatically change the structure and distribution of permafrost, which in turn can change surface hydrology...climate change is expected to result in drying in the boreal region. B"
AK_FAP_2020,.context.climate_threat_species_vital_rates,Climate change and forest health,1,TRUE,TRUE,"Yellow-cedar decline has long impacted the yellow-cedar stands of Southeast Alaska and is directly connected to decreased early spring snowpack, which allows uninsulated fine roots to freeze, ultimate"
AK_FAP_2020,.context.climate_threat_biotic_stressors,Climate change and invasive species,1,TRUE,TRUE,Climate change creates conditions that are more hospitable to some non-native plants and forest insects and causes land disturbance that provides for easier establishment of invasive plants (Wolken et
AK_FAP_2020,.actions.priority_habitat_identification,Priority Landscape Area,1,TRUE,TRUE,"While all of Alaska's forest provides benefits for wildlife, fish, and people, in order to focus limited funding resources, a Priority Landscape Area has been identified as providing the most opportun"
AK_FAP_2020,.actions.priority_habitat_identification,Priority Landscape Area / GIS methodology,1,TRUE,TRUE,GIS overlay analysis was used to determine the Priority Landscape Area using the selected GIS layers.
AK_FAP_2020,.actions.targeted_range_shift_actions,Climate change and forest management,1,TRUE,TRUE,Ecological niches for displaced flora and fauna may develop naturally or through assisted migration.
AK_FAP_2020,.actions.time_bound_and_monitoring,Strategies to Conserve and Manage Working Forest Landscapes,1,TRUE,TRUE,Principle 5. Consider best practices for wildlife habitat conservation in managed forest as hypotheses that can be verified for effectiveness and adjusted over time using an adaptive management approa
AK_FAP_2020,.actions.evidence_of_efficacy,Climate change and forest health,1,TRUE,TRUE,"In Alaska, studies have shown that increased temperatures can decrease the time it takes for spruce beetles to complete their lifecycles, which can lead to rapid population increases (Werner & Holsten"
AK_FAP_2020,.actions.evidence_of_efficacy,Testing New Tools to Manage Spruce Beetle in Alaska,1,TRUE,TRUE,"A single-year MCH-based tree protection research project was completed in partnership with the USDA Forest Service Rocky Mountain Research Station, and the results were published in the Journal of Eco"
AK_FAP_2020,.actions.adaptation_planning_frameworks,Strategies to Conserve and Manage Working Forest Landscapes,1,TRUE,TRUE,Principle 5. Consider best practices for wildlife habitat conservation in managed forest as hypotheses that can be verified for effectiveness and adjusted over time using an adaptive management approa
AL_FAP_2020,.concepts.climate_vulnerability,Forest Health (Chapter 1),1,TRUE,TRUE,"Forest pests such as destructive insects, infectious diseases, invasive species, incinerating wildfires, natural disasters, and climatic variations can all impact the existence of a thriving forest en"
AL_FAP_2020,.concepts.adaptive_capacity_specificity,NA,NA,NA,FALSE,
AL_FAP_2020,.concepts.adaptive_capacity_specificity,NA,NA,NA,FALSE,
AL_FAP_2020,.concepts.adaptive_capacity_specificity,NA,NA,NA,FALSE,
AL_FAP_2020,.concepts.adaptive_capacity_components.demography,NA,NA,NA,FALSE,
AL_FAP_2020,.concepts.adaptive_capacity_components.demography,NA,NA,NA,FALSE,
AL_FAP_2020,.concepts.adaptive_capacity_components.demography,NA,NA,NA,FALSE,
AL_FAP_2020,.concepts.adaptive_capacity_components.distribution,NA,NA,NA,FALSE,
AL_FAP_2020,.concepts.adaptive_capacity_components.distribution,NA,NA,NA,FALSE,
AL_FAP_2020,.concepts.adaptive_capacity_components.distribution,NA,NA,NA,FALSE,
AL_FAP_2020,.concepts.adaptive_capacity_components.movement,NA,NA,NA,FALSE,
AL_FAP_2020,.concepts.adaptive_capacity_components.movement,NA,NA,NA,FALSE,
AL_FAP_2020,.concepts.adaptive_capacity_components.movement,NA,NA,NA,FALSE,
AL_FAP_2020,.concepts.adaptive_capacity_components.evolutionary_potential,NA,NA,NA,FALSE,
AL_FAP_2020,.concepts.adaptive_capacity_components.evolutionary_potential,NA,NA,NA,FALSE,
AL_FAP_2020,.concepts.adaptive_capacity_components.evolutionary_potential,NA,NA,NA,FALSE,
AL_FAP_2020,.concepts.adaptive_capacity_components.ecological_dependencies,NA,NA,NA,FALSE,
AL_FAP_2020,.concepts.adaptive_capacity_components.ecological_dependencies,NA,NA,NA,FALSE,
AL_FAP_2020,.concepts.adaptive_capacity_components.ecological_dependencies,NA,NA,NA,FALSE,
AL_FAP_2020,.concepts.adaptive_capacity_components.abiotic_niche,NA,NA,NA,FALSE,
AL_FAP_2020,.concepts.adaptive_capacity_components.abiotic_niche,NA,NA,NA,FALSE,
AL_FAP_2020,.concepts.adaptive_capacity_components.abiotic_niche,NA,NA,NA,FALSE,
AL_FAP_2020,.concepts.adaptive_capacity_components.life_history,NA,NA,NA,FALSE,
AL_FAP_2020,.concepts.adaptive_capacity_components.life_history,NA,NA,NA,FALSE,
AL_FAP_2020,.concepts.adaptive_capacity_components.life_history,NA,NA,NA,FALSE,
AL_FAP_2020,.concepts.connectivity,Forest Fragmentation (Chapter 3),1,TRUE,TRUE,"Habitat fragmentation is the process of dividing a contiguous area of natural habitat into smaller, more isolated patches. Patches are separated by lands that are either degraded or transformed by lan"
AL_FAP_2020,.tools.vulnerability_models,NA,NA,NA,FALSE,
AL_FAP_2020,.tools.vulnerability_models,NA,NA,NA,FALSE,
AL_FAP_2020,.tools.vulnerability_models,NA,NA,NA,FALSE,
AL_FAP_2020,.tools.niche_models,NA,NA,NA,FALSE,
AL_FAP_2020,.tools.niche_models,NA,NA,NA,FALSE,
AL_FAP_2020,.tools.niche_models,NA,NA,NA,FALSE,
AL_FAP_2020,.tools.climate_models,NA,NA,NA,FALSE,
AL_FAP_2020,.tools.climate_models,NA,NA,NA,FALSE,
AL_FAP_2020,.tools.climate_models,NA,NA,NA,FALSE,
AL_FAP_2020,.tools.connectivity_models,NA,NA,NA,FALSE,
AL_FAP_2020,.tools.connectivity_models,NA,NA,NA,FALSE,
AL_FAP_2020,.tools.connectivity_models,NA,NA,NA,FALSE,
AL_FAP_2020,.context.management_scale.local,Chapter 4 – Establishment of Priority Areas,1,TRUE,TRUE,"Because services are delivered and tracked at the county level, it would be most effective to set Priority Areas at the county level."
AL_FAP_2020,.context.management_scale.site,NA,NA,NA,FALSE,
AL_FAP_2020,.context.management_scale.site,NA,NA,NA,FALSE,
AL_FAP_2020,.context.management_scale.site,NA,NA,NA,FALSE,
AL_FAP_2020,.context.management_scale.watershed,NA,NA,NA,FALSE,
AL_FAP_2020,.context.management_scale.watershed,NA,NA,NA,FALSE,
AL_FAP_2020,.context.management_scale.watershed,NA,NA,NA,FALSE,
AL_FAP_2020,.context.management_scale.city,NA,NA,NA,FALSE,
AL_FAP_2020,.context.management_scale.city,NA,NA,NA,FALSE,
AL_FAP_2020,.context.management_scale.city,NA,NA,NA,FALSE,
AL_FAP_2020,.context.management_scale.county,Chapter 4 – Establishment of Priority Areas,1,TRUE,TRUE,"Priority Areas were set at the county level using input from stakeholders, past threat occurrence, and the Southern Forest Land Assessment. There were 13 categories included in the threat matrix to de"
AL_FAP_2020,.context.management_scale.within_state_region,Multi-State Priority Areas (Chapter 4),1,TRUE,TRUE,Those employed in authoring the last Forest Action Plan located four areas where the nature of the threats involved necessitated multi-state cooperation to address the threat.
AL_FAP_2020,.context.management_scale.state,Stakeholder Engagement (Executive Summary),1,TRUE,TRUE,"The Plan is an effort to examine current conditions, trends, threats, and strategies for the AFC to use as a guide to ensure healthy Alabama forests into the future."
AL_FAP_2020,.context.management_scale.multistate,Multi-State Priority Areas (Chapter 4),1,TRUE,TRUE,"Multi-state Landscape Scale Restoration grants create the best opportunity for cross-state partnerships. While action has been devoted to addressing these threats over the last 10 years, these threats"
AL_FAP_2020,.context.management_scale.national,NA,NA,NA,FALSE,
AL_FAP_2020,.context.management_scale.national,NA,NA,NA,FALSE,
AL_FAP_2020,.context.management_scale.national,NA,NA,NA,FALSE,
AL_FAP_2020,.context.management_scale.transnational,NA,NA,NA,FALSE,
AL_FAP_2020,.context.management_scale.transnational,NA,NA,NA,FALSE,
AL_FAP_2020,.context.management_scale.transnational,NA,NA,NA,FALSE,
AL_FAP_2020,.context.management_scale.ecosystem,NA,NA,NA,FALSE,
AL_FAP_2020,.context.management_scale.ecosystem,NA,NA,NA,FALSE,
AL_FAP_2020,.context.management_scale.ecosystem,NA,NA,NA,FALSE,
AL_FAP_2020,.context.management_scale.ecoregion,NA,NA,NA,FALSE,
AL_FAP_2020,.context.management_scale.ecoregion,NA,NA,NA,FALSE,
AL_FAP_2020,.context.management_scale.ecoregion,NA,NA,NA,FALSE,
AL_FAP_2020,.context.management_scale.province,NA,NA,NA,FALSE,
AL_FAP_2020,.context.management_scale.province,NA,NA,NA,FALSE,
AL_FAP_2020,.context.management_scale.province,NA,NA,NA,FALSE,
AL_FAP_2020,.context.management_scale.section,NA,NA,NA,FALSE,
AL_FAP_2020,.context.management_scale.section,NA,NA,NA,FALSE,
AL_FAP_2020,.context.management_scale.section,NA,NA,NA,FALSE,
AL_FAP_2020,.context.management_scale.subsection,NA,NA,NA,FALSE,
AL_FAP_2020,.context.management_scale.subsection,NA,NA,NA,FALSE,
AL_FAP_2020,.context.management_scale.subsection,NA,NA,NA,FALSE,
AL_FAP_2020,.context.management_scale.lake,NA,NA,NA,FALSE,
AL_FAP_2020,.context.management_scale.lake,NA,NA,NA,FALSE,
AL_FAP_2020,.context.management_scale.lake,NA,NA,NA,FALSE,
AL_FAP_2020,.context.management_scale.river,NA,NA,NA,FALSE,
AL_FAP_2020,.context.management_scale.river,NA,NA,NA,FALSE,
AL_FAP_2020,.context.management_scale.river,NA,NA,NA,FALSE,
AL_FAP_2020,.context.management_scale.district,NA,NA,NA,FALSE,
AL_FAP_2020,.context.management_scale.district,NA,NA,NA,FALSE,
AL_FAP_2020,.context.management_scale.district,NA,NA,NA,FALSE,
AL_FAP_2020,.context.biological_unit_score,Loss of Ecosystem Services (Chapter 3),1,TRUE,TRUE,"Threatened and endangered species and candidate species, such as gopher tortoise (threatened and candidate in different areas), red-cockaded woodpecker (endangered), and the endemic red hills salamand"
AL_FAP_2020,.context.biological_unit_score,Multi-State Priority Area: Longleaf Pine (Chapter 4),1,TRUE,TRUE,"A healthy longleaf ecosystem needs viable populations of overstory longleaf pine trees, native understory vegetation, and native fauna."
AL_FAP_2020,.context.biological_unit_components.species,Loss of Ecosystem Services (Chapter 3),1,TRUE,TRUE,"Threatened and endangered species and candidate species, such as gopher tortoise (threatened and candidate in different areas), red-cockaded woodpecker (endangered), and the endemic red hills salamand"
AL_FAP_2020,.context.biological_unit_components.population,NA,NA,NA,FALSE,
AL_FAP_2020,.context.biological_unit_components.population,NA,NA,NA,FALSE,
AL_FAP_2020,.context.biological_unit_components.population,NA,NA,NA,FALSE,
AL_FAP_2020,.context.biological_unit_components.habitat,Multi-State Priority Area: Longleaf Pine (Chapter 4),1,TRUE,TRUE,"A healthy longleaf ecosystem needs viable populations of overstory longleaf pine trees, native understory vegetation, and native fauna."
AL_FAP_2020,.context.biological_unit_components.ecosystem,Forest Types (Chapter 1),0.8995,TRUE,TRUE,"Alabama's 50 forest types are more broadly defined within seven major forest type groups. The 'loblolly pine/ shortleaf pine' forest is the single most extensive, occupying 9.2 million acres of timber"
AL_FAP_2020,.context.biological_unit_components.community,NA,NA,NA,FALSE,
AL_FAP_2020,.context.biological_unit_components.community,NA,NA,NA,FALSE,
AL_FAP_2020,.context.biological_unit_components.community,NA,NA,NA,FALSE,
AL_FAP_2020,.context.biological_unit_components.genotype_phenotype,NA,NA,NA,FALSE,
AL_FAP_2020,.context.biological_unit_components.genotype_phenotype,NA,NA,NA,FALSE,
AL_FAP_2020,.context.biological_unit_components.genotype_phenotype,NA,NA,NA,FALSE,
AL_FAP_2020,.context.partnerships_and_funding,"Forest Fragmentation (Chapter 4, Long-term Strategies)",1,TRUE,TRUE,"Over the life of this document, the AFC will actively pursue grant funding opportunities and partnerships that are consistent with its overall mission and will further goals associated with the threat"
AL_FAP_2020,.context.climate_threat_habitat_degradation,"Drought (Chapter 2, Adverse Weather Events)",1,TRUE,TRUE,These differences among species groups may alter the composition of Alabama forests if drought episodes become more frequent and/or intense in the future. Because stand conditions can have significant
AL_FAP_2020,.context.climate_threat_species_vital_rates,"Southern Pine Beetle, Dendroctonus frontalis (Chapter 1, Forest Health)",1,TRUE,TRUE,The drought was a factor which caused pines to become stressed and more susceptible to a beetle attack. Another factor was the mild winter that increased the survival of overwintering beetles.
AL_FAP_2020,.context.climate_threat_biotic_stressors,NA,NA,NA,FALSE,
AL_FAP_2020,.context.climate_threat_biotic_stressors,NA,NA,NA,FALSE,
AL_FAP_2020,.context.climate_threat_biotic_stressors,NA,NA,NA,FALSE,
AL_FAP_2020,.actions.priority_habitat_identification,Chapter 4 – Establishment of Priority Areas,1,TRUE,TRUE,"Priority Areas were set at the county level using input from stakeholders, past threat occurrence, and the Southern Forest Land Assessment. There were 13 categories included in the threat matrix to de"
AL_FAP_2020,.actions.priority_habitat_identification,Chapter 4 – Establishment of Priority Areas,0.9876,TRUE,TRUE,"Counties achieved total scores based on the full matrix and were ranked by score to determine Priority Areas. In the following, the counties scoring between 11 and 19 points in the matrix are describe"
AL_FAP_2020,.actions.targeted_range_shift_actions,NA,NA,NA,FALSE,
AL_FAP_2020,.actions.targeted_range_shift_actions,NA,NA,NA,FALSE,
AL_FAP_2020,.actions.targeted_range_shift_actions,NA,NA,NA,FALSE,
AL_FAP_2020,.actions.time_bound_and_monitoring,"Forest Fragmentation (Chapter 4, Long-term Strategies)",1,TRUE,TRUE,Results will be measured through increases in acres under management and TREASURE Forest certifications. Tracking these results across the focus counties will serve to show us where we are succeeding 
AL_FAP_2020,.actions.evidence_of_efficacy,"Forest Fragmentation (Chapter 4, Long-term Strategies)",1,TRUE,TRUE,The projects found that prioritizing relationships was critical. Combining legal assistance with forestry outreach created synergies that enabled landowners with heirs' property to implement forest ma
AL_FAP_2020,.actions.adaptation_planning_frameworks,NA,NA,NA,FALSE,
AL_FAP_2020,.actions.adaptation_planning_frameworks,NA,NA,NA,FALSE,
AL_FAP_2020,.actions.adaptation_planning_frameworks,NA,NA,NA,FALSE,
AR_FAP_2020,.concepts.climate_vulnerability,Climate Challenges,1,TRUE,TRUE,"Climate change, in the context of Arkansas forests, can be described as conditions that are more volatile and extreme than the forests of Arkansas are adapted to. More intense rain events, longer drou"
AR_FAP_2020,.concepts.adaptive_capacity_specificity,NA,NA,NA,FALSE,
AR_FAP_2020,.concepts.adaptive_capacity_specificity,NA,NA,NA,FALSE,
AR_FAP_2020,.concepts.adaptive_capacity_specificity,NA,NA,NA,FALSE,
AR_FAP_2020,.concepts.adaptive_capacity_components.demography,NA,NA,NA,FALSE,
AR_FAP_2020,.concepts.adaptive_capacity_components.demography,NA,NA,NA,FALSE,
AR_FAP_2020,.concepts.adaptive_capacity_components.demography,NA,NA,NA,FALSE,
AR_FAP_2020,.concepts.adaptive_capacity_components.distribution,NA,NA,NA,FALSE,
AR_FAP_2020,.concepts.adaptive_capacity_components.distribution,NA,NA,NA,FALSE,
AR_FAP_2020,.concepts.adaptive_capacity_components.distribution,NA,NA,NA,FALSE,
AR_FAP_2020,.concepts.adaptive_capacity_components.movement,NA,NA,NA,FALSE,
AR_FAP_2020,.concepts.adaptive_capacity_components.movement,NA,NA,NA,FALSE,
AR_FAP_2020,.concepts.adaptive_capacity_components.movement,NA,NA,NA,FALSE,
AR_FAP_2020,.concepts.adaptive_capacity_components.evolutionary_potential,NA,NA,NA,FALSE,
AR_FAP_2020,.concepts.adaptive_capacity_components.evolutionary_potential,NA,NA,NA,FALSE,
AR_FAP_2020,.concepts.adaptive_capacity_components.evolutionary_potential,NA,NA,NA,FALSE,
AR_FAP_2020,.concepts.adaptive_capacity_components.ecological_dependencies,NA,NA,NA,FALSE,
AR_FAP_2020,.concepts.adaptive_capacity_components.ecological_dependencies,NA,NA,NA,FALSE,
AR_FAP_2020,.concepts.adaptive_capacity_components.ecological_dependencies,NA,NA,NA,FALSE,
AR_FAP_2020,.concepts.adaptive_capacity_components.abiotic_niche,NA,NA,NA,FALSE,
AR_FAP_2020,.concepts.adaptive_capacity_components.abiotic_niche,NA,NA,NA,FALSE,
AR_FAP_2020,.concepts.adaptive_capacity_components.abiotic_niche,NA,NA,NA,FALSE,
AR_FAP_2020,.concepts.adaptive_capacity_components.life_history,NA,NA,NA,FALSE,
AR_FAP_2020,.concepts.adaptive_capacity_components.life_history,NA,NA,NA,FALSE,
AR_FAP_2020,.concepts.adaptive_capacity_components.life_history,NA,NA,NA,FALSE,
AR_FAP_2020,.concepts.connectivity,Water Supply Forest Conservation,1,TRUE,TRUE,The conservation of riparian forests and corridors and using best management practices for water quality to decrease run-off and pollution are critical steps in keeping our waters clean and retaining 
AR_FAP_2020,.tools.vulnerability_models,NA,NA,NA,FALSE,
AR_FAP_2020,.tools.vulnerability_models,NA,NA,NA,FALSE,
AR_FAP_2020,.tools.vulnerability_models,NA,NA,NA,FALSE,
AR_FAP_2020,.tools.niche_models,NA,NA,NA,FALSE,
AR_FAP_2020,.tools.niche_models,NA,NA,NA,FALSE,
AR_FAP_2020,.tools.niche_models,NA,NA,NA,FALSE,
AR_FAP_2020,.tools.climate_models,NA,NA,NA,FALSE,
AR_FAP_2020,.tools.climate_models,NA,NA,NA,FALSE,
AR_FAP_2020,.tools.climate_models,NA,NA,NA,FALSE,
AR_FAP_2020,.tools.connectivity_models,NA,NA,NA,FALSE,
AR_FAP_2020,.tools.connectivity_models,NA,NA,NA,FALSE,
AR_FAP_2020,.tools.connectivity_models,NA,NA,NA,FALSE,
AR_FAP_2020,.context.management_scale.local,NA,NA,NA,FALSE,
AR_FAP_2020,.context.management_scale.local,NA,NA,NA,FALSE,
AR_FAP_2020,.context.management_scale.local,NA,NA,NA,FALSE,
AR_FAP_2020,.context.management_scale.site,Strategy 4 (Prescribed Fire),1,TRUE,TRUE,"Action 4.2.2: Prescribed burn 7,000 acres annually at Poison Springs State Forest."
AR_FAP_2020,.context.management_scale.watershed,Priority Areas,1,TRUE,TRUE,HUC 10 watershed means were calculated (Zonal Statistics) to produce a map of Resource Priority by HUC 10 Watersheds
AR_FAP_2020,.context.management_scale.city,NA,NA,NA,FALSE,
AR_FAP_2020,.context.management_scale.city,NA,NA,NA,FALSE,
AR_FAP_2020,.context.management_scale.city,NA,NA,NA,FALSE,
AR_FAP_2020,.context.management_scale.county,NA,NA,NA,FALSE,
AR_FAP_2020,.context.management_scale.county,NA,NA,NA,FALSE,
AR_FAP_2020,.context.management_scale.county,NA,NA,NA,FALSE,
AR_FAP_2020,.context.management_scale.within_state_region,Priority Areas,1,TRUE,TRUE,a decision was made to reclassify the priority levels in the South Central Plains Level III Ecoregion.
AR_FAP_2020,.context.management_scale.state,Role of the Arkansas Department of Agriculture -Forestry Division,1,TRUE,TRUE,The Arkansas 2020-2029 Forest Action Plan is the updated successor to the former Statewide Forest Resources Assessment & Strategy of 2010.
AR_FAP_2020,.context.management_scale.multistate,Multi-state Priorities,1,TRUE,TRUE,The Forestry Division has opportunities to participate in various initiatives and programs that extend beyond the state borders. Collaborative efforts are valued to address resource threats that do no
AR_FAP_2020,.context.management_scale.national,NA,NA,NA,FALSE,
AR_FAP_2020,.context.management_scale.national,NA,NA,NA,FALSE,
AR_FAP_2020,.context.management_scale.national,NA,NA,NA,FALSE,
AR_FAP_2020,.context.management_scale.transnational,NA,NA,NA,FALSE,
AR_FAP_2020,.context.management_scale.transnational,NA,NA,NA,FALSE,
AR_FAP_2020,.context.management_scale.transnational,NA,NA,NA,FALSE,
AR_FAP_2020,.context.management_scale.ecosystem,Ecoregions and the Arkansas Wildlife Action Plan,1,TRUE,TRUE,The AWAP recognizes healthy forests as critical to the maintenance and improvement in wildlife populations. It also recognizes that many forest habitats need management and that no management is a thr
AR_FAP_2020,.context.management_scale.ecoregion,Arkansas Ecoregions,1,TRUE,TRUE,There are seven Level III Ecoregions in Arkansas. Thorough descriptions of the geology and habitats found within each ecoregion can be referenced in the Arkansas Wildlife Action Plan (AWAP).
AR_FAP_2020,.context.management_scale.province,NA,NA,NA,FALSE,
AR_FAP_2020,.context.management_scale.province,NA,NA,NA,FALSE,
AR_FAP_2020,.context.management_scale.province,NA,NA,NA,FALSE,
AR_FAP_2020,.context.management_scale.section,NA,NA,NA,FALSE,
AR_FAP_2020,.context.management_scale.section,NA,NA,NA,FALSE,
AR_FAP_2020,.context.management_scale.section,NA,NA,NA,FALSE,
AR_FAP_2020,.context.management_scale.subsection,NA,NA,NA,FALSE,
AR_FAP_2020,.context.management_scale.subsection,NA,NA,NA,FALSE,
AR_FAP_2020,.context.management_scale.subsection,NA,NA,NA,FALSE,
AR_FAP_2020,.context.management_scale.lake,NA,NA,NA,FALSE,
AR_FAP_2020,.context.management_scale.lake,NA,NA,NA,FALSE,
AR_FAP_2020,.context.management_scale.lake,NA,NA,NA,FALSE,
AR_FAP_2020,.context.management_scale.river,NA,NA,NA,FALSE,
AR_FAP_2020,.context.management_scale.river,NA,NA,NA,FALSE,
AR_FAP_2020,.context.management_scale.river,NA,NA,NA,FALSE,
AR_FAP_2020,.context.management_scale.district,NA,NA,NA,FALSE,
AR_FAP_2020,.context.management_scale.district,NA,NA,NA,FALSE,
AR_FAP_2020,.context.management_scale.district,NA,NA,NA,FALSE,
AR_FAP_2020,.context.biological_unit_score,Ecoregions and the Arkansas Wildlife Action Plan,1,TRUE,TRUE,The Arkansas Wildlife Action Plan identified the 'species of greatest conservation need' (SGCN) found in each ecoregion
AR_FAP_2020,.context.biological_unit_score,Ecoregions and the Arkansas Wildlife Action Plan,1,TRUE,TRUE,The AWAP identifies and prioritizes important wildlife habitats for protection and restoration.
AR_FAP_2020,.context.biological_unit_components.species,Ecoregions and the Arkansas Wildlife Action Plan,1,TRUE,TRUE,The Arkansas Wildlife Action Plan identified the 'species of greatest conservation need' (SGCN) found in each ecoregion
AR_FAP_2020,.context.biological_unit_components.population,NA,NA,NA,FALSE,
AR_FAP_2020,.context.biological_unit_components.population,NA,NA,NA,FALSE,
AR_FAP_2020,.context.biological_unit_components.population,NA,NA,NA,FALSE,
AR_FAP_2020,.context.biological_unit_components.habitat,Ecoregions and the Arkansas Wildlife Action Plan,1,TRUE,TRUE,The AWAP identifies and prioritizes important wildlife habitats for protection and restoration. These priorities can change during biennial reviews.
AR_FAP_2020,.context.biological_unit_components.ecosystem,Carbon Programs,1,TRUE,TRUE,Forests are recognized as a piece of the solution to climate change. Landowners and land managers understand the carbon financing process.
AR_FAP_2020,.context.biological_unit_components.community,NA,NA,NA,FALSE,
AR_FAP_2020,.context.biological_unit_components.community,NA,NA,NA,FALSE,
AR_FAP_2020,.context.biological_unit_components.community,NA,NA,NA,FALSE,
AR_FAP_2020,.context.biological_unit_components.genotype_phenotype,NA,NA,NA,FALSE,
AR_FAP_2020,.context.biological_unit_components.genotype_phenotype,NA,NA,NA,FALSE,
AR_FAP_2020,.context.biological_unit_components.genotype_phenotype,NA,NA,NA,FALSE,
AR_FAP_2020,.context.partnerships_and_funding,Strategy 1: Collaborative Partnerships Around the Forest Action Plan,1,TRUE,TRUE,"Jointly develop a scope of collaborative partnership document. Request participation from select partners, including, but not limited to, 'the Parties' of the Memorandum of Understanding for Shared St"
AR_FAP_2020,.context.partnerships_and_funding,Multi-state Priorities,1,TRUE,TRUE,The Forestry Division has opportunities to participate in various initiatives and programs that extend beyond the state borders. Collaborative efforts are valued to address resource threats that do no
AR_FAP_2020,.context.climate_threat_habitat_degradation,Climate Challenges,1,TRUE,TRUE,"Climate change, in the context of Arkansas forests, can be described as conditions that are more volatile and extreme than the forests of Arkansas are adapted to. More intense rain events, longer drou"
AR_FAP_2020,.context.climate_threat_species_vital_rates,NA,NA,NA,FALSE,
AR_FAP_2020,.context.climate_threat_species_vital_rates,NA,NA,NA,FALSE,
AR_FAP_2020,.context.climate_threat_species_vital_rates,NA,NA,NA,FALSE,
AR_FAP_2020,.context.climate_threat_biotic_stressors,NA,NA,NA,FALSE,
AR_FAP_2020,.context.climate_threat_biotic_stressors,NA,NA,NA,FALSE,
AR_FAP_2020,.context.climate_threat_biotic_stressors,NA,NA,NA,FALSE,
AR_FAP_2020,.actions.priority_habitat_identification,Stakeholder Groups Engaged,1,TRUE,TRUE,"Rachel Worthen, GIS Specialist at The Nature Conservancy, conducted the GIS analysis that produced the Arkansas Forest Action Plan Priority Areas."
AR_FAP_2020,.actions.priority_habitat_identification,Priority Areas,1,TRUE,TRUE,HUC 10 watershed means were calculated (Zonal Statistics) to produce a map of Resource Priority by HUC 10 Watersheds
AR_FAP_2020,.actions.priority_habitat_identification,Priority Areas,1,TRUE,TRUE,"all watersheds with very high, high, and moderate priority level were combined into one statewide priority area."
AR_FAP_2020,.actions.targeted_range_shift_actions,NA,NA,NA,FALSE,
AR_FAP_2020,.actions.targeted_range_shift_actions,NA,NA,NA,FALSE,
AR_FAP_2020,.actions.targeted_range_shift_actions,NA,NA,NA,FALSE,
AR_FAP_2020,.actions.time_bound_and_monitoring,Strategy 5: Wildfire Protection,1,TRUE,TRUE,Update current Community Wildfire Protection Plans every three years.
AR_FAP_2020,.actions.time_bound_and_monitoring,Objective 3.4,1,TRUE,TRUE,Action 3.4.1: Produce a periodic BMP Implementation Survey using data driven conclusions.
AR_FAP_2020,.actions.time_bound_and_monitoring,Strategy 4 (Prescribed Fire),1,TRUE,TRUE,Action 4.1.4: Track prescribed fire implementation annually.
AR_FAP_2020,.actions.evidence_of_efficacy,Recognized Threats,1,TRUE,TRUE,"the interaction of population growth, climate change, timber markets, and invasive species will define the South's future forests."
AR_FAP_2020,.actions.adaptation_planning_frameworks,NA,NA,NA,FALSE,
AR_FAP_2020,.actions.adaptation_planning_frameworks,NA,NA,NA,FALSE,
AR_FAP_2020,.actions.adaptation_planning_frameworks,NA,NA,NA,FALSE,
ASM_FAP_2020,.concepts.climate_vulnerability,[TABLE] (Regional Priorities section),1,TRUE,TRUE,"high susceptibility to severe storms and the effects of global climate change, and often"
ASM_FAP_2020,.concepts.climate_vulnerability,[TABLE] (closing statement),1,TRUE,TRUE,"impacts of climate change, sea level rise, invasive species, pollution, and forest conversion continue to increase and harm our native species and natural resources."
ASM_FAP_2020,.concepts.adaptive_capacity_specificity,NA,NA,NA,FALSE,
ASM_FAP_2020,.concepts.adaptive_capacity_specificity,NA,NA,NA,FALSE,
ASM_FAP_2020,.concepts.adaptive_capacity_specificity,NA,NA,NA,FALSE,
ASM_FAP_2020,.concepts.adaptive_capacity_components.demography,NA,NA,NA,FALSE,
ASM_FAP_2020,.concepts.adaptive_capacity_components.demography,NA,NA,NA,FALSE,
ASM_FAP_2020,.concepts.adaptive_capacity_components.demography,NA,NA,NA,FALSE,
ASM_FAP_2020,.concepts.adaptive_capacity_components.distribution,NA,NA,NA,FALSE,
ASM_FAP_2020,.concepts.adaptive_capacity_components.distribution,NA,NA,NA,FALSE,
ASM_FAP_2020,.concepts.adaptive_capacity_components.distribution,NA,NA,NA,FALSE,
ASM_FAP_2020,.concepts.adaptive_capacity_components.movement,NA,NA,NA,FALSE,
ASM_FAP_2020,.concepts.adaptive_capacity_components.movement,NA,NA,NA,FALSE,
ASM_FAP_2020,.concepts.adaptive_capacity_components.movement,NA,NA,NA,FALSE,
ASM_FAP_2020,.concepts.adaptive_capacity_components.evolutionary_potential,NA,NA,NA,FALSE,
ASM_FAP_2020,.concepts.adaptive_capacity_components.evolutionary_potential,NA,NA,NA,FALSE,
ASM_FAP_2020,.concepts.adaptive_capacity_components.evolutionary_potential,NA,NA,NA,FALSE,
ASM_FAP_2020,.concepts.adaptive_capacity_components.ecological_dependencies,NA,NA,NA,FALSE,
ASM_FAP_2020,.concepts.adaptive_capacity_components.ecological_dependencies,NA,NA,NA,FALSE,
ASM_FAP_2020,.concepts.adaptive_capacity_components.ecological_dependencies,NA,NA,NA,FALSE,
ASM_FAP_2020,.concepts.adaptive_capacity_components.abiotic_niche,NA,NA,NA,FALSE,
ASM_FAP_2020,.concepts.adaptive_capacity_components.abiotic_niche,NA,NA,NA,FALSE,
ASM_FAP_2020,.concepts.adaptive_capacity_components.abiotic_niche,NA,NA,NA,FALSE,
ASM_FAP_2020,.concepts.adaptive_capacity_components.life_history,NA,NA,NA,FALSE,
ASM_FAP_2020,.concepts.adaptive_capacity_components.life_history,NA,NA,NA,FALSE,
ASM_FAP_2020,.concepts.adaptive_capacity_components.life_history,NA,NA,NA,FALSE,
ASM_FAP_2020,.concepts.connectivity,NA,NA,NA,FALSE,
ASM_FAP_2020,.concepts.connectivity,NA,NA,NA,FALSE,
ASM_FAP_2020,.concepts.connectivity,NA,NA,NA,FALSE,
ASM_FAP_2020,.tools.vulnerability_models,NA,NA,NA,FALSE,
ASM_FAP_2020,.tools.vulnerability_models,NA,NA,NA,FALSE,
ASM_FAP_2020,.tools.vulnerability_models,NA,NA,NA,FALSE,
ASM_FAP_2020,.tools.niche_models,NA,NA,NA,FALSE,
ASM_FAP_2020,.tools.niche_models,NA,NA,NA,FALSE,
ASM_FAP_2020,.tools.niche_models,NA,NA,NA,FALSE,
ASM_FAP_2020,.tools.climate_models,NA,NA,NA,FALSE,
ASM_FAP_2020,.tools.climate_models,NA,NA,NA,FALSE,
ASM_FAP_2020,.tools.climate_models,NA,NA,NA,FALSE,
ASM_FAP_2020,.tools.connectivity_models,NA,NA,NA,FALSE,
ASM_FAP_2020,.tools.connectivity_models,NA,NA,NA,FALSE,
ASM_FAP_2020,.tools.connectivity_models,NA,NA,NA,FALSE,
ASM_FAP_2020,.context.management_scale.local,Priority Landscapes for Urban Forest Sustainability,1,TRUE,TRUE,"The priority landscapes for sustainability of urban forests include villages, commercial and privately-owned residential zones, government office grounds, schools, parks, sports fields, and churches."
ASM_FAP_2020,.context.management_scale.site,[TABLE] (Forest Legacy AON section),1,TRUE,TRUE,"The largest parcel of lava-flow forest that remains of this is an area of approximately 27 contiguous acres in Ottoville on the Tafuna Plain known as the Naumati Forest, which is surrounded by suburba"
ASM_FAP_2020,.context.management_scale.watershed,Long-Term Strategies,1,TRUE,TRUE,"Strategies for issues 2, 3, and 4 will likely have the greatest impact and can be most efficiently planned, implemented, and evaluated if they can be focused at the watershed level"
ASM_FAP_2020,.context.management_scale.city,NA,NA,NA,FALSE,
ASM_FAP_2020,.context.management_scale.city,NA,NA,NA,FALSE,
ASM_FAP_2020,.context.management_scale.city,NA,NA,NA,FALSE,
ASM_FAP_2020,.context.management_scale.county,NA,NA,NA,FALSE,
ASM_FAP_2020,.context.management_scale.county,NA,NA,NA,FALSE,
ASM_FAP_2020,.context.management_scale.county,NA,NA,NA,FALSE,
ASM_FAP_2020,.context.management_scale.within_state_region,Priority Landscapes for Conservation of Native Flora and Fauna,1,TRUE,TRUE,"High priority landscapes determined from their native vegetation were concentrated in the northern portions of Tutuila Island, the summit and littoral areas of Ta'u, the steep slopes and littoral area"
ASM_FAP_2020,.context.management_scale.state,TRANSLATING STRATEGIES INTO ACTIONS,1,TRUE,TRUE,This statewide assessment and resource strategy document will provide the basic guidance for the American Samoa forestry programs over the next five years.
ASM_FAP_2020,.context.management_scale.multistate,NA,NA,NA,FALSE,
ASM_FAP_2020,.context.management_scale.multistate,NA,NA,NA,FALSE,
ASM_FAP_2020,.context.management_scale.multistate,NA,NA,NA,FALSE,
ASM_FAP_2020,.context.management_scale.national,INTRODUCTION,1,TRUE,TRUE,The process served to link local priorities to the national State and Private Forestry program themes and objectives.
ASM_FAP_2020,.context.management_scale.transnational,NA,NA,NA,FALSE,
ASM_FAP_2020,.context.management_scale.transnational,NA,NA,NA,FALSE,
ASM_FAP_2020,.context.management_scale.transnational,NA,NA,NA,FALSE,
ASM_FAP_2020,.context.management_scale.ecosystem,NA,NA,NA,FALSE,
ASM_FAP_2020,.context.management_scale.ecosystem,NA,NA,NA,FALSE,
ASM_FAP_2020,.context.management_scale.ecosystem,NA,NA,NA,FALSE,
ASM_FAP_2020,.context.management_scale.ecoregion,NA,NA,NA,FALSE,
ASM_FAP_2020,.context.management_scale.ecoregion,NA,NA,NA,FALSE,
ASM_FAP_2020,.context.management_scale.ecoregion,NA,NA,NA,FALSE,
ASM_FAP_2020,.context.management_scale.province,NA,NA,NA,FALSE,
ASM_FAP_2020,.context.management_scale.province,NA,NA,NA,FALSE,
ASM_FAP_2020,.context.management_scale.province,NA,NA,NA,FALSE,
ASM_FAP_2020,.context.management_scale.section,NA,NA,NA,FALSE,
ASM_FAP_2020,.context.management_scale.section,NA,NA,NA,FALSE,
ASM_FAP_2020,.context.management_scale.section,NA,NA,NA,FALSE,
ASM_FAP_2020,.context.management_scale.subsection,NA,NA,NA,FALSE,
ASM_FAP_2020,.context.management_scale.subsection,NA,NA,NA,FALSE,
ASM_FAP_2020,.context.management_scale.subsection,NA,NA,NA,FALSE,
ASM_FAP_2020,.context.management_scale.lake,NA,NA,NA,FALSE,
ASM_FAP_2020,.context.management_scale.lake,NA,NA,NA,FALSE,
ASM_FAP_2020,.context.management_scale.lake,NA,NA,NA,FALSE,
ASM_FAP_2020,.context.management_scale.river,NA,NA,NA,FALSE,
ASM_FAP_2020,.context.management_scale.river,NA,NA,NA,FALSE,
ASM_FAP_2020,.context.management_scale.river,NA,NA,NA,FALSE,
ASM_FAP_2020,.context.management_scale.district,NA,NA,NA,FALSE,
ASM_FAP_2020,.context.management_scale.district,NA,NA,NA,FALSE,
ASM_FAP_2020,.context.management_scale.district,NA,NA,NA,FALSE,
ASM_FAP_2020,.context.biological_unit_score,[FIGURE: Conservation of Native Flora and Fauna],0.3197,FALSE,TRUE,Key native forest types must be preserved in areas large enough to support healthy populations of these plants and animals.
ASM_FAP_2020,.context.biological_unit_score,Mangrove Swamp,1,TRUE,TRUE,"Mangrove swamp is a unique forest community dominated by trees able to grow in the saline conditions on mudflats, along estuaries, and in sheltered lagoons"
ASM_FAP_2020,.context.biological_unit_components.species,Conservation of Native Flora and Fauna,1,TRUE,TRUE,"The endemic Samoan swallowtail butterfly (Papilio godeffroyi), a species once found on all the larger Samoan islands, now appears restricted to American Samoa."
ASM_FAP_2020,.context.biological_unit_components.population,[FIGURE: Conservation of Native Flora and Fauna],0.3197,FALSE,TRUE,Key native forest types must be preserved in areas large enough to support healthy populations of these plants and animals.
ASM_FAP_2020,.context.biological_unit_components.habitat,American Samoa's Forests,1,TRUE,TRUE,"Another threatened forest type in American Samoa is the mangrove forest. Out of the seven islands that comprise American Samoa, mangroves occur on only two, Tutuila and Aunu'u."
ASM_FAP_2020,.context.biological_unit_components.ecosystem,Issue 3 -Performance Outcomes,1,TRUE,TRUE,Reduced sedimentation and nutrient loading into wetlands results in improved function and longevity of wetland ecosystems.
ASM_FAP_2020,.context.biological_unit_components.community,Mangrove Swamp,1,TRUE,TRUE,"Mangrove swamp is a unique forest community dominated by trees able to grow in the saline conditions on mudflats, along estuaries, and in sheltered lagoons"
ASM_FAP_2020,.context.biological_unit_components.genotype_phenotype,NA,NA,NA,FALSE,
ASM_FAP_2020,.context.biological_unit_components.genotype_phenotype,NA,NA,NA,FALSE,
ASM_FAP_2020,.context.biological_unit_components.genotype_phenotype,NA,NA,NA,FALSE,
ASM_FAP_2020,.context.partnerships_and_funding,American Samoa Forestry Program,1,TRUE,TRUE,"The Forestry Program collaborates with government agencies both at the local and federal levels, regional organizations, and non-governmental organizations in program planning, implementation, and eva"
ASM_FAP_2020,.context.partnerships_and_funding,INTRODUCTION,1,TRUE,TRUE,"American Samoa Community College Division of Agriculture, Community and Natural Resources, the American Samoa Department of Public Safety Fire Department, and the United States Department of Agricultu"
ASM_FAP_2020,.context.partnerships_and_funding,INTRODUCTION,1,TRUE,TRUE,Support for these programs are allocated through the Forest Service -State and Private Forestry program as a combination of consolidated and competitive funding.
ASM_FAP_2020,.context.climate_threat_habitat_degradation,[FIGURE: Rhizophora mangle caption / Kelley Anderson Tagarino quote],0.2792,FALSE,TRUE,"In American Samoa, mangroves are even more important due to our rapid relative sea level rise rate (RSLR). American Samoa is subsiding at 16mm/year and if you add the 3.2mm/year average eustatic (or g"
ASM_FAP_2020,.context.climate_threat_habitat_degradation,Threats to the Native Flora and Fauna,1,TRUE,TRUE,Rising sea level and storms have caused major coastal erosions for several areas in Olosega.
ASM_FAP_2020,.context.climate_threat_species_vital_rates,NA,NA,NA,FALSE,
ASM_FAP_2020,.context.climate_threat_species_vital_rates,NA,NA,NA,FALSE,
ASM_FAP_2020,.context.climate_threat_species_vital_rates,NA,NA,NA,FALSE,
ASM_FAP_2020,.context.climate_threat_biotic_stressors,Threats to the Native Flora and Fauna,1,TRUE,TRUE,"With frequent cyclones and tropical storms, there is a high possibility that more invasive species will inhabit the Manu'a Islands."
ASM_FAP_2020,.actions.priority_habitat_identification,Priority Landscapes for Conservation of Native Flora and Fauna,1,TRUE,TRUE,"All areas of Native Forests were assigned high priority for this issue. High priority landscapes determined from their native vegetation were concentrated in the northern portions of Tutuila Island, t"
ASM_FAP_2020,.actions.priority_habitat_identification,American Samoa Forest Legacy Area Map Development,1,TRUE,TRUE,"The total mapped Forest Legacy Area is 12,179 acres which represents less than 34% of the forested land in the territory."
ASM_FAP_2020,.actions.priority_habitat_identification,[FIGURE caption],0.3176,FALSE,TRUE,Figure 3 Map of the American Samoa Forest Legacy Area based on the selection criteria.
ASM_FAP_2020,.actions.targeted_range_shift_actions,NA,NA,NA,FALSE,
ASM_FAP_2020,.actions.targeted_range_shift_actions,NA,NA,NA,FALSE,
ASM_FAP_2020,.actions.targeted_range_shift_actions,NA,NA,NA,FALSE,
ASM_FAP_2020,.actions.time_bound_and_monitoring,TRANSLATING STRATEGIES INTO ACTIONS,1,TRUE,TRUE,This statewide assessment and resource strategy document will provide the basic guidance for the American Samoa forestry programs over the next five years.
ASM_FAP_2020,.actions.time_bound_and_monitoring,TRANSLATING STRATEGIES INTO ACTIONS,1,TRUE,TRUE,"Near the end of each calendar year, the program managers will review their progress in consultation with key stakeholders and outline an action plan and draft grant proposals for the coming year."
ASM_FAP_2020,.actions.evidence_of_efficacy,Issue 5 -Performance Outcomes,1,TRUE,TRUE,Disturbed areas restored with native flora using proven effective methods.
ASM_FAP_2020,.actions.adaptation_planning_frameworks,NA,NA,NA,FALSE,
ASM_FAP_2020,.actions.adaptation_planning_frameworks,NA,NA,NA,FALSE,
ASM_FAP_2020,.actions.adaptation_planning_frameworks,NA,NA,NA,FALSE,
AZ_FAP_2020,.concepts.climate_vulnerability,Climate Change Critical Issue Description / Wildlife habitat,1,TRUE,TRUE,"In general, climate change will exacerbate many existing stressors on ecosystems and hinder many species' ability to adapt."
AZ_FAP_2020,.concepts.climate_vulnerability,Climate Change Critical Issue Description / Ecological changes (conversion of vegetation types),0.976,TRUE,TRUE,"Accelerating climate change is already causing significant shifts in the ranges of plants and animals. Species, when facing drier and warmer conditions are shifting their ranges to track more favorabl"
AZ_FAP_2020,.concepts.climate_vulnerability,Climate Change Critical Issue Description / Wildlife habitat,1,TRUE,TRUE,"As the IPCC notes, many species will be unable to migrate due to landscape habitat fragmentation, loss of suitable habitat, lack of mobility, or because they already live at the highest available elev"
AZ_FAP_2020,.concepts.adaptive_capacity_specificity,Climate Change Critical Issue Description / Wildlife habitat,1,TRUE,TRUE,"many species will be unable to migrate due to landscape habitat fragmentation, loss of suitable habitat, lack of mobility, or because they already live at the highest available elevation."
AZ_FAP_2020,.concepts.adaptive_capacity_specificity,Climate Change Critical Issue Description / Ecological changes (conversion of vegetation types),1,TRUE,TRUE,"Many species cannot shift habitat ranges fast enough to deal with current and future rates of climate change, so land managers should begin to experiment with pilot approaches to assist migration to a"
AZ_FAP_2020,.concepts.adaptive_capacity_components.demography,NA,NA,NA,FALSE,
AZ_FAP_2020,.concepts.adaptive_capacity_components.demography,NA,NA,NA,FALSE,
AZ_FAP_2020,.concepts.adaptive_capacity_components.demography,NA,NA,NA,FALSE,
AZ_FAP_2020,.concepts.adaptive_capacity_components.distribution,Climate Change Critical Issue Description / Ecological changes (conversion of vegetation types),0.976,TRUE,TRUE,"Accelerating climate change is already causing significant shifts in the ranges of plants and animals. Species, when facing drier and warmer conditions are shifting their ranges to track more favorabl"
AZ_FAP_2020,.concepts.adaptive_capacity_components.movement,Climate Change Critical Issue Description / Wildlife habitat,1,TRUE,TRUE,"many species will be unable to migrate due to landscape habitat fragmentation, loss of suitable habitat, lack of mobility, or because they already live at the highest available elevation."
AZ_FAP_2020,.concepts.adaptive_capacity_components.evolutionary_potential,Climate Change Critical Issue Description / Carbon sequestration,0.9281,TRUE,TRUE,Enhancing genetic diversity; Using information about past and probable future conditions to inform activities; Managing to connect landscapes;
AZ_FAP_2020,.concepts.adaptive_capacity_components.ecological_dependencies,Climate Change Critical Issue Description / Wildlife habitat,1,TRUE,TRUE,"the seasonal activity of many species will change differentially, disrupting life cycles and interactions between species. Composition and seasonal change will both alter ecosystem function."
AZ_FAP_2020,.concepts.adaptive_capacity_components.abiotic_niche,Climate Change Critical Issue Description / Ecological changes (conversion of vegetation types),1,TRUE,TRUE,"Species, when facing drier and warmer conditions are shifting their ranges to track more favorable conditions, often poleward and to higher elevations. In the Southwest, though many species may be abl"
AZ_FAP_2020,.concepts.adaptive_capacity_components.life_history,NA,NA,NA,FALSE,
AZ_FAP_2020,.concepts.adaptive_capacity_components.life_history,NA,NA,NA,FALSE,
AZ_FAP_2020,.concepts.adaptive_capacity_components.life_history,NA,NA,NA,FALSE,
AZ_FAP_2020,.concepts.connectivity,Climate Change Critical Issue Description / Ecological changes (conversion of vegetation types),1,TRUE,TRUE,"Increase habitat connectivity so wildlife are more capable of moving and shifting their permanent and seasonal habitats, to areas more similar in temperature/precipitation to their historical ranges. "
AZ_FAP_2020,.concepts.connectivity,Climate Change Critical Issue Description / Wildlife habitat,1,TRUE,TRUE,"many species will be unable to migrate due to landscape habitat fragmentation, loss of suitable habitat, lack of mobility, or because they already live at the highest available elevation."
AZ_FAP_2020,.tools.vulnerability_models,Focus Areas (Climate Change section),0.9574,TRUE,TRUE,An assessment developed by The Nature Conservancy was used to determine the Climate Change Focus Areas. Their assessment used a categorization approach frequently used in conservation planning to grou
AZ_FAP_2020,.tools.niche_models,NA,NA,NA,FALSE,
AZ_FAP_2020,.tools.niche_models,NA,NA,NA,FALSE,
AZ_FAP_2020,.tools.niche_models,NA,NA,NA,FALSE,
AZ_FAP_2020,.tools.climate_models,Climate Change Critical Issue Description / Water availability,1,TRUE,TRUE,"Global climate models project more dry days and drier soils in the future, for much of the Southwest. Along with projected warming and increased evapotranspiration, this likely means droughts will bec"
AZ_FAP_2020,.tools.connectivity_models,Priority Areas (People and Forests section),1,TRUE,TRUE,"Landscape Integrity: The Arizona Game and Fish Department developed this dataset as to help assess statewide connectivity. Landscape integrity is a measure of the landscape's naturalness, or its inver"
AZ_FAP_2020,.context.management_scale.local,"Goals, Objectives, and Actions (People and Forests section)",1,TRUE,TRUE,"Develop and implement educational programs for county and community leaders, schools, and civic groups to increase public awareness regarding the benefits of vegetation on the impacts of urban heat is"
AZ_FAP_2020,.context.management_scale.site,Four Forests Restoration Initiative: 4FRI,1,TRUE,TRUE,"The Huachuca FireScape project, which covers 400,000 acres in the Huachuca and Whetstone mountains, was recently approved and implementation has begun."
AZ_FAP_2020,.context.management_scale.watershed,Focus Areas (Water section),1,TRUE,TRUE,"all 8-digit Hydrologic Unit Codes (HUC) were identified along with the public land ownerships across the state. Once those maps were created, the focus area map was created showing HUCs in a color gra"
AZ_FAP_2020,.context.management_scale.city,NA,NA,NA,FALSE,
AZ_FAP_2020,.context.management_scale.city,NA,NA,NA,FALSE,
AZ_FAP_2020,.context.management_scale.city,NA,NA,NA,FALSE,
AZ_FAP_2020,.context.management_scale.county,E. Fish and Wildlife Habitat (AON section),1,TRUE,TRUE,Cochise County has the highest diversity and number of occurrences of these special status species and Yuma County the lowest.
AZ_FAP_2020,.context.management_scale.within_state_region,pg. 5,1,TRUE,TRUE,The FAP takes an 'all lands' approach and expand its scope to include the entirety of the state of Arizona.
AZ_FAP_2020,.context.management_scale.state,Introduction,1,TRUE,TRUE,The responsibility for developing the Forest Action Plan belongs to the State Forester and DFFM.
AZ_FAP_2020,.context.management_scale.multistate,Overview of Arizona's Grasslands,1,TRUE,TRUE,"Semi-desert grasslands in central and southeastern Arizona extend into New Mexico and Sonora, Mexico. Grasslands in northern Arizona share similarities with those found in the Great Basin and Colorado"
AZ_FAP_2020,.context.management_scale.national,Climate Change Critical Issue Description / Fire behavior/severity,1,TRUE,TRUE,"In the American West, this increase averaged more than 84 days longer in 2003-2012, compared to the period 1973-1982."
AZ_FAP_2020,.context.management_scale.transnational,NA,NA,NA,FALSE,
AZ_FAP_2020,.context.management_scale.transnational,NA,NA,NA,FALSE,
AZ_FAP_2020,.context.management_scale.transnational,NA,NA,NA,FALSE,
AZ_FAP_2020,.context.management_scale.ecosystem,Focus Areas and Priority Landscapes (Ecosystem Health section),1,TRUE,TRUE,"High priority should be given to ecosystem above 6,000 ft. elevation with considerable risk of stand replacing fire potential and in areas that provide watershed function to support diverse ecosystem "
AZ_FAP_2020,.context.management_scale.ecoregion,Current Forest Types and Distribution,1,TRUE,TRUE,Most forestlands in Arizona are within the Arizona/New Mexico Mountains or Plateau Ecoregions.
AZ_FAP_2020,.context.management_scale.province,NA,NA,NA,FALSE,
AZ_FAP_2020,.context.management_scale.province,NA,NA,NA,FALSE,
AZ_FAP_2020,.context.management_scale.province,NA,NA,NA,FALSE,
AZ_FAP_2020,.context.management_scale.section,NA,NA,NA,FALSE,
AZ_FAP_2020,.context.management_scale.section,NA,NA,NA,FALSE,
AZ_FAP_2020,.context.management_scale.section,NA,NA,NA,FALSE,
AZ_FAP_2020,.context.management_scale.subsection,NA,NA,NA,FALSE,
AZ_FAP_2020,.context.management_scale.subsection,NA,NA,NA,FALSE,
AZ_FAP_2020,.context.management_scale.subsection,NA,NA,NA,FALSE,
AZ_FAP_2020,.context.management_scale.lake,NA,NA,NA,FALSE,
AZ_FAP_2020,.context.management_scale.lake,NA,NA,NA,FALSE,
AZ_FAP_2020,.context.management_scale.lake,NA,NA,NA,FALSE,
AZ_FAP_2020,.context.management_scale.river,Climate Change Critical Issue Description / Water availability,1,TRUE,TRUE,"Stream restoration efforts (e.g., Canyon Creek Restoration-Arizona Game and Fish Department) can re-connect streams to adjacent wetlands, increasing the water retained in Arizona's high elevation fore"
AZ_FAP_2020,.context.management_scale.district,NA,NA,NA,FALSE,
AZ_FAP_2020,.context.management_scale.district,NA,NA,NA,FALSE,
AZ_FAP_2020,.context.management_scale.district,NA,NA,NA,FALSE,
AZ_FAP_2020,.context.biological_unit_score,Climate Change Critical Issue Description / Ecological changes (conversion of vegetation types),1,TRUE,TRUE,Accelerating climate change is already causing significant shifts in the ranges of plants and animals.
AZ_FAP_2020,.context.biological_unit_score,Climate Change Critical Issue Description / Wildlife habitat,1,TRUE,TRUE,community composition will change as a result of decreases in the abundances of some species and increases in others
AZ_FAP_2020,.context.biological_unit_components.species,Climate Change Critical Issue Description / Ecological changes (conversion of vegetation types),0.976,TRUE,TRUE,"Accelerating climate change is already causing significant shifts in the ranges of plants and animals. Species, when facing drier and warmer conditions are shifting their ranges to track more favorabl"
AZ_FAP_2020,.context.biological_unit_components.population,NA,NA,NA,FALSE,
AZ_FAP_2020,.context.biological_unit_components.population,NA,NA,NA,FALSE,
AZ_FAP_2020,.context.biological_unit_components.population,NA,NA,NA,FALSE,
AZ_FAP_2020,.context.biological_unit_components.habitat,Climate Change Critical Issue Description,1,TRUE,TRUE,"caused a shift in established vegetation/wildlife ranges, and contributed to some of the largest wildfires in Arizona's history."
AZ_FAP_2020,.context.biological_unit_components.ecosystem,Climate Change Critical Issue Description / Ecological changes (conversion of vegetation types),0.9301,TRUE,TRUE,"In Southwest forests, rates of ecosystem change due to climate impacts are projected to become more dramatic over the course of the 21st century."
AZ_FAP_2020,.context.biological_unit_components.community,Climate Change Critical Issue Description / Wildlife habitat,1,TRUE,TRUE,"community composition will change as a result of decreases in the abundances of some species and increases in others; and (2) the seasonal activity of many species will change differentially, disrupti"
AZ_FAP_2020,.context.biological_unit_components.genotype_phenotype,NA,NA,NA,FALSE,
AZ_FAP_2020,.context.biological_unit_components.genotype_phenotype,NA,NA,NA,FALSE,
AZ_FAP_2020,.context.biological_unit_components.genotype_phenotype,NA,NA,NA,FALSE,
AZ_FAP_2020,.context.partnerships_and_funding,Collaboration Across Landscapes,1,TRUE,TRUE,The Arizona Conservation Partnership (ACP) is comprised of 12 state and federal agencies collaborating over a multitude of issues. ACP provides a framework for accomplishing landscape scale conservati
AZ_FAP_2020,.context.partnerships_and_funding,Background Farm Bill and Cooperative Forestry Assistance Act,1,TRUE,TRUE,Most CFAA funding received by the Arizona Department of Forestry and Fire Management (DFFM) is passed through to local organizations by way of grants that require matching funds and additional impleme
AZ_FAP_2020,.context.climate_threat_habitat_degradation,"Benefits, Threats, and Impacts (Water critical issue)",1,TRUE,TRUE,"Climate change is causing variable precipitation resulting in reduced snow pack, lower runoff, and decreased flows in drainage basins."
AZ_FAP_2020,.context.climate_threat_habitat_degradation,Introduction (Fire critical issue),1,TRUE,TRUE,"Climate change research poses a further threat with increased drought and longer, warmer summers lengthening fire seasons. Climatic change suggests a greater number of intense, resistant to control fi"
AZ_FAP_2020,.context.climate_threat_species_vital_rates,Climate Change Critical Issue Description / Vegetation Productivity,0.9398,TRUE,TRUE,Warming temperatures during plant reproduction in many cases reduces yield by as much as 80-90 percent from normal temperature ranges.
AZ_FAP_2020,.context.climate_threat_biotic_stressors,Desert Impacts,1,TRUE,TRUE,"Annual invasive grasses like cheatgrass (Bromus tectorum) and red brome (Bromus rubens) are serious threats to the Great Basin Desert and Sonoran Desert, respectively. These species have established a"
AZ_FAP_2020,.context.climate_threat_biotic_stressors,Climate Change Critical Issue Description / Wildlife habitat,1,TRUE,TRUE,altered occurrence of wildlife disease pathogens and invasive species
AZ_FAP_2020,.actions.priority_habitat_identification,Focus Areas and Priority Landscapes (Ecosystem Health section),1,TRUE,TRUE,"Unfragmented Areas: The Unfragmented Areas map is based on the existence of large, contiguous landmasses that are not fragmented by barriers, the diversity of vegetation types within those land masses"
AZ_FAP_2020,.actions.priority_habitat_identification,Focus Areas (Climate Change section),0.9574,TRUE,TRUE,An assessment developed by The Nature Conservancy was used to determine the Climate Change Focus Areas. Their assessment used a categorization approach frequently used in conservation planning to grou
AZ_FAP_2020,.actions.targeted_range_shift_actions,Climate Change Critical Issue Description / Ecological changes (conversion of vegetation types),0.9894,TRUE,TRUE,"Though assisted migration is a controversial approach in conservation, climate change presents challenges to species and ecosystems that have not been encountered before. The speed of observed changes"
AZ_FAP_2020,.actions.targeted_range_shift_actions,Climate Change Critical Issue Description / Ecological changes (conversion of vegetation types),1,TRUE,TRUE,"Increase habitat connectivity so wildlife are more capable of moving and shifting their permanent and seasonal habitats, to areas more similar in temperature/precipitation to their historical ranges. "
AZ_FAP_2020,.actions.time_bound_and_monitoring,Future Actions (Conclusion section),1,TRUE,TRUE,"Plans are being formulated for the groups to continue meeting periodically to shepherd the implementation, monitoring, reporting, and adaptation of the FAP."
AZ_FAP_2020,.actions.time_bound_and_monitoring,Future Actions (Conclusion section),1,TRUE,TRUE,"While the legislative mandate in the 2008 Farm Bill is a formal revision at five-year intervals or as required by the Secretary of Agriculture, we consider these to be dynamic and living documents whe"
AZ_FAP_2020,.actions.evidence_of_efficacy,Climate Change Critical Issue Description / Climate Change Mitigation,0.2933,FALSE,TRUE,Thinning and burning treatment can reduce emissions of carbon dioxide by as much as 98%. The overall carbon balance of a managed forest is sensitive to the eventual outcome of how the wood products ar
AZ_FAP_2020,.actions.evidence_of_efficacy,Climate Change Critical Issue Description / Climate Change Mitigation,1,TRUE,TRUE,Use of mechanical thinning and controlled burning have been shown to reduce fire risk and net carbon released by wildfires.
AZ_FAP_2020,.actions.adaptation_planning_frameworks,Climate Change Critical Issue Description / Wildlife habitat,0.9783,TRUE,TRUE,"The Association of Fish and Wildlife Agencies (AFWA), recommends using an adaptive management approach to deal with climate impacts. AFWA's recommended adaptive approach involves assessing existing co"
CA_FAP_2020,.concepts.climate_vulnerability,"Chapter 10: Wildlife Habitat, Habitat Quality and Degradation",0.2979,FALSE,TRUE,Understanding why species and ecosystems are vulnerable or potentially less resilient is a critical first step in developing effective conservation strategies. This vulnerability is based on sensitivi
CA_FAP_2020,.concepts.climate_vulnerability,"Chapter 10: Wildlife Habitat, Habitat Quality and Degradation",0.3046,FALSE,TRUE,Species with low adaptive capacity such as those with specialized habitat needs or limited dispersal ability face higher vulnerability to these changes.
CA_FAP_2020,.concepts.climate_vulnerability,"Chapter 2: Sustainable Rangelands, Climate Change Impact on Rangelands figure",0.269,FALSE,TRUE,"In a recent report from California Department of Fish and Wildlife, vegetation macrogroups were given a mean vulnerability rank based on results for two future emission levels and two climate models."
CA_FAP_2020,.concepts.adaptive_capacity_specificity,"Chapter 10: Wildlife Habitat, Habitat Quality and Degradation",0.3046,FALSE,TRUE,Species with low adaptive capacity such as those with specialized habitat needs or limited dispersal ability face higher vulnerability to these changes.
CA_FAP_2020,.concepts.adaptive_capacity_specificity,"Chapter 7: Climate Change, Impacts on Tree Species",1,TRUE,TRUE,"As the rate of climate change increases some tree species may not be able to adapt to changed conditions. Species with currently restricted ranges will be most vulnerable, while species with broader c"
CA_FAP_2020,.concepts.adaptive_capacity_components.demography,NA,NA,NA,FALSE,
CA_FAP_2020,.concepts.adaptive_capacity_components.demography,NA,NA,NA,FALSE,
CA_FAP_2020,.concepts.adaptive_capacity_components.demography,NA,NA,NA,FALSE,
CA_FAP_2020,.concepts.adaptive_capacity_components.distribution,"Chapter 7: Climate Change, Impacts on Tree Species",1,TRUE,TRUE,"With warmer temperatures, tree species in California are likely to respond by migrating both northward and to higher altitudes."
CA_FAP_2020,.concepts.adaptive_capacity_components.movement,"Chapter 10: Wildlife Habitat, Habitat Quality and Degradation",0.3046,FALSE,TRUE,Species with low adaptive capacity such as those with specialized habitat needs or limited dispersal ability face higher vulnerability to these changes.
CA_FAP_2020,.concepts.adaptive_capacity_components.evolutionary_potential,"Chapter 7: Climate Change, Carbon Storage discussion",1,TRUE,TRUE,"changes in the use of genetic stock, planting a combination of species for different purposes (e.g. for wood products and for carbon storage), and innovative ways to reduce risk."
CA_FAP_2020,.concepts.adaptive_capacity_components.ecological_dependencies,NA,NA,NA,FALSE,
CA_FAP_2020,.concepts.adaptive_capacity_components.ecological_dependencies,NA,NA,NA,FALSE,
CA_FAP_2020,.concepts.adaptive_capacity_components.ecological_dependencies,NA,NA,NA,FALSE,
CA_FAP_2020,.concepts.adaptive_capacity_components.abiotic_niche,"Chapter 10: Wildlife Habitat, Habitat Quality and Degradation",0.2303,FALSE,TRUE,"Species' physiological limits are tested as shifting temperatures, altered hydrology, and changing seasonal cues affect survival, reproduction, and migration."
CA_FAP_2020,.concepts.adaptive_capacity_components.life_history,NA,NA,NA,FALSE,
CA_FAP_2020,.concepts.adaptive_capacity_components.life_history,NA,NA,NA,FALSE,
CA_FAP_2020,.concepts.adaptive_capacity_components.life_history,NA,NA,NA,FALSE,
CA_FAP_2020,.concepts.connectivity,"Executive Summary, Habitat Conversion and Protection",1,TRUE,TRUE,The current uneven pattern of protected areas across ownerships and elevations creates issues for habitat connectivity. Easements are one way to expand and connect biologically important fragmented ar
CA_FAP_2020,.concepts.connectivity,"Chapter 7: Climate Change, Strategy 7.3",1,TRUE,TRUE,Maintain connectivity across forest landscapes by reducing fragmentation and identifying important habitat corridors and key linkages between conservation areas.
CA_FAP_2020,.concepts.connectivity,"CA_FAP-S_2020.pdf, Table 1, Criterion 1",0.7183,FALSE,TRUE,"Coordinate land acquisitions and easements to connect biologically important areas to each other, connect upland and downslope habitats, and expand and connect ecologically fragmented areas into more "
CA_FAP_2020,.tools.vulnerability_models,"Chapter 2: Sustainable Rangelands, Climate Change Impact on Rangelands figure",0.2926,FALSE,TRUE,"In a recent report from California Department of Fish and Wildlife, vegetation macrogroups were given a mean vulnerability rank based on results for two future emission levels and two climate models. "
CA_FAP_2020,.tools.niche_models,"Chapter 1: Sustainable Working Forests, Climate Change Impact",0.7787,FALSE,TRUE,"Future conditions were modeled under a high emission scenario (RCP8.5)...Based on our modeled scenarios, in the future a portion of current timberlands will no longer be suitable for growing the tree "
CA_FAP_2020,.tools.niche_models,"Chapter 10: Wildlife Habitat, Data Sources and Quality",1,TRUE,TRUE,"Climate impacts were simulated under two climate scenarios (CNRM CM5 and MIROC ESM), both assuming high carbon emissions. Impacts are estimated based on the percent of the current mapped area of a hab"
CA_FAP_2020,.tools.niche_models,"Chapter 7: Climate Change, Impacts on Tree Species",1,TRUE,TRUE,The results show that 15 of 31 tree species are projected to lose 75% of their current suitable range by 2099.
CA_FAP_2020,.tools.climate_models,"Chapter 1: Sustainable Working Forests, Climate Change Impact",0.851,TRUE,TRUE,Future conditions were modeled under a high emission scenario (RCP8.5) that best matches the current global trajectory. Two Global Climate Models (GCMs) were used: 1) CNRM CM5: Under this warmer and w
CA_FAP_2020,.tools.climate_models,"Chapter 7: Climate Change, MIROC ESM figure",0.3025,FALSE,TRUE,"Both GCMs predict continued warming, but the amount of warming varies among GCM and Representative Concentration Pathway (RCP) emissions scenarios (RCP 4.5 and RCP 8.5). Based on the two GCMs shown in"
CA_FAP_2020,.tools.connectivity_models,"Chapter 10: Wildlife Habitat, Background",0.3292,FALSE,TRUE,"A regional habitat connectivity plan provides spatial layers depicting structural connectivity, network importance, landscape permeability, and climate connectivity."
CA_FAP_2020,.context.management_scale.local,NA,NA,NA,FALSE,
CA_FAP_2020,.context.management_scale.local,NA,NA,NA,FALSE,
CA_FAP_2020,.context.management_scale.local,NA,NA,NA,FALSE,
CA_FAP_2020,.context.management_scale.site,"CA_FAP-S_2020.pdf, USDA-NRCS: Healthy Forests Reserve Program",0.98,TRUE,TRUE,The site-specific management actions recommended in recovery plans for species listed as threatened or endangered under the Endangered Species Act (ESA).
CA_FAP_2020,.context.management_scale.watershed,"Chapter 9: Water Resources, Policy Issues",0.971,TRUE,TRUE,Target fuel reduction in headwater areas that provide significant water supply. Support reforestation of areas subjected to severe wildfire.
CA_FAP_2020,.context.management_scale.city,NA,NA,NA,FALSE,
CA_FAP_2020,.context.management_scale.city,NA,NA,NA,FALSE,
CA_FAP_2020,.context.management_scale.city,NA,NA,NA,FALSE,
CA_FAP_2020,.context.management_scale.county,"Chapter 10: Wildlife Habitat, Southern Sierra Oak Woodlands figure",0.3423,FALSE,TRUE,Potential habitat losses are greatest under both climate scenarios in southern counties such as Kern and Tulare.
CA_FAP_2020,.context.management_scale.within_state_region,"Chapter 1: Sustainable Working Forests, Climate Change Impact",1,TRUE,TRUE,"For both modeled scenarios, most of these losses are in the Southern Forest District, especially in lower elevations of the southern ranges of the Sierra Nevada."
CA_FAP_2020,.context.management_scale.state,"Chapter 1: Sustainable Working Forests, The Resource Base",0.976,TRUE,TRUE,"Statewide, there is a projected loss of between .6 (3%) and 1.4 million acres (8%) of timberland under the warmer/wetter and hotter/drier climate change scenarios, respectively."
CA_FAP_2020,.context.management_scale.multistate,"CA_FAP-S_2020.pdf, Memorandum of Understanding (MOU) on Pacific Coast Temperate Forests",1,TRUE,TRUE,"This MOU was executed in December 2018 by California, Washington, and British Columbia. Oregon became a signatory in November 2019. It recognizes that the Pacific Coast's temperate forests have the ca"
CA_FAP_2020,.context.management_scale.national,NA,NA,NA,FALSE,
CA_FAP_2020,.context.management_scale.national,NA,NA,NA,FALSE,
CA_FAP_2020,.context.management_scale.national,NA,NA,NA,FALSE,
CA_FAP_2020,.context.management_scale.transnational,NA,NA,NA,FALSE,
CA_FAP_2020,.context.management_scale.transnational,NA,NA,NA,FALSE,
CA_FAP_2020,.context.management_scale.transnational,NA,NA,NA,FALSE,
CA_FAP_2020,.context.management_scale.ecosystem,"Chapter 10: Wildlife Habitat, Background",1,TRUE,TRUE,"An ecosystem-level, large-scale landscape approach to conservation is generally a more desirable conservation approach to maintain ecological integrity and biodiversity"
CA_FAP_2020,.context.management_scale.ecoregion,"Chapter 4: Wildfire, Fire Threat (i4.2)",0.9793,TRUE,TRUE,The Klamath-North Interior region has a high proportion of Very High Fire Threat (64%). The Sierra-Cascades region is classified in roughly equal proportions of High (45%) and Very High (40%) Fire Thr
CA_FAP_2020,.context.management_scale.province,NA,NA,NA,FALSE,
CA_FAP_2020,.context.management_scale.province,NA,NA,NA,FALSE,
CA_FAP_2020,.context.management_scale.province,NA,NA,NA,FALSE,
CA_FAP_2020,.context.management_scale.section,NA,NA,NA,FALSE,
CA_FAP_2020,.context.management_scale.section,NA,NA,NA,FALSE,
CA_FAP_2020,.context.management_scale.section,NA,NA,NA,FALSE,
CA_FAP_2020,.context.management_scale.subsection,NA,NA,NA,FALSE,
CA_FAP_2020,.context.management_scale.subsection,NA,NA,NA,FALSE,
CA_FAP_2020,.context.management_scale.subsection,NA,NA,NA,FALSE,
CA_FAP_2020,.context.management_scale.lake,NA,NA,NA,FALSE,
CA_FAP_2020,.context.management_scale.lake,NA,NA,NA,FALSE,
CA_FAP_2020,.context.management_scale.lake,NA,NA,NA,FALSE,
CA_FAP_2020,.context.management_scale.river,NA,NA,NA,FALSE,
CA_FAP_2020,.context.management_scale.river,NA,NA,NA,FALSE,
CA_FAP_2020,.context.management_scale.river,NA,NA,NA,FALSE,
CA_FAP_2020,.context.management_scale.district,"Chapter 1: Sustainable Working Forests, Climate Change Impact",1,TRUE,TRUE,"most of these losses are in the Southern Forest District, especially in lower elevations of the southern ranges of the Sierra Nevada."
CA_FAP_2020,.context.biological_unit_score,"Chapter 7: Climate Change, Impacts on Tree Species",1,TRUE,TRUE,"With warmer temperatures, tree species in California are likely to respond by migrating both northward and to higher altitudes."
CA_FAP_2020,.context.biological_unit_score,"Chapter 10: Wildlife Habitat, Habitat Vulnerability to Climate Change",1,TRUE,TRUE,"In addition to losses, changing climate provides opportunities for habitat types to 'migrate' into areas that were climatically unsuitable in the past."
CA_FAP_2020,.context.biological_unit_components.species,"Chapter 7: Climate Change, Impacts on Tree Species",0.9478,TRUE,TRUE,"With warmer temperatures, tree species in California are likely to respond by migrating both northward and to higher altitudes. As the rate of climate change increases some tree species may not be abl"
CA_FAP_2020,.context.biological_unit_components.population,NA,NA,NA,FALSE,
CA_FAP_2020,.context.biological_unit_components.population,NA,NA,NA,FALSE,
CA_FAP_2020,.context.biological_unit_components.population,NA,NA,NA,FALSE,
CA_FAP_2020,.context.biological_unit_components.habitat,"Chapter 10: Wildlife Habitat, Habitat Vulnerability to Climate Change",1,TRUE,TRUE,"In addition to losses, changing climate provides opportunities for habitat types to 'migrate' into areas that were climatically unsuitable in the past. Whether these opportunities are realized will de"
CA_FAP_2020,.context.biological_unit_components.ecosystem,"Chapter 1: Sustainable Working Forests, Climate Change Impact",1,TRUE,TRUE,"These former timberlands will likely transition into oak woodland, brush, or grassland, with different ecological and economic values."
CA_FAP_2020,.context.biological_unit_components.community,NA,NA,NA,FALSE,
CA_FAP_2020,.context.biological_unit_components.community,NA,NA,NA,FALSE,
CA_FAP_2020,.context.biological_unit_components.community,NA,NA,NA,FALSE,
CA_FAP_2020,.context.biological_unit_components.genotype_phenotype,NA,NA,NA,FALSE,
CA_FAP_2020,.context.biological_unit_components.genotype_phenotype,NA,NA,NA,FALSE,
CA_FAP_2020,.context.biological_unit_components.genotype_phenotype,NA,NA,NA,FALSE,
CA_FAP_2020,.context.partnerships_and_funding,"CA_FAP-S_2020.pdf, Forest Service Partnership",0.4938,FALSE,TRUE,"The State and the Forest Service are committed to these actions: 1. Sustainably treat one million acres per year, with each party responsible for half of this total; 2. Develop a joint twenty-year pro"
CA_FAP_2020,.context.partnerships_and_funding,"CA_FAP-S_2020.pdf, Table ES-1",0.767,FALSE,TRUE,CAL FIRE Forest Health Grant Program provided $142.6 million total in grants for FYs 2018-19 and 2019-20.
CA_FAP_2020,.context.partnerships_and_funding,"CA_FAP-S_2020.pdf, Table ES-1, Strategy 4.1",0.5458,FALSE,TRUE,"The CAL FIRE Forest Health Grant Program and Fire Prevention Grant Program have targeted $219 million dollars of CCI monies to restoring resilient forest conditions, increasing the use of prescribed f"
CA_FAP_2020,.context.climate_threat_habitat_degradation,"Chapter 7: Climate Change, Population Growth and Development Impacts",1,TRUE,TRUE,"In California, climate change is leading to longer, hotter and drier summers, with more pronounced fire activity and increased tree mortality from pest outbreaks. Extreme weather events, hotter drough"
CA_FAP_2020,.context.climate_threat_habitat_degradation,"Chapter 1: Sustainable Working Forests, The Resource Base",0.9841,TRUE,TRUE,"Statewide, there is a projected loss of between .6 (3%) and 1.4 million acres (8%) of timberland under the warmer/wetter and hotter/drier climate change scenarios, respectively. These former timberlan"
CA_FAP_2020,.context.climate_threat_species_vital_rates,"CA_FAP-S_2020.pdf, Challenges, Drought and Elevated Tree Mortality",1,TRUE,TRUE,Drought stress allowed pests to kill trees that might otherwise have survived and resulted in a bark beetle epidemic that threatened to spread statewide.
CA_FAP_2020,.context.climate_threat_species_vital_rates,"Chapter 10: Wildlife Habitat, Habitat Quality and Degradation",0.2303,FALSE,TRUE,"Species' physiological limits are tested as shifting temperatures, altered hydrology, and changing seasonal cues affect survival, reproduction, and migration."
CA_FAP_2020,.context.climate_threat_biotic_stressors,"Chapter 5: Forest Pests, Summary",0.8638,TRUE,TRUE,"climate change is increasing drought and heat stress and driving forest systems outside the range of normal variation, in part due to an expansion of the geographic and seasonal range of some importan"
CA_FAP_2020,.context.climate_threat_biotic_stressors,"Chapter 2: Sustainable Rangelands, Climate Change Impact on Rangelands figure",0.6047,FALSE,TRUE,"Since the recent drought, annual grassland areas in eastern San Luis Obispo County changed in grass species composition from soft chess (Bromus hordeaceus)...to red brome (Bromus madritensis)...Red br"
CA_FAP_2020,.actions.priority_habitat_identification,"Chapter 10: Wildlife Habitat, Habitat Vulnerability to Climate Change indicator i10.4",0.5447,FALSE,TRUE,"Habitat types such as Joshua Tree are projected to have severe impacts under the two hotter/dryer and warmer/wetter climate scenarios. For habitat types such as Red Fir, the future climate scenario ha"
CA_FAP_2020,.actions.priority_habitat_identification,"Chapter 10: Wildlife Habitat, Southern Sierra Oak Woodlands",1,TRUE,TRUE,"Projected climate change results in potential losses in significant portions of this habitat, and the impact appears to increase from north to south (Figure 10."
CA_FAP_2020,.actions.priority_habitat_identification,"Chapter 7: Climate Change, Strategy 7.3, Action F",1,TRUE,TRUE,"Evaluation, monitoring and protection of habitat that serves as key refugia on forests and rangelands."
CA_FAP_2020,.actions.targeted_range_shift_actions,"Chapter 7: Climate Change, Strategy 7.2, Action E",1,TRUE,TRUE,Make sure genetic material from threatened southern populations of conifers is conserved for possible assisted migration.
CA_FAP_2020,.actions.targeted_range_shift_actions,"Chapter 7: Climate Change, Strategy 7.2, Action E",1,TRUE,TRUE,Implement seed collection focused on southern populations of key tree species for likely future use in planting zones to the north.
CA_FAP_2020,.actions.time_bound_and_monitoring,"CA_FAP-S_2020.pdf, Forest Service Partnership",0.4938,FALSE,TRUE,"The State and the Forest Service are committed to these actions: 1. Sustainably treat one million acres per year, with each party responsible for half of this total; 2. Develop a joint twenty-year pro"
CA_FAP_2020,.actions.time_bound_and_monitoring,"CA_FAP-S_2020.pdf, Progress Since Publication",1,TRUE,TRUE,The Board of Forestry and Fire Protection established the Effectiveness Monitoring Committee (EMC) in 2014 to create an independent body to assess the efficacy of the Forest Practice Rules and other r
CA_FAP_2020,.actions.time_bound_and_monitoring,"CA_FAP-S_2020.pdf, Table ES-1",1,TRUE,TRUE,The 2018 California Forest Carbon Plan sets State and Federal goals for conducting fuels treatments on a total of one million acres per year.
CA_FAP_2020,.actions.evidence_of_efficacy,"Chapter 4: Wildfire, Fuel Treatment Area",1,TRUE,TRUE,These techniques have been demonstrated through modeling and real-world wildfires to be effective for both facilitating suppression and moderating fire severity within and outside treated areas
CA_FAP_2020,.actions.evidence_of_efficacy,"Chapter 5: Forest Pests, Active Forest Management",0.958,TRUE,TRUE,Reforestation of harvested areas using tree seed adapted to local conditions reduces susceptibility of planted trees and is required by the FPR.
CA_FAP_2020,.actions.adaptation_planning_frameworks,"Chapter 7: Climate Change, Strategy 7.2",1,TRUE,TRUE,"Support Adaptation Needs for Forests by Assessing Climate Vulnerabilities, Improving Institutional Capacity, and Promoting a Priority Research Agenda."
CA_FAP_2020,.actions.adaptation_planning_frameworks,"CA_FAP-S_2020.pdf, Progress Since Publication",1,TRUE,TRUE,Completion of the 2019 Draft Natural and Working Lands Climate Change Implementation Plan that identifies the potential roles for forestlands in climate change mitigation and adaptation.
CA_FAP_2020,.actions.adaptation_planning_frameworks,"CA_FAP-S_2020.pdf, Strategy 7.2, Action A-1",1,TRUE,TRUE,Refine priority landscapes by promoting regionally-based vulnerability assessments.
CNMI_FAP_2020,.concepts.climate_vulnerability,Climate Change and Extreme Weather Events,1,TRUE,TRUE,Changes in temperature and rainfall patterns may also increase native tree and crop species' vulnerability to pests and diseases (Grecni et al. 2021).
CNMI_FAP_2020,.concepts.adaptive_capacity_specificity,NA,NA,NA,FALSE,
CNMI_FAP_2020,.concepts.adaptive_capacity_specificity,NA,NA,NA,FALSE,
CNMI_FAP_2020,.concepts.adaptive_capacity_specificity,NA,NA,NA,FALSE,
CNMI_FAP_2020,.concepts.adaptive_capacity_components.demography,NA,NA,NA,FALSE,
CNMI_FAP_2020,.concepts.adaptive_capacity_components.demography,NA,NA,NA,FALSE,
CNMI_FAP_2020,.concepts.adaptive_capacity_components.demography,NA,NA,NA,FALSE,
CNMI_FAP_2020,.concepts.adaptive_capacity_components.distribution,NA,NA,NA,FALSE,
CNMI_FAP_2020,.concepts.adaptive_capacity_components.distribution,NA,NA,NA,FALSE,
CNMI_FAP_2020,.concepts.adaptive_capacity_components.distribution,NA,NA,NA,FALSE,
CNMI_FAP_2020,.concepts.adaptive_capacity_components.movement,NA,NA,NA,FALSE,
CNMI_FAP_2020,.concepts.adaptive_capacity_components.movement,NA,NA,NA,FALSE,
CNMI_FAP_2020,.concepts.adaptive_capacity_components.movement,NA,NA,NA,FALSE,
CNMI_FAP_2020,.concepts.adaptive_capacity_components.evolutionary_potential,NA,NA,NA,FALSE,
CNMI_FAP_2020,.concepts.adaptive_capacity_components.evolutionary_potential,NA,NA,NA,FALSE,
CNMI_FAP_2020,.concepts.adaptive_capacity_components.evolutionary_potential,NA,NA,NA,FALSE,
CNMI_FAP_2020,.concepts.adaptive_capacity_components.ecological_dependencies,Climate Change and Extreme Weather Events,1,TRUE,TRUE,"Major storm events may damage or destroy trees and tree crops, delay fruiting and flowering, and affect pollinator species."
CNMI_FAP_2020,.concepts.adaptive_capacity_components.abiotic_niche,NA,NA,NA,FALSE,
CNMI_FAP_2020,.concepts.adaptive_capacity_components.abiotic_niche,NA,NA,NA,FALSE,
CNMI_FAP_2020,.concepts.adaptive_capacity_components.abiotic_niche,NA,NA,NA,FALSE,
CNMI_FAP_2020,.concepts.adaptive_capacity_components.life_history,NA,NA,NA,FALSE,
CNMI_FAP_2020,.concepts.adaptive_capacity_components.life_history,NA,NA,NA,FALSE,
CNMI_FAP_2020,.concepts.adaptive_capacity_components.life_history,NA,NA,NA,FALSE,
CNMI_FAP_2020,.concepts.connectivity,NA,NA,NA,FALSE,
CNMI_FAP_2020,.concepts.connectivity,NA,NA,NA,FALSE,
CNMI_FAP_2020,.concepts.connectivity,NA,NA,NA,FALSE,
CNMI_FAP_2020,.tools.vulnerability_models,NA,NA,NA,FALSE,
CNMI_FAP_2020,.tools.vulnerability_models,NA,NA,NA,FALSE,
CNMI_FAP_2020,.tools.vulnerability_models,NA,NA,NA,FALSE,
CNMI_FAP_2020,.tools.niche_models,NA,NA,NA,FALSE,
CNMI_FAP_2020,.tools.niche_models,NA,NA,NA,FALSE,
CNMI_FAP_2020,.tools.niche_models,NA,NA,NA,FALSE,
CNMI_FAP_2020,.tools.climate_models,Climate Change and Extreme Weather Events,1,TRUE,TRUE,"The ""Climate Change in the Commonwealth of the Northern Mariana Islands"" report under the Pacific Islands Regional Climate Assessment (PIRCA), recently released by the East-West Center (Grecni et al. "
CNMI_FAP_2020,.tools.connectivity_models,NA,NA,NA,FALSE,
CNMI_FAP_2020,.tools.connectivity_models,NA,NA,NA,FALSE,
CNMI_FAP_2020,.tools.connectivity_models,NA,NA,NA,FALSE,
CNMI_FAP_2020,.context.management_scale.local,NA,NA,NA,FALSE,
CNMI_FAP_2020,.context.management_scale.local,NA,NA,NA,FALSE,
CNMI_FAP_2020,.context.management_scale.local,NA,NA,NA,FALSE,
CNMI_FAP_2020,.context.management_scale.site,Coconut rhinoceros beetle on Rota,1,TRUE,TRUE,CRB was found in 2020 in the Gagani and Talakhaya areas of Rota four miles from the original CRB quarantine areas at Tweksberry Beach Park and Paupau
CNMI_FAP_2020,.context.management_scale.watershed,Figure captions,0.2537,FALSE,TRUE,Priority watersheds in the CNMI ... CNMI Priority watersheds (clockwise from upper left): Garapan/West Takpochao; Laolao; Achugao; and Talakhaya.
CNMI_FAP_2020,.context.management_scale.city,NA,NA,NA,FALSE,
CNMI_FAP_2020,.context.management_scale.city,NA,NA,NA,FALSE,
CNMI_FAP_2020,.context.management_scale.city,NA,NA,NA,FALSE,
CNMI_FAP_2020,.context.management_scale.county,NA,NA,NA,FALSE,
CNMI_FAP_2020,.context.management_scale.county,NA,NA,NA,FALSE,
CNMI_FAP_2020,.context.management_scale.county,NA,NA,NA,FALSE,
CNMI_FAP_2020,.context.management_scale.within_state_region,Background and Setting,1,TRUE,TRUE,"The CNMI is divided into four municipalities: Rota, Tinian (including Aguigan), Saipan, and the Northern Islands which comprises the northern nine islands"
CNMI_FAP_2020,.context.management_scale.state,Background and Setting,1,TRUE,TRUE,"The scope of this document encompasses the entire archipelago, but the analysis and strategies will focus primarily on the southern municipalities of Saipan, Tinian / Aguigan, and Rota"
CNMI_FAP_2020,.context.management_scale.multistate,NA,NA,NA,FALSE,
CNMI_FAP_2020,.context.management_scale.multistate,NA,NA,NA,FALSE,
CNMI_FAP_2020,.context.management_scale.multistate,NA,NA,NA,FALSE,
CNMI_FAP_2020,.context.management_scale.national,List of Figures (introduction),1,TRUE,TRUE,"State Forest Action Plans offer a practical and comprehensive roadmap for investing federal, state, local, and private resources where they can be most effective in achieving three national conservati"
CNMI_FAP_2020,.context.management_scale.transnational,Micronesia Challenge (table),1,TRUE,TRUE,"The Micronesia Challenge (MC) is a shared commitment made by the Federated States of Micronesia, Guam, Palau, CNMI, and the Republic of the Marshall Islands originally launched in 2006 to effectively "
CNMI_FAP_2020,.context.management_scale.ecosystem,Climate Change and Extreme Weather Events,1,TRUE,TRUE,"the hydrological features underlying and surrounding Saipan's coastal wetlands and mangroves may be quite sensitive to changes in sea level, salinity, and sedimentation that may be exacerbated by clim"
CNMI_FAP_2020,.context.management_scale.ecoregion,NA,NA,NA,FALSE,
CNMI_FAP_2020,.context.management_scale.ecoregion,NA,NA,NA,FALSE,
CNMI_FAP_2020,.context.management_scale.ecoregion,NA,NA,NA,FALSE,
CNMI_FAP_2020,.context.management_scale.province,NA,NA,NA,FALSE,
CNMI_FAP_2020,.context.management_scale.province,NA,NA,NA,FALSE,
CNMI_FAP_2020,.context.management_scale.province,NA,NA,NA,FALSE,
CNMI_FAP_2020,.context.management_scale.section,NA,NA,NA,FALSE,
CNMI_FAP_2020,.context.management_scale.section,NA,NA,NA,FALSE,
CNMI_FAP_2020,.context.management_scale.section,NA,NA,NA,FALSE,
CNMI_FAP_2020,.context.management_scale.subsection,NA,NA,NA,FALSE,
CNMI_FAP_2020,.context.management_scale.subsection,NA,NA,NA,FALSE,
CNMI_FAP_2020,.context.management_scale.subsection,NA,NA,NA,FALSE,
CNMI_FAP_2020,.context.management_scale.lake,Current Status of Forests in the CNMI,1,TRUE,TRUE,The largest wetlands in the CNMI are Lake Susupe on Saipan and Lake Hagoi on Tinian.
CNMI_FAP_2020,.context.management_scale.river,NA,NA,NA,FALSE,
CNMI_FAP_2020,.context.management_scale.river,NA,NA,NA,FALSE,
CNMI_FAP_2020,.context.management_scale.river,NA,NA,NA,FALSE,
CNMI_FAP_2020,.context.management_scale.district,NA,NA,NA,FALSE,
CNMI_FAP_2020,.context.management_scale.district,NA,NA,NA,FALSE,
CNMI_FAP_2020,.context.management_scale.district,NA,NA,NA,FALSE,
CNMI_FAP_2020,.context.biological_unit_score,Climate Change and Extreme Weather Events,1,TRUE,TRUE,Changes in temperature and rainfall patterns may also increase native tree and crop species' vulnerability to pests and diseases (Grecni et al. 2021).
CNMI_FAP_2020,.context.biological_unit_score,Climate Change and Extreme Weather Events,1,TRUE,TRUE,"the hydrological features underlying and surrounding Saipan's coastal wetlands and mangroves may be quite sensitive to changes in sea level, salinity, and sedimentation that may be exacerbated by clim"
CNMI_FAP_2020,.context.biological_unit_components.species,Climate Change and Extreme Weather Events,1,TRUE,TRUE,Changes in temperature and rainfall patterns may also increase native tree and crop species' vulnerability to pests and diseases (Grecni et al. 2021).
CNMI_FAP_2020,.context.biological_unit_components.population,NA,NA,NA,FALSE,
CNMI_FAP_2020,.context.biological_unit_components.population,NA,NA,NA,FALSE,
CNMI_FAP_2020,.context.biological_unit_components.population,NA,NA,NA,FALSE,
CNMI_FAP_2020,.context.biological_unit_components.habitat,Climate Change and Extreme Weather Events,1,TRUE,TRUE,"the hydrological features underlying and surrounding Saipan's coastal wetlands and mangroves may be quite sensitive to changes in sea level, salinity, and sedimentation that may be exacerbated by clim"
CNMI_FAP_2020,.context.biological_unit_components.ecosystem,NA,NA,NA,FALSE,
CNMI_FAP_2020,.context.biological_unit_components.ecosystem,NA,NA,NA,FALSE,
CNMI_FAP_2020,.context.biological_unit_components.ecosystem,NA,NA,NA,FALSE,
CNMI_FAP_2020,.context.biological_unit_components.community,NA,NA,NA,FALSE,
CNMI_FAP_2020,.context.biological_unit_components.community,NA,NA,NA,FALSE,
CNMI_FAP_2020,.context.biological_unit_components.community,NA,NA,NA,FALSE,
CNMI_FAP_2020,.context.biological_unit_components.genotype_phenotype,NA,NA,NA,FALSE,
CNMI_FAP_2020,.context.biological_unit_components.genotype_phenotype,NA,NA,NA,FALSE,
CNMI_FAP_2020,.context.biological_unit_components.genotype_phenotype,NA,NA,NA,FALSE,
CNMI_FAP_2020,.context.partnerships_and_funding,Forest Conditions and Trends/Threats,1,TRUE,TRUE,"With assistance from USFS, and occasionally from other federal agencies, the CNMI will be able to address some of these threats and priorities identified in this plan"
CNMI_FAP_2020,.context.partnerships_and_funding,Micronesia Challenge (table),1,TRUE,TRUE,"The Micronesia Challenge (MC) is a shared commitment made by the Federated States of Micronesia, Guam, Palau, CNMI, and the Republic of the Marshall Islands originally launched in 2006 to effectively "
CNMI_FAP_2020,.context.climate_threat_habitat_degradation,Climate Change and Extreme Weather Events,1,TRUE,TRUE,"Sea level rise threatens infrastructure, including housing, businesses, and transportation, as well as ecosystems and cultural sites. More frequent and intense coastal flooding and erosion are anticip"
CNMI_FAP_2020,.context.climate_threat_habitat_degradation,Climate Change and Extreme Weather Events,1,TRUE,TRUE,"the hydrological features underlying and surrounding Saipan's coastal wetlands and mangroves may be quite sensitive to changes in sea level, salinity, and sedimentation that may be exacerbated by clim"
CNMI_FAP_2020,.context.climate_threat_species_vital_rates,Climate Change and Extreme Weather Events,1,TRUE,TRUE,Changes in temperature and rainfall patterns may also increase native tree and crop species' vulnerability to pests and diseases (Grecni et al. 2021).
CNMI_FAP_2020,.context.climate_threat_biotic_stressors,Climate Change and Extreme Weather Events,1,TRUE,TRUE,"The small and highly fragmented remains of native limestone forest are particularly vulnerable to invasive species, and the hydrological features underlying and surrounding Saipan's coastal wetlands a"
CNMI_FAP_2020,.actions.priority_habitat_identification,Figure captions,0.2468,FALSE,TRUE,Figure 16: Priority watersheds in the CNMI. Figure 17: CNMI Priority watersheds (clockwise from upper left): Garapan/West Takpochao; Laolao; Achugao; and Talakhaya.
CNMI_FAP_2020,.actions.priority_habitat_identification,Conservation Areas in the CNMI,1,TRUE,TRUE,"In addition, there are several areas on Tinian designated as priority areas that are not legally protected as Conservation Areas (Figure 5): Tinian o Carolinas Heights o Kastiyu"
CNMI_FAP_2020,.actions.targeted_range_shift_actions,NA,NA,NA,FALSE,
CNMI_FAP_2020,.actions.targeted_range_shift_actions,NA,NA,NA,FALSE,
CNMI_FAP_2020,.actions.targeted_range_shift_actions,NA,NA,NA,FALSE,
CNMI_FAP_2020,.actions.time_bound_and_monitoring,Micronesia Challenge (table),1,TRUE,TRUE,"Micronesia Challenge 2030 goals to effectively manage 50% of marine resources, including the exclusive economic zone (EEZ), and 30% of terrestrial resources by 2030."
CNMI_FAP_2020,.actions.evidence_of_efficacy,CNMI Forestry Program,1,TRUE,TRUE,To promote best land management practices while sustaining a healthy diversity and productivity on our limited and fragile forest and grassland resources for present and future generations.
CNMI_FAP_2020,.actions.adaptation_planning_frameworks,NA,NA,NA,FALSE,
CNMI_FAP_2020,.actions.adaptation_planning_frameworks,NA,NA,NA,FALSE,
CNMI_FAP_2020,.actions.adaptation_planning_frameworks,NA,NA,NA,FALSE,
CO_FAP_2020,.concepts.climate_vulnerability,T H E M E : F O R E S T W I L D L I F E C H A L L E N G E S A N D T H R E,1,TRUE,TRUE,"Drought and climate change are depleting available resources for wildlife including water, food and cover. Available habitat is shifting across the landscape in response."
CO_FAP_2020,.concepts.climate_vulnerability,CLIMATE R E S O U R C E A S S E S S M E N T,0.976,TRUE,TRUE,"Averaged across Colorado, mean annual temperatures have increased by 2 degrees Fahrenheit over the past 30 years. All future climate models project a continued increase in mean annual temperatures, wi"
CO_FAP_2020,.concepts.adaptive_capacity_specificity,T H E M E : F O R E S T W I L D L I F E C H A L L E N G E S A N D T H R E,0.7852,FALSE,TRUE,These conditions and trends require implementation of adaptive forestry management techniques that are compatible with habitat structure and function.
CO_FAP_2020,.concepts.adaptive_capacity_components.demography,NA,NA,NA,FALSE,
CO_FAP_2020,.concepts.adaptive_capacity_components.demography,NA,NA,NA,FALSE,
CO_FAP_2020,.concepts.adaptive_capacity_components.demography,NA,NA,NA,FALSE,
CO_FAP_2020,.concepts.adaptive_capacity_components.distribution,[FIGURE: Facilitate shifts in the geographic and elevation ranges of species],0.2404,FALSE,TRUE,"Facilitate shifts in the geographic and elevation ranges of species, in anticipation of future conditions."
CO_FAP_2020,.concepts.adaptive_capacity_components.movement,[FIGURE: Establish corridors and minimize barriers],0.2383,FALSE,TRUE,"Establish corridors and minimize barriers to allow for wildlife movement to new suitable habitats 2. Prepare suitable habitat in anticipation of future introduction, reintroduction or natural range sh"
CO_FAP_2020,.concepts.adaptive_capacity_components.evolutionary_potential,NA,NA,NA,FALSE,
CO_FAP_2020,.concepts.adaptive_capacity_components.evolutionary_potential,NA,NA,NA,FALSE,
CO_FAP_2020,.concepts.adaptive_capacity_components.evolutionary_potential,NA,NA,NA,FALSE,
CO_FAP_2020,.concepts.adaptive_capacity_components.ecological_dependencies,NA,NA,NA,FALSE,
CO_FAP_2020,.concepts.adaptive_capacity_components.ecological_dependencies,NA,NA,NA,FALSE,
CO_FAP_2020,.concepts.adaptive_capacity_components.ecological_dependencies,NA,NA,NA,FALSE,
CO_FAP_2020,.concepts.adaptive_capacity_components.abiotic_niche,NA,NA,NA,FALSE,
CO_FAP_2020,.concepts.adaptive_capacity_components.abiotic_niche,NA,NA,NA,FALSE,
CO_FAP_2020,.concepts.adaptive_capacity_components.abiotic_niche,NA,NA,NA,FALSE,
CO_FAP_2020,.concepts.adaptive_capacity_components.life_history,NA,NA,NA,FALSE,
CO_FAP_2020,.concepts.adaptive_capacity_components.life_history,NA,NA,NA,FALSE,
CO_FAP_2020,.concepts.adaptive_capacity_components.life_history,NA,NA,NA,FALSE,
CO_FAP_2020,.concepts.connectivity,[FIGURE: Establish corridors and minimize barriers],0.2238,FALSE,TRUE,"Establish corridors and minimize barriers to allow for wildlife movement to new suitable habitats 2. Prepare suitable habitat in anticipation of future introduction, reintroduction or natural range sh"
CO_FAP_2020,.concepts.connectivity,"[FIGURE: Create and connect existing large, intact and protected habitat]",0.2711,FALSE,TRUE,Conserve sites expected to provide future suitable habitat and create climate refugia 4. Protect habitat connectivity such as adjacent reserves and migration corridors
CO_FAP_2020,.tools.vulnerability_models,References section,1,TRUE,TRUE,climate change vulnerability assessment of aquatic and terrestrial ecosystems in the U.S. Forest Service Rocky Mountain Region J R Rice L A Joyce C Regan D Winters R Truex RMRS- GTR-376 2018
CO_FAP_2020,.tools.niche_models,NA,NA,NA,FALSE,
CO_FAP_2020,.tools.niche_models,NA,NA,NA,FALSE,
CO_FAP_2020,.tools.niche_models,NA,NA,NA,FALSE,
CO_FAP_2020,.tools.climate_models,FIGURE E,1,TRUE,TRUE,Projected changes for 2006-2100 are from global climate models for two possible futures: a higher greenhouse gases (GHG) emissions scenario and a lower GHG emissions scenario. Shading indicates the ra
CO_FAP_2020,.tools.connectivity_models,[FIGURE: Habitat quality and connectivity (weighted 2x)],0.6718,FALSE,TRUE,Habitat quality and connectivity (weighted 2x) » Ecological connectivity [54] » Landscape disturbance index [55] … Data were integrated from Colorado Parks and Wildlife's 2015 State Wildlife Action Pl
CO_FAP_2020,.context.management_scale.local,[TABLE] The Forest Action Plan sets direction for CSFS staff,0.3664,FALSE,TRUE,Tactical and prescriptive planning should occur at the local level by managers and stakeholders who are experts on local conditions.
CO_FAP_2020,.context.management_scale.site,[FIGURE: The same tree with a crooked trunk],0.2614,FALSE,TRUE,"Wildfire risk reduction activities are often done at the scale of an individual parcel, rather than strategically linked across communities and landscapes"
CO_FAP_2020,.context.management_scale.watershed,PRIORITY MAP DEVELOPMENT,0.8903,TRUE,TRUE,"All of the composite map layers were processed at the 12-digit hydrologic unit code (HUC) sixth-level scale, with continuous values from 0 to 100, where increasing values indicate increasing priority."
CO_FAP_2020,.context.management_scale.city,NA,NA,NA,FALSE,
CO_FAP_2020,.context.management_scale.city,NA,NA,NA,FALSE,
CO_FAP_2020,.context.management_scale.city,NA,NA,NA,FALSE,
CO_FAP_2020,.context.management_scale.county,MORE ONLINE,1,TRUE,TRUE,View and download county reports from the composite priority map and theme priority maps in the Forest Action Plan application of the Colorado Forest Atlas
CO_FAP_2020,.context.management_scale.within_state_region,"ITERATIVE, PARTICIPATORY MAPPING PROCESS",1,TRUE,TRUE,"The first draft composite priority map was presented to CSFS staff in each of the four CSFS areas -Northeast, Northwest, Southeast and Southwest."
CO_FAP_2020,.context.management_scale.state,Introduction,0.9961,TRUE,TRUE,"The 2020 Colorado Forest Action Plan provides a strategic framework to address the benefits, conditions and trends in Colorado's forests, as well as the threats and challenges the state's forests face"
CO_FAP_2020,.context.management_scale.multistate,CSFS Assists Tribal Ranches with Wildfire Risk Reduction Projects in Southwest Colorado,1,TRUE,TRUE,"The forests that extend between Colorado and New Mexico are of particular interest to both states, primarily for reasons related to watershed protection. One example of this is the Two Watersheds -Thr"
CO_FAP_2020,.context.management_scale.national,NA,NA,NA,FALSE,
CO_FAP_2020,.context.management_scale.national,NA,NA,NA,FALSE,
CO_FAP_2020,.context.management_scale.national,NA,NA,NA,FALSE,
CO_FAP_2020,.context.management_scale.transnational,NA,NA,NA,FALSE,
CO_FAP_2020,.context.management_scale.transnational,NA,NA,NA,FALSE,
CO_FAP_2020,.context.management_scale.transnational,NA,NA,NA,FALSE,
CO_FAP_2020,.context.management_scale.ecosystem,FOREST CONDITIONS,0.9885,TRUE,TRUE,Wildfire plays a critical role in maintaining the health of many ecosystems in Colorado.
CO_FAP_2020,.context.management_scale.ecoregion,NA,NA,NA,FALSE,
CO_FAP_2020,.context.management_scale.ecoregion,NA,NA,NA,FALSE,
CO_FAP_2020,.context.management_scale.ecoregion,NA,NA,NA,FALSE,
CO_FAP_2020,.context.management_scale.province,NA,NA,NA,FALSE,
CO_FAP_2020,.context.management_scale.province,NA,NA,NA,FALSE,
CO_FAP_2020,.context.management_scale.province,NA,NA,NA,FALSE,
CO_FAP_2020,.context.management_scale.section,NA,NA,NA,FALSE,
CO_FAP_2020,.context.management_scale.section,NA,NA,NA,FALSE,
CO_FAP_2020,.context.management_scale.section,NA,NA,NA,FALSE,
CO_FAP_2020,.context.management_scale.subsection,NA,NA,NA,FALSE,
CO_FAP_2020,.context.management_scale.subsection,NA,NA,NA,FALSE,
CO_FAP_2020,.context.management_scale.subsection,NA,NA,NA,FALSE,
CO_FAP_2020,.context.management_scale.lake,NA,NA,NA,FALSE,
CO_FAP_2020,.context.management_scale.lake,NA,NA,NA,FALSE,
CO_FAP_2020,.context.management_scale.lake,NA,NA,NA,FALSE,
CO_FAP_2020,.context.management_scale.river,NA,NA,NA,FALSE,
CO_FAP_2020,.context.management_scale.river,NA,NA,NA,FALSE,
CO_FAP_2020,.context.management_scale.river,NA,NA,NA,FALSE,
CO_FAP_2020,.context.management_scale.district,Good Neighbor Authority Project Clears Dead Trees for Southwestern Community ALPINE PLATEAU C A S E S T U D Y,1,TRUE,TRUE,The Alpine Plateau GNA project was initiated by the CSFS and USFS on lands in the Gunnison Ranger District
CO_FAP_2020,.context.biological_unit_score,[FIGURE: Facilitate shifts in the geographic and elevation ranges of species],0.2404,FALSE,TRUE,"Facilitate shifts in the geographic and elevation ranges of species, in anticipation of future conditions."
CO_FAP_2020,.context.biological_unit_score,WATERSHED HEALTH,0.5235,FALSE,TRUE,Colorado's forested watersheds are the headwaters for four major rivers … Forests have various effects on the natural water cycle … and forest health impacts watershed health.
CO_FAP_2020,.context.biological_unit_components.species,[FIGURE: Facilitate shifts in the geographic and elevation ranges of species],0.2404,FALSE,TRUE,"Facilitate shifts in the geographic and elevation ranges of species, in anticipation of future conditions."
CO_FAP_2020,.context.biological_unit_components.population,[FIGURE: Establish corridors and minimize barriers],0.35,FALSE,TRUE,"Conserve leading-edge populations (high altitude, northern, etc.)"
CO_FAP_2020,.context.biological_unit_components.habitat,[FIGURE: Establish corridors and minimize barriers],0.2456,FALSE,TRUE,"Prepare suitable habitat in anticipation of future introduction, reintroduction or natural range shift of a species"
CO_FAP_2020,.context.biological_unit_components.ecosystem,FOREST CONDITIONS,0.9885,TRUE,TRUE,Wildfire plays a critical role in maintaining the health of many ecosystems in Colorado.
CO_FAP_2020,.context.biological_unit_components.community,NA,NA,NA,FALSE,
CO_FAP_2020,.context.biological_unit_components.community,NA,NA,NA,FALSE,
CO_FAP_2020,.context.biological_unit_components.community,NA,NA,NA,FALSE,
CO_FAP_2020,.context.biological_unit_components.genotype_phenotype,NA,NA,NA,FALSE,
CO_FAP_2020,.context.biological_unit_components.genotype_phenotype,NA,NA,NA,FALSE,
CO_FAP_2020,.context.biological_unit_components.genotype_phenotype,NA,NA,NA,FALSE,
CO_FAP_2020,.context.partnerships_and_funding,[TABLE] Forest Service conceptualized Shared Stewardship,0.5587,FALSE,TRUE,"In Colorado, a Shared Stewardship memorandum of understanding was signed by Gov. Jared Polis and USDA Undersecretary for Natural Resources and Environment Jim Hubbard on Oct. 23, 2019."
CO_FAP_2020,.context.partnerships_and_funding,CSFS Assists Tribal Ranches with Wildfire Risk Reduction Projects in Southwest Colorado,1,TRUE,TRUE,"The 2-3-2 has secured more than $5 million and accomplished many goals, including facilitating the use of prescribed fire with resources from multiple forests; leveraging funding to secure Rural Conse"
CO_FAP_2020,.context.climate_threat_habitat_degradation,A C T I O N P L A N I C O N S,1,TRUE,TRUE,"Current and expected future conditions, including persistent droughts and uncharacteristic wildfires, have and will continue to negatively impact forest health and the source water and habitat these f"
CO_FAP_2020,.context.climate_threat_species_vital_rates,[TABLE] Lack of seedling regeneration after forest disturbance,1,TRUE,TRUE,"Lack of seedling regeneration after forest disturbance » Reduced soil moisture in summer » Warmer temperatures, both annual and seasonal"
CO_FAP_2020,.context.climate_threat_biotic_stressors,T H E M E : F O R E S T W I L D L I F E C H A L L E N G E S A N D T H R E,0.366,FALSE,TRUE,"Disturbances are amplified by increasing drought occurrence, climate change (e.g., shifting seasonality of fire and vegetation) and altered native vegetation (e.g., riparian area deforestation, woody "
CO_FAP_2020,.actions.priority_habitat_identification,FIGURE H,1,TRUE,TRUE,"The Forest Action Plan composite priority map was created through an iterative, participatory process to capture natural resource priorities statewide."
CO_FAP_2020,.actions.priority_habitat_identification,"[FIGURE: Create and connect existing large, intact and protected habitat]",0.2711,FALSE,TRUE,Conserve sites expected to provide future suitable habitat and create climate refugia 4. Protect habitat connectivity such as adjacent reserves and migration corridors
CO_FAP_2020,.actions.targeted_range_shift_actions,[FIGURE: Facilitate shifts in the geographic and elevation ranges of species],0.2404,FALSE,TRUE,"Facilitate shifts in the geographic and elevation ranges of species, in anticipation of future conditions."
CO_FAP_2020,.actions.targeted_range_shift_actions,[FIGURE: Establish corridors and minimize barriers],0.2238,FALSE,TRUE,"Establish corridors and minimize barriers to allow for wildlife movement to new suitable habitats 2. Prepare suitable habitat in anticipation of future introduction, reintroduction or natural range sh"
CO_FAP_2020,.actions.time_bound_and_monitoring,Introduction,1,TRUE,TRUE,"This Forest Action Plan will be reviewed in five years, and new data and information will be incorporated, as applicable, making this a living document."
CO_FAP_2020,.actions.evidence_of_efficacy,"[TABLE] WUI RISK: STATEWIDE WILDLAND-URBAN INTERFACE RISK POPULATION, 2017",0.3562,FALSE,TRUE,"These efforts, combined with the Northern Institute of Applied Climate Science forest carbon management menu of adaptation strategies and approaches that were used to develop the goals, strategies and"
CO_FAP_2020,.actions.evidence_of_efficacy,FIGURE G,1,TRUE,TRUE,"The Adaptive Silviculture for Climate Change (ASCC) framework [34,37]. Resistance (to change in species composition and structure) will typically require the most investment and effort. Developing mor"
CO_FAP_2020,.actions.adaptation_planning_frameworks,FIGURE G,1,TRUE,TRUE,"The Adaptive Silviculture for Climate Change (ASCC) framework [34,37]. Resistance (to change in species composition and structure) will typically require the most investment and effort. Developing mor"
CO_FAP_2020,.actions.adaptation_planning_frameworks,IDENTIFYING PRIORITIES,1,TRUE,TRUE,"As forests respond to a changing climate, adaptive forest management uses the best available science to play a role in these responses with the overarching goal of sustaining ecosystem services [35] C"
CT_FAP_2020,.concepts.climate_vulnerability,Forest fragmentation,1,TRUE,TRUE,"Large, unfragmented blocks of forest offer habitat for edge-intolerant species, provide connectivity and corridors for species migration in response to climate change, including warming temperatures a"
CT_FAP_2020,.concepts.climate_vulnerability,Change in forest carbon,1,TRUE,TRUE,"Climate change has the potential to alter successional dynamics, influencing the species compositions and the rate and development of aboveground biomass accumulation"
CT_FAP_2020,.concepts.climate_vulnerability,Forest Parcel Sizes,1,TRUE,TRUE,Parcelization can also interrupt continuity which can reduce resiliency and ability to adapt to a changing climate by decreasing connectivity and corridors allowing species migration due to increasing
CT_FAP_2020,.concepts.adaptive_capacity_specificity,Forest Parcel Sizes,1,TRUE,TRUE,Parcelization can also interrupt continuity which can reduce resiliency and ability to adapt to a changing climate by decreasing connectivity and corridors allowing species migration due to increasing
CT_FAP_2020,.concepts.adaptive_capacity_components.demography,NA,NA,NA,FALSE,
CT_FAP_2020,.concepts.adaptive_capacity_components.demography,NA,NA,NA,FALSE,
CT_FAP_2020,.concepts.adaptive_capacity_components.demography,NA,NA,NA,FALSE,
CT_FAP_2020,.concepts.adaptive_capacity_components.distribution,Forest fragmentation,1,TRUE,TRUE,"Large, unfragmented blocks of forest offer habitat for edge-intolerant species, provide connectivity and corridors for species migration in response to climate change, including warming temperatures a"
CT_FAP_2020,.concepts.adaptive_capacity_components.movement,Forest Parcel Sizes,1,TRUE,TRUE,Parcelization can also interrupt continuity which can reduce resiliency and ability to adapt to a changing climate by decreasing connectivity and corridors allowing species migration due to increasing
CT_FAP_2020,.concepts.adaptive_capacity_components.evolutionary_potential,NA,NA,NA,FALSE,
CT_FAP_2020,.concepts.adaptive_capacity_components.evolutionary_potential,NA,NA,NA,FALSE,
CT_FAP_2020,.concepts.adaptive_capacity_components.evolutionary_potential,NA,NA,NA,FALSE,
CT_FAP_2020,.concepts.adaptive_capacity_components.ecological_dependencies,NA,NA,NA,FALSE,
CT_FAP_2020,.concepts.adaptive_capacity_components.ecological_dependencies,NA,NA,NA,FALSE,
CT_FAP_2020,.concepts.adaptive_capacity_components.ecological_dependencies,NA,NA,NA,FALSE,
CT_FAP_2020,.concepts.adaptive_capacity_components.abiotic_niche,NA,NA,NA,FALSE,
CT_FAP_2020,.concepts.adaptive_capacity_components.abiotic_niche,NA,NA,NA,FALSE,
CT_FAP_2020,.concepts.adaptive_capacity_components.abiotic_niche,NA,NA,NA,FALSE,
CT_FAP_2020,.concepts.adaptive_capacity_components.life_history,NA,NA,NA,FALSE,
CT_FAP_2020,.concepts.adaptive_capacity_components.life_history,NA,NA,NA,FALSE,
CT_FAP_2020,.concepts.adaptive_capacity_components.life_history,NA,NA,NA,FALSE,
CT_FAP_2020,.concepts.connectivity,Forest fragmentation,1,TRUE,TRUE,"Large, unfragmented blocks of forest offer habitat for edge-intolerant species, provide connectivity and corridors for species migration in response to climate change, including warming temperatures a"
CT_FAP_2020,.concepts.connectivity,Forest Parcel Sizes,1,TRUE,TRUE,Parcelization can also interrupt continuity which can reduce resiliency and ability to adapt to a changing climate by decreasing connectivity and corridors allowing species migration due to increasing
CT_FAP_2020,.concepts.connectivity,SECTION 4. Connecticut and Multi-State Priority Areas,1,TRUE,TRUE,The Resilient and Connected Network in Priority Map 5 also crosses political boundaries and links landscapes across eastern North America providing connection to allow for resiliency and flow of biodi
CT_FAP_2020,.tools.vulnerability_models,NA,NA,NA,FALSE,
CT_FAP_2020,.tools.vulnerability_models,NA,NA,NA,FALSE,
CT_FAP_2020,.tools.vulnerability_models,NA,NA,NA,FALSE,
CT_FAP_2020,.tools.niche_models,Change in forest carbon,1,TRUE,TRUE,"According to modeling done by the Northern Institute of Applied Climate Science (NIACS) using the U.S. Forest Service Tree Atlas and LANDIS, common species in southern New England will have differing "
CT_FAP_2020,.tools.niche_models,Change in forest carbon,1,TRUE,TRUE,"Some of the results of this work, ""Climate Change Projections for Individual Tree Species -Connecticut"" can be found in Appendix 4."
CT_FAP_2020,.tools.climate_models,Strategy -Prepare for the Effects of Climate Change while Helping to Mitigate its Causes,1,TRUE,TRUE,"Based on modelling and predictions and on detailed knowledge of the state's urban forest, determine what are likely to be the major effects of climate change on the urban forests of Connecticut."
CT_FAP_2020,.tools.connectivity_models,SECTION 4. Connecticut and Multi-State Priority Areas,1,TRUE,TRUE,The Resilient and Connected Network in Priority Map 5 also crosses political boundaries and links landscapes across eastern North America providing connection to allow for resiliency and flow of biodi
CT_FAP_2020,.context.management_scale.local,Forest Parcel Sizes,1,TRUE,TRUE,Parcelization can also interrupt continuity which can reduce resiliency and ability to adapt to a changing climate by decreasing connectivity and corridors allowing species migration due to increasing
CT_FAP_2020,.context.management_scale.site,SECTION 4. Connecticut and Multi-State Priority Areas - Priority Map 1 - Core forest areas,1,TRUE,TRUE,"Core forests provide an opportunity to prioritize larger blocks of ecologically important forestland. Core forest, especially large core forest, provide important benefits for wildlife habitat, forest"
CT_FAP_2020,.context.management_scale.watershed,NA,NA,NA,FALSE,
CT_FAP_2020,.context.management_scale.watershed,NA,NA,NA,FALSE,
CT_FAP_2020,.context.management_scale.watershed,NA,NA,NA,FALSE,
CT_FAP_2020,.context.management_scale.city,NA,NA,NA,FALSE,
CT_FAP_2020,.context.management_scale.city,NA,NA,NA,FALSE,
CT_FAP_2020,.context.management_scale.city,NA,NA,NA,FALSE,
CT_FAP_2020,.context.management_scale.county,NA,NA,NA,FALSE,
CT_FAP_2020,.context.management_scale.county,NA,NA,NA,FALSE,
CT_FAP_2020,.context.management_scale.county,NA,NA,NA,FALSE,
CT_FAP_2020,.context.management_scale.within_state_region,NA,NA,NA,FALSE,
CT_FAP_2020,.context.management_scale.within_state_region,NA,NA,NA,FALSE,
CT_FAP_2020,.context.management_scale.within_state_region,NA,NA,NA,FALSE,
CT_FAP_2020,.context.management_scale.state,Forest fragmentation,1,TRUE,TRUE,"Large, unfragmented blocks of forest offer habitat for edge-intolerant species, provide connectivity and corridors for species migration in response to climate change, including warming temperatures a"
CT_FAP_2020,.context.management_scale.multistate,SECTION 4. Connecticut and Multi-State Priority Areas,1,TRUE,TRUE,The Resilient and Connected Network in Priority Map 5 also crosses political boundaries and links landscapes across eastern North America providing connection to allow for resiliency and flow of biodi
CT_FAP_2020,.context.management_scale.national,NA,NA,NA,FALSE,
CT_FAP_2020,.context.management_scale.national,NA,NA,NA,FALSE,
CT_FAP_2020,.context.management_scale.national,NA,NA,NA,FALSE,
CT_FAP_2020,.context.management_scale.transnational,NA,NA,NA,FALSE,
CT_FAP_2020,.context.management_scale.transnational,NA,NA,NA,FALSE,
CT_FAP_2020,.context.management_scale.transnational,NA,NA,NA,FALSE,
CT_FAP_2020,.context.management_scale.ecosystem,NA,NA,NA,FALSE,
CT_FAP_2020,.context.management_scale.ecosystem,NA,NA,NA,FALSE,
CT_FAP_2020,.context.management_scale.ecosystem,NA,NA,NA,FALSE,
CT_FAP_2020,.context.management_scale.ecoregion,NA,NA,NA,FALSE,
CT_FAP_2020,.context.management_scale.ecoregion,NA,NA,NA,FALSE,
CT_FAP_2020,.context.management_scale.ecoregion,NA,NA,NA,FALSE,
CT_FAP_2020,.context.management_scale.province,NA,NA,NA,FALSE,
CT_FAP_2020,.context.management_scale.province,NA,NA,NA,FALSE,
CT_FAP_2020,.context.management_scale.province,NA,NA,NA,FALSE,
CT_FAP_2020,.context.management_scale.section,NA,NA,NA,FALSE,
CT_FAP_2020,.context.management_scale.section,NA,NA,NA,FALSE,
CT_FAP_2020,.context.management_scale.section,NA,NA,NA,FALSE,
CT_FAP_2020,.context.management_scale.subsection,NA,NA,NA,FALSE,
CT_FAP_2020,.context.management_scale.subsection,NA,NA,NA,FALSE,
CT_FAP_2020,.context.management_scale.subsection,NA,NA,NA,FALSE,
CT_FAP_2020,.context.management_scale.lake,NA,NA,NA,FALSE,
CT_FAP_2020,.context.management_scale.lake,NA,NA,NA,FALSE,
CT_FAP_2020,.context.management_scale.lake,NA,NA,NA,FALSE,
CT_FAP_2020,.context.management_scale.river,NA,NA,NA,FALSE,
CT_FAP_2020,.context.management_scale.river,NA,NA,NA,FALSE,
CT_FAP_2020,.context.management_scale.river,NA,NA,NA,FALSE,
CT_FAP_2020,.context.management_scale.district,NA,NA,NA,FALSE,
CT_FAP_2020,.context.management_scale.district,NA,NA,NA,FALSE,
CT_FAP_2020,.context.management_scale.district,NA,NA,NA,FALSE,
CT_FAP_2020,.context.biological_unit_score,Forest fragmentation,1,TRUE,TRUE,"Large, unfragmented blocks of forest offer habitat for edge-intolerant species, provide connectivity and corridors for species migration in response to climate change, including warming temperatures a"
CT_FAP_2020,.context.biological_unit_score,Change in forest carbon,1,TRUE,TRUE,"According to modeling done by the Northern Institute of Applied Climate Science (NIACS) using the U.S. Forest Service Tree Atlas and LANDIS, common species in southern New England will have differing "
CT_FAP_2020,.context.biological_unit_components.species,Insects and Diseases,1,TRUE,TRUE,Increased temperatures due to climate change could make conditions in Connecticut more favorable for southern pine beetle which is at the very northern edge of its expanding range.
CT_FAP_2020,.context.biological_unit_components.population,NA,NA,NA,FALSE,
CT_FAP_2020,.context.biological_unit_components.population,NA,NA,NA,FALSE,
CT_FAP_2020,.context.biological_unit_components.population,NA,NA,NA,FALSE,
CT_FAP_2020,.context.biological_unit_components.habitat,Forest fragmentation,1,TRUE,TRUE,"Large, unfragmented blocks of forest offer habitat for edge-intolerant species, provide connectivity and corridors for species migration in response to climate change, including warming temperatures a"
CT_FAP_2020,.context.biological_unit_components.ecosystem,NA,NA,NA,FALSE,
CT_FAP_2020,.context.biological_unit_components.ecosystem,NA,NA,NA,FALSE,
CT_FAP_2020,.context.biological_unit_components.ecosystem,NA,NA,NA,FALSE,
CT_FAP_2020,.context.biological_unit_components.community,NA,NA,NA,FALSE,
CT_FAP_2020,.context.biological_unit_components.community,NA,NA,NA,FALSE,
CT_FAP_2020,.context.biological_unit_components.community,NA,NA,NA,FALSE,
CT_FAP_2020,.context.biological_unit_components.genotype_phenotype,NA,NA,NA,FALSE,
CT_FAP_2020,.context.biological_unit_components.genotype_phenotype,NA,NA,NA,FALSE,
CT_FAP_2020,.context.biological_unit_components.genotype_phenotype,NA,NA,NA,FALSE,
CT_FAP_2020,.context.partnerships_and_funding,State forestry agency funding,1,TRUE,TRUE,"Most of the funding for the Forestry Division comes from the General Fund including personal services, capital expenses, and other expenses. Environmental Conservation fees (EC fees), Regional Greenho"
CT_FAP_2020,.context.partnerships_and_funding,SECTION 4. Connecticut and Multi-State Priority Areas,0.9677,TRUE,TRUE,"The Berkshire-Taconic Landscape -CT, MA, NY, VT -Partnerships striving to conserve land along the mountainous spine along the boundaries of New York with Connecticut, Massachusetts, and Vermont."
CT_FAP_2020,.context.climate_threat_habitat_degradation,Change in forest carbon,1,TRUE,TRUE,"Drought and other abiotic natural disturbances, make forests more vulnerable to secondary stressors like that of biotic disturbances (e.g., insects and pathogens)."
CT_FAP_2020,.context.climate_threat_habitat_degradation,Change in forest carbon,1,TRUE,TRUE,"Climate driven changes in temperature, precipitation, and disturbance frequencies and intensities influence forest health and function."
CT_FAP_2020,.context.climate_threat_species_vital_rates,Drought,1,TRUE,TRUE,The combined stresses of drought and spongy moth defoliation caused substantial mortality in many areas where the losses likely would not have been as severe if only one of these stressors was present
CT_FAP_2020,.context.climate_threat_biotic_stressors,Insects and Diseases,1,TRUE,TRUE,Increased temperatures due to climate change could make conditions in Connecticut more favorable for southern pine beetle which is at the very northern edge of its expanding range.
CT_FAP_2020,.context.climate_threat_biotic_stressors,Insects and Diseases,1,TRUE,TRUE,Increasing temperatures due to climate change may help HWA populations remain high eliminating some of the cold weather population declines.
CT_FAP_2020,.actions.priority_habitat_identification,SECTION 4. Connecticut and Multi-State Priority Areas - Priority Map 1 - Core forest areas,1,TRUE,TRUE,"Core forests provide an opportunity to prioritize larger blocks of ecologically important forestland. Core forest, especially large core forest, provide important benefits for wildlife habitat, forest"
CT_FAP_2020,.actions.priority_habitat_identification,Connecticut's Desired Future Conditions,1,TRUE,TRUE,"Connecticut will increase the amount of forest protected from development following priority criteria based on core forest areas, connection, Forest Legacy potential, and vulnerability."
CT_FAP_2020,.actions.priority_habitat_identification,SECTION 4. Connecticut and Multi-State Priority Areas,1,TRUE,TRUE,The Resilient and Connected Network in Priority Map 5 also crosses political boundaries and links landscapes across eastern North America providing connection to allow for resiliency and flow of biodi
CT_FAP_2020,.actions.targeted_range_shift_actions,"Complete Set of Agreed-Upon Visions, Principles, and Action Steps",1,TRUE,TRUE,Reverse the fragmentation process through identification and protection of properties that will create or expand existing core forests or connected forested corridors.
CT_FAP_2020,.actions.time_bound_and_monitoring,"Complete Set of Agreed-Upon Visions, Principles, and Action Steps",1,TRUE,TRUE,Adaptive management will be the standard practice with data-driven results providing feedback to improve ongoing management decisions.
CT_FAP_2020,.actions.evidence_of_efficacy,SECTION 2. Statewide Forest Resource Strategies Program Area Integration,1,TRUE,TRUE,"Create diverse forest landscapes by applying silvicultural methods that efficiently sequester and store carbon, improve resilience, and allow adaptation to climate change."
CT_FAP_2020,.actions.adaptation_planning_frameworks,SECTION 2. Statewide Forest Resource Strategies Program Area Integration,1,TRUE,TRUE,Incorporate climate adaptation and forest carbon planning into forest management plans prepared for State lands.
CT_FAP_2020,.actions.adaptation_planning_frameworks,"Complete Set of Agreed-Upon Visions, Principles, and Action Steps",1,TRUE,TRUE,Adaptive management will be the standard practice with data-driven results providing feedback to improve ongoing management decisions.
DE_FAP_2020,.concepts.climate_vulnerability,"Species of conservation concern, Indicator 4",1,TRUE,TRUE,"Tier 1 SGCN (165 total) are in the highest need of conservation action. These include the rarest species in the state, species that are highly globally imperiled, and species with regionally important"
DE_FAP_2020,.concepts.adaptive_capacity_specificity,NA,NA,NA,FALSE,
DE_FAP_2020,.concepts.adaptive_capacity_specificity,NA,NA,NA,FALSE,
DE_FAP_2020,.concepts.adaptive_capacity_specificity,NA,NA,NA,FALSE,
DE_FAP_2020,.concepts.adaptive_capacity_components.demography,NA,NA,NA,FALSE,
DE_FAP_2020,.concepts.adaptive_capacity_components.demography,NA,NA,NA,FALSE,
DE_FAP_2020,.concepts.adaptive_capacity_components.demography,NA,NA,NA,FALSE,
DE_FAP_2020,.concepts.adaptive_capacity_components.distribution,"Climate change and sea level rise, INDICATOR 7 section",1,TRUE,TRUE,"Several potential issues relating to forests and forested habitat include: Migration of maritime forests/riparian areas inland, Shifts in species range (migration), Changes in species composition or d"
DE_FAP_2020,.concepts.adaptive_capacity_components.movement,NA,NA,NA,FALSE,
DE_FAP_2020,.concepts.adaptive_capacity_components.movement,NA,NA,NA,FALSE,
DE_FAP_2020,.concepts.adaptive_capacity_components.movement,NA,NA,NA,FALSE,
DE_FAP_2020,.concepts.adaptive_capacity_components.evolutionary_potential,NA,NA,NA,FALSE,
DE_FAP_2020,.concepts.adaptive_capacity_components.evolutionary_potential,NA,NA,NA,FALSE,
DE_FAP_2020,.concepts.adaptive_capacity_components.evolutionary_potential,NA,NA,NA,FALSE,
DE_FAP_2020,.concepts.adaptive_capacity_components.ecological_dependencies,NA,NA,NA,FALSE,
DE_FAP_2020,.concepts.adaptive_capacity_components.ecological_dependencies,NA,NA,NA,FALSE,
DE_FAP_2020,.concepts.adaptive_capacity_components.ecological_dependencies,NA,NA,NA,FALSE,
DE_FAP_2020,.concepts.adaptive_capacity_components.abiotic_niche,NA,NA,NA,FALSE,
DE_FAP_2020,.concepts.adaptive_capacity_components.abiotic_niche,NA,NA,NA,FALSE,
DE_FAP_2020,.concepts.adaptive_capacity_components.abiotic_niche,NA,NA,NA,FALSE,
DE_FAP_2020,.concepts.adaptive_capacity_components.life_history,NA,NA,NA,FALSE,
DE_FAP_2020,.concepts.adaptive_capacity_components.life_history,NA,NA,NA,FALSE,
DE_FAP_2020,.concepts.adaptive_capacity_components.life_history,NA,NA,NA,FALSE,
DE_FAP_2020,.concepts.connectivity,"Forest fragmentation, Indicators 3/Issues section",1,TRUE,TRUE,there is also a loss of forested corridors (100- to 300-foot wide strips) that connect larger blocks of forestland. These areas provide protected travel routes for many wildlife species and are often 
DE_FAP_2020,.tools.vulnerability_models,NA,NA,NA,FALSE,
DE_FAP_2020,.tools.vulnerability_models,NA,NA,NA,FALSE,
DE_FAP_2020,.tools.vulnerability_models,NA,NA,NA,FALSE,
DE_FAP_2020,.tools.niche_models,NA,NA,NA,FALSE,
DE_FAP_2020,.tools.niche_models,NA,NA,NA,FALSE,
DE_FAP_2020,.tools.niche_models,NA,NA,NA,FALSE,
DE_FAP_2020,.tools.climate_models,NA,NA,NA,FALSE,
DE_FAP_2020,.tools.climate_models,NA,NA,NA,FALSE,
DE_FAP_2020,.tools.climate_models,NA,NA,NA,FALSE,
DE_FAP_2020,.tools.connectivity_models,NA,NA,NA,FALSE,
DE_FAP_2020,.tools.connectivity_models,NA,NA,NA,FALSE,
DE_FAP_2020,.tools.connectivity_models,NA,NA,NA,FALSE,
DE_FAP_2020,.context.management_scale.local,NA,NA,NA,FALSE,
DE_FAP_2020,.context.management_scale.local,NA,NA,NA,FALSE,
DE_FAP_2020,.context.management_scale.local,NA,NA,NA,FALSE,
DE_FAP_2020,.context.management_scale.site,NA,NA,NA,FALSE,
DE_FAP_2020,.context.management_scale.site,NA,NA,NA,FALSE,
DE_FAP_2020,.context.management_scale.site,NA,NA,NA,FALSE,
DE_FAP_2020,.context.management_scale.watershed,"Rural Priority Landscape Area, Section VI",0.6301,FALSE,TRUE,The final product from the weighted overlay of the 21 input layers... This resulted in 43 of Delaware's 100 HUC 12 watersheds receiving high priority.
DE_FAP_2020,.context.management_scale.city,NA,NA,NA,FALSE,
DE_FAP_2020,.context.management_scale.city,NA,NA,NA,FALSE,
DE_FAP_2020,.context.management_scale.city,NA,NA,NA,FALSE,
DE_FAP_2020,.context.management_scale.county,NA,NA,NA,FALSE,
DE_FAP_2020,.context.management_scale.county,NA,NA,NA,FALSE,
DE_FAP_2020,.context.management_scale.county,NA,NA,NA,FALSE,
DE_FAP_2020,.context.management_scale.within_state_region,"Section II, DE-FAP-S_2020.pdf",0.4071,FALSE,TRUE,"The five divisions within the rural priority landscape area are: Delaware Estuary, Blackbird Creek, Inland Bays, Piedmont Basin, Chesapeake Basin."
DE_FAP_2020,.context.management_scale.state,"II. PRIORITY ISSUES AND LANDSCAPE AREAS, DE-FAP-S_2020.pdf",0.729,FALSE,TRUE,Delaware's Forest Resource Assessment identified four major issues facing Delaware's forests: Forest Health and Functionality... Forest Markets... Sustainable Forest Management... Public Awareness and
DE_FAP_2020,.context.management_scale.multistate,"Multi-State Regional Priority Landscape Areas, Section VIII",0.35,FALSE,TRUE,"The Delaware Forest Service (DFS), working with the U.S. Forest Service, the Northeast-Midwest State Foresters Alliance (NMSFA), and the Delaware Forest Stewardship Committee identified the following "
DE_FAP_2020,.context.management_scale.national,NA,NA,NA,FALSE,
DE_FAP_2020,.context.management_scale.national,NA,NA,NA,FALSE,
DE_FAP_2020,.context.management_scale.national,NA,NA,NA,FALSE,
DE_FAP_2020,.context.management_scale.transnational,NA,NA,NA,FALSE,
DE_FAP_2020,.context.management_scale.transnational,NA,NA,NA,FALSE,
DE_FAP_2020,.context.management_scale.transnational,NA,NA,NA,FALSE,
DE_FAP_2020,.context.management_scale.ecosystem,NA,NA,NA,FALSE,
DE_FAP_2020,.context.management_scale.ecosystem,NA,NA,NA,FALSE,
DE_FAP_2020,.context.management_scale.ecosystem,NA,NA,NA,FALSE,
DE_FAP_2020,.context.management_scale.ecoregion,NA,NA,NA,FALSE,
DE_FAP_2020,.context.management_scale.ecoregion,NA,NA,NA,FALSE,
DE_FAP_2020,.context.management_scale.ecoregion,NA,NA,NA,FALSE,
DE_FAP_2020,.context.management_scale.province,NA,NA,NA,FALSE,
DE_FAP_2020,.context.management_scale.province,NA,NA,NA,FALSE,
DE_FAP_2020,.context.management_scale.province,NA,NA,NA,FALSE,
DE_FAP_2020,.context.management_scale.section,NA,NA,NA,FALSE,
DE_FAP_2020,.context.management_scale.section,NA,NA,NA,FALSE,
DE_FAP_2020,.context.management_scale.section,NA,NA,NA,FALSE,
DE_FAP_2020,.context.management_scale.subsection,NA,NA,NA,FALSE,
DE_FAP_2020,.context.management_scale.subsection,NA,NA,NA,FALSE,
DE_FAP_2020,.context.management_scale.subsection,NA,NA,NA,FALSE,
DE_FAP_2020,.context.management_scale.lake,NA,NA,NA,FALSE,
DE_FAP_2020,.context.management_scale.lake,NA,NA,NA,FALSE,
DE_FAP_2020,.context.management_scale.lake,NA,NA,NA,FALSE,
DE_FAP_2020,.context.management_scale.river,NA,NA,NA,FALSE,
DE_FAP_2020,.context.management_scale.river,NA,NA,NA,FALSE,
DE_FAP_2020,.context.management_scale.river,NA,NA,NA,FALSE,
DE_FAP_2020,.context.management_scale.district,NA,NA,NA,FALSE,
DE_FAP_2020,.context.management_scale.district,NA,NA,NA,FALSE,
DE_FAP_2020,.context.management_scale.district,NA,NA,NA,FALSE,
DE_FAP_2020,.context.biological_unit_score,"Climate change and sea level rise, INDICATOR 7 section",1,TRUE,TRUE,"Shifts in species range (migration), Changes in species composition or disappearance of species, and Increases in invasive/nuisance species and diseases."
DE_FAP_2020,.context.biological_unit_score,Criterion 5: Maintenance of Forest Contribution to Global Carbon Cycles,1,TRUE,TRUE,"Global climate change could have significant impacts on the structure, distribution, productivity, and health of temperate forests as well as impacts on forest carbon stocks and fluxes."
DE_FAP_2020,.context.biological_unit_components.species,"Climate change and sea level rise, INDICATOR 7 section",1,TRUE,TRUE,"Shifts in species range (migration), Changes in species composition or disappearance of species, and Increases in invasive/nuisance species and diseases."
DE_FAP_2020,.context.biological_unit_components.population,NA,NA,NA,FALSE,
DE_FAP_2020,.context.biological_unit_components.population,NA,NA,NA,FALSE,
DE_FAP_2020,.context.biological_unit_components.population,NA,NA,NA,FALSE,
DE_FAP_2020,.context.biological_unit_components.habitat,"Climate change and sea level rise, INDICATOR 7 section",1,TRUE,TRUE,"Several potential issues relating to forests and forested habitat include: Migration of maritime forests/riparian areas inland, Shifts in species range (migration), Changes in species composition or d"
DE_FAP_2020,.context.biological_unit_components.ecosystem,Criterion 5: Maintenance of Forest Contribution to Global Carbon Cycles,1,TRUE,TRUE,"Global climate change could have significant impacts on the structure, distribution, productivity, and health of temperate forests as well as impacts on forest carbon stocks and fluxes."
DE_FAP_2020,.context.biological_unit_components.community,NA,NA,NA,FALSE,
DE_FAP_2020,.context.biological_unit_components.community,NA,NA,NA,FALSE,
DE_FAP_2020,.context.biological_unit_components.community,NA,NA,NA,FALSE,
DE_FAP_2020,.context.biological_unit_components.genotype_phenotype,NA,NA,NA,FALSE,
DE_FAP_2020,.context.biological_unit_components.genotype_phenotype,NA,NA,NA,FALSE,
DE_FAP_2020,.context.biological_unit_components.genotype_phenotype,NA,NA,NA,FALSE,
DE_FAP_2020,.context.partnerships_and_funding,"Multi-State Regional Priority Landscape Areas, Section VIII",1,TRUE,TRUE,"The Delaware Forest Service (DFS), working with the U.S. Forest Service, the Northeast-Midwest State Foresters Alliance (NMSFA), and the Delaware Forest Stewardship Committee identified the following "
DE_FAP_2020,.context.climate_threat_habitat_degradation,"Climate change and sea level rise, INDICATOR 7 section",0.5954,FALSE,TRUE,"There is growing concern among forestland managers about the potential impacts of climate change in Delaware, particularly sea level rise... Several potential issues relating to forests and forested h"
DE_FAP_2020,.context.climate_threat_species_vital_rates,NA,NA,NA,FALSE,
DE_FAP_2020,.context.climate_threat_species_vital_rates,NA,NA,NA,FALSE,
DE_FAP_2020,.context.climate_threat_species_vital_rates,NA,NA,NA,FALSE,
DE_FAP_2020,.context.climate_threat_biotic_stressors,"Figure caption, I-95 Corridor / Southern Pine Beetle section",0.3684,FALSE,TRUE,"Meanwhile, increasing average temperatures and longer growing seasons have extended the northern range of this pest."
DE_FAP_2020,.actions.priority_habitat_identification,IX. Forest Resource Assessment Summary,1,TRUE,TRUE,"Through a sophisticated GIS analysis, rural and urban priority areas throughout the state were identified using specific ranking criteria. This enables the DFS and its partners to target high-value fo"
DE_FAP_2020,.actions.priority_habitat_identification,"Rural Priority Landscape Area, Section VI",1,TRUE,TRUE,This resulted in 43 of Delaware's 100 HUC 12 watersheds receiving high priority (Figure 46).
DE_FAP_2020,.actions.targeted_range_shift_actions,"Climate change and sea level rise, INDICATOR 7 section",1,TRUE,TRUE,Consideration can then be given to methods to move low-lying riparian forest buffers inland as sea level slowly rises to ensure these buffers are not lost.
DE_FAP_2020,.actions.time_bound_and_monitoring,"Strategy Matrix, DE-FAP-S_2020.pdf",0.8021,FALSE,TRUE,DE-1.2.6 Develop strategies for climate change/sea-level rise impacts to coastal forests by 2023.
DE_FAP_2020,.actions.time_bound_and_monitoring,"Investment of Resources, DE-FAP-S_2020.pdf",1,TRUE,TRUE,"Every five years, the DFS will submit a State Forest Action Plan Highlights Report to the U.S. Forest Service Eastern Region State and Private Forestry. This report will update the status of all 108 p"
DE_FAP_2020,.actions.evidence_of_efficacy,"Climate change and sea level rise, INDICATOR 7 section",1,TRUE,TRUE,"Additionally, there is a need to establish baseline risk assessment for species and habitats. Consideration can then be given to methods to move low-lying riparian forest buffers inland as sea level s"
DE_FAP_2020,.actions.adaptation_planning_frameworks,"Criterion 5, III. STATE STRATEGIES, DE-FAP-S_2020.pdf",0.4777,FALSE,TRUE,The long-term effects of climate change could be dramatic within Delaware due to its location along the Atlantic seaboard and low mean elevation... Develop strategies for climate change/sea level rise
FL_FAP_2020,.concepts.climate_vulnerability,"Issue 4: Forest Resiliency, 4) Threats",1,TRUE,TRUE,"Tree species' ranges and vegetation community composition are projected to change significantly due to climate change. Additionally, unique ecosystems or forest types can be lost to development, overr"
FL_FAP_2020,.concepts.climate_vulnerability,"Issue 4: Forest Resiliency, 4) Threats - Wildlife Habitat",1,TRUE,TRUE,"Species with small population sizes, restricted ranges, specialized habitat requirements and limited ability to move to different habitat will be most at risk."
FL_FAP_2020,.concepts.climate_vulnerability,"Issue 4: Forest Resiliency, 2) Key Attributes",1,TRUE,TRUE,"Degraded or stressed forests are more vulnerable to storms, invasive species and environmental shifts caused by climate change."
FL_FAP_2020,.concepts.adaptive_capacity_specificity,"Issue 4: Forest Resiliency, 4) Threats - Wildlife Habitat",1,TRUE,TRUE,"Species with small population sizes, restricted ranges, specialized habitat requirements and limited ability to move to different habitat will be most at risk."
FL_FAP_2020,.concepts.adaptive_capacity_components.demography,NA,NA,NA,FALSE,
FL_FAP_2020,.concepts.adaptive_capacity_components.demography,NA,NA,NA,FALSE,
FL_FAP_2020,.concepts.adaptive_capacity_components.demography,NA,NA,NA,FALSE,
FL_FAP_2020,.concepts.adaptive_capacity_components.distribution,"Issue 4: Forest Resiliency, 4) Threats - Invasive Species",1,TRUE,TRUE,"Because of the rapidity of expected changes in climate, individuals of a native plant species may be lost from their current habitats faster than they will be able to migrate and re-establish in more "
FL_FAP_2020,.concepts.adaptive_capacity_components.movement,"Issue 4: Forest Resiliency, 4) Threats - Wildlife Habitat",1,TRUE,TRUE,"Species with small population sizes, restricted ranges, specialized habitat requirements and limited ability to move to different habitat will be most at risk."
FL_FAP_2020,.concepts.adaptive_capacity_components.evolutionary_potential,"Issue 4: Forest Resiliency, 4) Threats - Silviculture",1,TRUE,TRUE,Current seed zones and seed transfer guidelines that specify using relatively local seed sources for reforestation assume that climates are static over the long term. As ecosystem changes and other fo
FL_FAP_2020,.concepts.adaptive_capacity_components.ecological_dependencies,NA,NA,NA,FALSE,
FL_FAP_2020,.concepts.adaptive_capacity_components.ecological_dependencies,NA,NA,NA,FALSE,
FL_FAP_2020,.concepts.adaptive_capacity_components.ecological_dependencies,NA,NA,NA,FALSE,
FL_FAP_2020,.concepts.adaptive_capacity_components.abiotic_niche,"Issue 4: Forest Resiliency, 4) Threats - Silviculture",1,TRUE,TRUE,Moving seed sources to match future climates requires both knowledge of existing climates and knowledge of the climatic parameters under which particular species can thrive.
FL_FAP_2020,.concepts.adaptive_capacity_components.life_history,"Issue 4: Forest Resiliency, 4) Threats - Wildlife Habitat",1,TRUE,TRUE,"How strongly different species will be affected differs, depending on differences in their ecology and life history."
FL_FAP_2020,.concepts.connectivity,"Issue 2: Forest Fragmentation, 1) Current Issue Description",1,TRUE,TRUE,"Fragmentation refers generally to the spatial patterns of forests as influenced by land use, disturbance, and other natural and anthropogenic drivers of forest change. This spatial process of forest p"
FL_FAP_2020,.concepts.connectivity,"Issue 2: Forest Fragmentation, 2) Key Attributes",1,TRUE,TRUE,Specific timber type components need to be available in large enough blocks and connected corridors to support varied wildlife species and water filtration benefits.
FL_FAP_2020,.tools.vulnerability_models,NA,NA,NA,FALSE,
FL_FAP_2020,.tools.vulnerability_models,NA,NA,NA,FALSE,
FL_FAP_2020,.tools.vulnerability_models,NA,NA,NA,FALSE,
FL_FAP_2020,.tools.niche_models,"Issue 7: Longleaf Pine Ecosystems, 2) Key Attributes",1,TRUE,TRUE,Box et al. (1999) developed a climatic-envelope model to assess the potential effects of several climate change scenarios on the distribution of important tree species in Florida.
FL_FAP_2020,.tools.climate_models,"Issue 4: Forest Resiliency, 4) Threats",1,TRUE,TRUE,The IPCC surmises that the burning of fossil fuels and land-use changes are the primary reasons for these increasing levels. This panel representing the scientific community predicts rising sea levels
FL_FAP_2020,.tools.connectivity_models,NA,NA,NA,FALSE,
FL_FAP_2020,.tools.connectivity_models,NA,NA,NA,FALSE,
FL_FAP_2020,.tools.connectivity_models,NA,NA,NA,FALSE,
FL_FAP_2020,.context.management_scale.local,"Issue 7: Longleaf Pine Ecosystems, 5) Opportunities",1,TRUE,TRUE,"While restoration occurs at a local level (site-specific), it must be planned and implemented within the context of achieving large-scale ecosystem goals and objectives, such as biodiversity, populati"
FL_FAP_2020,.context.management_scale.site,"Issue 7: Longleaf Pine Ecosystems, 5) Opportunities",1,TRUE,TRUE,"While restoration occurs at a local level (site-specific), it must be planned and implemented within the context of achieving large-scale ecosystem goals and objectives"
FL_FAP_2020,.context.management_scale.watershed,NA,NA,NA,FALSE,
FL_FAP_2020,.context.management_scale.watershed,NA,NA,NA,FALSE,
FL_FAP_2020,.context.management_scale.watershed,NA,NA,NA,FALSE,
FL_FAP_2020,.context.management_scale.city,NA,NA,NA,FALSE,
FL_FAP_2020,.context.management_scale.city,NA,NA,NA,FALSE,
FL_FAP_2020,.context.management_scale.city,NA,NA,NA,FALSE,
FL_FAP_2020,.context.management_scale.county,"Issue 7: Longleaf Pine Ecosystems, 5) Opportunities",1,TRUE,TRUE,"The largest concentrations of longleaf pine forests within the range are in Okaloosa (175,479 ac.) and Santa Rosa (147,575 ac.) Counties"
FL_FAP_2020,.context.management_scale.within_state_region,"Issue 5: Economic Viability of Forests, 7) Priority Areas",1,TRUE,TRUE,"For the Issue 5 -Economic Viability of Forests in Florida, the priority areas correspond to FIA Unit 1 (Northeast), and FIA Unit 2 (Northwest). These two areas encompass 78% of working forests in Flor"
FL_FAP_2020,.context.management_scale.state,I. Introduction,1,TRUE,TRUE,"These strategies take into account multi-state or regional priorities and consider collaborative actions across geographical and ownership boundaries, especially with adjacent states."
FL_FAP_2020,.context.management_scale.multistate,I. Introduction,1,TRUE,TRUE,"These strategies take into account multi-state or regional priorities and consider collaborative actions across geographical and ownership boundaries, especially with adjacent states. These issues inc"
FL_FAP_2020,.context.management_scale.national,NA,NA,NA,FALSE,
FL_FAP_2020,.context.management_scale.national,NA,NA,NA,FALSE,
FL_FAP_2020,.context.management_scale.national,NA,NA,NA,FALSE,
FL_FAP_2020,.context.management_scale.transnational,NA,NA,NA,FALSE,
FL_FAP_2020,.context.management_scale.transnational,NA,NA,NA,FALSE,
FL_FAP_2020,.context.management_scale.transnational,NA,NA,NA,FALSE,
FL_FAP_2020,.context.management_scale.ecosystem,"Issue 7: Longleaf Pine Ecosystems, Goals, Objectives and Strategies - Goal 7",1,TRUE,TRUE,Promote and demonstrate range-wide and site-based conservation planning for LPE restoration to support ecosystem adaptation (resilience and resistance) and integrate the results with other climate cha
FL_FAP_2020,.context.management_scale.ecoregion,"Issue 7: Longleaf Pine Ecosystems, 5) Opportunities",1,TRUE,TRUE,Two of the six longleaf pine vegetation ecoregions described by Peet (2006)
FL_FAP_2020,.context.management_scale.province,NA,NA,NA,FALSE,
FL_FAP_2020,.context.management_scale.province,NA,NA,NA,FALSE,
FL_FAP_2020,.context.management_scale.province,NA,NA,NA,FALSE,
FL_FAP_2020,.context.management_scale.section,NA,NA,NA,FALSE,
FL_FAP_2020,.context.management_scale.section,NA,NA,NA,FALSE,
FL_FAP_2020,.context.management_scale.section,NA,NA,NA,FALSE,
FL_FAP_2020,.context.management_scale.subsection,NA,NA,NA,FALSE,
FL_FAP_2020,.context.management_scale.subsection,NA,NA,NA,FALSE,
FL_FAP_2020,.context.management_scale.subsection,NA,NA,NA,FALSE,
FL_FAP_2020,.context.management_scale.lake,NA,NA,NA,FALSE,
FL_FAP_2020,.context.management_scale.lake,NA,NA,NA,FALSE,
FL_FAP_2020,.context.management_scale.lake,NA,NA,NA,FALSE,
FL_FAP_2020,.context.management_scale.river,NA,NA,NA,FALSE,
FL_FAP_2020,.context.management_scale.river,NA,NA,NA,FALSE,
FL_FAP_2020,.context.management_scale.river,NA,NA,NA,FALSE,
FL_FAP_2020,.context.management_scale.district,"Issue 7: Longleaf Pine Ecosystems, 2) Key Attributes - Public Lands",0.8452,FALSE,TRUE,The five remaining regional Water Management Districts protect and manage land through acquisition or easements for the purpose of protecting water quality and quantity.
FL_FAP_2020,.context.biological_unit_score,"Issue 7: Longleaf Pine Ecosystems, 4) Threats - Climate Change",1,TRUE,TRUE,"Range migration and changes to community composition, structure, function, and disturbance regimes will occur in response to shifting climatic variables"
FL_FAP_2020,.context.biological_unit_score,"Issue 4: Forest Resiliency, 4) Threats",1,TRUE,TRUE,Tree species' ranges and vegetation community composition are projected to change significantly due to climate change.
FL_FAP_2020,.context.biological_unit_components.species,"Issue 4: Forest Resiliency, 4) Threats",1,TRUE,TRUE,Tree species' ranges and vegetation community composition are projected to change significantly due to climate change.
FL_FAP_2020,.context.biological_unit_components.population,NA,NA,NA,FALSE,
FL_FAP_2020,.context.biological_unit_components.population,NA,NA,NA,FALSE,
FL_FAP_2020,.context.biological_unit_components.population,NA,NA,NA,FALSE,
FL_FAP_2020,.context.biological_unit_components.habitat,"Issue 7: Longleaf Pine Ecosystems, 4) Threats - Climate Change",1,TRUE,TRUE,"Range migration and changes to community composition, structure, function, and disturbance regimes will occur in response to shifting climatic variables"
FL_FAP_2020,.context.biological_unit_components.ecosystem,"Issue 4: Forest Resiliency, 4) Threats - Wildlife Habitat",1,TRUE,TRUE,"Climate change can affect organisms and their habitats on an individual, species, population, community, and ecosystem level."
FL_FAP_2020,.context.biological_unit_components.community,"Issue 7: Longleaf Pine Ecosystems, 4) Threats - Climate Change",1,TRUE,TRUE,"Range migration and changes to community composition, structure, function, and disturbance regimes will occur in response to shifting climatic variables, but the extent to which such changes will occu"
FL_FAP_2020,.context.biological_unit_components.genotype_phenotype,"Issue 4: Forest Resiliency, 4) Threats - Silviculture",1,TRUE,TRUE,"As ecosystem changes and other forest stressors occur, genetic variants that were once an optimal choice for a specific site may change."
FL_FAP_2020,.context.partnerships_and_funding,"Issue 7: Longleaf Pine Ecosystems, Goal 9",1,TRUE,TRUE,"Strong partnerships are maintained with state and regional fire councils, state and federal fire and resource management agencies, and other natural resource conservation and management organizations "
FL_FAP_2020,.context.climate_threat_habitat_degradation,"Issue 7: Longleaf Pine Ecosystems, 4) Threats - Climate Change",1,TRUE,TRUE,"A primary threat from climate change facing the longleaf pine ecosystem lies in the potential for it to disrupt the delicate balance between precipitation, temperature, and disturbance (fire, tropical"
FL_FAP_2020,.context.climate_threat_species_vital_rates,"Issue 4: Forest Resiliency, 4) Threats - Forest Pests",1,TRUE,TRUE,"Elevated temperatures associated with climate change, particularly when there are consecutive warm years, can speed up the reproductive cycles of damaging insects and reduce cold-induced mortality."
FL_FAP_2020,.context.climate_threat_biotic_stressors,"Issue 4: Forest Resiliency, 4) Threats - Biological Diversity",1,TRUE,TRUE,"As the climate continues to change, invasive or aggressive native species may be able to outcompete other desirable species leading to a loss of biological diversity."
FL_FAP_2020,.actions.priority_habitat_identification,"Issue 2: Forest Fragmentation, 7) Priority Areas",1,TRUE,TRUE,"Understanding where areas of existing contiguous forested cover (Figure 1, page 35) overlap with threats of development (Figure 2, page 36) can help set the stage for prioritization of efforts to incr"
FL_FAP_2020,.actions.priority_habitat_identification,"Issue 4: Forest Resiliency, 7) Priority Areas",1,TRUE,TRUE,"Fragile forest ecosystems most at risk for loss due to development, climate change, invasive species, storms, insects and diseases should be prioritized."
FL_FAP_2020,.actions.priority_habitat_identification,"Issue 7: Longleaf Pine Ecosystems, 7) Priority Areas",1,TRUE,TRUE,"The map in Figure 5, Page 139 was created using data from the Range-wide Conservation Plan for Longleaf Pine, the Landowner Survey Focus Areas map provided by FWC, and managed areas mapped by the Flor"
FL_FAP_2020,.actions.targeted_range_shift_actions,"Issue 4: Forest Resiliency, 5) Opportunities",1,TRUE,TRUE,Enhancing forest heterogeneity at the landscape scale with a variety of size classes and species will facilitate desirable species migration as climate change or ecosystem-wide changes occurs. This co
FL_FAP_2020,.actions.time_bound_and_monitoring,"Issue 7: Longleaf Pine Ecosystems, 7) Priority Areas",1,TRUE,TRUE,"The Goals, Objectives, and Strategies listed below and in the Performance Measures that follow include ongoing, short-term (2 -3 years) near-term (5 years), and long-term implementation timeframes."
FL_FAP_2020,.actions.time_bound_and_monitoring,"Issue 7: Longleaf Pine Ecosystems, Goals, Objectives and Strategies - Goal 2",1,TRUE,TRUE,Objective 2.1: Accomplish fire-return intervals in LPE burn units on public lands in Florida that range from 1 to 5 years (depending on the ecosystem type) within the next 10 years.
FL_FAP_2020,.actions.time_bound_and_monitoring,"Issue 7: Longleaf Pine Ecosystems, Goal 7 - Performance Measures",1,TRUE,TRUE,"Research on the relationship between climate change and restoration and management of LPE is being conducted and supported by CFEOR, SERRPAS and USFS SRS, based on input from partners in public and pr"
FL_FAP_2020,.actions.evidence_of_efficacy,"Issue 7: Longleaf Pine Ecosystems, 3) Public Benefits",1,TRUE,TRUE,"Some research suggests that Longleaf Pine Ecosystems may be resilient to climate change (Costanza et al. 2015). Longleaf pines are relatively tolerant of climate-related stressors, such as drought (Sa"
FL_FAP_2020,.actions.evidence_of_efficacy,"Issue 7: Longleaf Pine Ecosystems, 5) Opportunities",1,TRUE,TRUE,A significant amount of research and land management experience over the last several decades have provided important information on the effectiveness of longleaf pine restoration and land management 
FL_FAP_2020,.actions.adaptation_planning_frameworks,"Issue 7: Longleaf Pine Ecosystems, Goals, Objectives and Strategies - Goal 7",1,TRUE,TRUE,Promote and demonstrate range-wide and site-based conservation planning for LPE restoration to support ecosystem adaptation (resilience and resistance) and integrate the results with other climate cha
FL_FAP_2020,.actions.adaptation_planning_frameworks,"Issue 4: Forest Resiliency, 5) Opportunities",1,TRUE,TRUE,Silvicultural practices can be applied and modified adaptively as disturbance regimes change over time.
FSM_FAP_2020,.concepts.climate_vulnerability,Kosrae State / Introduction,1,TRUE,TRUE,"The biggest threats to Kosrae's terrestrial biodiversity, forests and overall ecosystems are increasing with the effects of climate change. Kosrae's risk of the following impacts are high: landslides,"
FSM_FAP_2020,.concepts.climate_vulnerability,Chuuk State / C. Biodiversity Conservation / Conditions and Trends,1,TRUE,TRUE,The resilience inherent in intact forest ecosystems provides the best insurance against climate change and helps ensure that forests meet the needs of present and future generations
FSM_FAP_2020,.concepts.climate_vulnerability,Chuuk State / Introduction,1,TRUE,TRUE,"Given the low-lying nature of many of the islands in Chuuk, climate change also poses environmental and existential threats to Chuuk's islands and ecosystems."
FSM_FAP_2020,.concepts.adaptive_capacity_specificity,Chuuk State / C. Biodiversity Conservation / Conditions and Trends,1,TRUE,TRUE,The resilience inherent in intact forest ecosystems provides the best insurance against climate change and helps ensure that forests meet the needs of present and future generations
FSM_FAP_2020,.concepts.adaptive_capacity_components.demography,NA,NA,NA,FALSE,
FSM_FAP_2020,.concepts.adaptive_capacity_components.demography,NA,NA,NA,FALSE,
FSM_FAP_2020,.concepts.adaptive_capacity_components.demography,NA,NA,NA,FALSE,
FSM_FAP_2020,.concepts.adaptive_capacity_components.distribution,NA,NA,NA,FALSE,
FSM_FAP_2020,.concepts.adaptive_capacity_components.distribution,NA,NA,NA,FALSE,
FSM_FAP_2020,.concepts.adaptive_capacity_components.distribution,NA,NA,NA,FALSE,
FSM_FAP_2020,.concepts.adaptive_capacity_components.movement,NA,NA,NA,FALSE,
FSM_FAP_2020,.concepts.adaptive_capacity_components.movement,NA,NA,NA,FALSE,
FSM_FAP_2020,.concepts.adaptive_capacity_components.movement,NA,NA,NA,FALSE,
FSM_FAP_2020,.concepts.adaptive_capacity_components.evolutionary_potential,Chuuk State / C. Biodiversity Conservation / Conditions and Trends,1,TRUE,TRUE,Agrobiodiversity (the diversity and sub-specific variation in food crops) is also high and a valuable cultural heritage as well as a genetic hedge against climate change.
FSM_FAP_2020,.concepts.adaptive_capacity_components.ecological_dependencies,Kosrae State / A. Biodiversity Conservation / Conditions and Trends,1,TRUE,TRUE,"decreases in seed dispersers such as fruit bats, Micronesian pigeons and other birds"
FSM_FAP_2020,.concepts.adaptive_capacity_components.abiotic_niche,NA,NA,NA,FALSE,
FSM_FAP_2020,.concepts.adaptive_capacity_components.abiotic_niche,NA,NA,NA,FALSE,
FSM_FAP_2020,.concepts.adaptive_capacity_components.abiotic_niche,NA,NA,NA,FALSE,
FSM_FAP_2020,.concepts.adaptive_capacity_components.life_history,NA,NA,NA,FALSE,
FSM_FAP_2020,.concepts.adaptive_capacity_components.life_history,NA,NA,NA,FALSE,
FSM_FAP_2020,.concepts.adaptive_capacity_components.life_history,NA,NA,NA,FALSE,
FSM_FAP_2020,.concepts.connectivity,Kosrae AON / Goals and Objectives (Forest Legacy criteria listing),1,TRUE,TRUE,Maintain habitat connectivity/corridors and related values.
FSM_FAP_2020,.tools.vulnerability_models,NA,NA,NA,FALSE,
FSM_FAP_2020,.tools.vulnerability_models,NA,NA,NA,FALSE,
FSM_FAP_2020,.tools.vulnerability_models,NA,NA,NA,FALSE,
FSM_FAP_2020,.tools.niche_models,TABLE K3 KOSRAE STATE STRATEGIES,1,TRUE,TRUE,Implement Island Wide Mangrove Assessment and WARMER Model of Kosrae (following the Pohnpei Pilot Project)
FSM_FAP_2020,.tools.climate_models,CHUUK STATE FOREST RESOURCE STRATEGY / All Other Mapped Priority Areas,1,TRUE,TRUE,"MAP C8 -Chuuk lagoon islands: Sea-Level Rise and Inundation hazard map This map was generated from the Sea Level Rise (SLR) projection modeling project in collaboration of FSM OEEM office, SPC and COM"
FSM_FAP_2020,.tools.climate_models,POHNPEI STATE FOREST RESOURCE STRATEGY / Maps,1,TRUE,TRUE,"P10 -Pohnpei main island -Sea-Level Rise and Inundation hazard map This map was generated from the Sea Level Rise projection modeling project in collaboration of FSM OEEM office, SPC and COM-FSM back "
FSM_FAP_2020,.tools.climate_models,YAP STATE FOREST RESOURCE STRATEGY / Maps,1,TRUE,TRUE,"Y13 -Yap main island -Sea-Level Rise and Inundation hazard map This map was generated from the Sea Level Rise projection modeling project in collaboration of FSM OEEM office, SPC and COM-FSM in 2013 s"
FSM_FAP_2020,.tools.connectivity_models,NA,NA,NA,FALSE,
FSM_FAP_2020,.tools.connectivity_models,NA,NA,NA,FALSE,
FSM_FAP_2020,.tools.connectivity_models,NA,NA,NA,FALSE,
FSM_FAP_2020,.context.management_scale.local,Chuuk State / B. Coastal Stabilization / Strengths,1,TRUE,TRUE,"Community-Based Management Strategies: Through planning tools such as the Locally Managed Marine Area (LMMA), the Local Early Action Planning tool (LEAP), Forest Stewardship planning and other plannin"
FSM_FAP_2020,.context.management_scale.site,Chuuk State / B. Coastal Stabilization / Strengths,1,TRUE,TRUE,Successful Revival of Mangrove Sites: There has been focus on mangrove rehabilitation and planting that has led to the successful revival of seven sites in the state so far.
FSM_FAP_2020,.context.management_scale.watershed,Pohnpei State / D. Watersheds / Priority area,1,TRUE,TRUE,The Pohnpei Watershed Reserve and other watershed areas are priority landscapes.
FSM_FAP_2020,.context.management_scale.city,NA,NA,NA,FALSE,
FSM_FAP_2020,.context.management_scale.city,NA,NA,NA,FALSE,
FSM_FAP_2020,.context.management_scale.city,NA,NA,NA,FALSE,
FSM_FAP_2020,.context.management_scale.county,NA,NA,NA,FALSE,
FSM_FAP_2020,.context.management_scale.county,NA,NA,NA,FALSE,
FSM_FAP_2020,.context.management_scale.county,NA,NA,NA,FALSE,
FSM_FAP_2020,.context.management_scale.within_state_region,Chuuk State / Introduction,1,TRUE,TRUE,"Chuuk Lagoon and the Outer island regions of Nomwunweito, Halls, Patti, and Mortlocks"
FSM_FAP_2020,.context.management_scale.state,Introduction,1,TRUE,TRUE,"The FSM 2020 FAP includes two components of the assessment and planning required by S&PF to identify priority forest landscape areas and highlight work needed to address national (US), regional, and '"
FSM_FAP_2020,.context.management_scale.multistate,Micronesia Challenge,1,TRUE,TRUE,"The Micronesia Challenge (MC) is a shared commitment made by the FSM, Guam, Palau, CNMI, and the RMI originally launched in 2006 to effectively conserve 30% of marine resources and 20% of terrestrial "
FSM_FAP_2020,.context.management_scale.national,Cross-cutting Threats / Invasive species (National),1,TRUE,TRUE,The FSM National overarching goals for invasive alien species as outlined in the Federated States of Micronesia Invasive Species Strategy and Action Plan 2016-2021
FSM_FAP_2020,.context.management_scale.transnational,NA,NA,NA,FALSE,
FSM_FAP_2020,.context.management_scale.transnational,NA,NA,NA,FALSE,
FSM_FAP_2020,.context.management_scale.transnational,NA,NA,NA,FALSE,
FSM_FAP_2020,.context.management_scale.ecosystem,Chuuk State / D. Watersheds / Conditions and Trends,1,TRUE,TRUE,Watersheds integrate natural habitats from ridge to reef and greatly affect the quality of downstream habitats.
FSM_FAP_2020,.context.management_scale.ecoregion,Chuuk State / C. Biodiversity Conservation / Conditions and Trends,1,TRUE,TRUE,The FSM and its states are recognized part of the globally important Polynesia-Micronesia biodiversity hotspot
FSM_FAP_2020,.context.management_scale.province,NA,NA,NA,FALSE,
FSM_FAP_2020,.context.management_scale.province,NA,NA,NA,FALSE,
FSM_FAP_2020,.context.management_scale.province,NA,NA,NA,FALSE,
FSM_FAP_2020,.context.management_scale.section,NA,NA,NA,FALSE,
FSM_FAP_2020,.context.management_scale.section,NA,NA,NA,FALSE,
FSM_FAP_2020,.context.management_scale.section,NA,NA,NA,FALSE,
FSM_FAP_2020,.context.management_scale.subsection,NA,NA,NA,FALSE,
FSM_FAP_2020,.context.management_scale.subsection,NA,NA,NA,FALSE,
FSM_FAP_2020,.context.management_scale.subsection,NA,NA,NA,FALSE,
FSM_FAP_2020,.context.management_scale.lake,NA,NA,NA,FALSE,
FSM_FAP_2020,.context.management_scale.lake,NA,NA,NA,FALSE,
FSM_FAP_2020,.context.management_scale.lake,NA,NA,NA,FALSE,
FSM_FAP_2020,.context.management_scale.river,Yap State / C. Watershed / Priority areas,1,TRUE,TRUE,"Watersheds, rivers, riverine buffer zones and wetlands."
FSM_FAP_2020,.context.management_scale.district,NA,NA,NA,FALSE,
FSM_FAP_2020,.context.management_scale.district,NA,NA,NA,FALSE,
FSM_FAP_2020,.context.management_scale.district,NA,NA,NA,FALSE,
FSM_FAP_2020,.context.biological_unit_score,Chuuk State / C. Biodiversity Conservation / Conditions and Trends,1,TRUE,TRUE,Chuuk hosts high levels of species endemism being home to sixteen endemic plant species and three endemic bird species
FSM_FAP_2020,.context.biological_unit_score,Chuuk State / C. Biodiversity Conservation / Conditions and Trends,1,TRUE,TRUE,The resilience inherent in intact forest ecosystems provides the best insurance against climate change and helps ensure that forests meet the needs of present and future generations
FSM_FAP_2020,.context.biological_unit_components.species,Chuuk State / C. Biodiversity Conservation / Conditions and Trends,1,TRUE,TRUE,Chuuk hosts high levels of species endemism being home to sixteen endemic plant species and three endemic bird species
FSM_FAP_2020,.context.biological_unit_components.population,NA,NA,NA,FALSE,
FSM_FAP_2020,.context.biological_unit_components.population,NA,NA,NA,FALSE,
FSM_FAP_2020,.context.biological_unit_components.population,NA,NA,NA,FALSE,
FSM_FAP_2020,.context.biological_unit_components.habitat,"TABLE K 2 KOSRAE ISSUES, PRIORITY AREAS, NATIONAL THEMES",0.625,FALSE,TRUE,"Priority is native forests and wetlands, protected areas (PAs) (MAP10) and the areas of biodiversity significance (ABS)"
FSM_FAP_2020,.context.biological_unit_components.ecosystem,Chuuk State / C. Biodiversity Conservation / Conditions and Trends,1,TRUE,TRUE,The resilience inherent in intact forest ecosystems provides the best insurance against climate change and helps ensure that forests meet the needs of present and future generations
FSM_FAP_2020,.context.biological_unit_components.community,N/A - not in document; correct citation,0.35,FALSE,TRUE,Mass mortality events have been observed in intertidal communities following recent marine heatwaves.
FSM_FAP_2020,.context.biological_unit_components.genotype_phenotype,Pohnpei State / Conditions and Trends (outer islands paragraph),1,TRUE,TRUE,there may be important variation at the sub specific and varietal levels that are potentially valuable in terms of adaptation to climate change and sea level rise
FSM_FAP_2020,.context.partnerships_and_funding,FSM FAP / FAP Development,1,TRUE,TRUE,"USFS, provided crucial technical support, funding assistance, review of the draft FAP, and overall guidance and support."
FSM_FAP_2020,.context.partnerships_and_funding,Green Climate Fund,0.3146,FALSE,TRUE,The Green Climate Fund (GCF) is a fund established within the framework of the United Nations Framework Convention on Climate Change (UNFCCC) as an operating entity of the Financial Mechanism to assis
FSM_FAP_2020,.context.partnerships_and_funding,Global Environment Fund (GEF) 7th Replenishment (Sustainable Land Management),1,TRUE,TRUE,"At the time this FAP was submitted, a concept note was being prepared for the next GEF replenishment from UNDP, with the working title 'Securing global environmental benefits in FSM through climateres"
FSM_FAP_2020,.context.climate_threat_habitat_degradation,Chuuk State / Cross-cutting Threats / Climate change,1,TRUE,TRUE,"Direct impacts from climate change on terrestrial resources include threats to traditional agroforestry systems through saltwater intrusion, droughts and typhoons"
FSM_FAP_2020,.context.climate_threat_habitat_degradation,Cross-cutting Threats / Climate change (National),1,TRUE,TRUE,"Rising sea level generates coastal erosion, dangerous marine inundation, and salt contamination of soil, food, and water sources."
FSM_FAP_2020,.context.climate_threat_species_vital_rates,Chuuk State / Cross-cutting Threats / Wildfires,1,TRUE,TRUE,"During times of drought, wildfires burn unchecked destroying grasslands, eroding forest edges and preventing weedy areas from reforesting by killing tree seedlings."
FSM_FAP_2020,.context.climate_threat_biotic_stressors,Chuuk State / Cross-cutting Threats / Climate change,1,TRUE,TRUE,"Climate change is identified as a major threat to all FSM National Issues and is exasperating the negative impacts of numerous other issues such as loss of land for agroforestry, decrease in coastal s"
FSM_FAP_2020,.actions.priority_habitat_identification,Chuuk State / C. Biodiversity Conservation / Priority areas,0.3467,FALSE,TRUE,"MAP C5: Chuuk lagoon islands -Biodiversity Conservation analysis map ... Dark green areas (69.7%) are the high potential areas (upland, agroforestry, and all land ABS areas), light green areas (16.8%)"
FSM_FAP_2020,.actions.priority_habitat_identification,CHUUK STATE FOREST RESOURCE STRATEGY / All Other Mapped Priority Areas,1,TRUE,TRUE,"MAP C8 -Chuuk lagoon islands: Sea-Level Rise and Inundation hazard map This map was generated from the Sea Level Rise (SLR) projection modeling project in collaboration of FSM OEEM office, SPC and COM"
FSM_FAP_2020,.actions.priority_habitat_identification,Kosrae State / A. Biodiversity Conservation / MAP K3,1,TRUE,TRUE,"The High Potential areas in dark green (84.1%) include the native forests and wetlands, protected areas (PAs) and the areas of biodiversity significance (ABS); the Potential areas in light green (12.8"
FSM_FAP_2020,.actions.targeted_range_shift_actions,NA,NA,NA,FALSE,
FSM_FAP_2020,.actions.targeted_range_shift_actions,NA,NA,NA,FALSE,
FSM_FAP_2020,.actions.targeted_range_shift_actions,NA,NA,NA,FALSE,
FSM_FAP_2020,.actions.time_bound_and_monitoring,Pohnpei State / Cross-cutting threats / Invasive species,1,TRUE,TRUE,"The iSTOP Strategic Action Plan (SAP) establishes goals, objectives, activities, collaborators, timeframe, funding sources and estimated costs for control of specific species."
FSM_FAP_2020,.actions.evidence_of_efficacy,Chuuk State / B. Coastal Stabilization / Strengths,1,TRUE,TRUE,Successful Revival of Mangrove Sites: There has been focus on mangrove rehabilitation and planting that has led to the successful revival of seven sites in the state so far. This includes the replanti
FSM_FAP_2020,.actions.evidence_of_efficacy,Kosrae State / F. Capacity-building / Opportunities,1,TRUE,TRUE,Forest Inventory and Analysis (FIA): the FIA in 2006 provided a baseline understanding of the status of the forests and terrestrial resources. The re-measurement in 2016 provided an opportunity to gau
FSM_FAP_2020,.actions.adaptation_planning_frameworks,YAP STATE / TABLE Y 1 / Climate Change section,1,TRUE,TRUE,Strategies in this FAP should be considered with a climate lens for planning and implementation. The Pacific Islands Managed and Protected Area Community (PIMPAC) has a Local Early Action Planning (LE
FSM_FAP_2020,.actions.adaptation_planning_frameworks,TABLE C3 CHUUK STATE STRATEGIES,1,TRUE,TRUE,A.2. Work with landowners to investigate and pilot new technologies and methodologies for food security to enhance agroforestry and food production for climate adaptation and disaster planning
GA_FAP_2020,.concepts.climate_vulnerability,"Ecological Impacts bullet list, Threats to Forest Resources (GA_FAP-RA_2020.pdf)",1,TRUE,TRUE,"Productive, dry sites may become more vulnerable. Pine plantations established on dry sites could become highly vulnerable to the effects of climate change."
GA_FAP_2020,.concepts.climate_vulnerability,"Ecological Impacts bullet list, Threats to Forest Resources (GA_FAP-RA_2020.pdf)",1,TRUE,TRUE,"Expansion/contraction of species range. In general, ranges could move northward and up slope for all species, including Georgia's primary timber producing species."
GA_FAP_2020,.concepts.adaptive_capacity_specificity,NA,NA,NA,FALSE,
GA_FAP_2020,.concepts.adaptive_capacity_specificity,NA,NA,NA,FALSE,
GA_FAP_2020,.concepts.adaptive_capacity_specificity,NA,NA,NA,FALSE,
GA_FAP_2020,.concepts.adaptive_capacity_components.demography,NA,NA,NA,FALSE,
GA_FAP_2020,.concepts.adaptive_capacity_components.demography,NA,NA,NA,FALSE,
GA_FAP_2020,.concepts.adaptive_capacity_components.demography,NA,NA,NA,FALSE,
GA_FAP_2020,.concepts.adaptive_capacity_components.distribution,"Ecological Impacts bullet list, Threats to Forest Resources (GA_FAP-RA_2020.pdf)",1,TRUE,TRUE,"Expansion/contraction of species range. In general, ranges could move northward and up slope for all species, including Georgia's primary timber producing species."
GA_FAP_2020,.concepts.adaptive_capacity_components.movement,NA,NA,NA,FALSE,
GA_FAP_2020,.concepts.adaptive_capacity_components.movement,NA,NA,NA,FALSE,
GA_FAP_2020,.concepts.adaptive_capacity_components.movement,NA,NA,NA,FALSE,
GA_FAP_2020,.concepts.adaptive_capacity_components.evolutionary_potential,NA,NA,NA,FALSE,
GA_FAP_2020,.concepts.adaptive_capacity_components.evolutionary_potential,NA,NA,NA,FALSE,
GA_FAP_2020,.concepts.adaptive_capacity_components.evolutionary_potential,NA,NA,NA,FALSE,
GA_FAP_2020,.concepts.adaptive_capacity_components.ecological_dependencies,NA,NA,NA,FALSE,
GA_FAP_2020,.concepts.adaptive_capacity_components.ecological_dependencies,NA,NA,NA,FALSE,
GA_FAP_2020,.concepts.adaptive_capacity_components.ecological_dependencies,NA,NA,NA,FALSE,
GA_FAP_2020,.concepts.adaptive_capacity_components.abiotic_niche,NA,NA,NA,FALSE,
GA_FAP_2020,.concepts.adaptive_capacity_components.abiotic_niche,NA,NA,NA,FALSE,
GA_FAP_2020,.concepts.adaptive_capacity_components.abiotic_niche,NA,NA,NA,FALSE,
GA_FAP_2020,.concepts.adaptive_capacity_components.life_history,NA,NA,NA,FALSE,
GA_FAP_2020,.concepts.adaptive_capacity_components.life_history,NA,NA,NA,FALSE,
GA_FAP_2020,.concepts.adaptive_capacity_components.life_history,NA,NA,NA,FALSE,
GA_FAP_2020,.concepts.connectivity,Threats to Forest Resources / Urbanization and Changing Land Uses (GA_FAP-RA_2020.pdf),1,TRUE,TRUE,"Both fragmentation and parcelization may disrupt wildlife corridors and migration routes of many wildlife species. Those species requiring large, undisturbed expanses may decline."
GA_FAP_2020,.tools.vulnerability_models,NA,NA,NA,FALSE,
GA_FAP_2020,.tools.vulnerability_models,NA,NA,NA,FALSE,
GA_FAP_2020,.tools.vulnerability_models,NA,NA,NA,FALSE,
GA_FAP_2020,.tools.niche_models,NA,NA,NA,FALSE,
GA_FAP_2020,.tools.niche_models,NA,NA,NA,FALSE,
GA_FAP_2020,.tools.niche_models,NA,NA,NA,FALSE,
GA_FAP_2020,.tools.climate_models,"Ecological Impacts bullet list, Threats to Forest Resources (GA_FAP-RA_2020.pdf)",1,TRUE,TRUE,"Although current models differ on how precipitation will respond to climate change, much of the southeast is likely to experience longer and more frequent droughts."
GA_FAP_2020,.tools.connectivity_models,NA,NA,NA,FALSE,
GA_FAP_2020,.tools.connectivity_models,NA,NA,NA,FALSE,
GA_FAP_2020,.tools.connectivity_models,NA,NA,NA,FALSE,
GA_FAP_2020,.context.management_scale.local,NA,NA,NA,FALSE,
GA_FAP_2020,.context.management_scale.local,NA,NA,NA,FALSE,
GA_FAP_2020,.context.management_scale.local,NA,NA,NA,FALSE,
GA_FAP_2020,.context.management_scale.site,NA,NA,NA,FALSE,
GA_FAP_2020,.context.management_scale.site,NA,NA,NA,FALSE,
GA_FAP_2020,.context.management_scale.site,NA,NA,NA,FALSE,
GA_FAP_2020,.context.management_scale.watershed,Priority area identification section (GA_FAP-RA_2020.pdf),0.9769,TRUE,TRUE,"The 12-digit Hydrologic Unit Codes (HUCs) were selected as a bounding area because they, for the most part, represent a consistent area of approximately 45km2. Areas that were represented by 30 percen"
GA_FAP_2020,.context.management_scale.city,NA,NA,NA,FALSE,
GA_FAP_2020,.context.management_scale.city,NA,NA,NA,FALSE,
GA_FAP_2020,.context.management_scale.city,NA,NA,NA,FALSE,
GA_FAP_2020,.context.management_scale.county,Restoration and management of pine savanna habitats (GA_FAP-RA_2020.pdf),1,TRUE,TRUE,Portions of 61 Georgia counties have been identified as high priority for bobwhite restoration (Figure 52).
GA_FAP_2020,.context.management_scale.within_state_region,Priority area identification section (GA_FAP-RA_2020.pdf),1,TRUE,TRUE,"Six priority area boundaries were defined as Blue Ridge, Ridge and Valley, Fall Line, Large River Bottomlands, Atlantic Coastal Plain and East Gulf Coastal Plain."
GA_FAP_2020,.context.management_scale.state,Leading Threats and Pressing Issues (GA_FAP-RA_2020.pdf),1,TRUE,TRUE,The Georgia Statewide Assessment of Forest Resources is a comprehensive and thorough analysis of one of the nation's most abundant and productive expanses of natural splendor.
GA_FAP_2020,.context.management_scale.multistate,"Alabama-Georgia-Florida Longleaf Pine Corridor, Regional Priority Areas (GA_FAP-RA_2020.pdf)",1,TRUE,TRUE,"The development of a longleaf pine corridor from Ft. Benning, Georgia to Eglin Air Force Base, Florida via Ft. Rucker, Alabama would protect, conserve and restore longleaf pine ecosystems that are cri"
GA_FAP_2020,.context.management_scale.national,NA,NA,NA,FALSE,
GA_FAP_2020,.context.management_scale.national,NA,NA,NA,FALSE,
GA_FAP_2020,.context.management_scale.national,NA,NA,NA,FALSE,
GA_FAP_2020,.context.management_scale.transnational,NA,NA,NA,FALSE,
GA_FAP_2020,.context.management_scale.transnational,NA,NA,NA,FALSE,
GA_FAP_2020,.context.management_scale.transnational,NA,NA,NA,FALSE,
GA_FAP_2020,.context.management_scale.ecosystem,"Ecological Impacts bullet list, Threats to Forest Resources (GA_FAP-RA_2020.pdf)",1,TRUE,TRUE,"Expansion/contraction of species range. In general, ranges could move northward and up slope for all species, including Georgia's primary timber producing species."
GA_FAP_2020,.context.management_scale.ecoregion,Forest Resource Conditions / Ecological Regions (GA_FAP-RA_2020.pdf),1,TRUE,TRUE,"The six physiographic ecoregions of Georgia are the Southern Coastal Plain, Southeastern Coastal Plains, Piedmont, Blue Ridge, Ridge and Valley and Cumberland Plateau."
GA_FAP_2020,.context.management_scale.province,NA,NA,NA,FALSE,
GA_FAP_2020,.context.management_scale.province,NA,NA,NA,FALSE,
GA_FAP_2020,.context.management_scale.province,NA,NA,NA,FALSE,
GA_FAP_2020,.context.management_scale.section,NA,NA,NA,FALSE,
GA_FAP_2020,.context.management_scale.section,NA,NA,NA,FALSE,
GA_FAP_2020,.context.management_scale.section,NA,NA,NA,FALSE,
GA_FAP_2020,.context.management_scale.subsection,NA,NA,NA,FALSE,
GA_FAP_2020,.context.management_scale.subsection,NA,NA,NA,FALSE,
GA_FAP_2020,.context.management_scale.subsection,NA,NA,NA,FALSE,
GA_FAP_2020,.context.management_scale.lake,NA,NA,NA,FALSE,
GA_FAP_2020,.context.management_scale.lake,NA,NA,NA,FALSE,
GA_FAP_2020,.context.management_scale.lake,NA,NA,NA,FALSE,
GA_FAP_2020,.context.management_scale.river,NA,NA,NA,FALSE,
GA_FAP_2020,.context.management_scale.river,NA,NA,NA,FALSE,
GA_FAP_2020,.context.management_scale.river,NA,NA,NA,FALSE,
GA_FAP_2020,.context.management_scale.district,NA,NA,NA,FALSE,
GA_FAP_2020,.context.management_scale.district,NA,NA,NA,FALSE,
GA_FAP_2020,.context.management_scale.district,NA,NA,NA,FALSE,
GA_FAP_2020,.context.biological_unit_score,"Ecological Impacts bullet list, Threats to Forest Resources (GA_FAP-RA_2020.pdf)",1,TRUE,TRUE,"Expansion/contraction of species range. In general, ranges could move northward and up slope for all species, including Georgia's primary timber producing species."
GA_FAP_2020,.context.biological_unit_score,"Ecological Impacts bullet list, Threats to Forest Resources (GA_FAP-RA_2020.pdf)",1,TRUE,TRUE,Changes in forest species composition. More drought-hardy species may be able to better compete in the pine forests of Georgia. Quercus species may become a larger component of today's pine forests.
GA_FAP_2020,.context.biological_unit_components.species,"Ecological Impacts bullet list, Threats to Forest Resources (GA_FAP-RA_2020.pdf)",1,TRUE,TRUE,"Expansion/contraction of species range. In general, ranges could move northward and up slope for all species, including Georgia's primary timber producing species."
GA_FAP_2020,.context.biological_unit_components.population,NA,NA,NA,FALSE,
GA_FAP_2020,.context.biological_unit_components.population,NA,NA,NA,FALSE,
GA_FAP_2020,.context.biological_unit_components.population,NA,NA,NA,FALSE,
GA_FAP_2020,.context.biological_unit_components.habitat,"Ecological Impacts bullet list, Threats to Forest Resources (GA_FAP-RA_2020.pdf)",1,TRUE,TRUE,"Productive, dry sites may become more vulnerable. Pine plantations established on dry sites could become highly vulnerable to the effects of climate change."
GA_FAP_2020,.context.biological_unit_components.ecosystem,"Ecological Impacts bullet list, Threats to Forest Resources (GA_FAP-RA_2020.pdf)",1,TRUE,TRUE,Changes in forest species composition. More drought-hardy species may be able to better compete in the pine forests of Georgia. Quercus species may become a larger component of today's pine forests.
GA_FAP_2020,.context.biological_unit_components.community,NA,NA,NA,FALSE,
GA_FAP_2020,.context.biological_unit_components.community,NA,NA,NA,FALSE,
GA_FAP_2020,.context.biological_unit_components.community,NA,NA,NA,FALSE,
GA_FAP_2020,.context.biological_unit_components.genotype_phenotype,NA,NA,NA,FALSE,
GA_FAP_2020,.context.biological_unit_components.genotype_phenotype,NA,NA,NA,FALSE,
GA_FAP_2020,.context.biological_unit_components.genotype_phenotype,NA,NA,NA,FALSE,
GA_FAP_2020,.context.partnerships_and_funding,Potential Agency and Organization Roles (carbon sequestration) (GA_FAP-RA_2020.pdf),1,TRUE,TRUE,GFC staff members continue to monitor developments on a national scale concerning climate change legislation so that Georgia's landowners will be well positioned to participate in carbon markets.
GA_FAP_2020,.context.climate_threat_habitat_degradation,"Ecological Impacts bullet list, Threats to Forest Resources (GA_FAP-RA_2020.pdf)",1,TRUE,TRUE,"Higher temperatures may also result in lower moisture availability due to increased evapotranspiration, leading to overall drying conditions. Both of these factors will result in higher mortality of t"
GA_FAP_2020,.context.climate_threat_species_vital_rates,"Ecological Impacts bullet list, Threats to Forest Resources (GA_FAP-RA_2020.pdf)",1,TRUE,TRUE,"Increased vulnerability to pests, pathogens, and natural disturbance. Some current models indicate that average temperatures will increase in all seasons. This means a longer growing season, which may"
GA_FAP_2020,.context.climate_threat_biotic_stressors,"Ecological Impacts bullet list, Threats to Forest Resources (GA_FAP-RA_2020.pdf)",1,TRUE,TRUE,Changes in forest species composition. More drought-hardy species may be able to better compete in the pine forests of Georgia. Quercus species may become a larger component of today's pine forests.
GA_FAP_2020,.actions.priority_habitat_identification,Priority area identification section (GA_FAP-RA_2020.pdf),1,TRUE,TRUE,"Six priority area boundaries were defined as Blue Ridge, Ridge and Valley, Fall Line, Large River Bottomlands, Atlantic Coastal Plain and East Gulf Coastal Plain."
GA_FAP_2020,.actions.targeted_range_shift_actions,NA,NA,NA,FALSE,
GA_FAP_2020,.actions.targeted_range_shift_actions,NA,NA,NA,FALSE,
GA_FAP_2020,.actions.targeted_range_shift_actions,NA,NA,NA,FALSE,
GA_FAP_2020,.actions.time_bound_and_monitoring,"INTRODUCTION, GA_FAP-S_2020.pdf",1,TRUE,TRUE,Includes timelines for project and program implementation; Identifies partner and stakeholder involvement; Identifies strategies for monitoring outcomes within priority forest landscape areas and how 
GA_FAP_2020,.actions.evidence_of_efficacy,Threats to Forest Resources / Wildfire section (GA_FAP-RA_2020.pdf),1,TRUE,TRUE,"Paleontological data demonstrates that southern forest ecosystems have adapted to gradual changes in climate for millions of years (Iverson and Prasad 2001; Karl et al. 2009). Historically, these clim"
GA_FAP_2020,.actions.adaptation_planning_frameworks,NA,NA,NA,FALSE,
GA_FAP_2020,.actions.adaptation_planning_frameworks,NA,NA,NA,FALSE,
GA_FAP_2020,.actions.adaptation_planning_frameworks,NA,NA,NA,FALSE,
GU_FAP_2020,.concepts.climate_vulnerability,NA,NA,NA,FALSE,
GU_FAP_2020,.concepts.climate_vulnerability,NA,NA,NA,FALSE,
GU_FAP_2020,.concepts.climate_vulnerability,NA,NA,NA,FALSE,
GU_FAP_2020,.concepts.adaptive_capacity_specificity,NA,NA,NA,FALSE,
GU_FAP_2020,.concepts.adaptive_capacity_specificity,NA,NA,NA,FALSE,
GU_FAP_2020,.concepts.adaptive_capacity_specificity,NA,NA,NA,FALSE,
GU_FAP_2020,.concepts.adaptive_capacity_components.demography,NA,NA,NA,FALSE,
GU_FAP_2020,.concepts.adaptive_capacity_components.demography,NA,NA,NA,FALSE,
GU_FAP_2020,.concepts.adaptive_capacity_components.demography,NA,NA,NA,FALSE,
GU_FAP_2020,.concepts.adaptive_capacity_components.distribution,NA,NA,NA,FALSE,
GU_FAP_2020,.concepts.adaptive_capacity_components.distribution,NA,NA,NA,FALSE,
GU_FAP_2020,.concepts.adaptive_capacity_components.distribution,NA,NA,NA,FALSE,
GU_FAP_2020,.concepts.adaptive_capacity_components.movement,NA,NA,NA,FALSE,
GU_FAP_2020,.concepts.adaptive_capacity_components.movement,NA,NA,NA,FALSE,
GU_FAP_2020,.concepts.adaptive_capacity_components.movement,NA,NA,NA,FALSE,
GU_FAP_2020,.concepts.adaptive_capacity_components.evolutionary_potential,NA,NA,NA,FALSE,
GU_FAP_2020,.concepts.adaptive_capacity_components.evolutionary_potential,NA,NA,NA,FALSE,
GU_FAP_2020,.concepts.adaptive_capacity_components.evolutionary_potential,NA,NA,NA,FALSE,
GU_FAP_2020,.concepts.adaptive_capacity_components.ecological_dependencies,NA,NA,NA,FALSE,
GU_FAP_2020,.concepts.adaptive_capacity_components.ecological_dependencies,NA,NA,NA,FALSE,
GU_FAP_2020,.concepts.adaptive_capacity_components.ecological_dependencies,NA,NA,NA,FALSE,
GU_FAP_2020,.concepts.adaptive_capacity_components.abiotic_niche,NA,NA,NA,FALSE,
GU_FAP_2020,.concepts.adaptive_capacity_components.abiotic_niche,NA,NA,NA,FALSE,
GU_FAP_2020,.concepts.adaptive_capacity_components.abiotic_niche,NA,NA,NA,FALSE,
GU_FAP_2020,.concepts.adaptive_capacity_components.life_history,NA,NA,NA,FALSE,
GU_FAP_2020,.concepts.adaptive_capacity_components.life_history,NA,NA,NA,FALSE,
GU_FAP_2020,.concepts.adaptive_capacity_components.life_history,NA,NA,NA,FALSE,
GU_FAP_2020,.concepts.connectivity,NA,NA,NA,FALSE,
GU_FAP_2020,.concepts.connectivity,NA,NA,NA,FALSE,
GU_FAP_2020,.concepts.connectivity,NA,NA,NA,FALSE,
GU_FAP_2020,.tools.vulnerability_models,NA,NA,NA,FALSE,
GU_FAP_2020,.tools.vulnerability_models,NA,NA,NA,FALSE,
GU_FAP_2020,.tools.vulnerability_models,NA,NA,NA,FALSE,
GU_FAP_2020,.tools.niche_models,NA,NA,NA,FALSE,
GU_FAP_2020,.tools.niche_models,NA,NA,NA,FALSE,
GU_FAP_2020,.tools.niche_models,NA,NA,NA,FALSE,
GU_FAP_2020,.tools.climate_models,NA,NA,NA,FALSE,
GU_FAP_2020,.tools.climate_models,NA,NA,NA,FALSE,
GU_FAP_2020,.tools.climate_models,NA,NA,NA,FALSE,
GU_FAP_2020,.tools.connectivity_models,NA,NA,NA,FALSE,
GU_FAP_2020,.tools.connectivity_models,NA,NA,NA,FALSE,
GU_FAP_2020,.tools.connectivity_models,NA,NA,NA,FALSE,
GU_FAP_2020,.context.management_scale.local,Step-Down Approach for Landscape Management,1,TRUE,TRUE,Site Design & Implementation Strategy (40 -70% Design). This piece focuses on one or more of the identified projects/ action items from the Action Plan and provides the technical and cost basis for im
GU_FAP_2020,.context.management_scale.site,Step-Down Approach for Landscape Management,1,TRUE,TRUE,"Geographic Scale: Approved and Vetted Project Areas within Watershed (site-specific, 10's of acres)."
GU_FAP_2020,.context.management_scale.watershed,Step-Down Approach for Landscape Management,1,TRUE,TRUE,"The assessment involves a multidisciplinary approach to resource management, involving vegetation, hydrology, soils, wildlife, marine resources, agriculture, recreation, and other cultural resources."
GU_FAP_2020,.context.management_scale.city,NA,NA,NA,FALSE,
GU_FAP_2020,.context.management_scale.city,NA,NA,NA,FALSE,
GU_FAP_2020,.context.management_scale.city,NA,NA,NA,FALSE,
GU_FAP_2020,.context.management_scale.county,NA,NA,NA,FALSE,
GU_FAP_2020,.context.management_scale.county,NA,NA,NA,FALSE,
GU_FAP_2020,.context.management_scale.county,NA,NA,NA,FALSE,
GU_FAP_2020,.context.management_scale.within_state_region,Watersheds on Guam,1,TRUE,TRUE,"The major watersheds of Guam were divided into three groups: western, eastern, and northern regions to capture the major changes in soils and topography."
GU_FAP_2020,.context.management_scale.state,Agencies and Stakeholders,1,TRUE,TRUE,This document provides the technical assessment needed to identify priority landscapes for implementation of S&PF Programs at the island scale.
GU_FAP_2020,.context.management_scale.multistate,NA,NA,NA,FALSE,
GU_FAP_2020,.context.management_scale.multistate,NA,NA,NA,FALSE,
GU_FAP_2020,.context.management_scale.multistate,NA,NA,NA,FALSE,
GU_FAP_2020,.context.management_scale.national,NA,NA,NA,FALSE,
GU_FAP_2020,.context.management_scale.national,NA,NA,NA,FALSE,
GU_FAP_2020,.context.management_scale.national,NA,NA,NA,FALSE,
GU_FAP_2020,.context.management_scale.transnational,NA,NA,NA,FALSE,
GU_FAP_2020,.context.management_scale.transnational,NA,NA,NA,FALSE,
GU_FAP_2020,.context.management_scale.transnational,NA,NA,NA,FALSE,
GU_FAP_2020,.context.management_scale.ecosystem,NA,NA,NA,FALSE,
GU_FAP_2020,.context.management_scale.ecosystem,NA,NA,NA,FALSE,
GU_FAP_2020,.context.management_scale.ecosystem,NA,NA,NA,FALSE,
GU_FAP_2020,.context.management_scale.ecoregion,NA,NA,NA,FALSE,
GU_FAP_2020,.context.management_scale.ecoregion,NA,NA,NA,FALSE,
GU_FAP_2020,.context.management_scale.ecoregion,NA,NA,NA,FALSE,
GU_FAP_2020,.context.management_scale.province,NA,NA,NA,FALSE,
GU_FAP_2020,.context.management_scale.province,NA,NA,NA,FALSE,
GU_FAP_2020,.context.management_scale.province,NA,NA,NA,FALSE,
GU_FAP_2020,.context.management_scale.section,NA,NA,NA,FALSE,
GU_FAP_2020,.context.management_scale.section,NA,NA,NA,FALSE,
GU_FAP_2020,.context.management_scale.section,NA,NA,NA,FALSE,
GU_FAP_2020,.context.management_scale.subsection,NA,NA,NA,FALSE,
GU_FAP_2020,.context.management_scale.subsection,NA,NA,NA,FALSE,
GU_FAP_2020,.context.management_scale.subsection,NA,NA,NA,FALSE,
GU_FAP_2020,.context.management_scale.lake,NA,NA,NA,FALSE,
GU_FAP_2020,.context.management_scale.lake,NA,NA,NA,FALSE,
GU_FAP_2020,.context.management_scale.lake,NA,NA,NA,FALSE,
GU_FAP_2020,.context.management_scale.river,NA,NA,NA,FALSE,
GU_FAP_2020,.context.management_scale.river,NA,NA,NA,FALSE,
GU_FAP_2020,.context.management_scale.river,NA,NA,NA,FALSE,
GU_FAP_2020,.context.management_scale.district,NA,NA,NA,FALSE,
GU_FAP_2020,.context.management_scale.district,NA,NA,NA,FALSE,
GU_FAP_2020,.context.management_scale.district,NA,NA,NA,FALSE,
GU_FAP_2020,.context.biological_unit_score,Guam Wildlife Action Plan (table section),1,TRUE,TRUE,"The Wildlife Action Plan identifies limestone forests, scrub (secondary forests), and ravine forests as important for all of Guam's native avian, invertebrate, reptilian and mammalian species."
GU_FAP_2020,.context.biological_unit_components.species,Guam Wildlife Action Plan,1,TRUE,TRUE,"The Guam Wildlife Action Plan to promote the recovery and sustainable use of Guam's native aquatic and terrestrial species, especially those of greatest conservation need, aligns with the mission of G"
GU_FAP_2020,.context.biological_unit_components.population,NA,NA,NA,FALSE,
GU_FAP_2020,.context.biological_unit_components.population,NA,NA,NA,FALSE,
GU_FAP_2020,.context.biological_unit_components.population,NA,NA,NA,FALSE,
GU_FAP_2020,.context.biological_unit_components.habitat,Guam Wildlife Action Plan (table section),1,TRUE,TRUE,"The Wildlife Action Plan identifies limestone forests, scrub (secondary forests), and ravine forests as important for all of Guam's native avian, invertebrate, reptilian and mammalian species."
GU_FAP_2020,.context.biological_unit_components.ecosystem,NA,NA,NA,FALSE,
GU_FAP_2020,.context.biological_unit_components.ecosystem,NA,NA,NA,FALSE,
GU_FAP_2020,.context.biological_unit_components.ecosystem,NA,NA,NA,FALSE,
GU_FAP_2020,.context.biological_unit_components.community,NA,NA,NA,FALSE,
GU_FAP_2020,.context.biological_unit_components.community,NA,NA,NA,FALSE,
GU_FAP_2020,.context.biological_unit_components.community,NA,NA,NA,FALSE,
GU_FAP_2020,.context.biological_unit_components.genotype_phenotype,NA,NA,NA,FALSE,
GU_FAP_2020,.context.biological_unit_components.genotype_phenotype,NA,NA,NA,FALSE,
GU_FAP_2020,.context.biological_unit_components.genotype_phenotype,NA,NA,NA,FALSE,
GU_FAP_2020,.context.partnerships_and_funding,Synthesis of Issues: Actions Meeting Multiple Objectives,1,TRUE,TRUE,All programs will benefit from Readiness and Environmental Protection Integration (REPI) program funding that was awarded to Guam in 2020. Collaborative efforts are underway between DoD and Guam Fores
GU_FAP_2020,.context.partnerships_and_funding,Introduction (Program Capacity section),1,TRUE,TRUE,"Identify potential funding sources from a diversity of sources -GovGuam, US Forest Service, DoD, EPA, FEMA, NOAA, NRCS, NGO's, private, etc. and devise an approach to putting these funding sources tog"
GU_FAP_2020,.context.climate_threat_habitat_degradation,NA,NA,NA,FALSE,
GU_FAP_2020,.context.climate_threat_habitat_degradation,NA,NA,NA,FALSE,
GU_FAP_2020,.context.climate_threat_habitat_degradation,NA,NA,NA,FALSE,
GU_FAP_2020,.context.climate_threat_species_vital_rates,NA,NA,NA,FALSE,
GU_FAP_2020,.context.climate_threat_species_vital_rates,NA,NA,NA,FALSE,
GU_FAP_2020,.context.climate_threat_species_vital_rates,NA,NA,NA,FALSE,
GU_FAP_2020,.context.climate_threat_biotic_stressors,NA,NA,NA,FALSE,
GU_FAP_2020,.context.climate_threat_biotic_stressors,NA,NA,NA,FALSE,
GU_FAP_2020,.context.climate_threat_biotic_stressors,NA,NA,NA,FALSE,
GU_FAP_2020,.actions.priority_habitat_identification,Identification of Issues and Threats to Guam Landscapes,1,TRUE,TRUE,"A synthesis of the stakeholder issues identifying approximately 13,000 acres of land that are the highest priority areas for treatment, where single treatments of planting forest will decrease sedimen"
GU_FAP_2020,.actions.priority_habitat_identification,List of Figures,1,TRUE,TRUE,Figure 19. Priority areas for fuels treatments to reduce risk of fire damage to standing forests.
GU_FAP_2020,.actions.priority_habitat_identification,Meeting Multiple Objectives: The Urban Environment Highest Priority Areas,1,TRUE,TRUE,"The following two sections outline a total of 13,098 acres that are the Highest Priority Areas for treating multiple objectives. Approximately 4,178 acres are in the urban areas and 8,920 acres are lo"
GU_FAP_2020,.actions.targeted_range_shift_actions,NA,NA,NA,FALSE,
GU_FAP_2020,.actions.targeted_range_shift_actions,NA,NA,NA,FALSE,
GU_FAP_2020,.actions.targeted_range_shift_actions,NA,NA,NA,FALSE,
GU_FAP_2020,.actions.time_bound_and_monitoring,Strategies for Addressing Threats / Introduction,1,TRUE,TRUE,"Resource Strategies (10 years). Four major strategies are presented, including a description, action plan of next steps, Forest Service programs that could be leveraged, key stakeholders, resources ne"
GU_FAP_2020,.actions.time_bound_and_monitoring,Next Steps and Actions (Strategy 4),1,TRUE,TRUE,Conduct island-wide forest inventories on a 5-year cycle (Established FIA and MC Plots).
GU_FAP_2020,.actions.evidence_of_efficacy,Issue 1. Wildfire and Public Safety / Introduction,1,TRUE,TRUE,"These management strategies are synergistic, with breaks helping to establish new plantings and older plantings, in turn, shading out grasses that fuel fires."
GU_FAP_2020,.actions.adaptation_planning_frameworks,NA,NA,NA,FALSE,
GU_FAP_2020,.actions.adaptation_planning_frameworks,NA,NA,NA,FALSE,
GU_FAP_2020,.actions.adaptation_planning_frameworks,NA,NA,NA,FALSE,
HI_FAP_2016,.concepts.climate_vulnerability,"Issue 5: Climate Change and Sea Level Rise, Impacts of Rising Air Temperatures and Reduced Rainfall on Forest Health and Biodiversity",1,TRUE,TRUE,"modeling suggests that numerous species are vulnerable and unable to respond as necessary to persist under climate change and either tolerate projected changes, endure in microrefugia, or migrate to n"
HI_FAP_2016,.concepts.climate_vulnerability,"Issue 5: Climate Change and Sea Level Rise, Overview",1,TRUE,TRUE,"Forests, however, are facing other stressors that severely limit their adaptive capacity."
HI_FAP_2016,.concepts.climate_vulnerability,"Issue 5: Climate Change and Sea Level Rise, Impacts of Rising Air Temperatures and Reduced Rainfall on Forest Health and Biodiversity",1,TRUE,TRUE,Species associated primarily with dry forests have higher vulnerability scores than species from any other habitat type. Coastal species and species with decreasing range size are also more vulnerable
HI_FAP_2016,.concepts.adaptive_capacity_specificity,"Issue 5: Climate Change and Sea Level Rise, Impacts of Rising Air Temperatures and Reduced Rainfall on Forest Health and Biodiversity",1,TRUE,TRUE,"Micro-habitats that support rare plants and animals are often isolated, and natural migration (without human intervention), in many cases, is unlikely and would be catastrophic in some cases."
HI_FAP_2016,.concepts.adaptive_capacity_specificity,"Issue 6: Conservation of Native Biodiversity, Climate Change",0.2943,FALSE,TRUE,"Future climate conditions will threaten native plants and communities by causing shifts or even complete losses of climate niches for some species. With an increase in temperature, some plant species "
HI_FAP_2016,.concepts.adaptive_capacity_components.demography,NA,NA,NA,FALSE,
HI_FAP_2016,.concepts.adaptive_capacity_components.demography,NA,NA,NA,FALSE,
HI_FAP_2016,.concepts.adaptive_capacity_components.demography,NA,NA,NA,FALSE,
HI_FAP_2016,.concepts.adaptive_capacity_components.distribution,"Issue 5: Climate Change and Sea Level Rise, Impacts of Rising Air Temperatures and Reduced Rainfall on Forest Health and Biodiversity",1,TRUE,TRUE,"all 10 remaining at-risk Hawaiian forest bird species will lose more than 50% of their disease-free high-elevation range by 2100. Three of these on Kaua'i, the 'akeke'e (Loxops caeruleirostris), 'akik"
HI_FAP_2016,.concepts.adaptive_capacity_components.movement,"Issue 5: Climate Change and Sea Level Rise, Impacts of Rising Air Temperatures and Reduced Rainfall on Forest Health and Biodiversity",1,TRUE,TRUE,"Micro-habitats that support rare plants and animals are often isolated, and natural migration (without human intervention), in many cases, is unlikely and would be catastrophic in some cases."
HI_FAP_2016,.concepts.adaptive_capacity_components.evolutionary_potential,"Issue 1: Water Quality and Quantity, Impact of Feral Ungulates on Forests and Water Quality",1,TRUE,TRUE,"The pressures associated with ungulates, such as trampling and heavy browsing and grazing, have, for many species, threatened species survival or the ability of the species to evolve and adapt to new "
HI_FAP_2016,.concepts.adaptive_capacity_components.ecological_dependencies,"Issue 5: Climate Change and Sea Level Rise, Impacts of Rising Air Temperatures and Reduced Rainfall on Forest Health and Biodiversity",0.9771,TRUE,TRUE,"most native land birds are restricted to cool, high-elevation forests, which are inhospitable to the non-native diseases and their vectors that have devastated the Hawaiian avifauna at lower elevation"
HI_FAP_2016,.concepts.adaptive_capacity_components.abiotic_niche,"Issue 5: Climate Change and Sea Level Rise, Impacts of Rising Air Temperatures and Reduced Rainfall on Forest Health and Biodiversity",1,TRUE,TRUE,only plants that can tolerate drier conditions will persist. Micro-habitats that support rare plants and animals are often isolated
HI_FAP_2016,.concepts.adaptive_capacity_components.life_history,NA,NA,NA,FALSE,
HI_FAP_2016,.concepts.adaptive_capacity_components.life_history,NA,NA,NA,FALSE,
HI_FAP_2016,.concepts.adaptive_capacity_components.life_history,NA,NA,NA,FALSE,
HI_FAP_2016,.concepts.connectivity,"Issue 5: Climate Change and Sea Level Rise, Impacts of Rising Air Temperatures and Reduced Rainfall on Forest Health and Biodiversity",1,TRUE,TRUE,"Micro-habitats that support rare plants and animals are often isolated, and natural migration (without human intervention), in many cases, is unlikely and would be catastrophic in some cases."
HI_FAP_2016,.tools.vulnerability_models,"Issue 5: Climate Change and Sea Level Rise, Impacts of Rising Air Temperatures and Reduced Rainfall on Forest Health and Biodiversity",1,TRUE,TRUE,Species associated primarily with dry forests have higher vulnerability scores than species from any other habitat type. Coastal species and species with decreasing range size are also more vulnerable
HI_FAP_2016,.tools.vulnerability_models,"Issue 5: Climate Change and Sea Level Rise, Overview",1,TRUE,TRUE,"Assessing the vulnerability of key resources, infrastructure, and ecosystems can inform the process of setting goals, determining management priorities, and deciding on appropriate adaptation strategi"
HI_FAP_2016,.tools.niche_models,"Issue 5: Climate Change and Sea Level Rise, Impacts of Rising Air Temperatures and Reduced Rainfall on Forest Health and Biodiversity",1,TRUE,TRUE,"modeling suggests that numerous species are vulnerable and unable to respond as necessary to persist under climate change and either tolerate projected changes, endure in microrefugia, or migrate to n"
HI_FAP_2016,.tools.niche_models,"Issue 5: Climate Change and Sea Level Rise, Impacts of Rising Air Temperatures and Reduced Rainfall on Forest Health and Biodiversity",0.758,FALSE,TRUE,"all 10 remaining at-risk Hawaiian forest bird species will lose more than 50% of their disease-free high-elevation range by 2100. Three of these on Kaua'i, the 'akeke'e, 'akikiki, and puaiohi, will lo"
HI_FAP_2016,.tools.climate_models,"Issue 5: Climate Change and Sea Level Rise, Overview",1,TRUE,TRUE,"Downscaling climate change models predict, on average, a decrease in rainfall and reduced availability of freshwater resources."
HI_FAP_2016,.tools.climate_models,"Issue 5: Climate Change and Sea Level Rise, Threats - Reduction in Rainfall and Fresh Water",1,TRUE,TRUE,Global climate models predict that net precipitation at sea level near the Hawaiian Islands will decrease during the cool season (November through April) an additional 4-6% by 2100
HI_FAP_2016,.tools.connectivity_models,NA,NA,NA,FALSE,
HI_FAP_2016,.tools.connectivity_models,NA,NA,NA,FALSE,
HI_FAP_2016,.tools.connectivity_models,NA,NA,NA,FALSE,
HI_FAP_2016,.context.management_scale.local,NA,NA,NA,FALSE,
HI_FAP_2016,.context.management_scale.local,NA,NA,NA,FALSE,
HI_FAP_2016,.context.management_scale.local,NA,NA,NA,FALSE,
HI_FAP_2016,.context.management_scale.site,"Issue 6: Conservation of Native Biodiversity, Priority Areas for Conservation of Native Biodiversity",1,TRUE,TRUE,"Priority landscape areas for the conservation of native biodiversity consist of all lands that are either classified as critical habitat by the USFWS, or are designated as essential habitat for the re"
HI_FAP_2016,.context.management_scale.watershed,"Issue 1: Water Quality and Quantity, Overview",1,TRUE,TRUE,"the governor launched the 30 by 30 Watershed Forests Target initiative and committed the State of Hawaiʻi to protect 30% (253,000 acres) of the highest-priority watershed forests by 2030."
HI_FAP_2016,.context.management_scale.city,NA,NA,NA,FALSE,
HI_FAP_2016,.context.management_scale.city,NA,NA,NA,FALSE,
HI_FAP_2016,.context.management_scale.city,NA,NA,NA,FALSE,
HI_FAP_2016,.context.management_scale.county,Process for Development of Hawai'i's 2010 Statewide Assessment and the 2016 Forest Action Plan Update Scope,0.8919,TRUE,TRUE,"The Hawai'i is divided into four counties, each with a county council and a mayor who is elected by popular vote."
HI_FAP_2016,.context.management_scale.within_state_region,"Issue 5: Climate Change and Sea Level Rise, Overview",1,TRUE,TRUE,"the leeward, climatically dry areas of the islands and mountain ranges are predicted to have drier than normal conditions during the wet and dry season."
HI_FAP_2016,.context.management_scale.state,National Guidance for Statewide Forest Resource Assessments,1,TRUE,TRUE,This updated FAP will meet the needs of the forest management program for the next 5 to 10 years
HI_FAP_2016,.context.management_scale.multistate,NA,NA,NA,FALSE,
HI_FAP_2016,.context.management_scale.multistate,NA,NA,NA,FALSE,
HI_FAP_2016,.context.management_scale.multistate,NA,NA,NA,FALSE,
HI_FAP_2016,.context.management_scale.national,NA,NA,NA,FALSE,
HI_FAP_2016,.context.management_scale.national,NA,NA,NA,FALSE,
HI_FAP_2016,.context.management_scale.national,NA,NA,NA,FALSE,
HI_FAP_2016,.context.management_scale.transnational,Issue 9: U.S. Tropical Island State and Territorial Issues,1,TRUE,TRUE,"Pacific islands are particularly vulnerable to a number of natural and human-caused perturbations such as tsunamis, earthquakes, hurricanes, drought, sea level rise, and climate change."
HI_FAP_2016,.context.management_scale.ecosystem,"Issue 6: Conservation of Native Biodiversity, Climate Change",1,TRUE,TRUE,Future climate conditions will threaten native plants and communities by causing shifts or even complete losses of climate niches for some species.
HI_FAP_2016,.context.management_scale.ecoregion,NA,NA,NA,FALSE,
HI_FAP_2016,.context.management_scale.ecoregion,NA,NA,NA,FALSE,
HI_FAP_2016,.context.management_scale.ecoregion,NA,NA,NA,FALSE,
HI_FAP_2016,.context.management_scale.province,NA,NA,NA,FALSE,
HI_FAP_2016,.context.management_scale.province,NA,NA,NA,FALSE,
HI_FAP_2016,.context.management_scale.province,NA,NA,NA,FALSE,
HI_FAP_2016,.context.management_scale.section,NA,NA,NA,FALSE,
HI_FAP_2016,.context.management_scale.section,NA,NA,NA,FALSE,
HI_FAP_2016,.context.management_scale.section,NA,NA,NA,FALSE,
HI_FAP_2016,.context.management_scale.subsection,NA,NA,NA,FALSE,
HI_FAP_2016,.context.management_scale.subsection,NA,NA,NA,FALSE,
HI_FAP_2016,.context.management_scale.subsection,NA,NA,NA,FALSE,
HI_FAP_2016,.context.management_scale.lake,NA,NA,NA,FALSE,
HI_FAP_2016,.context.management_scale.lake,NA,NA,NA,FALSE,
HI_FAP_2016,.context.management_scale.lake,NA,NA,NA,FALSE,
HI_FAP_2016,.context.management_scale.river,NA,NA,NA,FALSE,
HI_FAP_2016,.context.management_scale.river,NA,NA,NA,FALSE,
HI_FAP_2016,.context.management_scale.river,NA,NA,NA,FALSE,
HI_FAP_2016,.context.management_scale.district,NA,NA,NA,FALSE,
HI_FAP_2016,.context.management_scale.district,NA,NA,NA,FALSE,
HI_FAP_2016,.context.management_scale.district,NA,NA,NA,FALSE,
HI_FAP_2016,.context.biological_unit_score,"Issue 6: Conservation of Native Biodiversity, Climate Change",1,TRUE,TRUE,Future climate conditions will threaten native plants and communities by causing shifts or even complete losses of climate niches for some species.
HI_FAP_2016,.context.biological_unit_score,"Issue 5: Climate Change and Sea Level Rise, Impacts of Rising Air Temperatures and Reduced Rainfall on Forest Health and Biodiversity",1,TRUE,TRUE,all 10 remaining at-risk Hawaiian forest bird species will lose more than 50% of their disease-free high-elevation range by 2100.
HI_FAP_2016,.context.biological_unit_components.species,"Issue 5: Climate Change and Sea Level Rise, Impacts of Rising Air Temperatures and Reduced Rainfall on Forest Health and Biodiversity",1,TRUE,TRUE,"all 10 remaining at-risk Hawaiian forest bird species will lose more than 50% of their disease-free high-elevation range by 2100. Three of these on Kaua'i, the 'akeke'e (Loxops caeruleirostris), 'akik"
HI_FAP_2016,.context.biological_unit_components.population,NA,NA,NA,FALSE,
HI_FAP_2016,.context.biological_unit_components.population,NA,NA,NA,FALSE,
HI_FAP_2016,.context.biological_unit_components.population,NA,NA,NA,FALSE,
HI_FAP_2016,.context.biological_unit_components.habitat,"Issue 5: Climate Change and Sea Level Rise, Impacts of Rising Air Temperatures and Reduced Rainfall on Forest Health and Biodiversity",1,TRUE,TRUE,Species associated primarily with dry forests have higher vulnerability scores than species from any other habitat type. Coastal species and species with decreasing range size are also more vulnerable
HI_FAP_2016,.context.biological_unit_components.ecosystem,"Issue 6: Conservation of Native Biodiversity, Climate Change",0.2943,FALSE,TRUE,"Future climate conditions will threaten native plants and communities by causing shifts or even complete losses of climate niches for some species. With an increase in temperature, some plant species "
HI_FAP_2016,.context.biological_unit_components.community,"Issue 6: Conservation of Native Biodiversity, Climate Change",1,TRUE,TRUE,Future climate conditions will threaten native plants and communities by causing shifts or even complete losses of climate niches for some species.
HI_FAP_2016,.context.biological_unit_components.genotype_phenotype,NA,NA,NA,FALSE,
HI_FAP_2016,.context.biological_unit_components.genotype_phenotype,NA,NA,NA,FALSE,
HI_FAP_2016,.context.biological_unit_components.genotype_phenotype,NA,NA,NA,FALSE,
HI_FAP_2016,.context.partnerships_and_funding,"Issue 5: Climate Change and Sea Level Rise, Priority Issues and Areas for Climate Change and Sea Level Rise",1,TRUE,TRUE,HCA and PICCC are developing scientific assessments of climate change impacts on physical and ecological systems at a scale relevant to conservation planning.
HI_FAP_2016,.context.partnerships_and_funding,"Issue 1: Water Quality and Quantity, Overview",1,TRUE,TRUE,"the governor launched the 30 by 30 Watershed Forests Target initiative and committed the State of Hawaiʻi to protect 30% (253,000 acres) of the highest-priority watershed forests by 2030"
HI_FAP_2016,.context.climate_threat_habitat_degradation,"Issue 5: Climate Change and Sea Level Rise, Impacts of Sea Level Rise on Beaches, Coastal Forests, and Human Communities",1,TRUE,TRUE,"Saltwater intrusion will intensify in coastal forests, wetlands, and groundwater systems, agricultural land, estuaries, and elsewhere."
HI_FAP_2016,.context.climate_threat_habitat_degradation,"Issue 3: Wildfire, Climate Change and Wildfire",1,TRUE,TRUE,"climate change is predicted to exacerbate drought conditions in Hawai'i, thereby increasing the risk of wildfire."
HI_FAP_2016,.context.climate_threat_species_vital_rates,"Issue 5: Climate Change and Sea Level Rise, Impacts of Rising Air Temperatures and Reduced Rainfall on Forest Health and Biodiversity",0.7845,FALSE,TRUE,"Warming will result in a reduction of disease-free forest area. Finally, the warming pattern will likely result in reduced rainfall at higher elevations because of a reduction in the width of the inve"
HI_FAP_2016,.context.climate_threat_biotic_stressors,"Issue 2: Forest Health: Invasive Species, Insects, and Disease, Climate Change",1,TRUE,TRUE,"Global and local climate change has the potential to affect Hawai'i's suite of established invasive species by extending their ranges to higher elevations. Warming temperatures at higher elevations, w"
HI_FAP_2016,.actions.priority_habitat_identification,"Issue 6: Conservation of Native Biodiversity, Priority Areas for Conservation of Native Biodiversity",1,TRUE,TRUE,"Priority landscape areas for the conservation of native biodiversity consist of all lands that are either classified as critical habitat by the USFWS, or are designated as essential habitat for the re"
HI_FAP_2016,.actions.priority_habitat_identification,"Issue 1: Water Quality and Quantity, Priority Issues and Areas for Water Quality and Quantity",0.8786,TRUE,TRUE,"In 2016, as part of the Aloha+ Challenge, and World Conservation Congress Legacy Commitment, the governor and State administration embraced an even more ambitious watershed protection goal of '30 by 3"
HI_FAP_2016,.actions.targeted_range_shift_actions,NA,NA,NA,FALSE,
HI_FAP_2016,.actions.targeted_range_shift_actions,NA,NA,NA,FALSE,
HI_FAP_2016,.actions.targeted_range_shift_actions,NA,NA,NA,FALSE,
HI_FAP_2016,.actions.time_bound_and_monitoring,"Issue 1: Water Quality and Quantity, Overview",1,TRUE,TRUE,"the governor launched the 30 by 30 Watershed Forests Target initiative and committed the State of Hawaiʻi to protect 30% (253,000 acres) of the highest-priority watershed forests by 2030."
HI_FAP_2016,.actions.time_bound_and_monitoring,"Issue 5: Climate Change and Sea Level Rise, Overview",1,TRUE,TRUE,"In order to adapt resource management and forestry practices to the changing climate, there is a significant need for sustained and enhanced climate monitoring and assessment activities."
HI_FAP_2016,.actions.evidence_of_efficacy,"Issue 1: Water Quality and Quantity, Watershed Partnerships",1,TRUE,TRUE,"watershed partnerships have a proven track record of on-the-ground management that has led to results-oriented protection and restoration of forested watersheds through fencing and ungulate removal, i"
HI_FAP_2016,.actions.evidence_of_efficacy,"Issue 2: Forest Health: Invasive Species, Insects, and Disease, Biological Control",1,TRUE,TRUE,"After 15 years of testing and a contentious environmental assessment process, a Brazilian scale insect, Tectococcus ovatus, was released at several locations to combat the widespread impacts of strawb"
HI_FAP_2016,.actions.adaptation_planning_frameworks,"Issue 5: Climate Change and Sea Level Rise, Overview",1,TRUE,TRUE,"facilitated adaptation, involving initiatives and measures to reduce the vulnerability of natural and human systems against actual or expected climate change effects."
HI_FAP_2016,.actions.adaptation_planning_frameworks,"Issue 5: Climate Change and Sea Level Rise, Priority Issues and Areas for Climate Change and Sea Level Rise",1,TRUE,TRUE,"Because of the uncertainty and complexity of climate change, future planning and decision processes should be iterative to allow for informed decisions and early implementation of adaptive strategies."
IA_FAP_2020,.concepts.climate_vulnerability,"Projected Change in Temperature, Plant Hardiness Zones, and Growing Degree Days",1,TRUE,TRUE,"As average annual temperature increases, native trees and other vegetation will become stressed and cease to thrive. Native habitats will slowly disappear as most plants will not be able to adapt to t"
IA_FAP_2020,.concepts.climate_vulnerability,Plant Hardiness Zones,1,TRUE,TRUE,Iowa will begin to see species more common in the southern U.S. moving into the southern portion of the state while species that were once well suited to the climate in the northern portion will strug
IA_FAP_2020,.concepts.adaptive_capacity_specificity,Plant Hardiness Zones,1,TRUE,TRUE,"Some tree species are not well equipped to handle droughts, which will be more frequent in the future, resulting in higher tree mortality. In addition, changing average annual precipitation amounts wi"
IA_FAP_2020,.concepts.adaptive_capacity_components.demography,NA,NA,NA,FALSE,
IA_FAP_2020,.concepts.adaptive_capacity_components.demography,NA,NA,NA,FALSE,
IA_FAP_2020,.concepts.adaptive_capacity_components.demography,NA,NA,NA,FALSE,
IA_FAP_2020,.concepts.adaptive_capacity_components.distribution,Plant Hardiness Zones,1,TRUE,TRUE,Iowa will begin to see species more common in the southern U.S. moving into the southern portion of the state while species that were once well suited to the climate in the northern portion will strug
IA_FAP_2020,.concepts.adaptive_capacity_components.movement,NA,NA,NA,FALSE,
IA_FAP_2020,.concepts.adaptive_capacity_components.movement,NA,NA,NA,FALSE,
IA_FAP_2020,.concepts.adaptive_capacity_components.movement,NA,NA,NA,FALSE,
IA_FAP_2020,.concepts.adaptive_capacity_components.evolutionary_potential,NA,NA,NA,FALSE,
IA_FAP_2020,.concepts.adaptive_capacity_components.evolutionary_potential,NA,NA,NA,FALSE,
IA_FAP_2020,.concepts.adaptive_capacity_components.evolutionary_potential,NA,NA,NA,FALSE,
IA_FAP_2020,.concepts.adaptive_capacity_components.ecological_dependencies,NA,NA,NA,FALSE,
IA_FAP_2020,.concepts.adaptive_capacity_components.ecological_dependencies,NA,NA,NA,FALSE,
IA_FAP_2020,.concepts.adaptive_capacity_components.ecological_dependencies,NA,NA,NA,FALSE,
IA_FAP_2020,.concepts.adaptive_capacity_components.abiotic_niche,Plant Hardiness Zones,1,TRUE,TRUE,"This will result in tree species that could at one time tolerate the climate of southern Iowa, becoming stressed or even dying due to the change in climate."
IA_FAP_2020,.concepts.adaptive_capacity_components.life_history,NA,NA,NA,FALSE,
IA_FAP_2020,.concepts.adaptive_capacity_components.life_history,NA,NA,NA,FALSE,
IA_FAP_2020,.concepts.adaptive_capacity_components.life_history,NA,NA,NA,FALSE,
IA_FAP_2020,.concepts.connectivity,Resilient and Connected Landscapes,1,TRUE,TRUE,"The Nature Conservancy (TNC) has lead an over 10-year initiative in partnership with over 150 scientists from agencies, academia, and non-governmental organizations across the United States to develop"
IA_FAP_2020,.concepts.connectivity,Resilient and Connected Landscapes,1,TRUE,TRUE,The outcome of this project is TNC's Resilient and Connected Landscapes database. This is a 'proposed conservation network of representative climate-resilient sites designed to sustain biodiversity an
IA_FAP_2020,.tools.vulnerability_models,NA,NA,NA,FALSE,
IA_FAP_2020,.tools.vulnerability_models,NA,NA,NA,FALSE,
IA_FAP_2020,.tools.vulnerability_models,NA,NA,NA,FALSE,
IA_FAP_2020,.tools.niche_models,NA,NA,NA,FALSE,
IA_FAP_2020,.tools.niche_models,NA,NA,NA,FALSE,
IA_FAP_2020,.tools.niche_models,NA,NA,NA,FALSE,
IA_FAP_2020,.tools.climate_models,"Projected Change in Temperature, Plant Hardiness Zones, and Growing Degree Days",1,TRUE,TRUE,"According to the USDA Forest Service National Forest Climate Change map projections (2071-2090), the average annual temperature in Iowa will increase by approximately 10° F."
IA_FAP_2020,.tools.climate_models,Growing Degree Days,1,TRUE,TRUE,"According to the USDA Forest Service National Forest Climate Change Maps project, precipitation across Iowa will increase between 4-8% based on a future projection for 2071-2090."
IA_FAP_2020,.tools.climate_models,Growing Degree Days,1,TRUE,TRUE,"In future projection models (2070-2099) with medium emission rates GDD are expected to be between 3000-3999 for almost all of the state, with the exception of a few small pockets."
IA_FAP_2020,.tools.connectivity_models,Resilient and Connected Landscapes,1,TRUE,TRUE,"The Nature Conservancy (TNC) has lead an over 10-year initiative in partnership with over 150 scientists from agencies, academia, and non-governmental organizations across the United States to develop"
IA_FAP_2020,.tools.connectivity_models,Resilient and Connected Network,1,TRUE,TRUE,"Overall resiliency and connectedness of landscapes can best be evaluated by looking at multiple criteria. TNC combined resilient landscapes, regional flow of species and landscapes, and levels of biod"
IA_FAP_2020,.context.management_scale.local,Landscape Diversity,1,TRUE,TRUE,"Sites that have more elevation changes will provide pockets of climate resilience for plants and wildlife, slowing the rate of regional climatic change. Areas of high landscape diversity are priority "
IA_FAP_2020,.context.management_scale.site,Forest Stewardship Program Priority Lands,1,TRUE,TRUE,"Wildlife -emphasis on including forested lands of any size or location where occurrences of Threatened, Endangered, or Species of Conservation Need are known to exist using Natural Areas Inventory (NA"
IA_FAP_2020,.context.management_scale.watershed,Forest Stewardship Program Priority Lands,1,TRUE,TRUE,"Water quality -emphasis on lands located in or near riparian zones and forested wetlands, state-designated Protected Water Areas (PWAs), and priority watersheds such as Significant Publicly-Owned Lake"
IA_FAP_2020,.context.management_scale.city,NA,NA,NA,FALSE,
IA_FAP_2020,.context.management_scale.city,NA,NA,NA,FALSE,
IA_FAP_2020,.context.management_scale.city,NA,NA,NA,FALSE,
IA_FAP_2020,.context.management_scale.county,NA,NA,NA,FALSE,
IA_FAP_2020,.context.management_scale.county,NA,NA,NA,FALSE,
IA_FAP_2020,.context.management_scale.county,NA,NA,NA,FALSE,
IA_FAP_2020,.context.management_scale.within_state_region,Plant Hardiness Zones,1,TRUE,TRUE,Iowa will begin to see species more common in the southern U.S. moving into the southern portion of the state while species that were once well suited to the climate in the northern portion will strug
IA_FAP_2020,.context.management_scale.state,Forest Stewardship Program Priority Lands,1,TRUE,TRUE,"In August 2020, Iowa developed an updated statewide GIS coverage of its Forest Stewardship Priority"
IA_FAP_2020,.context.management_scale.multistate,Multi-State Priority Areas & Partnerships,1,TRUE,TRUE,"In addition to priority areas identified elsewhere in this Action Plan, there are several Multi-State Priority Areas and regional partnerships that Iowa is included in. These priority areas identify e"
IA_FAP_2020,.context.management_scale.national,NA,NA,NA,FALSE,
IA_FAP_2020,.context.management_scale.national,NA,NA,NA,FALSE,
IA_FAP_2020,.context.management_scale.national,NA,NA,NA,FALSE,
IA_FAP_2020,.context.management_scale.transnational,NA,NA,NA,FALSE,
IA_FAP_2020,.context.management_scale.transnational,NA,NA,NA,FALSE,
IA_FAP_2020,.context.management_scale.transnational,NA,NA,NA,FALSE,
IA_FAP_2020,.context.management_scale.ecosystem,Prescribed Fire,1,TRUE,TRUE,"Iowa's native oak woodlands, savannas, and prairies are fire-dependent ecosystems. Natural resource managers have developed a renewed interest in utilizing prescribed fire to maintain, enhance and res"
IA_FAP_2020,.context.management_scale.ecoregion,NA,NA,NA,FALSE,
IA_FAP_2020,.context.management_scale.ecoregion,NA,NA,NA,FALSE,
IA_FAP_2020,.context.management_scale.ecoregion,NA,NA,NA,FALSE,
IA_FAP_2020,.context.management_scale.province,NA,NA,NA,FALSE,
IA_FAP_2020,.context.management_scale.province,NA,NA,NA,FALSE,
IA_FAP_2020,.context.management_scale.province,NA,NA,NA,FALSE,
IA_FAP_2020,.context.management_scale.section,NA,NA,NA,FALSE,
IA_FAP_2020,.context.management_scale.section,NA,NA,NA,FALSE,
IA_FAP_2020,.context.management_scale.section,NA,NA,NA,FALSE,
IA_FAP_2020,.context.management_scale.subsection,NA,NA,NA,FALSE,
IA_FAP_2020,.context.management_scale.subsection,NA,NA,NA,FALSE,
IA_FAP_2020,.context.management_scale.subsection,NA,NA,NA,FALSE,
IA_FAP_2020,.context.management_scale.lake,NA,NA,NA,FALSE,
IA_FAP_2020,.context.management_scale.lake,NA,NA,NA,FALSE,
IA_FAP_2020,.context.management_scale.lake,NA,NA,NA,FALSE,
IA_FAP_2020,.context.management_scale.river,NA,NA,NA,FALSE,
IA_FAP_2020,.context.management_scale.river,NA,NA,NA,FALSE,
IA_FAP_2020,.context.management_scale.river,NA,NA,NA,FALSE,
IA_FAP_2020,.context.management_scale.district,NA,NA,NA,FALSE,
IA_FAP_2020,.context.management_scale.district,NA,NA,NA,FALSE,
IA_FAP_2020,.context.management_scale.district,NA,NA,NA,FALSE,
IA_FAP_2020,.context.biological_unit_score,Plant Hardiness Zones,1,TRUE,TRUE,Iowa will begin to see species more common in the southern U.S. moving into the southern portion of the state while species that were once well suited to the climate in the northern portion will strug
IA_FAP_2020,.context.biological_unit_score,Plant Hardiness Zones,1,TRUE,TRUE,changing average annual precipitation amounts will likely cause a shift in overall forest composition towards species that are more drought and flood tolerant.
IA_FAP_2020,.context.biological_unit_components.species,Plant Hardiness Zones,1,TRUE,TRUE,Iowa will begin to see species more common in the southern U.S. moving into the southern portion of the state while species that were once well suited to the climate in the northern portion will strug
IA_FAP_2020,.context.biological_unit_components.population,NA,NA,NA,FALSE,
IA_FAP_2020,.context.biological_unit_components.population,NA,NA,NA,FALSE,
IA_FAP_2020,.context.biological_unit_components.population,NA,NA,NA,FALSE,
IA_FAP_2020,.context.biological_unit_components.habitat,"Projected Change in Temperature, Plant Hardiness Zones, and Growing Degree Days",1,TRUE,TRUE,Native habitats will slowly disappear as most plants will not be able to adapt to this rapid change.
IA_FAP_2020,.context.biological_unit_components.ecosystem,NA,NA,NA,FALSE,
IA_FAP_2020,.context.biological_unit_components.ecosystem,NA,NA,NA,FALSE,
IA_FAP_2020,.context.biological_unit_components.ecosystem,NA,NA,NA,FALSE,
IA_FAP_2020,.context.biological_unit_components.community,Plant Hardiness Zones,1,TRUE,TRUE,changing average annual precipitation amounts will likely cause a shift in overall forest composition towards species that are more drought and flood tolerant.
IA_FAP_2020,.context.biological_unit_components.genotype_phenotype,NA,NA,NA,FALSE,
IA_FAP_2020,.context.biological_unit_components.genotype_phenotype,NA,NA,NA,FALSE,
IA_FAP_2020,.context.biological_unit_components.genotype_phenotype,NA,NA,NA,FALSE,
IA_FAP_2020,.context.partnerships_and_funding,Iowa's Resource Enhancement and Protection Fund,1,TRUE,TRUE,The Resource Enhancement and Protection (REAP) Fund is a program that the State of Iowa invests from the Environment First Fund and is authorized to receive $20 million annually until 2021.
IA_FAP_2020,.context.partnerships_and_funding,Multi-State Priority Areas & Partnerships,1,TRUE,TRUE,"In addition to priority areas identified elsewhere in this Action Plan, there are several Multi-State Priority Areas and regional partnerships that Iowa is included in."
IA_FAP_2020,.context.climate_threat_habitat_degradation,Growing Degree Days,1,TRUE,TRUE,These changing climatic conditions will add stress to existing plant life and may cause a shift in species location and quantities.
IA_FAP_2020,.context.climate_threat_habitat_degradation,Plant Hardiness Zones,1,TRUE,TRUE,"A projected increase in annual precipitation of up to 8% will affect the health and composition of trees and forests in Iowa. Bur Oak Blight spreads faster during wetter spring seasons, leading to a p"
IA_FAP_2020,.context.climate_threat_species_vital_rates,Plant Hardiness Zones,1,TRUE,TRUE,"Some tree species are not well equipped to handle droughts, which will be more frequent in the future, resulting in higher tree mortality."
IA_FAP_2020,.context.climate_threat_biotic_stressors,Plant Hardiness Zones,1,TRUE,TRUE,changing average annual precipitation amounts will likely cause a shift in overall forest composition towards species that are more drought and flood tolerant.
IA_FAP_2020,.actions.priority_habitat_identification,Resilient and Connected Landscapes,1,TRUE,TRUE,"The project also maps areas of high biodiversity, areas of land that will be most resilient to future climate conditions, and highlights connected lands between these resilient landscapes. All of this"
IA_FAP_2020,.actions.priority_habitat_identification,Forest Stewardship Program Priority Lands,1,TRUE,TRUE,"In August 2020, Iowa developed an updated statewide GIS coverage of its Forest Stewardship Priority. The following variables were included in the development of Iowa's FSP Priority Lands coverage"
IA_FAP_2020,.actions.targeted_range_shift_actions,NA,NA,NA,FALSE,
IA_FAP_2020,.actions.targeted_range_shift_actions,NA,NA,NA,FALSE,
IA_FAP_2020,.actions.targeted_range_shift_actions,NA,NA,NA,FALSE,
IA_FAP_2020,.actions.time_bound_and_monitoring,Tree Cover,1,TRUE,TRUE,In partnership with the Iowa Urban Tree Council the state has set a goal to increase canopy cover by 3% by 2050; this means in addition to replacing normal tree loss we need to plant an additional 3 m
IA_FAP_2020,.actions.evidence_of_efficacy,Goals and Strategies,1,TRUE,TRUE,"1. Use science-based techniques and technologies that are implementable, adaptive, and sustainable"
IA_FAP_2020,.actions.adaptation_planning_frameworks,Resilient and Connected Landscapes,1,TRUE,TRUE,"The Nature Conservancy (TNC) has lead an over 10-year initiative in partnership with over 150 scientists from agencies, academia, and non-governmental organizations across the United States to develop"
ID_FAP_2020,.concepts.climate_vulnerability,"Discussion (Relative Threats to Forest Health), ID_FAP-RA_2020.pdf",1,TRUE,TRUE,"climate change, which may modify current ranges of forest species and add additional stress to forests. Not only do these factors damage forests ecologically, they have social and economic impacts as "
ID_FAP_2020,.concepts.adaptive_capacity_specificity,"Goals and Strategies table, ID_FAP-S_2020.pdf",1,TRUE,TRUE,"Goal 1: Idaho's Forests are diverse and resilient to climatic changes and other threats (fire, insects, disease, noxious weeds, etc.)"
ID_FAP_2020,.concepts.adaptive_capacity_components.demography,NA,NA,NA,FALSE,
ID_FAP_2020,.concepts.adaptive_capacity_components.demography,NA,NA,NA,FALSE,
ID_FAP_2020,.concepts.adaptive_capacity_components.demography,NA,NA,NA,FALSE,
ID_FAP_2020,.concepts.adaptive_capacity_components.distribution,"Discussion (Relative Threats to Forest Health), ID_FAP-RA_2020.pdf",1,TRUE,TRUE,"climate change, which may modify current ranges of forest species and add additional stress to forests"
ID_FAP_2020,.concepts.adaptive_capacity_components.movement,NA,NA,NA,FALSE,
ID_FAP_2020,.concepts.adaptive_capacity_components.movement,NA,NA,NA,FALSE,
ID_FAP_2020,.concepts.adaptive_capacity_components.movement,NA,NA,NA,FALSE,
ID_FAP_2020,.concepts.adaptive_capacity_components.evolutionary_potential,NA,NA,NA,FALSE,
ID_FAP_2020,.concepts.adaptive_capacity_components.evolutionary_potential,NA,NA,NA,FALSE,
ID_FAP_2020,.concepts.adaptive_capacity_components.evolutionary_potential,NA,NA,NA,FALSE,
ID_FAP_2020,.concepts.adaptive_capacity_components.ecological_dependencies,NA,NA,NA,FALSE,
ID_FAP_2020,.concepts.adaptive_capacity_components.ecological_dependencies,NA,NA,NA,FALSE,
ID_FAP_2020,.concepts.adaptive_capacity_components.ecological_dependencies,NA,NA,NA,FALSE,
ID_FAP_2020,.concepts.adaptive_capacity_components.abiotic_niche,NA,NA,NA,FALSE,
ID_FAP_2020,.concepts.adaptive_capacity_components.abiotic_niche,NA,NA,NA,FALSE,
ID_FAP_2020,.concepts.adaptive_capacity_components.abiotic_niche,NA,NA,NA,FALSE,
ID_FAP_2020,.concepts.adaptive_capacity_components.life_history,NA,NA,NA,FALSE,
ID_FAP_2020,.concepts.adaptive_capacity_components.life_history,NA,NA,NA,FALSE,
ID_FAP_2020,.concepts.adaptive_capacity_components.life_history,NA,NA,NA,FALSE,
ID_FAP_2020,.concepts.connectivity,"Appendix G (Forest Legacy Program Objectives), ID_FAP-S_2020.pdf",1,TRUE,TRUE,Promote wildlife connectivity between undeveloped areas
ID_FAP_2020,.concepts.connectivity,"Table 1 (CHAT data definitions), ID_FAP-RA_2020.pdf",1,TRUE,TRUE,landscape condition (a summary of native and unfragmented habitat which prioritizes large natural areas and connectivity zones between them)
ID_FAP_2020,.tools.vulnerability_models,NA,NA,NA,FALSE,
ID_FAP_2020,.tools.vulnerability_models,NA,NA,NA,FALSE,
ID_FAP_2020,.tools.vulnerability_models,NA,NA,NA,FALSE,
ID_FAP_2020,.tools.niche_models,"Climate Change section, ID_FAP-RA_2020.pdf",1,TRUE,TRUE,published geospatial data predicting landcover vegetation changes across the state due to climate change was selected. Areas that were predicted to undergo the most frequent and drastic landcover type
ID_FAP_2020,.tools.niche_models,"Summary of Changes in the June 2020 update, ID_FAP-S_2020.pdf",1,TRUE,TRUE,used a statewide climate change model to replace the previously used species change modeling
ID_FAP_2020,.tools.climate_models,"Figure caption, Climate Change section, ID_FAP-RA_2020.pdf",0.2619,FALSE,TRUE,"projected land cover rasters for 2030, 2060, and 2090 developed by Rehfeldt et al. 2006."
ID_FAP_2020,.tools.climate_models,"Figure caption, Climate Change section, ID_FAP-RA_2020.pdf",0.4037,FALSE,TRUE,"Land cover rasters developed by Brown et al. 1998 were used as a baseline, and projected land cover rasters for 2030, 2060, and 2090 developed by Rehfeldt et al. 2006."
ID_FAP_2020,.tools.climate_models,"Climate Change section, ID_FAP-RA_2020.pdf",0.7925,FALSE,TRUE,"For each raster (Brown, 2030, 2060, and 2090) we reclassified landcovers into 2 categories: forest, or non-forest."
ID_FAP_2020,.tools.connectivity_models,"Discussion (Relative Potential Benefit to Wildlife and Biodiversity), ID_FAP-RA_2020.pdf",1,TRUE,TRUE,The WAFWA CHAT was developed to bring greater certainty and predictability to planning efforts by establishing a common starting point for discussing the intersection of management and wildlife. CHAT 
ID_FAP_2020,.tools.connectivity_models,"Table 1 (CHAT data definitions), ID_FAP-RA_2020.pdf",1,TRUE,TRUE,Landscape Condition: A measure of land cover impacted by human activities. WGA Landscape Integrity Workgroup used a NatureServe landscape condition model to identify Large Intact Blocks and Important 
ID_FAP_2020,.context.management_scale.local,NA,NA,NA,FALSE,
ID_FAP_2020,.context.management_scale.local,NA,NA,NA,FALSE,
ID_FAP_2020,.context.management_scale.local,NA,NA,NA,FALSE,
ID_FAP_2020,.context.management_scale.site,NA,NA,NA,FALSE,
ID_FAP_2020,.context.management_scale.site,NA,NA,NA,FALSE,
ID_FAP_2020,.context.management_scale.site,NA,NA,NA,FALSE,
ID_FAP_2020,.context.management_scale.watershed,"Terrestrial noxious weeds section, ID_FAP-RA_2020.pdf",0.9864,TRUE,TRUE,Percent coverage of the noxious weeds within each 6th level hydrologic unit code (HUC) were obtained by taking the total count of noxious weed pixels
ID_FAP_2020,.context.management_scale.city,NA,NA,NA,FALSE,
ID_FAP_2020,.context.management_scale.city,NA,NA,NA,FALSE,
ID_FAP_2020,.context.management_scale.city,NA,NA,NA,FALSE,
ID_FAP_2020,.context.management_scale.county,NA,NA,NA,FALSE,
ID_FAP_2020,.context.management_scale.county,NA,NA,NA,FALSE,
ID_FAP_2020,.context.management_scale.county,NA,NA,NA,FALSE,
ID_FAP_2020,.context.management_scale.within_state_region,"Final Idaho Forest Action Plan Resource Assessment Map, ID_FAP-RA_2020.pdf",1,TRUE,TRUE,The state was divided into northern and southern sections using the Salmon River as the dividing boundary.
ID_FAP_2020,.context.management_scale.state,"Introduction Background and Purpose, ID_FAP-RA_2020.pdf",1,TRUE,TRUE,The Forest Resource Assessment provides a geospatial analysis of conditions and trends for all forested lands in Idaho.
ID_FAP_2020,.context.management_scale.multistate,"Development of Priority Landscape Areas, ID_FAP-S_2020.pdf",1,TRUE,TRUE,Some of Idaho's PLAs fall outside of the state border into neighboring states because an issue or issues within the PLAs warranted expansion of the particular PLA to capture a more meaningful scale of
ID_FAP_2020,.context.management_scale.national,NA,NA,NA,FALSE,
ID_FAP_2020,.context.management_scale.national,NA,NA,NA,FALSE,
ID_FAP_2020,.context.management_scale.national,NA,NA,NA,FALSE,
ID_FAP_2020,.context.management_scale.transnational,NA,NA,NA,FALSE,
ID_FAP_2020,.context.management_scale.transnational,NA,NA,NA,FALSE,
ID_FAP_2020,.context.management_scale.transnational,NA,NA,NA,FALSE,
ID_FAP_2020,.context.management_scale.ecosystem,"Sage-Steppe Special Landscape Area, ID_FAP-S_2020.pdf",1,TRUE,TRUE,Sage-Steppe is the most widespread ecosystem type in the United States covering 111 million acres of the arid Intermountain West.
ID_FAP_2020,.context.management_scale.ecoregion,NA,NA,NA,FALSE,
ID_FAP_2020,.context.management_scale.ecoregion,NA,NA,NA,FALSE,
ID_FAP_2020,.context.management_scale.ecoregion,NA,NA,NA,FALSE,
ID_FAP_2020,.context.management_scale.province,NA,NA,NA,FALSE,
ID_FAP_2020,.context.management_scale.province,NA,NA,NA,FALSE,
ID_FAP_2020,.context.management_scale.province,NA,NA,NA,FALSE,
ID_FAP_2020,.context.management_scale.section,NA,NA,NA,FALSE,
ID_FAP_2020,.context.management_scale.section,NA,NA,NA,FALSE,
ID_FAP_2020,.context.management_scale.section,NA,NA,NA,FALSE,
ID_FAP_2020,.context.management_scale.subsection,NA,NA,NA,FALSE,
ID_FAP_2020,.context.management_scale.subsection,NA,NA,NA,FALSE,
ID_FAP_2020,.context.management_scale.subsection,NA,NA,NA,FALSE,
ID_FAP_2020,.context.management_scale.lake,NA,NA,NA,FALSE,
ID_FAP_2020,.context.management_scale.lake,NA,NA,NA,FALSE,
ID_FAP_2020,.context.management_scale.lake,NA,NA,NA,FALSE,
ID_FAP_2020,.context.management_scale.river,NA,NA,NA,FALSE,
ID_FAP_2020,.context.management_scale.river,NA,NA,NA,FALSE,
ID_FAP_2020,.context.management_scale.river,NA,NA,NA,FALSE,
ID_FAP_2020,.context.management_scale.district,NA,NA,NA,FALSE,
ID_FAP_2020,.context.management_scale.district,NA,NA,NA,FALSE,
ID_FAP_2020,.context.management_scale.district,NA,NA,NA,FALSE,
ID_FAP_2020,.context.biological_unit_score,"Discussion (Relative Threats to Forest Health), ID_FAP-RA_2020.pdf",1,TRUE,TRUE,"climate change, which may modify current ranges of forest species and add additional stress to forests"
ID_FAP_2020,.context.biological_unit_score,"Climate Change section, ID_FAP-RA_2020.pdf",1,TRUE,TRUE,Areas that were predicted to undergo the most frequent and drastic landcover type changes were identified through modeling and used as a proxy to show stress to forests due to climate change.
ID_FAP_2020,.context.biological_unit_components.species,"Discussion (Relative Threats to Forest Health), ID_FAP-RA_2020.pdf",1,TRUE,TRUE,"climate change, which may modify current ranges of forest species and add additional stress to forests"
ID_FAP_2020,.context.biological_unit_components.population,NA,NA,NA,FALSE,
ID_FAP_2020,.context.biological_unit_components.population,NA,NA,NA,FALSE,
ID_FAP_2020,.context.biological_unit_components.population,NA,NA,NA,FALSE,
ID_FAP_2020,.context.biological_unit_components.habitat,"Climate Change section, ID_FAP-RA_2020.pdf",1,TRUE,TRUE,Areas that were predicted to undergo the most frequent and drastic landcover type changes were identified through modeling and used as a proxy to show stress to forests due to climate change.
ID_FAP_2020,.context.biological_unit_components.ecosystem,"Sage-Steppe Special Landscape Area, ID_FAP-S_2020.pdf",1,TRUE,TRUE,Sage-Steppe is also one of the most imperiled ecosystems in the United States.
ID_FAP_2020,.context.biological_unit_components.community,NA,NA,NA,FALSE,
ID_FAP_2020,.context.biological_unit_components.community,NA,NA,NA,FALSE,
ID_FAP_2020,.context.biological_unit_components.community,NA,NA,NA,FALSE,
ID_FAP_2020,.context.biological_unit_components.genotype_phenotype,NA,NA,NA,FALSE,
ID_FAP_2020,.context.biological_unit_components.genotype_phenotype,NA,NA,NA,FALSE,
ID_FAP_2020,.context.biological_unit_components.genotype_phenotype,NA,NA,NA,FALSE,
ID_FAP_2020,.context.partnerships_and_funding,"Figure (compliance checklist), ID_FAP-S_2020.pdf",0.3123,FALSE,TRUE,"The USDI Bureau of Land Management, USDA Forest Service (State and Private Forestry and the National Forest System) and USDA Natural Resources Conservation Service are the primary Federal forestland m"
ID_FAP_2020,.context.partnerships_and_funding,"Appendix I - Idaho Shared Stewardship, ID_FAP-S_2020.pdf",1,TRUE,TRUE,"On December 18, 2018, the State of Idaho executed a Shared Stewardship Agreement with the US Department of Agriculture (USDA) and the Forest Service Northern and Intermountain Regional Foresters."
ID_FAP_2020,.context.partnerships_and_funding,"Shared Stewardship section, ID_FAP-S_2020.pdf",1,TRUE,TRUE,The Idaho Department of Lands has committed financial and staff resources to ensuring the continued expansion of Shared Stewardship throughout Idaho.
ID_FAP_2020,.context.climate_threat_habitat_degradation,"Issue: Relative Threat to Communities and Ecosystems from Wildland Fire, ID_FAP-S_2020.pdf",1,TRUE,TRUE,"The threat of wildfires has increased due to changes in climate, additional mortality from insects and disease, increasing human population across landscapes"
ID_FAP_2020,.context.climate_threat_habitat_degradation,"Managing Stressors and Long-Term Health of Idaho's Forests, ID_FAP-S_2020.pdf",1,TRUE,TRUE,"The threats identified in the Forest Action Plan Resources-forest health, uncharacteristic wildfire, development and recreation-are driven by changes in climate, economic conditions, demographics, and"
ID_FAP_2020,.context.climate_threat_species_vital_rates,NA,NA,NA,FALSE,
ID_FAP_2020,.context.climate_threat_species_vital_rates,NA,NA,NA,FALSE,
ID_FAP_2020,.context.climate_threat_species_vital_rates,NA,NA,NA,FALSE,
ID_FAP_2020,.context.climate_threat_biotic_stressors,"Sage-Steppe Special Landscape Area, ID_FAP-S_2020.pdf",1,TRUE,TRUE,"150 years of fire exclusion and domestic livestock grazing have dramatically altered this landscape including significant expansion of native juniper into the ecosystem. Since the late 1800s, occurren"
ID_FAP_2020,.context.climate_threat_biotic_stressors,"COHESIVE STRATEGY section, ID_FAP-S_2020.pdf",1,TRUE,TRUE,"The Western Region's diverse landscapes which include expanding wildland urban interface, steep terrain, access limitations, changing climate conditions, invasive species, and extended drought challen"
ID_FAP_2020,.actions.priority_habitat_identification,"Final Idaho Forest Action Plan Resource Assessment Map, ID_FAP-RA_2020.pdf",1,TRUE,TRUE,"From this map, another spatial analysis was developed denoting Priority Landscape Areas (page 51). These are generalized areas in which goals and strategies will be developed."
ID_FAP_2020,.actions.priority_habitat_identification,"Forest Action Plan: Resource Assessment, ID_FAP-S_2020.pdf",1,TRUE,TRUE,The Idaho Resource Assessment -a geospatial analysis -identifies seven main issues affecting Idaho forestlands (threats and potential benefits).
ID_FAP_2020,.actions.priority_habitat_identification,"Chapter 3 - Final Maps Methodology, ID_FAP-RA_2020.pdf",1,TRUE,TRUE,"The Final Priority Map is developed by adding the composite threats data scores to the composite benefits map. This is done is such a way that 25 unique values are calculated, resulting in a five by f"
ID_FAP_2020,.actions.targeted_range_shift_actions,NA,NA,NA,FALSE,
ID_FAP_2020,.actions.targeted_range_shift_actions,NA,NA,NA,FALSE,
ID_FAP_2020,.actions.targeted_range_shift_actions,NA,NA,NA,FALSE,
ID_FAP_2020,.actions.time_bound_and_monitoring,"Managing Stressors and Long-Term Health of Idaho's Forests, ID_FAP-S_2020.pdf",1,TRUE,TRUE,"Within the next five years, as part of the FAP revision, convene a group of partners to look more broadly at causal factors and stressors to Idaho forests and identify even longer-term strategies to a"
ID_FAP_2020,.actions.time_bound_and_monitoring,"Process section, ID_FAP-S_2020.pdf",1,TRUE,TRUE,"This document will be updated periodically to reflect adjustments and remain relevant and useful, and full FAP updates, including the assessment and strategy development, will be completed at ten-year"
ID_FAP_2020,.actions.evidence_of_efficacy,"Climate Change section, ID_FAP-RA_2020.pdf",1,TRUE,TRUE,"Because this issue is so complex, we felt that it was important to use peer-reviewed, published datasets that were analyzed and produced by academic experts."
ID_FAP_2020,.actions.adaptation_planning_frameworks,"STATEWIDE Key Strategies, ID_FAP-S_2020.pdf",1,TRUE,TRUE,Develop a statewide strategy to address climate change and anticipated impacts to forest conditions in Idaho. Include statewide inventory and analysis of conditions and targeted strategies across owne
ID_FAP_2020,.actions.adaptation_planning_frameworks,"Managing Stressors and Long-Term Health of Idaho's Forests, ID_FAP-S_2020.pdf",1,TRUE,TRUE,the goal is to gain understanding of the higher-level 'drivers' of forest stress and change and to be 'out in front' with strategies for adaptation to these changes and mitigation of the impacts.
IL_FAP_2020,.concepts.climate_vulnerability,Illinois Forests: Environmental Impacts Fragmentation,1,TRUE,TRUE,"Situated at the edges of southern and northern forests, and along the eastern edge of the prairie, Illinois is in a position (if climatic warming occurs as predicted) to lose many plant species from n"
IL_FAP_2020,.concepts.climate_vulnerability,Threats to Forest Lands and Resources,1,TRUE,TRUE,Assess future vulnerability and adaptation strategies for oak-hickory forests.
IL_FAP_2020,.concepts.climate_vulnerability,Climate Adaptation,1,TRUE,TRUE,Review and evaluate tree species that perform well in a changing climate. This would include review of species vulnerability at the southern end of their range and adaptability at the northern end of 
IL_FAP_2020,.concepts.adaptive_capacity_specificity,"Forest Resiliency and Limited Diversity -Species, Age and Climate Change",1,TRUE,TRUE,"One of the most cost effective means to a sustainable healthy urban forest, especially through times of climate change, is to ensure diversity of species and age."
IL_FAP_2020,.concepts.adaptive_capacity_components.demography,NA,NA,NA,FALSE,
IL_FAP_2020,.concepts.adaptive_capacity_components.demography,NA,NA,NA,FALSE,
IL_FAP_2020,.concepts.adaptive_capacity_components.demography,NA,NA,NA,FALSE,
IL_FAP_2020,.concepts.adaptive_capacity_components.distribution,Illinois Forests: Environmental Impacts Fragmentation,1,TRUE,TRUE,"Situated at the edges of southern and northern forests, and along the eastern edge of the prairie, Illinois is in a position (if climatic warming occurs as predicted) to lose many plant species from n"
IL_FAP_2020,.concepts.adaptive_capacity_components.movement,Illinois Forests: Environmental Impacts Fragmentation,1,TRUE,TRUE,"While the retraction of southern range boundaries may be rapid in response to climate change, the movement of northern edges of distributions is likely to be quite slow."
IL_FAP_2020,.concepts.adaptive_capacity_components.evolutionary_potential,[TABLE] Fragmentation of forests into small habitat islands,1,TRUE,TRUE,"The resulting genetic isolation can be detrimental to the long-term health of resident populations because it increases inbreeding, which can lead to an erosion of the genetic variability and, eventua"
IL_FAP_2020,.concepts.adaptive_capacity_components.ecological_dependencies,[TABLE] Climate Change and Carbon Sequestration,1,TRUE,TRUE,"In addition, climatic warming may result in earlier spring greening of vegetation, enhanced net growth rates, increased levels of insect damage to plants, and shifts in the competitive interactions am"
IL_FAP_2020,.concepts.adaptive_capacity_components.abiotic_niche,Climate Adaptation,1,TRUE,TRUE,Review and evaluate tree species that perform well in a changing climate. This would include review of species vulnerability at the southern end of their range and adaptability at the northern end of 
IL_FAP_2020,.concepts.adaptive_capacity_components.life_history,NA,NA,NA,FALSE,
IL_FAP_2020,.concepts.adaptive_capacity_components.life_history,NA,NA,NA,FALSE,
IL_FAP_2020,.concepts.adaptive_capacity_components.life_history,NA,NA,NA,FALSE,
IL_FAP_2020,.concepts.connectivity,Impacts on Wildlife,1,TRUE,TRUE,"Resource managers are questioning the utility of setting aside relatively small, unconnected preserves to protect wildlife, such as state parks and forests. They are advocating a system of linkages or"
IL_FAP_2020,.concepts.connectivity,[TABLE] Illinois Forestry Development Council,1,TRUE,TRUE,Develop resiliency and connectedness into habitats so species can adjust to landscape and environmental changes.
IL_FAP_2020,.concepts.connectivity,Urban and Community Forest Management,1,TRUE,TRUE,Provide planned and integrated support for tree planting to improve the environment and provide for connectivity to fragmented landscapes.
IL_FAP_2020,.tools.vulnerability_models,[TABLE] 7f. Climate Change has to be a part of the forest planning process,1,TRUE,TRUE,A key resource for this planning is the Central Hardwoods Ecosystem Vulnerability Assessment and Synthesis report by the Central Hardwoods Climate Change Response Framework Project www.nrs.fs.fed.us/p
IL_FAP_2020,.tools.niche_models,NA,NA,NA,FALSE,
IL_FAP_2020,.tools.niche_models,NA,NA,NA,FALSE,
IL_FAP_2020,.tools.niche_models,NA,NA,NA,FALSE,
IL_FAP_2020,.tools.climate_models,NA,NA,NA,FALSE,
IL_FAP_2020,.tools.climate_models,NA,NA,NA,FALSE,
IL_FAP_2020,.tools.climate_models,NA,NA,NA,FALSE,
IL_FAP_2020,.tools.connectivity_models,NA,NA,NA,FALSE,
IL_FAP_2020,.tools.connectivity_models,NA,NA,NA,FALSE,
IL_FAP_2020,.tools.connectivity_models,NA,NA,NA,FALSE,
IL_FAP_2020,.context.management_scale.local,Urban and Community Forest Management,1,TRUE,TRUE,Provide planned and integrated support for tree planting to improve the environment and provide for connectivity to fragmented landscapes.
IL_FAP_2020,.context.management_scale.site,Illinois Forestry Development Council,0.9933,TRUE,TRUE,The multi-state priorities and issues listed in (Tables 2 and 3) from the 2020 U.S. Forest Service R9 S&PF multi-state meetings and 2010's listings from multistate Forest Action Plans can be considere
IL_FAP_2020,.context.management_scale.watershed,7b. Need for Reforestation and Afforestation,1,TRUE,TRUE,"The CREP program estimated there are nearly 250,000 acres of sensitive riverine land in the Illinois River watershed alone."
IL_FAP_2020,.context.management_scale.city,[TABLE] Urban and Community Forests Face Extreme Pressures and Challenges,0.3846,FALSE,TRUE,"Urban and community forests occur in nearly all communities throughout the Northeast and Midwest, from the most urban to very rural."
IL_FAP_2020,.context.management_scale.county,Illinois Forests: Environmental Impacts Fragmentation,1,TRUE,TRUE,"Situated at the edges of southern and northern forests, and along the eastern edge of the prairie, Illinois is in a position (if climatic warming occurs as predicted) to lose many plant species from n"
IL_FAP_2020,.context.management_scale.within_state_region,Ecological Provinces of Illinois,0.9487,TRUE,TRUE,Illinois forest land is concentrated along rivers and streams in the northern two-thirds of the State and is found throughout the southern third of Illinois.
IL_FAP_2020,.context.management_scale.state,Introduction,1,TRUE,TRUE,Illinois Forest Action Plan: 2020-2030
IL_FAP_2020,.context.management_scale.multistate,Illinois Forestry Development Council,0.9933,TRUE,TRUE,The multi-state priorities and issues listed in (Tables 2 and 3) from the 2020 U.S. Forest Service R9 S&PF multi-state meetings and 2010's listings from multistate Forest Action Plans can be considere
IL_FAP_2020,.context.management_scale.national,Acknowledgements,1,TRUE,TRUE,"Forest Action Plans focus on three national priorities established by the USDA Forest Service, State, and Private Forestry section: 1. Conserve and manage working forest landscapes for multiple values"
IL_FAP_2020,.context.management_scale.transnational,NA,NA,NA,FALSE,
IL_FAP_2020,.context.management_scale.transnational,NA,NA,NA,FALSE,
IL_FAP_2020,.context.management_scale.transnational,NA,NA,NA,FALSE,
IL_FAP_2020,.context.management_scale.ecosystem,Executive Summary,0.9941,TRUE,TRUE,"Through a recently written Shared Stewardship Agreement with the USDA Forest Service, the Illinois Department of Natural Resources and the Division of Forest Resources have an extraordinary framework "
IL_FAP_2020,.context.management_scale.ecoregion,Ecological Provinces of Illinois,1,TRUE,TRUE,"The State is home to three ecological provinces: the Eastern Broadleaf Forest, the Prairie Parkland, and the Lower Mississippi Riverine Forest."
IL_FAP_2020,.context.management_scale.province,Ecological Provinces of Illinois,1,TRUE,TRUE,"Ecoprovinces, or ecological provinces, are an appropriate level to broadly describe the ecology of Illinois. The State is home to three ecological provinces: the Eastern Broadleaf Forest, the Prairie "
IL_FAP_2020,.context.management_scale.section,Illinois Forestry Development Council,1,TRUE,TRUE,"Illinois is a part of several other regional forestry priority areas in the Midwest. Within the Upper Mississippi Watershed of the Midwest region, several sub-watersheds have been classified as high p"
IL_FAP_2020,.context.management_scale.subsection,NA,NA,NA,FALSE,
IL_FAP_2020,.context.management_scale.subsection,NA,NA,NA,FALSE,
IL_FAP_2020,.context.management_scale.subsection,NA,NA,NA,FALSE,
IL_FAP_2020,.context.management_scale.lake,NA,NA,NA,FALSE,
IL_FAP_2020,.context.management_scale.lake,NA,NA,NA,FALSE,
IL_FAP_2020,.context.management_scale.lake,NA,NA,NA,FALSE,
IL_FAP_2020,.context.management_scale.river,7b. Need for Reforestation and Afforestation,1,TRUE,TRUE,"The CREP program estimated there are nearly 250,000 acres of sensitive riverine land in the Illinois River watershed alone."
IL_FAP_2020,.context.management_scale.district,NA,NA,NA,FALSE,
IL_FAP_2020,.context.management_scale.district,NA,NA,NA,FALSE,
IL_FAP_2020,.context.management_scale.district,NA,NA,NA,FALSE,
IL_FAP_2020,.context.biological_unit_score,Illinois Forests: Environmental Impacts Fragmentation,1,TRUE,TRUE,"Situated at the edges of southern and northern forests, and along the eastern edge of the prairie, Illinois is in a position (if climatic warming occurs as predicted) to lose many plant species from n"
IL_FAP_2020,.context.biological_unit_score,Biomass,1,TRUE,TRUE,Forest land will experience increased stresses from nonnative species and development as wildland-urban interfaces continue to increase. These pressures may very well produce long-term or permanent lo
IL_FAP_2020,.context.biological_unit_components.species,Illinois Forests: Environmental Impacts Fragmentation,1,TRUE,TRUE,"Situated at the edges of southern and northern forests, and along the eastern edge of the prairie, Illinois is in a position (if climatic warming occurs as predicted) to lose many plant species from n"
IL_FAP_2020,.context.biological_unit_components.population,[TABLE] Fragmentation of forests into small habitat islands,1,TRUE,TRUE,Fragmentation of forests into small habitat islands results in small effective population sizes. Population size is the best predictor of extinction probability.
IL_FAP_2020,.context.biological_unit_components.habitat,Biomass,1,TRUE,TRUE,Forest land will experience increased stresses from nonnative species and development as wildland-urban interfaces continue to increase. These pressures may very well produce long-term or permanent lo
IL_FAP_2020,.context.biological_unit_components.ecosystem,Ecological Provinces of Illinois,1,TRUE,TRUE,"The State is home to three ecological provinces: the Eastern Broadleaf Forest, the Prairie Parkland, and the Lower Mississippi Riverine Forest."
IL_FAP_2020,.context.biological_unit_components.community,[TABLE] Climate Change and Carbon Sequestration,1,TRUE,TRUE,"In addition, climatic warming may result in earlier spring greening of vegetation, enhanced net growth rates, increased levels of insect damage to plants, and shifts in the competitive interactions am"
IL_FAP_2020,.context.biological_unit_components.genotype_phenotype,NA,NA,NA,FALSE,
IL_FAP_2020,.context.biological_unit_components.genotype_phenotype,NA,NA,NA,FALSE,
IL_FAP_2020,.context.biological_unit_components.genotype_phenotype,NA,NA,NA,FALSE,
IL_FAP_2020,.context.partnerships_and_funding,Executive Summary,0.995,TRUE,TRUE,"Through a recently written Shared Stewardship Agreement with the USDA Forest Service, the Illinois Department of Natural Resources and the Division of Forest Resources have an extraordinary framework "
IL_FAP_2020,.context.partnerships_and_funding,[TABLE] 7f. Climate Change has to be a part of the forest planning process,1,TRUE,TRUE,7f. Climate Change has to be a part of the forest planning process to ensure forest health and longevity Global climate change and the degradation of forest health and resiliency is an important conce
IL_FAP_2020,.context.climate_threat_habitat_degradation,Illinois Forests: Environmental Impacts Fragmentation,1,TRUE,TRUE,"Second, increased drought frequency may result in increased frequencies of plant disease. Given that the major identifiable sources of mortality in trees are insects and disease, climate change is lik"
IL_FAP_2020,.context.climate_threat_species_vital_rates,[TABLE] Climate Change and Carbon Sequestration,1,TRUE,TRUE,"If predictions of global climate changes occur it may have several biological ramifications. First, warmer winter temperatures are likely to result in increased survivorship of over-wintering insects."
IL_FAP_2020,.context.climate_threat_biotic_stressors,[TABLE] Climate Change and Carbon Sequestration,1,TRUE,TRUE,"In addition, climatic warming may result in earlier spring greening of vegetation, enhanced net growth rates, increased levels of insect damage to plants, and shifts in the competitive interactions am"
IL_FAP_2020,.actions.priority_habitat_identification,Forest Legacy,0.7191,FALSE,TRUE,"High Priority Stewardship areas are, in general; 'all the existing forest in Illinois' plus 'forest land that was once forest cleared for agriculture and having forest soils.' The map (Fig. 22) shows "
IL_FAP_2020,.actions.priority_habitat_identification,Forest Legacy,1,TRUE,TRUE,"The priority-setting was based on 12 core data layers, representing important aspects and outputs of forest resource conservation, using a weighted ranking system for each data layer (Tables 1 a&b)"
IL_FAP_2020,.actions.targeted_range_shift_actions,NA,NA,NA,FALSE,
IL_FAP_2020,.actions.targeted_range_shift_actions,NA,NA,NA,FALSE,
IL_FAP_2020,.actions.targeted_range_shift_actions,NA,NA,NA,FALSE,
IL_FAP_2020,.actions.time_bound_and_monitoring,Strategy 6,1,TRUE,TRUE,Strategy 6. Expand Urban and Community Forests and Forestry (5-year plan agenda to be be updated by addendum in 2025)
IL_FAP_2020,.actions.evidence_of_efficacy,Threats to Forest Lands and Resources,1,TRUE,TRUE,Enhance tree biodiversity and climate change adaptation planning for the benefit of forest resiliency and wildlife habitat management.
IL_FAP_2020,.actions.adaptation_planning_frameworks,[TABLE] 7f. Climate Change has to be a part of the forest planning process,1,TRUE,TRUE,7f. Climate Change has to be a part of the forest planning process to ensure forest health and longevity Global climate change and the degradation of forest health and resiliency is an important conce
IN_FAP_2020,.concepts.climate_vulnerability,Action Steps,1,TRUE,TRUE,5.1 Promote species diversity in urban canopies to reduce susceptibility to forest pests and increase climate change and overall urban forest resilience.
IN_FAP_2020,.concepts.adaptive_capacity_specificity,Fragmentation,1,TRUE,TRUE,"The long-term sustainability of forested ecosystems is affected by the ability of these systems to provide genetic response to stress, disease or disasters. Forest systems are complex, and genetic tra"
IN_FAP_2020,.concepts.adaptive_capacity_components.demography,NA,NA,NA,FALSE,
IN_FAP_2020,.concepts.adaptive_capacity_components.demography,NA,NA,NA,FALSE,
IN_FAP_2020,.concepts.adaptive_capacity_components.demography,NA,NA,NA,FALSE,
IN_FAP_2020,.concepts.adaptive_capacity_components.distribution,Climate Change,1,TRUE,TRUE,"expected changes include shifts in the distributions and abundances of trees, understory plants and wildlife, as well as changes in the environmental, economic and cultural benefits these forests prov"
IN_FAP_2020,.concepts.adaptive_capacity_components.movement,Map: 2019 Above Average Forest Patches by Natural Region,1,TRUE,TRUE,"Large forest patches within low forested areas can be considered refugia for species that remain and highly important to dispersal, migration and other ecologic functions. Connectivity and dispersal c"
IN_FAP_2020,.concepts.adaptive_capacity_components.evolutionary_potential,Fragmentation,1,TRUE,TRUE,"The long-term sustainability of forested ecosystems is affected by the ability of these systems to provide genetic response to stress, disease or disasters. Forest systems are complex, and genetic tra"
IN_FAP_2020,.concepts.adaptive_capacity_components.ecological_dependencies,NA,NA,NA,FALSE,
IN_FAP_2020,.concepts.adaptive_capacity_components.ecological_dependencies,NA,NA,NA,FALSE,
IN_FAP_2020,.concepts.adaptive_capacity_components.ecological_dependencies,NA,NA,NA,FALSE,
IN_FAP_2020,.concepts.adaptive_capacity_components.abiotic_niche,NA,NA,NA,FALSE,
IN_FAP_2020,.concepts.adaptive_capacity_components.abiotic_niche,NA,NA,NA,FALSE,
IN_FAP_2020,.concepts.adaptive_capacity_components.abiotic_niche,NA,NA,NA,FALSE,
IN_FAP_2020,.concepts.adaptive_capacity_components.life_history,NA,NA,NA,FALSE,
IN_FAP_2020,.concepts.adaptive_capacity_components.life_history,NA,NA,NA,FALSE,
IN_FAP_2020,.concepts.adaptive_capacity_components.life_history,NA,NA,NA,FALSE,
IN_FAP_2020,.concepts.connectivity,Map: 2019 Above Average Forest Patches by Natural Region,1,TRUE,TRUE,"Large forest patches within low forested areas can be considered refugia for species that remain and highly important to dispersal, migration and other ecologic functions. Connectivity and dispersal c"
IN_FAP_2020,.concepts.connectivity,Fragmentation,1,TRUE,TRUE,"top actions of forest conservation included protection of contiguous forest areas, limiting forestland conversion and fragmentation, reduction of development within forested communities, and maintaini"
IN_FAP_2020,.tools.vulnerability_models,NA,NA,NA,FALSE,
IN_FAP_2020,.tools.vulnerability_models,NA,NA,NA,FALSE,
IN_FAP_2020,.tools.vulnerability_models,NA,NA,NA,FALSE,
IN_FAP_2020,.tools.niche_models,NA,NA,NA,FALSE,
IN_FAP_2020,.tools.niche_models,NA,NA,NA,FALSE,
IN_FAP_2020,.tools.niche_models,NA,NA,NA,FALSE,
IN_FAP_2020,.tools.climate_models,NA,NA,NA,FALSE,
IN_FAP_2020,.tools.climate_models,NA,NA,NA,FALSE,
IN_FAP_2020,.tools.climate_models,NA,NA,NA,FALSE,
IN_FAP_2020,.tools.connectivity_models,NA,NA,NA,FALSE,
IN_FAP_2020,.tools.connectivity_models,NA,NA,NA,FALSE,
IN_FAP_2020,.tools.connectivity_models,NA,NA,NA,FALSE,
IN_FAP_2020,.context.management_scale.local,"Priority Areas, Forest Conditions, Trends, Threats and Priority Landscape Areas by Issue",1,TRUE,TRUE,Partners are encouraged to analyze issue components independently where certain factors may be less relevant at more local scales or where initiatives have a more narrowly defined focus.
IN_FAP_2020,.context.management_scale.site,Parcel Level Strategies,1,TRUE,TRUE,"The Statewide Strategies at a Parcel Level project developed a statewide, private landowner contact database that was linked to geospatial data"
IN_FAP_2020,.context.management_scale.watershed,Strategy 2 Action Steps,1,TRUE,TRUE,"2.3 Targeting watersheds that drain excess agricultural nutrients, create special and permanent incentives to buffer riparian corridors with forests to filter agricultural chemicals, nutrients and sed"
IN_FAP_2020,.context.management_scale.city,NA,NA,NA,FALSE,
IN_FAP_2020,.context.management_scale.city,NA,NA,NA,FALSE,
IN_FAP_2020,.context.management_scale.city,NA,NA,NA,FALSE,
IN_FAP_2020,.context.management_scale.county,Strategy 2 Action Steps table,1,TRUE,TRUE,Encourage counties to set local targets for expanding forest cover by 20% by 2030
IN_FAP_2020,.context.management_scale.within_state_region,Fragmentation,1,TRUE,TRUE,Southern Indiana contains the majority of the largest forest patches.
IN_FAP_2020,.context.management_scale.state,Document Design,1,TRUE,TRUE,The statewide scope of this document reflects the distribution of benefits and services that are produced by all forests.
IN_FAP_2020,.context.management_scale.multistate,Multi-state,1,TRUE,TRUE,There are many existing and potential multi-state forestry-related conservation efforts and partnerships that involve Indiana.
IN_FAP_2020,.context.management_scale.national,Document Design,1,TRUE,TRUE,"Indiana's forest issues and strategies are also consistent with the USDA Forest Service's national priorities: conserve working-forest landscapes, protect forests from harm and enhance public benefits"
IN_FAP_2020,.context.management_scale.transnational,NA,NA,NA,FALSE,
IN_FAP_2020,.context.management_scale.transnational,NA,NA,NA,FALSE,
IN_FAP_2020,.context.management_scale.transnational,NA,NA,NA,FALSE,
IN_FAP_2020,.context.management_scale.ecosystem,Goals and Objectives,1,TRUE,TRUE,The assessment portion of the Forest Action Plan attempts to show the state of affairs of Indiana's private and public forests and analyze the sustainability of forested ecosystems on a statewide or l
IN_FAP_2020,.context.management_scale.ecoregion,Invasives,1,TRUE,TRUE,The Natural Regions of Indiana were developed by Michael A. Homoya when he worked for the Indiana DNR Division of Nature Preserves. These regions represent an ecologically unique partitioning of the s
IN_FAP_2020,.context.management_scale.province,NA,NA,NA,FALSE,
IN_FAP_2020,.context.management_scale.province,NA,NA,NA,FALSE,
IN_FAP_2020,.context.management_scale.province,NA,NA,NA,FALSE,
IN_FAP_2020,.context.management_scale.section,NA,NA,NA,FALSE,
IN_FAP_2020,.context.management_scale.section,NA,NA,NA,FALSE,
IN_FAP_2020,.context.management_scale.section,NA,NA,NA,FALSE,
IN_FAP_2020,.context.management_scale.subsection,NA,NA,NA,FALSE,
IN_FAP_2020,.context.management_scale.subsection,NA,NA,NA,FALSE,
IN_FAP_2020,.context.management_scale.subsection,NA,NA,NA,FALSE,
IN_FAP_2020,.context.management_scale.lake,NA,NA,NA,FALSE,
IN_FAP_2020,.context.management_scale.lake,NA,NA,NA,FALSE,
IN_FAP_2020,.context.management_scale.lake,NA,NA,NA,FALSE,
IN_FAP_2020,.context.management_scale.river,Southwest Bottomland Forest Legacy Area,1,TRUE,TRUE,Protect the riparian corridors and floodplains that are important to migratory birds along the Mississippi Flyway.
IN_FAP_2020,.context.management_scale.district,NA,NA,NA,FALSE,
IN_FAP_2020,.context.management_scale.district,NA,NA,NA,FALSE,
IN_FAP_2020,.context.management_scale.district,NA,NA,NA,FALSE,
IN_FAP_2020,.context.biological_unit_score,Climate Change,1,TRUE,TRUE,"expected changes include shifts in the distributions and abundances of trees, understory plants and wildlife, as well as changes in the environmental, economic and cultural benefits these forests prov"
IN_FAP_2020,.context.biological_unit_score,Goals and Objectives,1,TRUE,TRUE,The assessment portion of the Forest Action Plan attempts to show the state of affairs of Indiana's private and public forests and analyze the sustainability of forested ecosystems on a statewide or l
IN_FAP_2020,.context.biological_unit_components.species,Climate Change,1,TRUE,TRUE,"expected changes include shifts in the distributions and abundances of trees, understory plants and wildlife, as well as changes in the environmental, economic and cultural benefits these forests prov"
IN_FAP_2020,.context.biological_unit_components.population,NA,NA,NA,FALSE,
IN_FAP_2020,.context.biological_unit_components.population,NA,NA,NA,FALSE,
IN_FAP_2020,.context.biological_unit_components.population,NA,NA,NA,FALSE,
IN_FAP_2020,.context.biological_unit_components.habitat,Fragmentation,1,TRUE,TRUE,"Within forested habitats across Indiana, conversion of natural habitat to other land uses was viewed as the top threat facing fish and wildlife species of greatest conservation concern (Chapter 6)."
IN_FAP_2020,.context.biological_unit_components.ecosystem,Goals and Objectives,1,TRUE,TRUE,The assessment portion of the Forest Action Plan attempts to show the state of affairs of Indiana's private and public forests and analyze the sustainability of forested ecosystems on a statewide or l
IN_FAP_2020,.context.biological_unit_components.community,D. FOREST PLANT DIVERSITY,1,TRUE,TRUE,"Indiana is also at the crossroads of plant and animal communities. This state is one of transition, from north to south and from east to west."
IN_FAP_2020,.context.biological_unit_components.genotype_phenotype,NA,NA,NA,FALSE,
IN_FAP_2020,.context.biological_unit_components.genotype_phenotype,NA,NA,NA,FALSE,
IN_FAP_2020,.context.biological_unit_components.genotype_phenotype,NA,NA,NA,FALSE,
IN_FAP_2020,.context.partnerships_and_funding,Necessary Resources,1,TRUE,TRUE,USDA Forest Service State and Private Forestry has traditionally supplemented the Division of Forestry's operating budget with about $1.5 million in grants and matched funds for cooperative programs a
IN_FAP_2020,.context.partnerships_and_funding,National Priorities Accomplishments Section,1,TRUE,TRUE,"During the 10 years from 2008-2018, NRCS provided over $12 million to private forestland owners to increase the health and productivity of their forestlands"
IN_FAP_2020,.context.climate_threat_habitat_degradation,Climate Change,1,TRUE,TRUE,"Climate change is increasingly affecting Indiana and resulting in wetter winters during which the ground does not freeze solid for long periods, longer summer droughts, and increasing numbers of days "
IN_FAP_2020,.context.climate_threat_species_vital_rates,Climate Change,1,TRUE,TRUE,"It is also resulting in some warmer winters that enable certain insect populations to have increased numbers of breeding cycles, such as occurred with tulip tree scale in the 2010s. Forests thus face "
IN_FAP_2020,.context.climate_threat_biotic_stressors,Climate Change,1,TRUE,TRUE,"It is also resulting in some warmer winters that enable certain insect populations to have increased numbers of breeding cycles, such as occurred with tulip tree scale in the 2010s."
IN_FAP_2020,.actions.priority_habitat_identification,Strategic Target Forests table,1,TRUE,TRUE,The Indiana Strategic Target Forest Patches are areas or regions of the state that are a priority for conservation and stewardship. They remain unchanged from 2010 Forest Action Plan. Strategic Target
IN_FAP_2020,.actions.priority_habitat_identification,Map: 2019 Above Average Forest Patches by Natural Region,1,TRUE,TRUE,"Large forest patches within low forested areas can be considered refugia for species that remain and highly important to dispersal, migration and other ecologic functions. Connectivity and dispersal c"
IN_FAP_2020,.actions.targeted_range_shift_actions,NA,NA,NA,FALSE,
IN_FAP_2020,.actions.targeted_range_shift_actions,NA,NA,NA,FALSE,
IN_FAP_2020,.actions.targeted_range_shift_actions,NA,NA,NA,FALSE,
IN_FAP_2020,.actions.time_bound_and_monitoring,Strategy 2 Action Steps table,1,TRUE,TRUE,Encourage counties to set local targets for expanding forest cover by 20% by 2030
IN_FAP_2020,.actions.evidence_of_efficacy,Hardwood Ecosystem Experiment,0.7534,FALSE,TRUE,"Since 2010, the Indiana Division of Forestry has continued to provide direct support to dozens of research projects investigating the ecological effects of forest management on State Forests. Most of "
IN_FAP_2020,.actions.adaptation_planning_frameworks,National Priorities Crosswalk / ADDITIONAL LETTERS AND COMMENTS,1,TRUE,TRUE,Manage trees and forests to mitigate and adapt to global climate change Relevant associated Indiana Action Steps: 3.18 (forest restoration)
KS_FAP_2020,.concepts.climate_vulnerability,Population section (Chapter 1),1,TRUE,TRUE,"A changing climate, catastrophic fires, effects of development, and a three-fold increase in insect-induced mortality in the last decade threaten this resource."
KS_FAP_2020,.concepts.climate_vulnerability,National Theme: Enhance Public Benefits from Trees and Forests (Appendix A table section),1,TRUE,TRUE,"Threats to forest health include insects, disease, invasive plant and animal species, air pollution, and climate change."
KS_FAP_2020,.concepts.adaptive_capacity_specificity,Table section – Carbon Stocks / Tree Planting (Chapter 2),0.2486,FALSE,TRUE,"Planting tree species that will be resilient to projected changes in climate is an important strategy. Models like the USDA Forest Service, Northern Research Station's, Tree Atlas (www.nrs.fs.fed.us/a"
KS_FAP_2020,.concepts.adaptive_capacity_components.demography,NA,NA,NA,FALSE,
KS_FAP_2020,.concepts.adaptive_capacity_components.demography,NA,NA,NA,FALSE,
KS_FAP_2020,.concepts.adaptive_capacity_components.demography,NA,NA,NA,FALSE,
KS_FAP_2020,.concepts.adaptive_capacity_components.distribution,Table section – Carbon Stocks / Tree Planting (Chapter 2),0.5311,FALSE,TRUE,Tree Atlas assesses current status (2000) and potential future status (2100) of tree species following climate change...to generate models of current suitable habitat for each species.
KS_FAP_2020,.concepts.adaptive_capacity_components.distribution,Manage and restore trees and forests to mitigate and adapt to global climate change (Appendix A table section),1,TRUE,TRUE,"Forest range, type and composition are projected to change significantly-with corresponding changes in wildlife habitat, biodiversity, water flows, and fire regimes."
KS_FAP_2020,.concepts.adaptive_capacity_components.movement,NA,NA,NA,FALSE,
KS_FAP_2020,.concepts.adaptive_capacity_components.movement,NA,NA,NA,FALSE,
KS_FAP_2020,.concepts.adaptive_capacity_components.movement,NA,NA,NA,FALSE,
KS_FAP_2020,.concepts.adaptive_capacity_components.evolutionary_potential,NA,NA,NA,FALSE,
KS_FAP_2020,.concepts.adaptive_capacity_components.evolutionary_potential,NA,NA,NA,FALSE,
KS_FAP_2020,.concepts.adaptive_capacity_components.evolutionary_potential,NA,NA,NA,FALSE,
KS_FAP_2020,.concepts.adaptive_capacity_components.ecological_dependencies,NA,NA,NA,FALSE,
KS_FAP_2020,.concepts.adaptive_capacity_components.ecological_dependencies,NA,NA,NA,FALSE,
KS_FAP_2020,.concepts.adaptive_capacity_components.ecological_dependencies,NA,NA,NA,FALSE,
KS_FAP_2020,.concepts.adaptive_capacity_components.abiotic_niche,Table section – Carbon Stocks / Tree Planting (Chapter 2),0.3994,FALSE,TRUE,Tree Atlas uses USDA Forest Service Forest Inventory and Analysis data with 38 environmental variables to generate models of current suitable habitat for each species. Then they change the climate acc
KS_FAP_2020,.concepts.adaptive_capacity_components.life_history,NA,NA,NA,FALSE,
KS_FAP_2020,.concepts.adaptive_capacity_components.life_history,NA,NA,NA,FALSE,
KS_FAP_2020,.concepts.adaptive_capacity_components.life_history,NA,NA,NA,FALSE,
KS_FAP_2020,.concepts.connectivity,Specific Issues in Kansas (Appendix D – Wildlife and Fish Habitat section),1,TRUE,TRUE,"Forest fragmentation, conversion and interruption of wildlife corridors will continue in the suburban interface with forested land due to the increase of urban and community land development."
KS_FAP_2020,.concepts.connectivity,Resources Required and Performance Measures for Protecting and Restoring Forest Biodiversity and Wildlife Habitat,1,TRUE,TRUE,acres of connected forests resulting from State and Private Forestry investments will serve as performance measures.
KS_FAP_2020,.tools.vulnerability_models,NA,NA,NA,FALSE,
KS_FAP_2020,.tools.vulnerability_models,NA,NA,NA,FALSE,
KS_FAP_2020,.tools.vulnerability_models,NA,NA,NA,FALSE,
KS_FAP_2020,.tools.niche_models,Table section – Carbon Stocks / Tree Planting (Chapter 2),0.2406,FALSE,TRUE,"Models like the USDA Forest Service, Northern Research Station's, Tree Atlas (www.nrs.fs.fed.us/atlas/tree/#) will help guide the promotion of species like bur oak, American basswood, American plum an"
KS_FAP_2020,.tools.niche_models,Table section – Carbon Stocks / Tree Planting (Chapter 2),0.6571,FALSE,TRUE,Tree Atlas assesses current status (2000) and potential future status (2100) of tree species following climate change. Tree Atlas uses USDA Forest Service Forest Inventory and Analysis data with 38 en
KS_FAP_2020,.tools.niche_models,Table 2.3,0.9918,TRUE,TRUE,"Table 2.3. Gcm3AvgHiDif column (General Climate Model 3, Average High Difference), represents trees predicted to be 'Winners' -those that will increase in abundance, using the average of three climate"
KS_FAP_2020,.tools.climate_models,Table section – Carbon Stocks / Tree Planting (Chapter 2),0.2321,FALSE,TRUE,"Then they change the climate according to a General Circulation Model (GCM) from Mild, an average of 3 GCMs under low carbon emissions where there is active human intervention to curb carbon emissions"
KS_FAP_2020,.tools.climate_models,Table 2.3,0.8212,FALSE,TRUE,"Table 2.3. Gcm3AvgHiDif column (General Climate Model 3, Average High Difference), represents trees predicted to be 'Winners'...using the average of three climate models: Hadley, Parallel, and Geophys"
KS_FAP_2020,.tools.connectivity_models,NA,NA,NA,FALSE,
KS_FAP_2020,.tools.connectivity_models,NA,NA,NA,FALSE,
KS_FAP_2020,.tools.connectivity_models,NA,NA,NA,FALSE,
KS_FAP_2020,.context.management_scale.local,Strategy for Issues that Create Wildfire Risk (Chapter 3),0.438,FALSE,TRUE,Local Community Wildfire Protection Plans (CWPP) will further target priority areas to restore native prairie and mitigate wildfire impacts.
KS_FAP_2020,.context.management_scale.site,Acknowledgements / Appendix E,1,TRUE,TRUE,The greater Baldwin Woods site showing landowner tracts within the project area of interest (numbered tracts).
KS_FAP_2020,.context.management_scale.watershed,Summary of Priority Areas Threats and Benefits Composite Maps (Chapter 3),0.741,FALSE,TRUE,In order to create the Priority Resource Areas...the unclassified Assessment layer cell values were aggregated to HUC-14 watershed boundaries.
KS_FAP_2020,.context.management_scale.city,"UTC Study, Wichita, Kansas (Chapter 2)",1,TRUE,TRUE,"On a local level, an Urban Canopy Study (UTC) for the City of Wichita, completed in 2017, yielded the following results: 22% tree canopy, 33% impervious surface, and 45% Potential Plantable Area"
KS_FAP_2020,.context.management_scale.county,NRI Report (Chapter 2),1,TRUE,TRUE,"Johnson, Wyandotte, and Leavenworth counties grew in population from 2015-2016 by 7,426 residents."
KS_FAP_2020,.context.management_scale.within_state_region,Summary of Priority Areas Threats and Benefits Composite Maps (Chapter 3),1,TRUE,TRUE,Nine Landscape Priority Areas were created to focus future work (Figure 3.17). These areas were delineated along broad ecological and/or issue related themes.
KS_FAP_2020,.context.management_scale.state,Population section (Chapter 1),1,TRUE,TRUE,"Kansas rural forests comprise 2,483,060 acres (roughly 5% of the state's total land area) with 92.49% privately owned"
KS_FAP_2020,.context.management_scale.multistate,Multi-State/Regional Issues and Priority Areas (Chapter 3),1,TRUE,TRUE,Seven multi-state or regional issues and areas have been identified (Figure 3.18) and are listed below. Some issues and areas represent ongoing projects and programs.
KS_FAP_2020,.context.management_scale.national,NA,NA,NA,FALSE,
KS_FAP_2020,.context.management_scale.national,NA,NA,NA,FALSE,
KS_FAP_2020,.context.management_scale.national,NA,NA,NA,FALSE,
KS_FAP_2020,.context.management_scale.transnational,NA,NA,NA,FALSE,
KS_FAP_2020,.context.management_scale.transnational,NA,NA,NA,FALSE,
KS_FAP_2020,.context.management_scale.transnational,NA,NA,NA,FALSE,
KS_FAP_2020,.context.management_scale.ecosystem,Strategy for Sustaining Water Quality and Quantity (Chapter 3),1,TRUE,TRUE,"In the shortgrass and central mixed grass prairie ecosystems, riparian forests, and shrubs are declining due to a lowering water table from surface water and groundwater depletion."
KS_FAP_2020,.context.management_scale.ecoregion,Introduction – Geography of Kansas (Chapter 1),1,TRUE,TRUE,"The following Level III ecoregion descriptions are provided by the United States Environmental Protection Agency (Chapman et al., 2001) and based on the original map compilation by Omernik (1987)."
KS_FAP_2020,.context.management_scale.province,NA,NA,NA,FALSE,
KS_FAP_2020,.context.management_scale.province,NA,NA,NA,FALSE,
KS_FAP_2020,.context.management_scale.province,NA,NA,NA,FALSE,
KS_FAP_2020,.context.management_scale.section,NA,NA,NA,FALSE,
KS_FAP_2020,.context.management_scale.section,NA,NA,NA,FALSE,
KS_FAP_2020,.context.management_scale.section,NA,NA,NA,FALSE,
KS_FAP_2020,.context.management_scale.subsection,NA,NA,NA,FALSE,
KS_FAP_2020,.context.management_scale.subsection,NA,NA,NA,FALSE,
KS_FAP_2020,.context.management_scale.subsection,NA,NA,NA,FALSE,
KS_FAP_2020,.context.management_scale.lake,Northern Flint Hills Forest Legacy Program Area (Chapter 4),1,TRUE,TRUE,Tuttle Creek Lake and Milford Lakes are the major reservoirs.
KS_FAP_2020,.context.management_scale.river,Tamarisk (Chapter 3),1,TRUE,TRUE,"The Arkansas, Cimarron, and Rattlesnake among the most heavily impacted."
KS_FAP_2020,.context.management_scale.district,Accomplishments toward Sustaining and Protecting Forest and Agroforestry Ecosystems,1,TRUE,TRUE,"The Great Plains Initiative 2, a grant from the USDA Forest Service, will provide updated inventory data on windbreak condition and location as well as a statewide GIS tree canopy layer for the first "
KS_FAP_2020,.context.biological_unit_score,Manage and restore trees and forests to mitigate and adapt to global climate change (Appendix A table section),1,TRUE,TRUE,"Forest range, type and composition are projected to change significantly-with corresponding changes in wildlife habitat, biodiversity, water flows, and fire regimes."
KS_FAP_2020,.context.biological_unit_score,Table section – Carbon Stocks / Tree Planting (Chapter 2),0.6903,FALSE,TRUE,Tree Atlas assesses current status (2000) and potential future status (2100) of tree species following climate change.
KS_FAP_2020,.context.biological_unit_components.species,Table 2.3,0.5966,FALSE,TRUE,"Table 2.3...represents trees predicted to be 'Winners' -those that will increase in abundance, using the average of three climate models...The trees are listed in descending order by percent change in"
KS_FAP_2020,.context.biological_unit_components.population,NA,NA,NA,FALSE,
KS_FAP_2020,.context.biological_unit_components.population,NA,NA,NA,FALSE,
KS_FAP_2020,.context.biological_unit_components.population,NA,NA,NA,FALSE,
KS_FAP_2020,.context.biological_unit_components.habitat,Manage and restore trees and forests to mitigate and adapt to global climate change (Appendix A table section),1,TRUE,TRUE,"Forest range, type and composition are projected to change significantly-with corresponding changes in wildlife habitat, biodiversity, water flows, and fire regimes."
KS_FAP_2020,.context.biological_unit_components.ecosystem,Strategy for Sustaining Water Quality and Quantity (Chapter 3),1,TRUE,TRUE,"In the shortgrass and central mixed grass prairie ecosystems, riparian forests, and shrubs are declining due to a lowering water table from surface water and groundwater depletion."
KS_FAP_2020,.context.biological_unit_components.community,National Themes and Strategic Objectives (Appendix A section),1,TRUE,TRUE,"Decades of fire suppression and a changing climate have disrupted natural fire regimes, resulting in fuel buildup, loss of biological diversity, changed species composition, and loss of some fire-depe"
KS_FAP_2020,.context.biological_unit_components.genotype_phenotype,NA,NA,NA,FALSE,
KS_FAP_2020,.context.biological_unit_components.genotype_phenotype,NA,NA,NA,FALSE,
KS_FAP_2020,.context.biological_unit_components.genotype_phenotype,NA,NA,NA,FALSE,
KS_FAP_2020,.context.partnerships_and_funding,Resources Required / Performance Measures (Chapter 3 Forest Health section),1,TRUE,TRUE,"These partnerships have resulted in meaningful outcomes not likely attainable through a unilateral Kansas Forest Service effort. However, limited resources have also led to only the highest-priority i"
KS_FAP_2020,.context.partnerships_and_funding,Table – Cross Timbers Legacy Program Area (Chapter 4),0.871,TRUE,TRUE,Kansas Forest Service lacks necessary funding to support a full time coordinator for the Forest Legacy Program which is necessary for its success in Kansas.
KS_FAP_2020,.context.climate_threat_habitat_degradation,"Why Kansas Forests are Important to Mitigate Climate Change (Table section, Chapter 2)",0.4461,FALSE,TRUE,"Longer growing and wildfire seasons, increased incidence of pest and disease, and climate-related mortality associated with drought and flooding are some examples. These changes are associated with in"
KS_FAP_2020,.context.climate_threat_habitat_degradation,"Why Kansas Forests are Important to Mitigate Climate Change (Table section, Chapter 2)",0.6607,FALSE,TRUE,Changes in long-term patterns of temperature and precipitation have affected Kansas forests growth and mortality.
KS_FAP_2020,.context.climate_threat_species_vital_rates,"Why Kansas Forests are Important to Mitigate Climate Change (Table section, Chapter 2)",0.5079,FALSE,TRUE,climate-related mortality associated with drought and flooding are some examples. These changes are associated with increasing concentrations of atmospheric carbon dioxide (CO 2 ) and other GHG.
KS_FAP_2020,.context.climate_threat_species_vital_rates,"Why Kansas Forests are Important to Mitigate Climate Change (Table section, Chapter 2)",0.4938,FALSE,TRUE,"Longer growing and wildfire seasons, increased incidence of pest and disease, and climate-related mortality associated with drought and flooding are some examples."
KS_FAP_2020,.context.climate_threat_biotic_stressors,National Themes and Strategic Objectives (Appendix A section),1,TRUE,TRUE,"Decades of fire suppression and a changing climate have disrupted natural fire regimes, resulting in fuel buildup, loss of biological diversity, changed species composition, and loss of some fire-depe"
KS_FAP_2020,.context.climate_threat_biotic_stressors,Manage and restore trees and forests to mitigate and adapt to global climate change (Appendix A table section),1,TRUE,TRUE,"Forest range, type and composition are projected to change significantly-with corresponding changes in wildlife habitat, biodiversity, water flows, and fire regimes."
KS_FAP_2020,.actions.priority_habitat_identification,Summary of Priority Areas Threats and Benefits Composite Maps (Chapter 3),1,TRUE,TRUE,Nine Landscape Priority Areas were created to focus future work (Figure 3.17). These areas were delineated along broad ecological and/or issue related themes.
KS_FAP_2020,.actions.priority_habitat_identification,Summary of Priority Areas Threats and Benefits Composite Maps (Chapter 3),1,TRUE,TRUE,From this layer the 'Moderate -High' and 'High' classes were selected for a final 'Priority Resource Areas' map (Figure 3.15).
KS_FAP_2020,.actions.priority_habitat_identification,Determining Boundaries of FLP Areas (Chapter 4),1,TRUE,TRUE,"Forest Legacy Areas have been identified based on the threat of conversion -mostly in the east, surrounding larger cities -and environmentally important forest areas (water quality, rare species, patc"
KS_FAP_2020,.actions.targeted_range_shift_actions,NA,NA,NA,FALSE,
KS_FAP_2020,.actions.targeted_range_shift_actions,NA,NA,NA,FALSE,
KS_FAP_2020,.actions.targeted_range_shift_actions,NA,NA,NA,FALSE,
KS_FAP_2020,.actions.time_bound_and_monitoring,Summary of Priority Areas Threats and Benefits Composite Maps (Chapter 3),1,TRUE,TRUE,The assessment and strategy will also be revised as new data becomes available with a 5-year review in 2025.
KS_FAP_2020,.actions.time_bound_and_monitoring,Introduction (Chapter 1),1,TRUE,TRUE,"Annual reports are provided to the USDA Forest Service, Rocky Mountain Region 2, State and Private Forestry, to document the effectiveness of program funding to address the issues in the Kansas Forest"
KS_FAP_2020,.actions.evidence_of_efficacy,Agroforestry – Current Conditions and Trends (Chapter 2),0.9536,TRUE,TRUE,"In addition, 2018 research using 57 crop years of yield monitoring data in Kansas suggests field windbreaks improved crop yields significantly for soybeans 46% of the time and wheat 30% of the time."
KS_FAP_2020,.actions.evidence_of_efficacy,Appendix D – Threats to Forest Health section,0.7591,FALSE,TRUE,Based on the priority that the Kansas Forest Service and partners identified...efforts to address tamarisk infestation along the important Rattlesnake Creek watershed in central Kansas resulted in sev
KS_FAP_2020,.actions.evidence_of_efficacy,Accomplishments toward Sustaining and Protecting Forest and Agroforestry Ecosystems,1,TRUE,TRUE,"Since 2010, more than 7 miles of shelterbelts have been renovated sustaining crop yield, wildlife and soil conservation benefits to more than 700 acres of cropland."
KS_FAP_2020,.actions.adaptation_planning_frameworks,Manage and restore trees and forests to mitigate and adapt to global climate change (Appendix A table section),1,TRUE,TRUE,Resource strategies should attempt to maintain and enhance resilient and connected forest ecosystems that will continue to provide public benefits in a changing climate.
KS_FAP_2020,.actions.adaptation_planning_frameworks,National Themes and Strategic Objectives (Appendix A table section),1,TRUE,TRUE,Manage and restore trees and forests to mitigate and adapt to global climate change.
KY_FAP_2020,.concepts.climate_vulnerability,6. Weather and Climate Change,1,TRUE,TRUE,"If changes in the temperature and weather patterns continue to increase, the hardiness zones and natural ranges of the plant species around the globe may also change. The direct impact of potential ch"
KY_FAP_2020,.concepts.adaptive_capacity_specificity,NA,NA,NA,FALSE,
KY_FAP_2020,.concepts.adaptive_capacity_specificity,NA,NA,NA,FALSE,
KY_FAP_2020,.concepts.adaptive_capacity_specificity,NA,NA,NA,FALSE,
KY_FAP_2020,.concepts.adaptive_capacity_components.demography,NA,NA,NA,FALSE,
KY_FAP_2020,.concepts.adaptive_capacity_components.demography,NA,NA,NA,FALSE,
KY_FAP_2020,.concepts.adaptive_capacity_components.demography,NA,NA,NA,FALSE,
KY_FAP_2020,.concepts.adaptive_capacity_components.distribution,6. Weather and Climate Change,1,TRUE,TRUE,"If changes in the temperature and weather patterns continue to increase, the hardiness zones and natural ranges of the plant species around the globe may also change."
KY_FAP_2020,.concepts.adaptive_capacity_components.movement,NA,NA,NA,FALSE,
KY_FAP_2020,.concepts.adaptive_capacity_components.movement,NA,NA,NA,FALSE,
KY_FAP_2020,.concepts.adaptive_capacity_components.movement,NA,NA,NA,FALSE,
KY_FAP_2020,.concepts.adaptive_capacity_components.evolutionary_potential,NA,NA,NA,FALSE,
KY_FAP_2020,.concepts.adaptive_capacity_components.evolutionary_potential,NA,NA,NA,FALSE,
KY_FAP_2020,.concepts.adaptive_capacity_components.evolutionary_potential,NA,NA,NA,FALSE,
KY_FAP_2020,.concepts.adaptive_capacity_components.ecological_dependencies,NA,NA,NA,FALSE,
KY_FAP_2020,.concepts.adaptive_capacity_components.ecological_dependencies,NA,NA,NA,FALSE,
KY_FAP_2020,.concepts.adaptive_capacity_components.ecological_dependencies,NA,NA,NA,FALSE,
KY_FAP_2020,.concepts.adaptive_capacity_components.abiotic_niche,NA,NA,NA,FALSE,
KY_FAP_2020,.concepts.adaptive_capacity_components.abiotic_niche,NA,NA,NA,FALSE,
KY_FAP_2020,.concepts.adaptive_capacity_components.abiotic_niche,NA,NA,NA,FALSE,
KY_FAP_2020,.concepts.adaptive_capacity_components.life_history,NA,NA,NA,FALSE,
KY_FAP_2020,.concepts.adaptive_capacity_components.life_history,NA,NA,NA,FALSE,
KY_FAP_2020,.concepts.adaptive_capacity_components.life_history,NA,NA,NA,FALSE,
KY_FAP_2020,.concepts.connectivity,b. Kentucky Natural Lands Trust,1,TRUE,TRUE,"KNLT's Pine Mountain Wildlands Corridor is the largest landscape-level project ever undertaken in the state, which aims to create a contiguous corridor from Virginia through southeastern Kentucky to T"
KY_FAP_2020,.tools.vulnerability_models,NA,NA,NA,FALSE,
KY_FAP_2020,.tools.vulnerability_models,NA,NA,NA,FALSE,
KY_FAP_2020,.tools.vulnerability_models,NA,NA,NA,FALSE,
KY_FAP_2020,.tools.niche_models,NA,NA,NA,FALSE,
KY_FAP_2020,.tools.niche_models,NA,NA,NA,FALSE,
KY_FAP_2020,.tools.niche_models,NA,NA,NA,FALSE,
KY_FAP_2020,.tools.climate_models,NA,NA,NA,FALSE,
KY_FAP_2020,.tools.climate_models,NA,NA,NA,FALSE,
KY_FAP_2020,.tools.climate_models,NA,NA,NA,FALSE,
KY_FAP_2020,.tools.connectivity_models,NA,NA,NA,FALSE,
KY_FAP_2020,.tools.connectivity_models,NA,NA,NA,FALSE,
KY_FAP_2020,.tools.connectivity_models,NA,NA,NA,FALSE,
KY_FAP_2020,.context.management_scale.local,A. Current Status of Forest Management in Kentucky,1,TRUE,TRUE,"Forest management can occur on a landscape, stand, or individual tree level. Although landscape level management is desired, management of rural forested areas typically occurs at the stand-level in K"
KY_FAP_2020,.context.management_scale.site,"Forest Size, Connectivity, and Relative Abundance",1,TRUE,TRUE,The relative size of a forest patch is important because larger forest patches contain greater interior area.
KY_FAP_2020,.context.management_scale.watershed,B. Priority Area Methodology,1,TRUE,TRUE,"In order to create distinct management units across the state, the composite scores were totaled based on HUC 10 Level Watershed boundaries. Watersheds with the highest scores were deemed priority"
KY_FAP_2020,.context.management_scale.city,NA,NA,NA,FALSE,
KY_FAP_2020,.context.management_scale.city,NA,NA,NA,FALSE,
KY_FAP_2020,.context.management_scale.city,NA,NA,NA,FALSE,
KY_FAP_2020,.context.management_scale.county,Hemlock Woolly Adelgid,1,TRUE,TRUE,"In March 2006, the first occurrence in Kentucky was documented in Harlan County."
KY_FAP_2020,.context.management_scale.within_state_region,FIGURE 19 -PHYSIOGRAPHIC DIAGRAM OF KENTUCKY,1,TRUE,TRUE,"The areas of non-forest and the fragmentation patterns are strongly correlated with the physiology of Kentucky, as shown in Figure 19. In the Mississippi Embayment and Mississippi Plateau physiographi"
KY_FAP_2020,.context.management_scale.state,B. Priority Area Methodology,1,TRUE,TRUE,The goal of identifying priority areas is to allow programs within Kentucky Division of Forestry (KDF) to focus implementation efforts where the need is the greatest.
KY_FAP_2020,.context.management_scale.multistate,G. Multi-State Priority Areas,1,TRUE,TRUE,Figure 35 displays areas with neighboring states in which watersheds deemed priority by Kentucky cross state lines. These watersheds provide possible areas for collaboration in which Kentucky can work
KY_FAP_2020,.context.management_scale.national,NA,NA,NA,FALSE,
KY_FAP_2020,.context.management_scale.national,NA,NA,NA,FALSE,
KY_FAP_2020,.context.management_scale.national,NA,NA,NA,FALSE,
KY_FAP_2020,.context.management_scale.transnational,NA,NA,NA,FALSE,
KY_FAP_2020,.context.management_scale.transnational,NA,NA,NA,FALSE,
KY_FAP_2020,.context.management_scale.transnational,NA,NA,NA,FALSE,
KY_FAP_2020,.context.management_scale.ecosystem,A. Current Status of Forest Management in Kentucky,1,TRUE,TRUE,"Forest management can occur on a landscape, stand, or individual tree level."
KY_FAP_2020,.context.management_scale.ecoregion,NA,NA,NA,FALSE,
KY_FAP_2020,.context.management_scale.ecoregion,NA,NA,NA,FALSE,
KY_FAP_2020,.context.management_scale.ecoregion,NA,NA,NA,FALSE,
KY_FAP_2020,.context.management_scale.province,NA,NA,NA,FALSE,
KY_FAP_2020,.context.management_scale.province,NA,NA,NA,FALSE,
KY_FAP_2020,.context.management_scale.province,NA,NA,NA,FALSE,
KY_FAP_2020,.context.management_scale.section,NA,NA,NA,FALSE,
KY_FAP_2020,.context.management_scale.section,NA,NA,NA,FALSE,
KY_FAP_2020,.context.management_scale.section,NA,NA,NA,FALSE,
KY_FAP_2020,.context.management_scale.subsection,NA,NA,NA,FALSE,
KY_FAP_2020,.context.management_scale.subsection,NA,NA,NA,FALSE,
KY_FAP_2020,.context.management_scale.subsection,NA,NA,NA,FALSE,
KY_FAP_2020,.context.management_scale.lake,NA,NA,NA,FALSE,
KY_FAP_2020,.context.management_scale.lake,NA,NA,NA,FALSE,
KY_FAP_2020,.context.management_scale.lake,NA,NA,NA,FALSE,
KY_FAP_2020,.context.management_scale.river,NA,NA,NA,FALSE,
KY_FAP_2020,.context.management_scale.river,NA,NA,NA,FALSE,
KY_FAP_2020,.context.management_scale.river,NA,NA,NA,FALSE,
KY_FAP_2020,.context.management_scale.district,NA,NA,NA,FALSE,
KY_FAP_2020,.context.management_scale.district,NA,NA,NA,FALSE,
KY_FAP_2020,.context.management_scale.district,NA,NA,NA,FALSE,
KY_FAP_2020,.context.biological_unit_score,6. Weather and Climate Change,1,TRUE,TRUE,"If changes in the temperature and weather patterns continue to increase, the hardiness zones and natural ranges of the plant species around the globe may also change."
KY_FAP_2020,.context.biological_unit_score,Forested Wetlands,1,TRUE,TRUE,"Forty-two species are grouped in the 'forest wetland' habitat guild, which is more than the upland forest guild, despite the much smaller area occupied by forested wetland habitat."
KY_FAP_2020,.context.biological_unit_components.species,6. Weather and Climate Change,1,TRUE,TRUE,"If changes in the temperature and weather patterns continue to increase, the hardiness zones and natural ranges of the plant species around the globe may also change. The direct impact of potential ch"
KY_FAP_2020,.context.biological_unit_components.population,NA,NA,NA,FALSE,
KY_FAP_2020,.context.biological_unit_components.population,NA,NA,NA,FALSE,
KY_FAP_2020,.context.biological_unit_components.population,NA,NA,NA,FALSE,
KY_FAP_2020,.context.biological_unit_components.habitat,Forested Wetlands,1,TRUE,TRUE,"Forested wetland habitats, such habitats as cypress swamps, tupelo swamps, bottomland hardwood communities and green ash swamps, can be found throughout Kentucky but are most common in western and cen"
KY_FAP_2020,.context.biological_unit_components.ecosystem,NA,NA,NA,FALSE,
KY_FAP_2020,.context.biological_unit_components.ecosystem,NA,NA,NA,FALSE,
KY_FAP_2020,.context.biological_unit_components.ecosystem,NA,NA,NA,FALSE,
KY_FAP_2020,.context.biological_unit_components.community,NA,NA,NA,FALSE,
KY_FAP_2020,.context.biological_unit_components.community,NA,NA,NA,FALSE,
KY_FAP_2020,.context.biological_unit_components.community,NA,NA,NA,FALSE,
KY_FAP_2020,.context.biological_unit_components.genotype_phenotype,NA,NA,NA,FALSE,
KY_FAP_2020,.context.biological_unit_components.genotype_phenotype,NA,NA,NA,FALSE,
KY_FAP_2020,.context.biological_unit_components.genotype_phenotype,NA,NA,NA,FALSE,
KY_FAP_2020,.context.partnerships_and_funding,"Kentucky Forest Action Plan -Public, Partner, and Stakeholder Survey",1,TRUE,TRUE,"The Kentucky Division of Forestry will utilize the 2020 Forest Action Plan for determining staffing priorities, justifying funding for projects, and identifying opportunities for engaging partners and"
KY_FAP_2020,.context.climate_threat_habitat_degradation,Forestland Conversion or Loss,1,TRUE,TRUE,The increased withdrawal demand could be compounded if the drought conditions are experienced in the future. Drought conditions would not only decrease the available water supply but would also increa
KY_FAP_2020,.context.climate_threat_species_vital_rates,NA,NA,NA,FALSE,
KY_FAP_2020,.context.climate_threat_species_vital_rates,NA,NA,NA,FALSE,
KY_FAP_2020,.context.climate_threat_species_vital_rates,NA,NA,NA,FALSE,
KY_FAP_2020,.context.climate_threat_biotic_stressors,NA,NA,NA,FALSE,
KY_FAP_2020,.context.climate_threat_biotic_stressors,NA,NA,NA,FALSE,
KY_FAP_2020,.context.climate_threat_biotic_stressors,NA,NA,NA,FALSE,
KY_FAP_2020,.actions.priority_habitat_identification,B. Priority Area Methodology,1,TRUE,TRUE,A modelling approach based on the framework developed by the Southern Forest Land Assessment (SFLA) was used for identifying forest priority areas.
KY_FAP_2020,.actions.priority_habitat_identification,B. Priority Area Methodology,1,TRUE,TRUE,"Watersheds with the highest scores were deemed priority, and any federal property within these units were removed to produce Kentucky's Priority Areas (Figure 29)."
KY_FAP_2020,.actions.targeted_range_shift_actions,NA,NA,NA,FALSE,
KY_FAP_2020,.actions.targeted_range_shift_actions,NA,NA,NA,FALSE,
KY_FAP_2020,.actions.targeted_range_shift_actions,NA,NA,NA,FALSE,
KY_FAP_2020,.actions.time_bound_and_monitoring,Part 3: Forest Resource Strategy Introduction,1,TRUE,TRUE,"Using this format, Kentucky's forest strategy provides a clear plan for forestry activities over the next five years and beyond."
KY_FAP_2020,.actions.evidence_of_efficacy,Hemlock Woolly Adelgid,1,TRUE,TRUE,The Kentucky Division of Forestry began treating hemlocks on Division of Forestry managed properties in 2009 to conserve pockets of this ecologically significant tree. This work was developed into a t
KY_FAP_2020,.actions.adaptation_planning_frameworks,NA,NA,NA,FALSE,
KY_FAP_2020,.actions.adaptation_planning_frameworks,NA,NA,NA,FALSE,
KY_FAP_2020,.actions.adaptation_planning_frameworks,NA,NA,NA,FALSE,
LA_FAP_2020,.concepts.climate_vulnerability,NA,NA,NA,FALSE,
LA_FAP_2020,.concepts.climate_vulnerability,NA,NA,NA,FALSE,
LA_FAP_2020,.concepts.climate_vulnerability,NA,NA,NA,FALSE,
LA_FAP_2020,.concepts.adaptive_capacity_specificity,NA,NA,NA,FALSE,
LA_FAP_2020,.concepts.adaptive_capacity_specificity,NA,NA,NA,FALSE,
LA_FAP_2020,.concepts.adaptive_capacity_specificity,NA,NA,NA,FALSE,
LA_FAP_2020,.concepts.adaptive_capacity_components.demography,NA,NA,NA,FALSE,
LA_FAP_2020,.concepts.adaptive_capacity_components.demography,NA,NA,NA,FALSE,
LA_FAP_2020,.concepts.adaptive_capacity_components.demography,NA,NA,NA,FALSE,
LA_FAP_2020,.concepts.adaptive_capacity_components.distribution,NA,NA,NA,FALSE,
LA_FAP_2020,.concepts.adaptive_capacity_components.distribution,NA,NA,NA,FALSE,
LA_FAP_2020,.concepts.adaptive_capacity_components.distribution,NA,NA,NA,FALSE,
LA_FAP_2020,.concepts.adaptive_capacity_components.movement,NA,NA,NA,FALSE,
LA_FAP_2020,.concepts.adaptive_capacity_components.movement,NA,NA,NA,FALSE,
LA_FAP_2020,.concepts.adaptive_capacity_components.movement,NA,NA,NA,FALSE,
LA_FAP_2020,.concepts.adaptive_capacity_components.evolutionary_potential,NA,NA,NA,FALSE,
LA_FAP_2020,.concepts.adaptive_capacity_components.evolutionary_potential,NA,NA,NA,FALSE,
LA_FAP_2020,.concepts.adaptive_capacity_components.evolutionary_potential,NA,NA,NA,FALSE,
LA_FAP_2020,.concepts.adaptive_capacity_components.ecological_dependencies,NA,NA,NA,FALSE,
LA_FAP_2020,.concepts.adaptive_capacity_components.ecological_dependencies,NA,NA,NA,FALSE,
LA_FAP_2020,.concepts.adaptive_capacity_components.ecological_dependencies,NA,NA,NA,FALSE,
LA_FAP_2020,.concepts.adaptive_capacity_components.abiotic_niche,NA,NA,NA,FALSE,
LA_FAP_2020,.concepts.adaptive_capacity_components.abiotic_niche,NA,NA,NA,FALSE,
LA_FAP_2020,.concepts.adaptive_capacity_components.abiotic_niche,NA,NA,NA,FALSE,
LA_FAP_2020,.concepts.adaptive_capacity_components.life_history,NA,NA,NA,FALSE,
LA_FAP_2020,.concepts.adaptive_capacity_components.life_history,NA,NA,NA,FALSE,
LA_FAP_2020,.concepts.adaptive_capacity_components.life_history,NA,NA,NA,FALSE,
LA_FAP_2020,.concepts.connectivity,Pine Woodland and Savanna Restoration,0.9868,TRUE,TRUE,"Pine woodland and savanna restoration efforts in Louisiana advance concomitant conservation efforts in neighboring states by increasing regional habitat availability for at-risk species, increasing si"
LA_FAP_2020,.concepts.connectivity,AND MANAGE WORKING FOREST LANDSCAPES FOR MULTIPLE VALUES AND USES,1,TRUE,TRUE,"They are receiving information on the effects of management practices, fragmentation, wildlife corridors, and sustainability."
LA_FAP_2020,.tools.vulnerability_models,NA,NA,NA,FALSE,
LA_FAP_2020,.tools.vulnerability_models,NA,NA,NA,FALSE,
LA_FAP_2020,.tools.vulnerability_models,NA,NA,NA,FALSE,
LA_FAP_2020,.tools.niche_models,NA,NA,NA,FALSE,
LA_FAP_2020,.tools.niche_models,NA,NA,NA,FALSE,
LA_FAP_2020,.tools.niche_models,NA,NA,NA,FALSE,
LA_FAP_2020,.tools.climate_models,NA,NA,NA,FALSE,
LA_FAP_2020,.tools.climate_models,NA,NA,NA,FALSE,
LA_FAP_2020,.tools.climate_models,NA,NA,NA,FALSE,
LA_FAP_2020,.tools.connectivity_models,NA,NA,NA,FALSE,
LA_FAP_2020,.tools.connectivity_models,NA,NA,NA,FALSE,
LA_FAP_2020,.tools.connectivity_models,NA,NA,NA,FALSE,
LA_FAP_2020,.context.management_scale.local,NA,NA,NA,FALSE,
LA_FAP_2020,.context.management_scale.local,NA,NA,NA,FALSE,
LA_FAP_2020,.context.management_scale.local,NA,NA,NA,FALSE,
LA_FAP_2020,.context.management_scale.site,Strategy 2: Monitor Insect and Disease Outbreaks,1,TRUE,TRUE,"LDAF will notify Slow the Spread Program, an integrated pest management strategy funded by USDA, of emerging trends in gypsy moth activity to advance rangewide monitoring and mitigation efforts."
LA_FAP_2020,.context.management_scale.watershed,CENLA FLA,1,TRUE,TRUE,"CENLA FLA is also critical to protecting the Red River watershed, which is the main source of drinking water for the city of Alexandria and surrounding communities."
LA_FAP_2020,.context.management_scale.city,NA,NA,NA,FALSE,
LA_FAP_2020,.context.management_scale.city,NA,NA,NA,FALSE,
LA_FAP_2020,.context.management_scale.city,NA,NA,NA,FALSE,
LA_FAP_2020,.context.management_scale.county,Forest Distribution,1,TRUE,TRUE,"Of 64 Louisiana parishes, 22 are estimated to be > 50 percent forested with Winn Parish having the greatest forest cover at 71 percent"
LA_FAP_2020,.context.management_scale.within_state_region,Forest Distribution,1,TRUE,TRUE,The South Central Plains in northwestern Louisiana and Western Gulf Coastal Plain contain the most forested areas within the state.
LA_FAP_2020,.context.management_scale.state,The 2020 Forest Action Plan,1,TRUE,TRUE,"Louisiana's 2020 forest resource assessment provides a comprehensive analysis of the forest-related conditions, trends, threats, and opportunities within the state using a combination of qualitative, "
LA_FAP_2020,.context.management_scale.multistate,Pine Woodland and Savanna Restoration,0.9868,TRUE,TRUE,"Pine woodland and savanna restoration efforts in Louisiana advance concomitant conservation efforts in neighboring states by increasing regional habitat availability for at-risk species, increasing si"
LA_FAP_2020,.context.management_scale.national,NA,NA,NA,FALSE,
LA_FAP_2020,.context.management_scale.national,NA,NA,NA,FALSE,
LA_FAP_2020,.context.management_scale.national,NA,NA,NA,FALSE,
LA_FAP_2020,.context.management_scale.transnational,NA,NA,NA,FALSE,
LA_FAP_2020,.context.management_scale.transnational,NA,NA,NA,FALSE,
LA_FAP_2020,.context.management_scale.transnational,NA,NA,NA,FALSE,
LA_FAP_2020,.context.management_scale.ecosystem,CENLA FLA,1,TRUE,TRUE,CENLA FLA hosts some of the best remaining longleaf pine tracts in the southeast and is vital to maintaining habitat availability and connectivity for many species of greatest conservation need
LA_FAP_2020,.context.management_scale.ecoregion,ECOLOGICAL REGIONS AND FOREST ECOSYSTEMS,1,TRUE,TRUE,"Three major terrestrial ecological subregions, or provinces, occur across Louisiana, as described by McNab et al. (2007) and USDA Forest Service: Southeastern Mixed Forest, Outer Coastal Plain Mixed F"
LA_FAP_2020,.context.management_scale.province,ECOLOGICAL REGIONS AND FOREST ECOSYSTEMS,1,TRUE,TRUE,"Three major terrestrial ecological subregions, or provinces, occur across Louisiana, as described by McNab et al. (2007) and USDA Forest Service: Southeastern Mixed Forest, Outer Coastal Plain Mixed F"
LA_FAP_2020,.context.management_scale.section,Lower Mississippi Riverine Forest Province,1,TRUE,TRUE,"Three sections occur in the Lower Mississippi Riverine Forest Province in Louisiana: Southern Mississippi Alluvial Plain, Atchafalaya and Red River Alluvial Plains, and Arkansas Alluvial Plains."
LA_FAP_2020,.context.management_scale.subsection,NA,NA,NA,FALSE,
LA_FAP_2020,.context.management_scale.subsection,NA,NA,NA,FALSE,
LA_FAP_2020,.context.management_scale.subsection,NA,NA,NA,FALSE,
LA_FAP_2020,.context.management_scale.lake,NA,NA,NA,FALSE,
LA_FAP_2020,.context.management_scale.lake,NA,NA,NA,FALSE,
LA_FAP_2020,.context.management_scale.lake,NA,NA,NA,FALSE,
LA_FAP_2020,.context.management_scale.river,Forests & Water,1,TRUE,TRUE,The floodplain of the Atchafalaya River hosts the best examples of forested wetlands in the State and the largest remaining floodplain swamp in the continental U.S.
LA_FAP_2020,.context.management_scale.district,NA,NA,NA,FALSE,
LA_FAP_2020,.context.management_scale.district,NA,NA,NA,FALSE,
LA_FAP_2020,.context.management_scale.district,NA,NA,NA,FALSE,
LA_FAP_2020,.context.biological_unit_score,Lower Mississippi Riverine Forest Province,1,TRUE,TRUE,"The high degree of forest fragmentation in the Mississippi Alluvial Plain has had dramatic effects on wildlife especially to Louisiana black bear (Ursus americanus lutelous), freshwater mussels, and m"
LA_FAP_2020,.context.biological_unit_score,Lower Mississippi Riverine Forest Province,1,TRUE,TRUE,"Bottomland hardwood forests and cypress swamps, also referred to as forested wetlands, are the dominant natural plant communities in this region."
LA_FAP_2020,.context.biological_unit_components.species,CENLA FLA,0.9813,TRUE,TRUE,Flagship species of this region include the federally-endangered red-cockaded woodpecker; Bachman's sparrow; Louisiana pine snake; and the state-threatened and endemic Louisiana Pearlshell mussel (Mar
LA_FAP_2020,.context.biological_unit_components.population,NA,NA,NA,FALSE,
LA_FAP_2020,.context.biological_unit_components.population,NA,NA,NA,FALSE,
LA_FAP_2020,.context.biological_unit_components.population,NA,NA,NA,FALSE,
LA_FAP_2020,.context.biological_unit_components.habitat,Lower Mississippi Riverine Forest Province,1,TRUE,TRUE,"Bottomland hardwood forests and cypress swamps, also referred to as forested wetlands, are the dominant natural plant communities in this region."
LA_FAP_2020,.context.biological_unit_components.ecosystem,Chinese Tallow Tree,1,TRUE,TRUE,The USDA considers Chinese tallow tree a large-scale ecosystem modifier
LA_FAP_2020,.context.biological_unit_components.community,Invasive Species,1,TRUE,TRUE,"Chinese privet is categorized as a Tier 1 invasive species in the Louisiana State Wildlife Action Plan (Holcomb et al. 2015) with affected communities including bottomland hardwood forest, coastal pra"
LA_FAP_2020,.context.biological_unit_components.genotype_phenotype,NA,NA,NA,FALSE,
LA_FAP_2020,.context.biological_unit_components.genotype_phenotype,NA,NA,NA,FALSE,
LA_FAP_2020,.context.biological_unit_components.genotype_phenotype,NA,NA,NA,FALSE,
LA_FAP_2020,.context.partnerships_and_funding,Tungoil Tree,1,TRUE,TRUE,LDAF will leverage the Forest Productivity Program (FPP) to provide financial assistance to eligible landowners for invasive pest management during site preparation and establishment of tree crops. Co
LA_FAP_2020,.context.partnerships_and_funding,Pine Woodland and Savanna Restoration,0.9868,TRUE,TRUE,"Pine woodland and savanna restoration efforts in Louisiana advance concomitant conservation efforts in neighboring states by increasing regional habitat availability for at-risk species, increasing si"
LA_FAP_2020,.context.climate_threat_habitat_degradation,NA,NA,NA,FALSE,
LA_FAP_2020,.context.climate_threat_habitat_degradation,NA,NA,NA,FALSE,
LA_FAP_2020,.context.climate_threat_habitat_degradation,NA,NA,NA,FALSE,
LA_FAP_2020,.context.climate_threat_species_vital_rates,NA,NA,NA,FALSE,
LA_FAP_2020,.context.climate_threat_species_vital_rates,NA,NA,NA,FALSE,
LA_FAP_2020,.context.climate_threat_species_vital_rates,NA,NA,NA,FALSE,
LA_FAP_2020,.context.climate_threat_biotic_stressors,NA,NA,NA,FALSE,
LA_FAP_2020,.context.climate_threat_biotic_stressors,NA,NA,NA,FALSE,
LA_FAP_2020,.context.climate_threat_biotic_stressors,NA,NA,NA,FALSE,
LA_FAP_2020,.actions.priority_habitat_identification,CREATING A COMMUNITY WILDFIRE PROTECTION PLAN,1,TRUE,TRUE,"Currently, FLAs capture parishes with the highest wildland fire ignition risk and historic fire occurrence, areas with greatest risk of southern pine beetle, and dense pine plantations established in "
LA_FAP_2020,.actions.priority_habitat_identification,ENHANCE PUBLIC BENEFITS FROM TREES AND FORESTS,1,TRUE,TRUE,"Four criteria were used in determining the eligibility of these new Legacy areas: 1) large contiguous blocks of productive forest land, 2) watershed protection, 3) wildlife habitat protection, and 4) "
LA_FAP_2020,.actions.priority_habitat_identification,CENLA FLA,1,TRUE,TRUE,CENLA FLA hosts some of the best remaining longleaf pine tracts in the southeast and is vital to maintaining habitat availability and connectivity for many species of greatest conservation need
LA_FAP_2020,.actions.targeted_range_shift_actions,NA,NA,NA,FALSE,
LA_FAP_2020,.actions.targeted_range_shift_actions,NA,NA,NA,FALSE,
LA_FAP_2020,.actions.targeted_range_shift_actions,NA,NA,NA,FALSE,
LA_FAP_2020,.actions.time_bound_and_monitoring,Strategy 2: Monitor Insect and Disease Outbreaks,0.9785,TRUE,TRUE,"LDAF will continue aerial detection and trapping efforts for bald cypress leaf-roller, emerald ash borer, forest tent caterpillar, gypsy moth, redbay ambrosia beetle, and southern pine beetle."
LA_FAP_2020,.actions.evidence_of_efficacy,Strategy 3: Educate Landowners & Loggers about Cleaning Equipment,1,TRUE,TRUE,Management and eradication of invasive species has a much higher rate of success when action is taken immediately and before the invasive pest becomes firmly established.
LA_FAP_2020,.actions.adaptation_planning_frameworks,The 2020 Forest Action Plan,1,TRUE,TRUE,"For each threat, strategies are identified that can prevent further damage, mitigate current impacts, adapt to changing conditions, and enable landowners to take action as appropriate."
MA_FAP_2020,.concepts.climate_vulnerability,THREAT: CLIMATE CHANGE,1,TRUE,TRUE,"These changes will have direct impacts on the forests of Massachusetts including decreases in suitable habitat for boreal species and other cold-adapted ecosystems, changes to soil moisture patterns, "
MA_FAP_2020,.concepts.climate_vulnerability,CLIMATE CHANGE (Ch. 1 section),1,TRUE,TRUE,"Locations of suitable habitat may change faster than tree species can disperse, creating uncertainty about the future vegetation composition of Massachusetts forests"
MA_FAP_2020,.concepts.adaptive_capacity_specificity,CLIMATE CHANGE (Ch. 1 section),1,TRUE,TRUE,"Locations of suitable habitat may change faster than tree species can disperse, creating uncertainty about the future vegetation composition of Massachusetts forests"
MA_FAP_2020,.concepts.adaptive_capacity_specificity,Climate Change (Ch. 1 Challenges and Threats),0.3046,FALSE,TRUE,Species with low adaptive capacity such as those with specialized habitat needs or limited dispersal ability face higher vulnerability to these changes.
MA_FAP_2020,.concepts.adaptive_capacity_components.demography,NA,NA,NA,FALSE,
MA_FAP_2020,.concepts.adaptive_capacity_components.demography,NA,NA,NA,FALSE,
MA_FAP_2020,.concepts.adaptive_capacity_components.demography,NA,NA,NA,FALSE,
MA_FAP_2020,.concepts.adaptive_capacity_components.distribution,CLIMATE CHANGE (Ch. 1 section),1,TRUE,TRUE,"Boreal species, such as balsam fir, red spruce, and black spruce, are projected to have reductions in suitable habitat, whereas species such as American basswood, hickory species, and oak species may "
MA_FAP_2020,.concepts.adaptive_capacity_components.distribution,Climate Change (Ch. 1 Challenges and Threats),1,TRUE,TRUE,One of those impacts is a shift in forest dynamics. Massachusetts forest species that are at the southern end of their range will start to decline as temperatures increase while forest species that ar
MA_FAP_2020,.concepts.adaptive_capacity_components.movement,CLIMATE CHANGE (Ch. 1 section),1,TRUE,TRUE,"Locations of suitable habitat may change faster than tree species can disperse, creating uncertainty about the future vegetation composition of Massachusetts forests"
MA_FAP_2020,.concepts.adaptive_capacity_components.movement,Climate Change (Ch. 1 Challenges and Threats),0.3046,FALSE,TRUE,Species with low adaptive capacity such as those with specialized habitat needs or limited dispersal ability face higher vulnerability to these changes.
MA_FAP_2020,.concepts.adaptive_capacity_components.evolutionary_potential,NA,NA,NA,FALSE,
MA_FAP_2020,.concepts.adaptive_capacity_components.evolutionary_potential,NA,NA,NA,FALSE,
MA_FAP_2020,.concepts.adaptive_capacity_components.evolutionary_potential,NA,NA,NA,FALSE,
MA_FAP_2020,.concepts.adaptive_capacity_components.ecological_dependencies,NA,NA,NA,FALSE,
MA_FAP_2020,.concepts.adaptive_capacity_components.ecological_dependencies,NA,NA,NA,FALSE,
MA_FAP_2020,.concepts.adaptive_capacity_components.ecological_dependencies,NA,NA,NA,FALSE,
MA_FAP_2020,.concepts.adaptive_capacity_components.abiotic_niche,HIGH ELEVATION FORESTS,1,TRUE,TRUE,"Heat stress, drought, erratic winter temperatures, and more volatile winter precipitation patterns are some of the challenges that these forests face."
MA_FAP_2020,.concepts.adaptive_capacity_components.life_history,NA,NA,NA,FALSE,
MA_FAP_2020,.concepts.adaptive_capacity_components.life_history,NA,NA,NA,FALSE,
MA_FAP_2020,.concepts.adaptive_capacity_components.life_history,NA,NA,NA,FALSE,
MA_FAP_2020,.concepts.connectivity,Resilient and Connected Landscapes,1,TRUE,TRUE,"TNC's resilience analysis is complemented by data identifying areas that support continental-scale species movement (i.e., range shifts) over long time frames, another key landscape factor to prevent "
MA_FAP_2020,.concepts.connectivity,Resilient and Connected Landscapes,1,TRUE,TRUE,Sites that have both complex topography and connected land cover provide species with opportunities to access suitable microclimates.
MA_FAP_2020,.concepts.connectivity,MULTI-STATE PRIORITY AREAS,1,TRUE,TRUE,community groups are working to ensure wildlife can cross these highways and create a continuous path of connected land from the northern to southern border of Massachusetts (Staying Connected Initiat
MA_FAP_2020,.tools.vulnerability_models,FIGURE caption / Assessment of Need tools list,0.2381,FALSE,TRUE,"The Massachusetts Wildlife Climate Action Tool can be used by local decision-makers, conservation managers, land trusts, regional planners, landowners, and community leaders in Massachusetts who are i"
MA_FAP_2020,.tools.niche_models,CLIMATE CHANGE (Ch. 1 section),1,TRUE,TRUE,The U.S. Forest Service has assessed the suitability of habitat for tree species. Table 1.5 shows this assessment for trees in Massachusetts with respect to two climate scenarios.
MA_FAP_2020,.tools.niche_models,CLIMATE CHANGE (Ch. 1 section),1,TRUE,TRUE,"Boreal species, such as balsam fir, red spruce, and black spruce, are projected to have reductions in suitable habitat, whereas species such as American basswood, hickory species, and oak species may "
MA_FAP_2020,.tools.climate_models,CLIMATE CHANGE (Ch. 1 section),1,TRUE,TRUE,"Projected changes in temperature and precipitation for 'high change' represent a greater degree of greenhouse gas emissions and projected climate warming than the 'low change' scenario. For instance, "
MA_FAP_2020,.tools.connectivity_models,Resilient and Connected Landscapes,1,TRUE,TRUE,"The Nature Conservancy mapped places with these characteristics (Figure 1.13) to identify conservation sites that will support biodiversity into the future (Anderson et al, 2016a). These Resilient and"
MA_FAP_2020,.tools.connectivity_models,Resilient and Connected Landscapes,1,TRUE,TRUE,"TNC's resilience analysis is complemented by data identifying areas that support continental-scale species movement (i.e., range shifts) over long time frames, another key landscape factor to prevent "
MA_FAP_2020,.context.management_scale.local,Monitoring the Effect of Tree Planting on Air Temperature,0.749,FALSE,TRUE,"The DCR Urban and Community Forestry Program, in partnership with the UMass Amherst and Clark University, is monitoring the effects of the Greening the Gateway Cities program tree planting program on "
MA_FAP_2020,.context.management_scale.site,HIGH ELEVATION FORESTS,1,TRUE,TRUE,"our priorities in these high elevation areas are to 1) promote and retain red spruce, taking advantage of its capacity for longevity and tolerance, 2) create and maintain young forest habitats above 1"
MA_FAP_2020,.context.management_scale.watershed,Quabbin Reservoir to Wachusett Mountain Forest Legacy Project,1,TRUE,TRUE,"Nearly all the protected land lies within the Quabbin, Ware River, and Wachusett watersheds."
MA_FAP_2020,.context.management_scale.city,PRIORITY URBAN FORESTS / Greening the Gateway Cities,1,TRUE,TRUE,The Massachusetts Greening the Gateway Cities program (GGC) is an environmental and energy efficiency program designed to reduce household heating and cooling energy use by increasing tree canopy cove
MA_FAP_2020,.context.management_scale.county,FIGURE 3.15 caption,0.3218,FALSE,TRUE,"Harvest volume in MBF, by county, from cutting plan data from state fiscal year 2011-2017"
MA_FAP_2020,.context.management_scale.within_state_region,HIGH ELEVATION FORESTS,1,TRUE,TRUE,"High elevation habitats are concentrated in the northwestern corner of the state where the Berkshire Plateau rises to its highest points in the towns of Florida and Monroe, as well as on the somewhat "
MA_FAP_2020,.context.management_scale.state,INTRODUCTION,0.3612,FALSE,TRUE,The 2020 Forest Action Plan is an update to An Assessment of the Forest Resources of Massachusetts and Forest Resource Strategies of Massachusetts published in 2010 and will serve as the guiding docum
MA_FAP_2020,.context.management_scale.multistate,MULTI-STATE PRIORITY AREAS,1,TRUE,TRUE,Within the New England region there is a growing recognition that land conservation planning across state boundaries and public and private ownerships is essential to preserving the New England landsc
MA_FAP_2020,.context.management_scale.national,NA,NA,NA,FALSE,
MA_FAP_2020,.context.management_scale.national,NA,NA,NA,FALSE,
MA_FAP_2020,.context.management_scale.national,NA,NA,NA,FALSE,
MA_FAP_2020,.context.management_scale.transnational,NA,NA,NA,FALSE,
MA_FAP_2020,.context.management_scale.transnational,NA,NA,NA,FALSE,
MA_FAP_2020,.context.management_scale.transnational,NA,NA,NA,FALSE,
MA_FAP_2020,.context.management_scale.ecosystem,HIGH ELEVATION FORESTS,1,TRUE,TRUE,"These forests represent an uncommon and important component to our landscape, containing species assemblages that are more common to our north and as such, represent the most southern ranges for impor"
MA_FAP_2020,.context.management_scale.ecoregion,CAPS / Index of Ecological Integrity section,1,TRUE,TRUE,"The largest areas of natural communities with relatively high IEI scores are found in the Central Uplands, Berkshire Uplands, and Taconic Mountains."
MA_FAP_2020,.context.management_scale.province,NA,NA,NA,FALSE,
MA_FAP_2020,.context.management_scale.province,NA,NA,NA,FALSE,
MA_FAP_2020,.context.management_scale.province,NA,NA,NA,FALSE,
MA_FAP_2020,.context.management_scale.section,NA,NA,NA,FALSE,
MA_FAP_2020,.context.management_scale.section,NA,NA,NA,FALSE,
MA_FAP_2020,.context.management_scale.section,NA,NA,NA,FALSE,
MA_FAP_2020,.context.management_scale.subsection,NA,NA,NA,FALSE,
MA_FAP_2020,.context.management_scale.subsection,NA,NA,NA,FALSE,
MA_FAP_2020,.context.management_scale.subsection,NA,NA,NA,FALSE,
MA_FAP_2020,.context.management_scale.lake,NA,NA,NA,FALSE,
MA_FAP_2020,.context.management_scale.lake,NA,NA,NA,FALSE,
MA_FAP_2020,.context.management_scale.lake,NA,NA,NA,FALSE,
MA_FAP_2020,.context.management_scale.river,NA,NA,NA,FALSE,
MA_FAP_2020,.context.management_scale.river,NA,NA,NA,FALSE,
MA_FAP_2020,.context.management_scale.river,NA,NA,NA,FALSE,
MA_FAP_2020,.context.management_scale.district,NA,NA,NA,FALSE,
MA_FAP_2020,.context.management_scale.district,NA,NA,NA,FALSE,
MA_FAP_2020,.context.management_scale.district,NA,NA,NA,FALSE,
MA_FAP_2020,.context.biological_unit_score,CLIMATE CHANGE (Ch. 1 section),1,TRUE,TRUE,"Boreal species, such as balsam fir, red spruce, and black spruce, are projected to have reductions in suitable habitat, whereas species such as American basswood, hickory species, and oak species may "
MA_FAP_2020,.context.biological_unit_score,Resilient and Connected Landscapes,1,TRUE,TRUE,Sites that have both complex topography and connected land cover provide species with opportunities to access suitable microclimates.
MA_FAP_2020,.context.biological_unit_components.species,CLIMATE CHANGE (Ch. 1 section),1,TRUE,TRUE,"Boreal species, such as balsam fir, red spruce, and black spruce, are projected to have reductions in suitable habitat, whereas species such as American basswood, hickory species, and oak species may "
MA_FAP_2020,.context.biological_unit_components.population,NA,NA,NA,FALSE,
MA_FAP_2020,.context.biological_unit_components.population,NA,NA,NA,FALSE,
MA_FAP_2020,.context.biological_unit_components.population,NA,NA,NA,FALSE,
MA_FAP_2020,.context.biological_unit_components.habitat,HIGH ELEVATION FORESTS,1,TRUE,TRUE,"These forests represent an uncommon and important component to our landscape, containing species assemblages that are more common to our north and as such, represent the most southern ranges for impor"
MA_FAP_2020,.context.biological_unit_components.ecosystem,Climate Change (Ch. 1 Challenges and Threats),1,TRUE,TRUE,One of those impacts is a shift in forest dynamics. Massachusetts forest species that are at the southern end of their range will start to decline as temperatures increase while forest species that ar
MA_FAP_2020,.context.biological_unit_components.community,NA,NA,NA,FALSE,
MA_FAP_2020,.context.biological_unit_components.community,NA,NA,NA,FALSE,
MA_FAP_2020,.context.biological_unit_components.community,NA,NA,NA,FALSE,
MA_FAP_2020,.context.biological_unit_components.genotype_phenotype,NA,NA,NA,FALSE,
MA_FAP_2020,.context.biological_unit_components.genotype_phenotype,NA,NA,NA,FALSE,
MA_FAP_2020,.context.biological_unit_components.genotype_phenotype,NA,NA,NA,FALSE,
MA_FAP_2020,.context.partnerships_and_funding,State Commitment and Spending / FUNDING,1,TRUE,TRUE,"In 2018, the DCR received approximately $7,750,000 for those programs. Additionally, the DCR received $3,800,000 from the USDA Animal Plant and Health Inspection Services for the ongoing Asian Longhor"
MA_FAP_2020,.context.partnerships_and_funding,Mohawk Trail Woodlands Partnership,1,TRUE,TRUE,"On November 21, 2019, the Commonwealth and the U.S. Forest Service signed a Shared Stewardship Agreement. Through this agreement, they will partner with communities to advance the goals of the MTWP to"
MA_FAP_2020,.context.partnerships_and_funding,Forests and Carbon Storage section,1,TRUE,TRUE,The DCR has engaged Mass Audubon and the New England Forestry Foundation to help develop a forest carbon and resilience program for private and municipal landowners. DCR is working with The Nature Con
MA_FAP_2020,.context.climate_threat_habitat_degradation,CLIMATE CHANGE (Ch. 1 section),1,TRUE,TRUE,Projected increases in seasonal drought and warmer temperatures will increase the risk of wildfire as well as extend the wildfire season
MA_FAP_2020,.context.climate_threat_habitat_degradation,CLIMATE CHANGE (Ch. 1 section),1,TRUE,TRUE,Soil moisture patterns will be altered due to earlier snow melt in the spring and a longer growing season. This will likely reduce summertime soil moisture and increase the occurrence and length of dr
MA_FAP_2020,.context.climate_threat_species_vital_rates,CLIMATE CHANGE (Ch. 1 section),1,TRUE,TRUE,Increase in outbreaks of forest insects and pathogens and related tree mortality due to warmer winters and associated increases in winter survival for insects or pathogens
MA_FAP_2020,.context.climate_threat_species_vital_rates,White Pine Needle Disease,1,TRUE,TRUE,The changing climate has been shown to contribute to the problem as increasing temperatures and more frequent rainfall events in the spring create ideal conditions for the pathogens.
MA_FAP_2020,.context.climate_threat_biotic_stressors,Pine Barrens Restoration Joint Project with MassWildlife,1,TRUE,TRUE,These beetles are responsible for widespread tree loss throughout the southeastern United States where they are native and have recently expanded their range northward due to warming winter temperatur
MA_FAP_2020,.context.climate_threat_biotic_stressors,CLIMATE CHANGE (Ch. 1 section),1,TRUE,TRUE,Changes in temperature and precipitation may increase chances of successful invasions of non-native species
MA_FAP_2020,.context.climate_threat_biotic_stressors,"Insect Pests, Disease, and Invasive Plants (Ch. 3 Challenges)",1,TRUE,TRUE,"Insects such as southern pine beetle, native to the southeastern United States, will continue to expand northward under a warming climate (Weed et al. 2013)."
MA_FAP_2020,.actions.priority_habitat_identification,Resilient and Connected Landscapes,1,TRUE,TRUE,"The Nature Conservancy mapped places with these characteristics (Figure 1.13) to identify conservation sites that will support biodiversity into the future (Anderson et al, 2016a)."
MA_FAP_2020,.actions.priority_habitat_identification,FOREST VULNERABILITY TO CONVERSION,1,TRUE,TRUE,"Figure 6.6 represents areas where forestland is vulnerable to development pressure which leads to forest conversion. This analysis uses data on increasing housing density, forest cutting plans and ste"
MA_FAP_2020,.actions.priority_habitat_identification,FIGURE 1.13,0.3991,FALSE,TRUE,"Figure 1.13. The Nature Conservancy's Resilient Landscape Analysis. Resilient areas, in green, are those with greater potential to support species in a changing climate. Resilient areas have scores gr"
MA_FAP_2020,.actions.targeted_range_shift_actions,Strategies Matrix / FIGURE caption (Strategy 2),0.9077,TRUE,TRUE,Research feasibility of augmenting forests via assisted migration
MA_FAP_2020,.actions.targeted_range_shift_actions,MULTI-STATE PRIORITY AREAS,1,TRUE,TRUE,community groups are working to ensure wildlife can cross these highways and create a continuous path of connected land from the northern to southern border of Massachusetts (Staying Connected Initiat
MA_FAP_2020,.actions.time_bound_and_monitoring,Monitoring the Effect of Tree Planting on Air Temperature,0.749,FALSE,TRUE,"The DCR Urban and Community Forestry Program, in partnership with the UMass Amherst and Clark University, is monitoring the effects of the Greening the Gateway Cities program tree planting program on "
MA_FAP_2020,.actions.time_bound_and_monitoring,INTRODUCTION,1,TRUE,TRUE,This plan is a tool to help guide the activities of all stakeholders with an interest related to trees and forests over the next 10 years.
MA_FAP_2020,.actions.evidence_of_efficacy,FORESTERS FOR THE BIRDS,1,TRUE,TRUE,"Building off the demonstrated success of Vermont's pioneering work with the Foresters for the Birds Program, the DCR Service Forestry Program began a unique partnership with the Massachusetts Audubon "
MA_FAP_2020,.actions.evidence_of_efficacy,Climate Change and Carbon Storage,1,TRUE,TRUE,Researchers at Harvard Forest measured the net uptake of carbon dioxide over five years in a deciduous forest in central Massachusetts in the 1990s. The uptake varied over the time period from 0.62 to
MA_FAP_2020,.actions.adaptation_planning_frameworks,Forests and Carbon Storage section,0.9932,TRUE,TRUE,The Northern Institute of Applied Climate Science (NIACS) has developed tools to help forest managers integrate climate considerations into natural resource management planning and activities (Swansto
MA_FAP_2020,.actions.adaptation_planning_frameworks,Climate Adaptation Executive Order / Current Policy Framework,1,TRUE,TRUE,"In September 2018, the Commonwealth released the Massachusetts State Hazard Mitigation and Climate Adaptation Plan (SHMCAP), a comprehensive integrated climate change plan that outlines adaptation str"
MD_FAP_2020,.concepts.climate_vulnerability,Climate Change section (MD_FAP-RA_2020.pdf),1,TRUE,TRUE,"The assessment evaluated the potential impacts, adaptive capacity, and vulnerability of major forest systems in the region, and found that maritime forests, lowland conifer forests, and montane spruce"
MD_FAP_2020,.concepts.climate_vulnerability,Findings: Maryland Assessment 2020,1,TRUE,TRUE,"Most Maryland forest types, dominated by oaks and yellow-poplar, are considered to have moderate to high adaptive capacity in the face of climate change, but red spruce habitats are more at risk."
MD_FAP_2020,.concepts.climate_vulnerability,Climate Change section (MD_FAP-RA_2020.pdf),1,TRUE,TRUE,"Maryland's forests can expect to see: a change in the timing and amount of precipitation, an increase in the frequency of intense precipitation events, a change in soil moisture patterns, increased dr"
MD_FAP_2020,.concepts.adaptive_capacity_specificity,Climate Change section (MD_FAP-RA_2020.pdf),1,TRUE,TRUE,"The montane spruce-fir was also rated as 'low' for adaptive capacity, which could lead to potential negative impacts. This forest type is perhaps the most at-risk type in the region"
MD_FAP_2020,.concepts.adaptive_capacity_specificity,Climate Change section (MD_FAP-RA_2020.pdf),1,TRUE,TRUE,"oak-pine systems, glades, and barrens may experience moderate to positive impacts from climate change. These forests are the dominant types in Maryland, and benefit from a diversity of species and tol"
MD_FAP_2020,.concepts.adaptive_capacity_components.demography,NA,NA,NA,FALSE,
MD_FAP_2020,.concepts.adaptive_capacity_components.demography,NA,NA,NA,FALSE,
MD_FAP_2020,.concepts.adaptive_capacity_components.demography,NA,NA,NA,FALSE,
MD_FAP_2020,.concepts.adaptive_capacity_components.distribution,Climate Change section (MD_FAP-RA_2020.pdf),0.9359,TRUE,TRUE,"loss of regeneration potential by other species, like high-elevation species will be unable to 'migrate,' as habitat requirements may be more narrow than others."
MD_FAP_2020,.concepts.adaptive_capacity_components.movement,Climate Change section (MD_FAP-RA_2020.pdf),0.9359,TRUE,TRUE,"loss of regeneration potential by other species, like high-elevation species will be unable to 'migrate,' as habitat requirements may be more narrow than others."
MD_FAP_2020,.concepts.adaptive_capacity_components.evolutionary_potential,NA,NA,NA,FALSE,
MD_FAP_2020,.concepts.adaptive_capacity_components.evolutionary_potential,NA,NA,NA,FALSE,
MD_FAP_2020,.concepts.adaptive_capacity_components.evolutionary_potential,NA,NA,NA,FALSE,
MD_FAP_2020,.concepts.adaptive_capacity_components.ecological_dependencies,NA,NA,NA,FALSE,
MD_FAP_2020,.concepts.adaptive_capacity_components.ecological_dependencies,NA,NA,NA,FALSE,
MD_FAP_2020,.concepts.adaptive_capacity_components.ecological_dependencies,NA,NA,NA,FALSE,
MD_FAP_2020,.concepts.adaptive_capacity_components.abiotic_niche,Climate Change section (MD_FAP-RA_2020.pdf),1,TRUE,TRUE,"oak-pine systems, glades, and barrens may experience moderate to positive impacts from climate change. These forests are the dominant types in Maryland, and benefit from a diversity of species and tol"
MD_FAP_2020,.concepts.adaptive_capacity_components.life_history,NA,NA,NA,FALSE,
MD_FAP_2020,.concepts.adaptive_capacity_components.life_history,NA,NA,NA,FALSE,
MD_FAP_2020,.concepts.adaptive_capacity_components.life_history,NA,NA,NA,FALSE,
MD_FAP_2020,.concepts.connectivity,Strategy V.B.1 / TABLE (MD-FAP-S_2020.pdf),1,TRUE,TRUE,Conserve migration corridors and geologically complex portions of the landscape with more options for short distances between varied sites.
MD_FAP_2020,.concepts.connectivity,Maryland Goal V. Respond to Climate Change (MD-FAP-S_2020.pdf),1,TRUE,TRUE,"Climate change and changing weather patterns are leading to warmer winters, drier summers and more heavy rainstorms. Managing landscapes to be more resilient to these changes will require an adaptive "
MD_FAP_2020,.tools.vulnerability_models,Maintenance of Forest Contribution of Global Carbon Cycles / TABLE (MD_FAP-RA_2020.pdf),1,TRUE,TRUE,"The Mid-Atlantic Forest Ecosystem Vulnerability Assessment and Synthesis report, in particular, identifies impacts and vulnerabilities of forests to climate change in Maryland, and surrounding states."
MD_FAP_2020,.tools.vulnerability_models,Climate Change section (MD_FAP-RA_2020.pdf),1,TRUE,TRUE,"The assessment evaluated the potential impacts, adaptive capacity, and vulnerability of major forest systems in the region, and found that maritime forests, lowland conifer forests, and montane spruce"
MD_FAP_2020,.tools.niche_models,NA,NA,NA,FALSE,
MD_FAP_2020,.tools.niche_models,NA,NA,NA,FALSE,
MD_FAP_2020,.tools.niche_models,NA,NA,NA,FALSE,
MD_FAP_2020,.tools.climate_models,Delmarva Peninsula and Mid-Atlantic Coastal Plain section (MD_FAP-RA_2020.pdf),1,TRUE,TRUE,"It is predicted that the sea level will rise between 1.2 and 4.2 feet by 2100, depending on the amount of emissions reductions achieved"
MD_FAP_2020,.tools.climate_models,Development Patterns section (MD_FAP-RA_2020.pdf),1,TRUE,TRUE,"In Maryland, areas defined as a 'rural' housing density (properties >40 acre in size with one housing unit) are expected to decline (figure 24) to about 1 million acres by 2100, under the A2 scenario,"
MD_FAP_2020,.tools.connectivity_models,Locating Legacy Areas / AON section (MD-FAP-S_2020.pdf),1,TRUE,TRUE,"Maryland Green Infrastructure Atlas (Figure 5) maps intact forest and wetland 'hubs' and forested stream valleys, ridgelines, or other natural 'corridors.'"
MD_FAP_2020,.tools.connectivity_models,TABLE / Strategy I.B.3 (MD-FAP-S_2020.pdf),0.4896,FALSE,TRUE,"The criteria used within BioNet primarily focuses on the most irreplaceable species and habitats, as well as the habitats where larger numbers of rare species are concentrated. In addition to focusing"
MD_FAP_2020,.context.management_scale.local,Strategy V.B.1 / TABLE (MD-FAP-S_2020.pdf),1,TRUE,TRUE,"Identify species less adapted to current climate trends and match to refuge sites where they could continue to live, such as higher elevations, northern aspects, or moister sites."
MD_FAP_2020,.context.management_scale.site,Strategy V.B.1 / TABLE (MD-FAP-S_2020.pdf),1,TRUE,TRUE,"Identify species less adapted to current climate trends and match to refuge sites where they could continue to live, such as higher elevations, northern aspects, or moister sites."
MD_FAP_2020,.context.management_scale.watershed,Objective III.B. Manage Forests for High-Quality Drinking Water (MD-FAP-S_2020.pdf),1,TRUE,TRUE,Strategy III.B.1. Identify priority watersheds and work with communities to improve source water protection through watershed forestry.
MD_FAP_2020,.context.management_scale.city,NA,NA,NA,FALSE,
MD_FAP_2020,.context.management_scale.city,NA,NA,NA,FALSE,
MD_FAP_2020,.context.management_scale.city,NA,NA,NA,FALSE,
MD_FAP_2020,.context.management_scale.county,Southern Pine Beetle section (MD_FAP-RA_2020.pdf),0.9476,TRUE,TRUE,"In 2015, SPB was found for the first time in Talbot County. Populations have also begun further north, outside the historical range of SPB, including Cecil County, Nottingham PA, and Long Island NY."
MD_FAP_2020,.context.management_scale.within_state_region,Climate Change section (MD_FAP-RA_2020.pdf),1,TRUE,TRUE,"Major findings included: expansion of southern tree species into the region, namely post oak, scarlet oak, and southern red oak as habitat becomes more suitable for those species."
MD_FAP_2020,.context.management_scale.state,Findings: Maryland Assessment 2020,1,TRUE,TRUE,"Most Maryland forest types, dominated by oaks and yellow-poplar, are considered to have moderate to high adaptive capacity in the face of climate change, but red spruce habitats are more at risk."
MD_FAP_2020,.context.management_scale.multistate,Appalachian Mountains section (MD_FAP-RA_2020.pdf),1,TRUE,TRUE,"The Appalachian Mountains stretch from Alabama to Maine and include Maryland's three most western countries (Garrett, Allegheny, and Washington) in the Central Appalachian region."
MD_FAP_2020,.context.management_scale.national,NA,NA,NA,FALSE,
MD_FAP_2020,.context.management_scale.national,NA,NA,NA,FALSE,
MD_FAP_2020,.context.management_scale.national,NA,NA,NA,FALSE,
MD_FAP_2020,.context.management_scale.transnational,NA,NA,NA,FALSE,
MD_FAP_2020,.context.management_scale.transnational,NA,NA,NA,FALSE,
MD_FAP_2020,.context.management_scale.transnational,NA,NA,NA,FALSE,
MD_FAP_2020,.context.management_scale.ecosystem,Climate Change section (MD_FAP-RA_2020.pdf),1,TRUE,TRUE,"The assessment evaluated the potential impacts, adaptive capacity, and vulnerability of major forest systems in the region, and found that maritime forests, lowland conifer forests, and montane spruce"
MD_FAP_2020,.context.management_scale.ecoregion,NA,NA,NA,FALSE,
MD_FAP_2020,.context.management_scale.ecoregion,NA,NA,NA,FALSE,
MD_FAP_2020,.context.management_scale.ecoregion,NA,NA,NA,FALSE,
MD_FAP_2020,.context.management_scale.province,NA,NA,NA,FALSE,
MD_FAP_2020,.context.management_scale.province,NA,NA,NA,FALSE,
MD_FAP_2020,.context.management_scale.province,NA,NA,NA,FALSE,
MD_FAP_2020,.context.management_scale.section,NA,NA,NA,FALSE,
MD_FAP_2020,.context.management_scale.section,NA,NA,NA,FALSE,
MD_FAP_2020,.context.management_scale.section,NA,NA,NA,FALSE,
MD_FAP_2020,.context.management_scale.subsection,NA,NA,NA,FALSE,
MD_FAP_2020,.context.management_scale.subsection,NA,NA,NA,FALSE,
MD_FAP_2020,.context.management_scale.subsection,NA,NA,NA,FALSE,
MD_FAP_2020,.context.management_scale.lake,NA,NA,NA,FALSE,
MD_FAP_2020,.context.management_scale.lake,NA,NA,NA,FALSE,
MD_FAP_2020,.context.management_scale.lake,NA,NA,NA,FALSE,
MD_FAP_2020,.context.management_scale.river,NA,NA,NA,FALSE,
MD_FAP_2020,.context.management_scale.river,NA,NA,NA,FALSE,
MD_FAP_2020,.context.management_scale.river,NA,NA,NA,FALSE,
MD_FAP_2020,.context.management_scale.district,NA,NA,NA,FALSE,
MD_FAP_2020,.context.management_scale.district,NA,NA,NA,FALSE,
MD_FAP_2020,.context.management_scale.district,NA,NA,NA,FALSE,
MD_FAP_2020,.context.biological_unit_score,Climate Change section (MD_FAP-RA_2020.pdf),1,TRUE,TRUE,"Major findings included: expansion of southern tree species into the region, namely post oak, scarlet oak, and southern red oak as habitat becomes more suitable for those species."
MD_FAP_2020,.context.biological_unit_score,Climate Change section (MD_FAP-RA_2020.pdf),1,TRUE,TRUE,"The assessment evaluated the potential impacts, adaptive capacity, and vulnerability of major forest systems in the region, and found that maritime forests, lowland conifer forests, and montane spruce"
MD_FAP_2020,.context.biological_unit_components.species,Climate Change section (MD_FAP-RA_2020.pdf),1,TRUE,TRUE,"Major findings included: expansion of southern tree species into the region, namely post oak, scarlet oak, and southern red oak as habitat becomes more suitable for those species."
MD_FAP_2020,.context.biological_unit_components.population,NA,NA,NA,FALSE,
MD_FAP_2020,.context.biological_unit_components.population,NA,NA,NA,FALSE,
MD_FAP_2020,.context.biological_unit_components.population,NA,NA,NA,FALSE,
MD_FAP_2020,.context.biological_unit_components.habitat,Climate Change section (MD_FAP-RA_2020.pdf),1,TRUE,TRUE,"The assessment evaluated the potential impacts, adaptive capacity, and vulnerability of major forest systems in the region, and found that maritime forests, lowland conifer forests, and montane spruce"
MD_FAP_2020,.context.biological_unit_components.ecosystem,Climate Change section (MD_FAP-RA_2020.pdf),1,TRUE,TRUE,"all forest types, regardless of climate change adaptive capacity, require climate informed management to address threats that will be exacerbated by climate change."
MD_FAP_2020,.context.biological_unit_components.community,NA,NA,NA,FALSE,
MD_FAP_2020,.context.biological_unit_components.community,NA,NA,NA,FALSE,
MD_FAP_2020,.context.biological_unit_components.community,NA,NA,NA,FALSE,
MD_FAP_2020,.context.biological_unit_components.genotype_phenotype,NA,NA,NA,FALSE,
MD_FAP_2020,.context.biological_unit_components.genotype_phenotype,NA,NA,NA,FALSE,
MD_FAP_2020,.context.biological_unit_components.genotype_phenotype,NA,NA,NA,FALSE,
MD_FAP_2020,.context.partnerships_and_funding,"Investments in Forest Health, Management, Research, and Wood Processing (MD_FAP-RA_2020.pdf)",1,TRUE,TRUE,"In fiscal year 2019, the U.S. Forest Service Eastern Region State and Private Forestry invested $2.2 million in Maryland's forestry programs, including forest legacy, state fire assistance, and urban "
MD_FAP_2020,.context.partnerships_and_funding,Multistate Priority Areas / Appalachian Mountains (MD_FAP-RA_2020.pdf),1,TRUE,TRUE,"Maryland is also involved with the Nature Conservancy's Central Appalachians Fire Learning Network, which partners with federal, state, and private managers to implement ecological fire management."
MD_FAP_2020,.context.partnerships_and_funding,Appalachian Mountains section (MD_FAP-RA_2020.pdf),1,TRUE,TRUE,"The Nature Conservancy in partnership with the Central Appalachian Spruce Restoration Initiative, and other organizations, including the Maryland Department of Natural Resource, have been working to r"
MD_FAP_2020,.context.climate_threat_habitat_degradation,Findings: Maryland Assessment 2020,1,TRUE,TRUE,"Coastal maritime forests, where saltwater intrusion is a particular concern, are at risk. Maritime forests face increasing levels of saltwater, and a 2016 survey by MDA found that 50,406 acres had bee"
MD_FAP_2020,.context.climate_threat_habitat_degradation,"Forest Issues, Threats, & Opportunities (MD_FAP-RA_2020.pdf)",1,TRUE,TRUE,"forests on the Eastern Shore will be inundated by rising waters, and invasive plants like kudzu, will spread further into the state."
MD_FAP_2020,.context.climate_threat_species_vital_rates,Conservation Opportunities - Forest Legacy Program (MD_FAP-RA_2020.pdf),1,TRUE,TRUE,Saltwater intrusion areas began to take a toll on forests on the Eastern Shore over the last ten years. This is due to rising sea levels and land subsidence. MDA specialists conducting aerial forest h
MD_FAP_2020,.context.climate_threat_biotic_stressors,"Forest Issues, Threats, & Opportunities (MD_FAP-RA_2020.pdf)",1,TRUE,TRUE,"Warmer winters will likely increase the spread of invasive insects, and allow insect activity to continue that would otherwise be held in check by cold temperatures."
MD_FAP_2020,.context.climate_threat_biotic_stressors,Climate Change section (MD_FAP-RA_2020.pdf),1,TRUE,TRUE,"Major findings included: expansion of southern tree species into the region, namely post oak, scarlet oak, and southern red oak as habitat becomes more suitable for those species. Reduction of suitabl"
MD_FAP_2020,.actions.priority_habitat_identification,Locating Legacy Areas / AON section (MD-FAP-S_2020.pdf),1,TRUE,TRUE,"Maryland Green Infrastructure Atlas (Figure 5) maps intact forest and wetland 'hubs' and forested stream valleys, ridgelines, or other natural 'corridors.'"
MD_FAP_2020,.actions.priority_habitat_identification,Strategy V.B.1 / TABLE (MD-FAP-S_2020.pdf),1,TRUE,TRUE,"Identify species less adapted to current climate trends and match to refuge sites where they could continue to live, such as higher elevations, northern aspects, or moister sites."
MD_FAP_2020,.actions.priority_habitat_identification,TABLE / Strategy I.B.3 (MD-FAP-S_2020.pdf),0.4896,FALSE,TRUE,"The criteria used within BioNet primarily focuses on the most irreplaceable species and habitats, as well as the habitats where larger numbers of rare species are concentrated. In addition to focusing"
MD_FAP_2020,.actions.targeted_range_shift_actions,Strategy V.B.1 / TABLE (MD-FAP-S_2020.pdf),1,TRUE,TRUE,Consider assisted migration of southern species in parts of the landscape where conditions are changing most rapidly and have the greatest stresses.
MD_FAP_2020,.actions.targeted_range_shift_actions,Strategy V.B.1 / TABLE (MD-FAP-S_2020.pdf),1,TRUE,TRUE,Conserve migration corridors and geologically complex portions of the landscape with more options for short distances between varied sites.
MD_FAP_2020,.actions.time_bound_and_monitoring,Timeline and Funding (MD-FAP-S_2020.pdf),1,TRUE,TRUE,Assessments will be reviewed for needed updates on at least a five-year cycle.
MD_FAP_2020,.actions.time_bound_and_monitoring,Maryland's Forest Strategy (MD-FAP-S_2020.pdf),1,TRUE,TRUE,Outlines a specific timeline for project/program implementation
MD_FAP_2020,.actions.evidence_of_efficacy,Appalachian Mountains section (MD_FAP-RA_2020.pdf),1,TRUE,TRUE,"The Nature Conservancy in partnership with the Central Appalachian Spruce Restoration Initiative, and other organizations, including the Maryland Department of Natural Resource, have been working to r"
MD_FAP_2020,.actions.adaptation_planning_frameworks,Maryland Goal V. Respond to Climate Change (MD-FAP-S_2020.pdf),1,TRUE,TRUE,"Climate change and changing weather patterns are leading to warmer winters, drier summers and more heavy rainstorms. Managing landscapes to be more resilient to these changes will require an adaptive "
MD_FAP_2020,.actions.adaptation_planning_frameworks,Maryland Goal V. Respond to Climate Change / Example Tactics (MD-FAP-S_2020.pdf),1,TRUE,TRUE,"Evaluate climate trends and goals for resistance, resilience, or transition of forest systems when selecting tree species and designing plantings and utilizing climate adaptation resources when consid"
MD_FAP_2020,.actions.adaptation_planning_frameworks,Strategy V.B.1 / TABLE (MD-FAP-S_2020.pdf),1,TRUE,TRUE,"Data-driven forest management, experimentation, monitoring actions, and cross-boundary coordination will help managers adjust actions as conditions change."
ME_FAP_2020,.concepts.climate_vulnerability,Address climate change and its impacts on Maine's forests,1,TRUE,TRUE,"Species will be most vulnerable at the southern extent of their ranges. Northern/boreal species such as spruce, balsam fir, and aspen are most vulnerable across the state and especially at the souther"
ME_FAP_2020,.concepts.climate_vulnerability,Address climate change and its impacts on Maine's forests,1,TRUE,TRUE,"Climate change modeling suggests that Maine will continue to have abundant forests, but the composition is likely to change, e.g. a decline in the presence of boreal species such as the spruces and ba"
ME_FAP_2020,.concepts.climate_vulnerability,Address climate change and its impacts on Maine's forests,1,TRUE,TRUE,"Active forest management can make forests more resilient to the impacts of climate change. Actions that can improve forest resiliency include, but are not limited to: frequent monitoring of conditions"
ME_FAP_2020,.concepts.adaptive_capacity_specificity,State Goal/Theme 3: Address climate change and its impacts on Maine's forests,1,TRUE,TRUE,3.1 Explore opportunities to strengthen forest resilience and adaptive capacity.
ME_FAP_2020,.concepts.adaptive_capacity_components.demography,NA,NA,NA,FALSE,
ME_FAP_2020,.concepts.adaptive_capacity_components.demography,NA,NA,NA,FALSE,
ME_FAP_2020,.concepts.adaptive_capacity_components.demography,NA,NA,NA,FALSE,
ME_FAP_2020,.concepts.adaptive_capacity_components.distribution,Address climate change and its impacts on Maine's forests,1,TRUE,TRUE,"Forest biodiversity likely will change as well, with some species of plants and animals disappearing while new ones become established, e.g. a recession of northern species at the southern edge of the"
ME_FAP_2020,.concepts.adaptive_capacity_components.movement,Address climate change and its impacts on Maine's forests,1,TRUE,TRUE,"Forest biodiversity likely will change as well, with some species of plants and animals disappearing while new ones become established, e.g. a recession of northern species at the southern edge of the"
ME_FAP_2020,.concepts.adaptive_capacity_components.evolutionary_potential,NA,NA,NA,FALSE,
ME_FAP_2020,.concepts.adaptive_capacity_components.evolutionary_potential,NA,NA,NA,FALSE,
ME_FAP_2020,.concepts.adaptive_capacity_components.evolutionary_potential,NA,NA,NA,FALSE,
ME_FAP_2020,.concepts.adaptive_capacity_components.ecological_dependencies,NA,NA,NA,FALSE,
ME_FAP_2020,.concepts.adaptive_capacity_components.ecological_dependencies,NA,NA,NA,FALSE,
ME_FAP_2020,.concepts.adaptive_capacity_components.ecological_dependencies,NA,NA,NA,FALSE,
ME_FAP_2020,.concepts.adaptive_capacity_components.abiotic_niche,Address climate change and its impacts on Maine's forests,1,TRUE,TRUE,"Species will be most vulnerable at the southern extent of their ranges. Northern/boreal species such as spruce, balsam fir, and aspen are most vulnerable across the state and especially at the souther"
ME_FAP_2020,.concepts.adaptive_capacity_components.life_history,NA,NA,NA,FALSE,
ME_FAP_2020,.concepts.adaptive_capacity_components.life_history,NA,NA,NA,FALSE,
ME_FAP_2020,.concepts.adaptive_capacity_components.life_history,NA,NA,NA,FALSE,
ME_FAP_2020,.concepts.connectivity,State Goal/Theme 5: Maintain the health and resiliency of Maine's forests,1,TRUE,TRUE,5.18. Promote efforts to allow forests to adapt to climate change -e.g.: • Maintain large contiguous areas as forests; • Reduce other stressors; • Encourage species suited to future climates.
ME_FAP_2020,.tools.vulnerability_models,References,0.8824,TRUE,TRUE,"Whitman, A. 2013. Climate change and biodiversity in Maine: vulnerability of habitats and priority species."
ME_FAP_2020,.tools.niche_models,Address climate change and its impacts on Maine's forests,0.875,TRUE,TRUE,"For example, modeling by Dunckel, Weiskittel, and Fiske showed potential for range expansion northward for eastern hemlock in Maine."
ME_FAP_2020,.tools.niche_models,Address climate change and its impacts on Maine's forests,1,TRUE,TRUE,"Climate change modeling suggests that Maine will continue to have abundant forests, but the composition is likely to change, e.g. a decline in the presence of boreal species such as the spruces and ba"
ME_FAP_2020,.tools.climate_models,Address climate change and its impacts on Maine's forests,1,TRUE,TRUE,"The modeling scenarios examined by the authors of 'Maine's Climate Future' suggest that for the 21st century, there is a strong trend in Maine toward warmer and wetter conditions in all seasons."
ME_FAP_2020,.tools.connectivity_models,NA,NA,NA,FALSE,
ME_FAP_2020,.tools.connectivity_models,NA,NA,NA,FALSE,
ME_FAP_2020,.tools.connectivity_models,NA,NA,NA,FALSE,
ME_FAP_2020,.context.management_scale.local,NA,NA,NA,FALSE,
ME_FAP_2020,.context.management_scale.local,NA,NA,NA,FALSE,
ME_FAP_2020,.context.management_scale.local,NA,NA,NA,FALSE,
ME_FAP_2020,.context.management_scale.site,NA,NA,NA,FALSE,
ME_FAP_2020,.context.management_scale.site,NA,NA,NA,FALSE,
ME_FAP_2020,.context.management_scale.site,NA,NA,NA,FALSE,
ME_FAP_2020,.context.management_scale.watershed,"Criterion 2: Water quality, wetlands and riparian zones",1,TRUE,TRUE,"The forestry community has paid increasing attention to the importance of proper sizing of stream crossings to allow for fish and other organism passage, maintain habitat continuity, and account for t"
ME_FAP_2020,.context.management_scale.city,NA,NA,NA,FALSE,
ME_FAP_2020,.context.management_scale.city,NA,NA,NA,FALSE,
ME_FAP_2020,.context.management_scale.city,NA,NA,NA,FALSE,
ME_FAP_2020,.context.management_scale.county,NA,NA,NA,FALSE,
ME_FAP_2020,.context.management_scale.county,NA,NA,NA,FALSE,
ME_FAP_2020,.context.management_scale.county,NA,NA,NA,FALSE,
ME_FAP_2020,.context.management_scale.within_state_region,Address climate change and its impacts on Maine's forests,1,TRUE,TRUE,"Northern/boreal species such as spruce, balsam fir, and aspen are most vulnerable across the state and especially at the southern edge of their range."
ME_FAP_2020,.context.management_scale.state,Address climate change and its impacts on Maine's forests,1,TRUE,TRUE,"Climate change modeling suggests that Maine will continue to have abundant forests, but the composition is likely to change, e.g. a decline in the presence of boreal species such as the spruces and ba"
ME_FAP_2020,.context.management_scale.multistate,Address climate change and its impacts on Maine's forests,1,TRUE,TRUE,"Forest biodiversity likely will change as well, with some species of plants and animals disappearing while new ones become established, e.g. a recession of northern species at the southern edge of the"
ME_FAP_2020,.context.management_scale.national,NA,NA,NA,FALSE,
ME_FAP_2020,.context.management_scale.national,NA,NA,NA,FALSE,
ME_FAP_2020,.context.management_scale.national,NA,NA,NA,FALSE,
ME_FAP_2020,.context.management_scale.transnational,NA,NA,NA,FALSE,
ME_FAP_2020,.context.management_scale.transnational,NA,NA,NA,FALSE,
ME_FAP_2020,.context.management_scale.transnational,NA,NA,NA,FALSE,
ME_FAP_2020,.context.management_scale.ecosystem,Address climate change and its impacts on Maine's forests,1,TRUE,TRUE,"Climate change modeling suggests that Maine will continue to have abundant forests, but the composition is likely to change, e.g. a decline in the presence of boreal species such as the spruces and ba"
ME_FAP_2020,.context.management_scale.ecoregion,NA,NA,NA,FALSE,
ME_FAP_2020,.context.management_scale.ecoregion,NA,NA,NA,FALSE,
ME_FAP_2020,.context.management_scale.ecoregion,NA,NA,NA,FALSE,
ME_FAP_2020,.context.management_scale.province,NA,NA,NA,FALSE,
ME_FAP_2020,.context.management_scale.province,NA,NA,NA,FALSE,
ME_FAP_2020,.context.management_scale.province,NA,NA,NA,FALSE,
ME_FAP_2020,.context.management_scale.section,NA,NA,NA,FALSE,
ME_FAP_2020,.context.management_scale.section,NA,NA,NA,FALSE,
ME_FAP_2020,.context.management_scale.section,NA,NA,NA,FALSE,
ME_FAP_2020,.context.management_scale.subsection,NA,NA,NA,FALSE,
ME_FAP_2020,.context.management_scale.subsection,NA,NA,NA,FALSE,
ME_FAP_2020,.context.management_scale.subsection,NA,NA,NA,FALSE,
ME_FAP_2020,.context.management_scale.lake,NA,NA,NA,FALSE,
ME_FAP_2020,.context.management_scale.lake,NA,NA,NA,FALSE,
ME_FAP_2020,.context.management_scale.lake,NA,NA,NA,FALSE,
ME_FAP_2020,.context.management_scale.river,NA,NA,NA,FALSE,
ME_FAP_2020,.context.management_scale.river,NA,NA,NA,FALSE,
ME_FAP_2020,.context.management_scale.river,NA,NA,NA,FALSE,
ME_FAP_2020,.context.management_scale.district,NA,NA,NA,FALSE,
ME_FAP_2020,.context.management_scale.district,NA,NA,NA,FALSE,
ME_FAP_2020,.context.management_scale.district,NA,NA,NA,FALSE,
ME_FAP_2020,.context.biological_unit_score,Address climate change and its impacts on Maine's forests,1,TRUE,TRUE,"Climate change modeling suggests that Maine will continue to have abundant forests, but the composition is likely to change, e.g. a decline in the presence of boreal species such as the spruces and ba"
ME_FAP_2020,.context.biological_unit_score,Address climate change and its impacts on Maine's forests,1,TRUE,TRUE,"Forest biodiversity likely will change as well, with some species of plants and animals disappearing while new ones become established, e.g. a recession of northern species at the southern edge of the"
ME_FAP_2020,.context.biological_unit_components.species,Address climate change and its impacts on Maine's forests,0.875,TRUE,TRUE,"For example, modeling by Dunckel, Weiskittel, and Fiske showed potential for range expansion northward for eastern hemlock in Maine."
ME_FAP_2020,.context.biological_unit_components.population,NA,NA,NA,FALSE,
ME_FAP_2020,.context.biological_unit_components.population,NA,NA,NA,FALSE,
ME_FAP_2020,.context.biological_unit_components.population,NA,NA,NA,FALSE,
ME_FAP_2020,.context.biological_unit_components.habitat,References,0.8824,TRUE,TRUE,"Whitman, A. 2013. Climate change and biodiversity in Maine: vulnerability of habitats and priority species."
ME_FAP_2020,.context.biological_unit_components.ecosystem,Address climate change and its impacts on Maine's forests,1,TRUE,TRUE,"Climate change modeling suggests that Maine will continue to have abundant forests, but the composition is likely to change, e.g. a decline in the presence of boreal species such as the spruces and ba"
ME_FAP_2020,.context.biological_unit_components.community,Address climate change and its impacts on Maine's forests,1,TRUE,TRUE,"Forest biodiversity likely will change as well, with some species of plants and animals disappearing while new ones become established, e.g. a recession of northern species at the southern edge of the"
ME_FAP_2020,.context.biological_unit_components.genotype_phenotype,NA,NA,NA,FALSE,
ME_FAP_2020,.context.biological_unit_components.genotype_phenotype,NA,NA,NA,FALSE,
ME_FAP_2020,.context.biological_unit_components.genotype_phenotype,NA,NA,NA,FALSE,
ME_FAP_2020,.context.partnerships_and_funding,State Goal/Theme 3: Address climate change and its impacts on Maine's forests,1,TRUE,TRUE,3.2 Establish a meaningful role for MFS in the work of the Maine Climate Council.
ME_FAP_2020,.context.partnerships_and_funding,Other Plans Incorporated in the Statewide Assessment and Strategy,1,TRUE,TRUE,"In June 2019, Governor Mills and the Legislature created the Maine Climate Council, an assembly of scientists, industry leaders, bipartisan local and state officials, and engaged citizens to develop a"
ME_FAP_2020,.context.climate_threat_habitat_degradation,Address climate change and its impacts on Maine's forests,1,TRUE,TRUE,"Some climate change model scenarios predict wetter than normal spring and summer fire seasons coupled with high intensity, short duration droughts. Should such droughts materialize, it would be cause "
ME_FAP_2020,.context.climate_threat_species_vital_rates,NA,NA,NA,FALSE,
ME_FAP_2020,.context.climate_threat_species_vital_rates,NA,NA,NA,FALSE,
ME_FAP_2020,.context.climate_threat_species_vital_rates,NA,NA,NA,FALSE,
ME_FAP_2020,.context.climate_threat_biotic_stressors,Criterion 9: Forest Health,1,TRUE,TRUE,Some of the expansion may be attributable to warmer late-summer and early fall temperatures associated with a changing climate.
ME_FAP_2020,.actions.priority_habitat_identification,State Goal/Theme 5: Maintain the health and resiliency of Maine's forests,1,TRUE,TRUE,5.18. Promote efforts to allow forests to adapt to climate change -e.g.: • Maintain large contiguous areas as forests; • Reduce other stressors; • Encourage species suited to future climates.
ME_FAP_2020,.actions.targeted_range_shift_actions,Address climate change and its impacts on Maine's forests,1,TRUE,TRUE,"Actions that can improve forest resiliency include, but are not limited to: frequent monitoring of conditions, control of invasive species, planting tree species adapted to likely future conditions, m"
ME_FAP_2020,.actions.time_bound_and_monitoring,State Goal/Theme 3: Address climate change and its impacts on Maine's forests,1,TRUE,TRUE,3.3 Continue to monitor changes through FIA and provide for focused modeling.
ME_FAP_2020,.actions.evidence_of_efficacy,Address climate change and its impacts on Maine's forests,1,TRUE,TRUE,"The modeling scenarios examined by the authors of 'Maine's Climate Future' suggest that for the 21st century, there is a strong trend in Maine toward warmer and wetter conditions in all seasons."
ME_FAP_2020,.actions.evidence_of_efficacy,Address climate change and its impacts on Maine's forests,1,TRUE,TRUE,"The figure on the following page shows the most recent projections for impacts on major forest species (from Janowiak et al, 2018)."
ME_FAP_2020,.actions.adaptation_planning_frameworks,State Goal/Theme 3: Address climate change and its impacts on Maine's forests,1,TRUE,TRUE,3.1 Explore opportunities to strengthen forest resilience and adaptive capacity.
MI_FAP_2020,.concepts.climate_vulnerability,Criterion Three: Forest Health and Vitality (table),1,TRUE,TRUE,Climate change is likely to impact forest health due to increasing weather extremes -precipitation and temperature -causing increased stress and potential range shifts.
MI_FAP_2020,.concepts.adaptive_capacity_specificity,Climate Change (Cross-Program Issues),1,TRUE,TRUE,"A changing climate influences almost every component of the forest: life histories and phenology, timing of management activities and changing composition of plant and animal species."
MI_FAP_2020,.concepts.adaptive_capacity_components.demography,NA,NA,NA,FALSE,
MI_FAP_2020,.concepts.adaptive_capacity_components.demography,NA,NA,NA,FALSE,
MI_FAP_2020,.concepts.adaptive_capacity_components.demography,NA,NA,NA,FALSE,
MI_FAP_2020,.concepts.adaptive_capacity_components.distribution,Criterion Three: Forest Health and Vitality (table),1,TRUE,TRUE,Climate change is likely to impact forest health due to increasing weather extremes -precipitation and temperature -causing increased stress and potential range shifts.
MI_FAP_2020,.concepts.adaptive_capacity_components.movement,Implementation,1,TRUE,TRUE,One of our largest challenges is developing and security of forested landscape connections and corridors that permit northward movement of plant and animal species.
MI_FAP_2020,.concepts.adaptive_capacity_components.evolutionary_potential,NA,NA,NA,FALSE,
MI_FAP_2020,.concepts.adaptive_capacity_components.evolutionary_potential,NA,NA,NA,FALSE,
MI_FAP_2020,.concepts.adaptive_capacity_components.evolutionary_potential,NA,NA,NA,FALSE,
MI_FAP_2020,.concepts.adaptive_capacity_components.ecological_dependencies,Criterion Five: Carbon Cycles (table),1,TRUE,TRUE,Changes in phenology could negatively affect ecological processes such as pollination of the many plant species that rely on insects and reproduction in animals that depend on insects to feed their yo
MI_FAP_2020,.concepts.adaptive_capacity_components.abiotic_niche,Criterion Five: Carbon Cycles (table),1,TRUE,TRUE,"An increase in average low temperatures in winter could have a negative impact on Michigan's boreal tree species, which require cold winter temperatures."
MI_FAP_2020,.concepts.adaptive_capacity_components.life_history,Climate Change (Cross-Program Issues),1,TRUE,TRUE,"A changing climate influences almost every component of the forest: life histories and phenology, timing of management activities and changing composition of plant and animal species."
MI_FAP_2020,.concepts.connectivity,Implementation,1,TRUE,TRUE,One of our largest challenges is developing and security of forested landscape connections and corridors that permit northward movement of plant and animal species.
MI_FAP_2020,.concepts.connectivity,Criterion Three: Forest Health and Vitality (table),1,TRUE,TRUE,Climate change is likely to impact forest health due to increasing weather extremes -precipitation and temperature -causing increased stress and potential range shifts.
MI_FAP_2020,.tools.vulnerability_models,NA,NA,NA,FALSE,
MI_FAP_2020,.tools.vulnerability_models,NA,NA,NA,FALSE,
MI_FAP_2020,.tools.vulnerability_models,NA,NA,NA,FALSE,
MI_FAP_2020,.tools.niche_models,NA,NA,NA,FALSE,
MI_FAP_2020,.tools.niche_models,NA,NA,NA,FALSE,
MI_FAP_2020,.tools.niche_models,NA,NA,NA,FALSE,
MI_FAP_2020,.tools.climate_models,"Goals, Strategies and Objectives (table, Goal 7/research objectives)",0.4277,FALSE,TRUE,"Collaborate with researchers to describe and quantify threats to urban trees and forests from climate change scenarios related to invasive species, insects/disease and storms."
MI_FAP_2020,.tools.connectivity_models,"Goals, Strategies and Objectives (table, Objective 4.1.9 area)",0.5141,FALSE,TRUE,Use The Nature Conservancy's climate-resilient landscapes to identify areas that should have priority for protection; include this as a priority in project evaluation and scoring.
MI_FAP_2020,.context.management_scale.local,"Goals, Strategies and Objectives (table, Objective 4.3.3)",0.3671,FALSE,TRUE,"Assist communities in developing climate adaptation strategies and incorporating them in forest management plans, with information on urban tree selection, planting and maintenance that address commun"
MI_FAP_2020,.context.management_scale.site,NA,NA,NA,FALSE,
MI_FAP_2020,.context.management_scale.site,NA,NA,NA,FALSE,
MI_FAP_2020,.context.management_scale.site,NA,NA,NA,FALSE,
MI_FAP_2020,.context.management_scale.watershed,Criterion One: Conservation of Biological Diversity,1,TRUE,TRUE,"Forest area increased at the HUC8-watershed scale by 3.7% (more than 727,000 acres) and in the riverside areas -also known as riparian -at that same scale by 9.8% over the period from 2006-2016."
MI_FAP_2020,.context.management_scale.city,NA,NA,NA,FALSE,
MI_FAP_2020,.context.management_scale.city,NA,NA,NA,FALSE,
MI_FAP_2020,.context.management_scale.city,NA,NA,NA,FALSE,
MI_FAP_2020,.context.management_scale.county,NA,NA,NA,FALSE,
MI_FAP_2020,.context.management_scale.county,NA,NA,NA,FALSE,
MI_FAP_2020,.context.management_scale.county,NA,NA,NA,FALSE,
MI_FAP_2020,.context.management_scale.within_state_region,Criterion Two: Productive Capacity of the Forest,1,TRUE,TRUE,All regions in the state show slight increases in forested area based on FIA data with the largest in the southern Lower Peninsula.
MI_FAP_2020,.context.management_scale.state,INTRODUCTION,1,TRUE,TRUE,Michigan's Forest Action Plan is the state's contribution to a national assessment and strategy for all forest land across all ownerships in the United States.
MI_FAP_2020,.context.management_scale.multistate,Other Great Lakes Basin Initiatives or Projects,1,TRUE,TRUE,NRCS is also working with partners in the eight U.S. Great Lakes states.
MI_FAP_2020,.context.management_scale.national,INTRODUCTION,1,TRUE,TRUE,Michigan's Forest Action Plan is the state's contribution to a national assessment and strategy for all forest land across all ownerships in the United States.
MI_FAP_2020,.context.management_scale.transnational,NA,NA,NA,FALSE,
MI_FAP_2020,.context.management_scale.transnational,NA,NA,NA,FALSE,
MI_FAP_2020,.context.management_scale.transnational,NA,NA,NA,FALSE,
MI_FAP_2020,.context.management_scale.ecosystem,PRIORITY LANDSCAPES (Map 1 description),1,TRUE,TRUE,"With climate change moving our forest systems towards the oak-hickory type, it is not prudent to let red maple take over."
MI_FAP_2020,.context.management_scale.ecoregion,Fire-dependent Forest Types and Prescribed Fire (table),1,TRUE,TRUE,The floodplain forests map is based on wildlife focal species occurrences in Cleland's level III and IV Ecoregions of Michigan.
MI_FAP_2020,.context.management_scale.province,NA,NA,NA,FALSE,
MI_FAP_2020,.context.management_scale.province,NA,NA,NA,FALSE,
MI_FAP_2020,.context.management_scale.province,NA,NA,NA,FALSE,
MI_FAP_2020,.context.management_scale.section,NA,NA,NA,FALSE,
MI_FAP_2020,.context.management_scale.section,NA,NA,NA,FALSE,
MI_FAP_2020,.context.management_scale.section,NA,NA,NA,FALSE,
MI_FAP_2020,.context.management_scale.subsection,Criterion One: Conservation of Biological Diversity,1,TRUE,TRUE,Broadleaf tree diversity and evenness across the state is stable; 15 of the 45 eco-subsections show a slight decline in both values.
MI_FAP_2020,.context.management_scale.lake,NA,NA,NA,FALSE,
MI_FAP_2020,.context.management_scale.lake,NA,NA,NA,FALSE,
MI_FAP_2020,.context.management_scale.lake,NA,NA,NA,FALSE,
MI_FAP_2020,.context.management_scale.river,NA,NA,NA,FALSE,
MI_FAP_2020,.context.management_scale.river,NA,NA,NA,FALSE,
MI_FAP_2020,.context.management_scale.river,NA,NA,NA,FALSE,
MI_FAP_2020,.context.management_scale.district,NA,NA,NA,FALSE,
MI_FAP_2020,.context.management_scale.district,NA,NA,NA,FALSE,
MI_FAP_2020,.context.management_scale.district,NA,NA,NA,FALSE,
MI_FAP_2020,.context.biological_unit_score,Criterion Three: Forest Health and Vitality (table),1,TRUE,TRUE,Climate change is likely to impact forest health due to increasing weather extremes -precipitation and temperature -causing increased stress and potential range shifts.
MI_FAP_2020,.context.biological_unit_score,Implementation,1,TRUE,TRUE,One of our largest challenges is developing and security of forested landscape connections and corridors that permit northward movement of plant and animal species.
MI_FAP_2020,.context.biological_unit_components.species,Criterion Five: Carbon Cycles (table),1,TRUE,TRUE,Climate changes can result in wiping out certain plants and animals and allow for the northward movement of unwanted plant and animal pests.
MI_FAP_2020,.context.biological_unit_components.population,NA,NA,NA,FALSE,
MI_FAP_2020,.context.biological_unit_components.population,NA,NA,NA,FALSE,
MI_FAP_2020,.context.biological_unit_components.population,NA,NA,NA,FALSE,
MI_FAP_2020,.context.biological_unit_components.habitat,Implementation,1,TRUE,TRUE,One of our largest challenges is developing and security of forested landscape connections and corridors that permit northward movement of plant and animal species.
MI_FAP_2020,.context.biological_unit_components.ecosystem,PRIORITY LANDSCAPES (Map 1 description),1,TRUE,TRUE,"With climate change moving our forest systems towards the oak-hickory type, it is not prudent to let red maple take over."
MI_FAP_2020,.context.biological_unit_components.community,Criterion Three: Forest Health and Vitality (table),1,TRUE,TRUE,Climate change is likely to impact forest health due to increasing weather extremes -precipitation and temperature -causing increased stress and potential range shifts.
MI_FAP_2020,.context.biological_unit_components.genotype_phenotype,NA,NA,NA,FALSE,
MI_FAP_2020,.context.biological_unit_components.genotype_phenotype,NA,NA,NA,FALSE,
MI_FAP_2020,.context.biological_unit_components.genotype_phenotype,NA,NA,NA,FALSE,
MI_FAP_2020,.context.partnerships_and_funding,Climate Change Response Framework (Midwest) Regions,0.9912,TRUE,TRUE,"The Climate Change Response Framework (https://forestadaptation.org/) is a collaborative, cross-boundary approach among scientists, managers and landowners to incorporate climate change considerations"
MI_FAP_2020,.context.partnerships_and_funding,STAKEHOLDER ENGAGEMENT,1,TRUE,TRUE,"A climate change adaptation workshop, sponsored by the DNR and hosted by the Northern Institute of Applied Climate Science, was also held in Gaylord and provided stakeholders with training on applied "
MI_FAP_2020,.context.climate_threat_habitat_degradation,Criterion Five: Carbon Cycles,1,TRUE,TRUE,"Increasing temperatures and changing precipitation patterns threaten the health, structure and function of existing trees. This threatens their ability to mitigate the impacts of climate change."
MI_FAP_2020,.context.climate_threat_species_vital_rates,Criterion Three: Forest Health and Vitality (table),1,TRUE,TRUE,"Trees: Weather extremes could cause die-back in some species, create the potential for total mortality in others and could cause regeneration failure."
MI_FAP_2020,.context.climate_threat_biotic_stressors,Criterion Five: Carbon Cycles (table),1,TRUE,TRUE,Climate changes can result in wiping out certain plants and animals and allow for the northward movement of unwanted plant and animal pests.
MI_FAP_2020,.context.climate_threat_biotic_stressors,PRIORITY LANDSCAPES (Map 1 description),1,TRUE,TRUE,"With climate change moving our forest systems towards the oak-hickory type, it is not prudent to let red maple take over."
MI_FAP_2020,.actions.priority_habitat_identification,"Goals, Strategies and Objectives (table, Objective 4.1.9 area)",0.5141,FALSE,TRUE,Use The Nature Conservancy's climate-resilient landscapes to identify areas that should have priority for protection; include this as a priority in project evaluation and scoring.
MI_FAP_2020,.actions.priority_habitat_identification,"Goals, Strategies and Objectives (table)",0.92,TRUE,TRUE,Update the Forest Legacy Program nomination application to focus on and prioritize protection of climate-resilient landscapes.
MI_FAP_2020,.actions.priority_habitat_identification,IMPLEMENTATION (Forest Legacy table),0.7045,FALSE,TRUE,The highest priority for inclusion in the program is usually given to larger parcels adjacent to existing protected areas that include characteristics such as...resistance to climate change and are un
MI_FAP_2020,.actions.targeted_range_shift_actions,Implementation,1,TRUE,TRUE,One of our largest challenges is developing and security of forested landscape connections and corridors that permit northward movement of plant and animal species. Additional federal funding would he
MI_FAP_2020,.actions.time_bound_and_monitoring,"Goals, Strategies and Objectives (table)",1,TRUE,TRUE,Engage stakeholders in a collaborative effort to review and update the statewide forest action plan every five years.
MI_FAP_2020,.actions.evidence_of_efficacy,Climate Change (Cross-Program Issues),1,TRUE,TRUE,"Collectively, we will need to identify and promote native species that can be adapted to future conditions; identify management options for invasive species; and identify links between extreme weather"
MI_FAP_2020,.actions.adaptation_planning_frameworks,Climate Change Response Framework (Midwest) Regions,0.9912,TRUE,TRUE,"The Climate Change Response Framework (https://forestadaptation.org/) is a collaborative, cross-boundary approach among scientists, managers and landowners to incorporate climate change considerations"
MI_FAP_2020,.actions.adaptation_planning_frameworks,Climate Change Response Framework (Midwest) Regions,1,TRUE,TRUE,Demonstration projects (https://forestadaptation.org/) are real-world examples of how managers have integrated climate considerations into natural resource management planning and activities. These pr
MN_FAP_2020,.concepts.climate_vulnerability,"Part 1, Table 5: Indicator 4 / Status of Forest and Woodland Communities",1,TRUE,TRUE,The 2015 SWAP updates the previous plan by addressing vulnerability assessments for habitat and species in relation to population changes and climate change predictions for the state.
MN_FAP_2020,.concepts.climate_vulnerability,"Part 1, Ch. 2: Climate Changes in Minnesota",1,TRUE,TRUE,Figure 42 below is an example of climate change projections for individual northern tree species in Minnesota. The state has three tree species zones that are all being affected by climate change. Inf
MN_FAP_2020,.concepts.climate_vulnerability,Part 1/Part 2: Ch. 3 Issues/Climate adaptation section,1,TRUE,TRUE,Suitable habitat for boreal forest species such as black and white spruce and balsam fir may migrate northeastward out of the state to eastern Canada. Increase in tamarack acres infested with casebear
MN_FAP_2020,.concepts.adaptive_capacity_specificity,"Part 1, Ch. 2: Age Group",1,TRUE,TRUE,"Fragmentation can inhibit the natural migration of many plant and animal species, which is a major concern for climate change adaptation, as there may be a decrease in both biodiversity and genetic di"
MN_FAP_2020,.concepts.adaptive_capacity_specificity,"Part 2, Ch. 3.7: Manage Trees and Forests to Mitigate and Adapt to Global Climate Change",1,TRUE,TRUE,DNR operates a state forest nursery with collected native seeds to guarantee genetic diversity and produces over 6 million native tree seedlings annually for use in statewide public and private forest
MN_FAP_2020,.concepts.adaptive_capacity_components.demography,NA,NA,NA,FALSE,
MN_FAP_2020,.concepts.adaptive_capacity_components.demography,NA,NA,NA,FALSE,
MN_FAP_2020,.concepts.adaptive_capacity_components.demography,NA,NA,NA,FALSE,
MN_FAP_2020,.concepts.adaptive_capacity_components.distribution,"Part 1, Ch. 2: Climate Changes in Minnesota",1,TRUE,TRUE,"This has ramifications for forests and forest management, as suitable conditions for boreal forest species such as black and white spruce and balsam fir may contract, and those species migrate northea"
MN_FAP_2020,.concepts.adaptive_capacity_components.movement,"Part 1, Ch. 2: Age Group",1,TRUE,TRUE,"Fragmentation can inhibit the natural migration of many plant and animal species, which is a major concern for climate change adaptation, as there may be a decrease in both biodiversity and genetic di"
MN_FAP_2020,.concepts.adaptive_capacity_components.movement,"Part 2, Forest Legacy AON: Threat of Conversion section",1,TRUE,TRUE,"Minnesota DNR's objective is to minimize environmental stresses amplified by climate change. This includes preserving dispersal corridors linking current and future suitable habitats, retaining high q"
MN_FAP_2020,.concepts.adaptive_capacity_components.evolutionary_potential,"Part 1, Ch. 2: Age Group",1,TRUE,TRUE,"Fragmentation can inhibit the natural migration of many plant and animal species, which is a major concern for climate change adaptation, as there may be a decrease in both biodiversity and genetic di"
MN_FAP_2020,.concepts.adaptive_capacity_components.evolutionary_potential,"Part 2, Ch. 3.7: Manage Trees and Forests to Mitigate and Adapt to Global Climate Change",1,TRUE,TRUE,DNR operates a state forest nursery with collected native seeds to guarantee genetic diversity and produces over 6 million native tree seedlings annually for use in statewide public and private forest
MN_FAP_2020,.concepts.adaptive_capacity_components.ecological_dependencies,NA,NA,NA,FALSE,
MN_FAP_2020,.concepts.adaptive_capacity_components.ecological_dependencies,NA,NA,NA,FALSE,
MN_FAP_2020,.concepts.adaptive_capacity_components.ecological_dependencies,NA,NA,NA,FALSE,
MN_FAP_2020,.concepts.adaptive_capacity_components.abiotic_niche,"Part 1, Ch. 2: Climate Changes in Minnesota",1,TRUE,TRUE,"This has ramifications for forests and forest management, as suitable conditions for boreal forest species such as black and white spruce and balsam fir may contract, and those species migrate northea"
MN_FAP_2020,.concepts.adaptive_capacity_components.life_history,NA,NA,NA,FALSE,
MN_FAP_2020,.concepts.adaptive_capacity_components.life_history,NA,NA,NA,FALSE,
MN_FAP_2020,.concepts.adaptive_capacity_components.life_history,NA,NA,NA,FALSE,
MN_FAP_2020,.concepts.connectivity,"Part 2, Forest Legacy AON: Threat of Conversion section",1,TRUE,TRUE,"Minnesota DNR's objective is to minimize environmental stresses amplified by climate change. This includes preserving dispersal corridors linking current and future suitable habitats, retaining high q"
MN_FAP_2020,.concepts.connectivity,"Part 1, Ch. 4: Ecological Values (description section)",1,TRUE,TRUE,"climate flow (corridors that facilitate population movement for climate adaptation). The results are not meant to represent the definitive locations of important ecological areas, but rather are meant"
MN_FAP_2020,.tools.vulnerability_models,"Part 1, Table 5: Indicator 4 / Status of Forest and Woodland Communities",1,TRUE,TRUE,The 2015 SWAP updates the previous plan by addressing vulnerability assessments for habitat and species in relation to population changes and climate change predictions for the state.
MN_FAP_2020,.tools.vulnerability_models,"Part 2, Forest Legacy AON: Headwaters FLA public benefits",1,TRUE,TRUE,"Contains the Chippewa National Forest with active management and research, including the SPRUCE Project (Spruce and Peatland Responses under Climatic and Environmental Change Experiment) and the Clima"
MN_FAP_2020,.tools.niche_models,"Part 1, Ch. 2: Climate Changes in Minnesota",1,TRUE,TRUE,Figure 42 below is an example of climate change projections for individual northern tree species in Minnesota. The state has three tree species zones that are all being affected by climate change. Inf
MN_FAP_2020,.tools.climate_models,"Part 1, Table 7",1,TRUE,TRUE,"Table 7 - Climate changes and observed and projected in Minnesota, based on science summarized in the 2014, 2017, and 2018 National Climate Assessment reports, and from data analyzed by the Minnesota "
MN_FAP_2020,.tools.connectivity_models,"Part 1, Ch. 4: Ecological Values",0.9596,TRUE,TRUE,"The Ecological Values Model (Figure 93) was prepared by The Nature Conservancy (TNC) using the layers for Resilient and Connected sites (Figure 94), Climate Flow (Figure 95), and areas of confirmed bi"
MN_FAP_2020,.tools.connectivity_models,"Part 1, Ch. 4: Ecological Values (description section)",1,TRUE,TRUE,"TNC produced an ecological values map by combining layers for resilient sites (sites with large number of connected microclimates and numerous physical environments that have high resilience), areas o"
MN_FAP_2020,.context.management_scale.local,"Part 2, Ch. 4: Protecting Water Resources",1,TRUE,TRUE,"These plans identify and prioritize private landholdings down to the parcel level, to encourage forest land protection and sustainable forest management, including timber harvesting."
MN_FAP_2020,.context.management_scale.site,"Part 2, Ch. 6 Success Stories: DNR Forestry story on climate adaptation forest",1,TRUE,TRUE,The test site is 23 acres of mostly ash trees that is easily accessible from Kettle Lake Road. The foresters inventoried the vegetation before harvest and designed a timber sale that would leave behin
MN_FAP_2020,.context.management_scale.watershed,"Part 1, Ch. 2: Urban and Community Forestry",1,TRUE,TRUE,Forest land planning and protection is also needed at the watershed scale to help protect community drinking water supplies.
MN_FAP_2020,.context.management_scale.city,NA,NA,NA,FALSE,
MN_FAP_2020,.context.management_scale.city,NA,NA,NA,FALSE,
MN_FAP_2020,.context.management_scale.city,NA,NA,NA,FALSE,
MN_FAP_2020,.context.management_scale.county,"Part 1, Ch. 2: Forest Conditions and Trends",1,TRUE,TRUE,"Most estimates down to a county are typically reliable, in that the error of an estimate is not larger than the estimate itself."
MN_FAP_2020,.context.management_scale.within_state_region,"Part 1, Ch. 2: Minnesota Forest Resource Council (MFRC) Landscape Level Planning",1,TRUE,TRUE,"The MFRC landscape plans cover six major forested regions of the state, including: East Central (EC); Northern (N); North Central (NC); Northeast (NC); Southeast (SE); and West Central (WC) regions."
MN_FAP_2020,.context.management_scale.state,"Part 2, Ch. 1: Introduction",1,TRUE,TRUE,The Minnesota 2020 SFAP primarily serves as a funding plan document for the state's Cooperative Forest Management (CFM) programs
MN_FAP_2020,.context.management_scale.multistate,"Part 1, Ch. 5: Multi-State Priorities",1,TRUE,TRUE,"projects related to climate change, invasive forest pests, wildfire risk mitigation, sustainable forestry, forested wildlife habitat, and forest-water relationships are cross-boundary issues that will"
MN_FAP_2020,.context.management_scale.national,"Part 1, Ch. 2: Criterion 3",0.9706,TRUE,TRUE,This trend across all forest types and disturbance groups shows an increasing frequency of disturbance.
MN_FAP_2020,.context.management_scale.transnational,Part 1/Part 2: Climate adaptation section,1,TRUE,TRUE,Suitable habitat for boreal forest species such as black and white spruce and balsam fir may migrate northeastward out of the state to eastern Canada.
MN_FAP_2020,.context.management_scale.ecosystem,"Part 1, Ch. 2: Climate Changes in Minnesota",1,TRUE,TRUE,"This is an area of concern for future climate-biome successions (R. Toot 2019) not only for Minnesota, but also for the entire Western Great Lakes Region of North America."
MN_FAP_2020,.context.management_scale.ecoregion,"Part 1, Ch. 2: Climate Changes in Minnesota",1,TRUE,TRUE,Analysis of presently and historically forested ecological subsections using the Minnesota DNR Climate Trends tool (Figure 39) identified the following observed changes since 1895
MN_FAP_2020,.context.management_scale.province,NA,NA,NA,FALSE,
MN_FAP_2020,.context.management_scale.province,NA,NA,NA,FALSE,
MN_FAP_2020,.context.management_scale.province,NA,NA,NA,FALSE,
MN_FAP_2020,.context.management_scale.section,"Part 1, Ch. 2: State Forest Resource Management Planning",1,TRUE,TRUE,"There are seven ECS sections in Minnesota, and each plan covers one section."
MN_FAP_2020,.context.management_scale.subsection,"Part 1, Ch. 2: Climate Changes in Minnesota",1,TRUE,TRUE,Analysis of presently and historically forested ecological subsections using the Minnesota DNR Climate Trends tool
MN_FAP_2020,.context.management_scale.lake,"Part 2, Forest Legacy AON: Laurentian FLA public benefits",1,TRUE,TRUE,"DNR has identified 13 coldwater habitat refuge lakes, lakes that are predicted to withstand the effects of a climate-warmed"
MN_FAP_2020,.context.management_scale.river,NA,NA,NA,FALSE,
MN_FAP_2020,.context.management_scale.river,NA,NA,NA,FALSE,
MN_FAP_2020,.context.management_scale.river,NA,NA,NA,FALSE,
MN_FAP_2020,.context.management_scale.district,NA,NA,NA,FALSE,
MN_FAP_2020,.context.management_scale.district,NA,NA,NA,FALSE,
MN_FAP_2020,.context.management_scale.district,NA,NA,NA,FALSE,
MN_FAP_2020,.context.biological_unit_score,"Part 1, Ch. 2: Climate Changes in Minnesota",1,TRUE,TRUE,"Warming temperatures and increased forest disturbances such as windstorms, flooding, drought, fire, and insect outbreaks are expected to favor the survival of more southerly tree species in the state,"
MN_FAP_2020,.context.biological_unit_score,"Part 1, Ch. 2: Climate Changes in Minnesota",1,TRUE,TRUE,"This is an area of concern for future climate-biome successions (R. Toot 2019) not only for Minnesota, but also for the entire Western Great Lakes Region of North America."
MN_FAP_2020,.context.biological_unit_components.species,"Part 1, Ch. 2: Climate Changes in Minnesota",1,TRUE,TRUE,"This has ramifications for forests and forest management, as suitable conditions for boreal forest species such as black and white spruce and balsam fir may contract, and those species migrate northea"
MN_FAP_2020,.context.biological_unit_components.population,NA,NA,NA,FALSE,
MN_FAP_2020,.context.biological_unit_components.population,NA,NA,NA,FALSE,
MN_FAP_2020,.context.biological_unit_components.population,NA,NA,NA,FALSE,
MN_FAP_2020,.context.biological_unit_components.habitat,"Part 1, Table 5: Indicator 4 / Status of Forest and Woodland Communities",1,TRUE,TRUE,The 2015 SWAP updates the previous plan by addressing vulnerability assessments for habitat and species in relation to population changes and climate change predictions for the state.
MN_FAP_2020,.context.biological_unit_components.ecosystem,"Part 1, Ch. 2: Climate Changes in Minnesota",1,TRUE,TRUE,"This is an area of concern for future climate-biome successions (R. Toot 2019) not only for Minnesota, but also for the entire Western Great Lakes Region of North America."
MN_FAP_2020,.context.biological_unit_components.community,"Part 1, Ch. 2: Climate Changes in Minnesota",1,TRUE,TRUE,"Warming temperatures and increased forest disturbances such as windstorms, flooding, drought, fire, and insect outbreaks are expected to favor the survival of more southerly tree species in the state,"
MN_FAP_2020,.context.biological_unit_components.genotype_phenotype,NA,NA,NA,FALSE,
MN_FAP_2020,.context.biological_unit_components.genotype_phenotype,NA,NA,NA,FALSE,
MN_FAP_2020,.context.biological_unit_components.genotype_phenotype,NA,NA,NA,FALSE,
MN_FAP_2020,.context.partnerships_and_funding,"Part 1, Ch. 3: Identify and Conserve High Priority Forest Ecosystems / Part 2, Ch. 3.1",1,TRUE,TRUE,"Since 2000, public and private funding sources have provided more than $92 million to protect more than 360,000 acres of forest with permanent easements and fee title through these two programs. Over "
MN_FAP_2020,.context.partnerships_and_funding,"Part 1, Ch. 2: Minnesota Forest Resource Council (MFRC) Landscape Level Planning",1,TRUE,TRUE,"By working together through the landscape planning and coordination processes, the six regional committees have helped partners secure over $30 million in federal, state and private funding."
MN_FAP_2020,.context.partnerships_and_funding,"Part 2, Ch. 3: Actively and Sustainably Manage Forests",1,TRUE,TRUE,"In 2019, the state of Minnesota and the US Forest Service developed an agreement for Shared Stewardship that supports the national vision of actively and sustainably managing forests through a landsca"
MN_FAP_2020,.context.climate_threat_habitat_degradation,"Part 1, Ch. 2: Climate Changes in Minnesota",1,TRUE,TRUE,"Warming temperatures and increased forest disturbances such as windstorms, flooding, drought, fire, and insect outbreaks are expected to favor the survival of more southerly tree species in the state,"
MN_FAP_2020,.context.climate_threat_habitat_degradation,"Part 1, Ch. 2: Total Soil Carbon",1,TRUE,TRUE,peatlands are very sensitive to climate change. Predicted warming will aid the decomposition of organic material and thus release large amounts of stored carbon into the atmosphere.
MN_FAP_2020,.context.climate_threat_species_vital_rates,"Part 1, Ch. 2: Climate Changes in Minnesota",1,TRUE,TRUE,"Milder winters and longer growing seasons favor the survivability of certain native and invasive pests that damage forests. For example, nearly half a million acres of tamarack forest have been damage"
MN_FAP_2020,.context.climate_threat_biotic_stressors,"Part 1, Ch. 2: Climate Changes in Minnesota",1,TRUE,TRUE,"Conversely, opportunities for hardwood species to migrate north may be enhanced with increased plant hardiness zones being recorded in the state. Changes in climate are already affecting the state's f"
MN_FAP_2020,.context.climate_threat_biotic_stressors,"Part 1, Ch. 2: Climate Changes in Minnesota",1,TRUE,TRUE,"This is an area of concern for future climate-biome successions (R. Toot 2019) not only for Minnesota, but also for the entire Western Great Lakes Region of North America."
MN_FAP_2020,.actions.priority_habitat_identification,"Part 1, Ch. 4: Ecological Values",0.9596,TRUE,TRUE,"The Ecological Values Model (Figure 93) was prepared by The Nature Conservancy (TNC) using the layers for Resilient and Connected sites (Figure 94), Climate Flow (Figure 95), and areas of confirmed bi"
MN_FAP_2020,.actions.priority_habitat_identification,"Part 2, Forest Legacy AON: Threat of Conversion section",1,TRUE,TRUE,"Minnesota DNR's objective is to minimize environmental stresses amplified by climate change. This includes preserving dispersal corridors linking current and future suitable habitats, retaining high q"
MN_FAP_2020,.actions.priority_habitat_identification,"Part 2, Forest Legacy AON: Laurentian FLA / Headwaters FLA public benefits",1,TRUE,TRUE,"DNR has identified 13 coldwater habitat refuge lakes, lakes that are predicted to withstand the effects of a climate-warmed"
MN_FAP_2020,.actions.targeted_range_shift_actions,"Part 2, Ch. 3.7: Manage Trees and Forests to Mitigate and Adapt to Global Climate Change",1,TRUE,TRUE,This could be accomplished by increasing the geographic size of seed collection zones for assisted migration of tree species. The state nursery could partner with universities and private industry to 
MN_FAP_2020,.actions.targeted_range_shift_actions,"Part 2, Forest Legacy AON: Threat of Conversion section",1,TRUE,TRUE,"Minnesota DNR's objective is to minimize environmental stresses amplified by climate change. This includes preserving dispersal corridors linking current and future suitable habitats, retaining high q"
MN_FAP_2020,.actions.time_bound_and_monitoring,"Part 2, Ch. 6 Success Stories: DNR Forestry story on climate adaptation forest",1,TRUE,TRUE,"DNR field staff, along with researchers from the University of Minnesota, will monitor the site to see which species do best. As the seedlings grow, researchers will continue to monitor and collect da"
MN_FAP_2020,.actions.evidence_of_efficacy,"Part 2, Ch. 6 Success Stories: DNR Forestry story on climate adaptation forest",1,TRUE,TRUE,"Research suggests that diversifying tree species may be the best way to mitigate environmental damage caused by EAB. To get ahead of the problem, a group of DNR foresters led by Wesley Habedank is try"
MN_FAP_2020,.actions.evidence_of_efficacy,"Part 2, Ch. 6 Success Stories: DNR Forestry story on climate adaptation forest",1,TRUE,TRUE,"The last four species are commonly found in southern Minnesota and may be better adapted to handle a future warmer climate. DNR field staff, along with researchers from the University of Minnesota, wi"
MN_FAP_2020,.actions.adaptation_planning_frameworks,Part 1 References; Part 2 References,0.9859,TRUE,TRUE,"Forest Adaptation Resources and Adaptation Workbook; Climate Change Tools and Approaches for Land Managers, 2nd edition. www.forestadaptation.org"
MN_FAP_2020,.actions.adaptation_planning_frameworks,"Part 1, Ch. 3: Minnesota Interagency Climate Adaptation Team",1,TRUE,TRUE,"In 2010, the DNR created the CLIMATE Team (formally CREST), which provides department-wide coordination and guidance on climate change strategies."
MN_FAP_2020,.actions.adaptation_planning_frameworks,Part 1 and Part 2 References,1,TRUE,TRUE,S. Handler et al. 2017. Climate Change Field Guide for Northern Minnesota Forests: Site-level considerations and adaptation.
MO_CCS_2022,.concepts.climate_vulnerability,Theme Five: Climate Change,0.2936,FALSE,TRUE,Understanding why species and ecosystems are vulnerable or potentially less resilient is a critical first step in developing effective conservation strategies. This vulnerability is based on sensitivi
MO_CCS_2022,.concepts.climate_vulnerability,Theme Five: Climate Change,0.3046,FALSE,TRUE,Species with low adaptive capacity such as those with specialized habitat needs or limited dispersal ability face higher vulnerability to these changes.
MO_CCS_2022,.concepts.climate_vulnerability,Theme Five: Climate Change,1,TRUE,TRUE,"These glacial relict species may be more vulnerable to a warming climate and precipitation variation, especially droughts, in concert of course with other stressors"
MO_CCS_2022,.concepts.adaptive_capacity_specificity,Theme Five: Climate Change,0.3046,FALSE,TRUE,Species with low adaptive capacity such as those with specialized habitat needs or limited dispersal ability face higher vulnerability to these changes.
MO_CCS_2022,.concepts.adaptive_capacity_specificity,Theme Five: Climate Change,1,TRUE,TRUE,"Now consider how current and projected climate changes may affect species with less mobility who must navigate potential dispersal barriers, such as insufficient or absent natural community or suitabl"
MO_CCS_2022,.concepts.adaptive_capacity_components.demography,NA,NA,NA,FALSE,
MO_CCS_2022,.concepts.adaptive_capacity_components.demography,NA,NA,NA,FALSE,
MO_CCS_2022,.concepts.adaptive_capacity_components.demography,NA,NA,NA,FALSE,
MO_CCS_2022,.concepts.adaptive_capacity_components.distribution,Theme Five: Climate Change,1,TRUE,TRUE,"continued loss of range for many species, increased extinction rates, changes in ecosystem phenology, and an overall disruption of ecosystem functions and regulating services"
MO_CCS_2022,.concepts.adaptive_capacity_components.movement,Theme Five: Climate Change,1,TRUE,TRUE,"Now consider how current and projected climate changes may affect species with less mobility who must navigate potential dispersal barriers, such as insufficient or absent natural community or suitabl"
MO_CCS_2022,.concepts.adaptive_capacity_components.evolutionary_potential,Genetic Resources (Biodiversity),1,TRUE,TRUE,"Populations of species at the edge of their range often have unique genotypes more adapted to extreme conditions, including climate. With extreme climate events projected to become increasingly more c"
MO_CCS_2022,.concepts.adaptive_capacity_components.ecological_dependencies,Theme Five: Climate Change,1,TRUE,TRUE,"As plant phenology shifts, the corresponding pollinators and other species must also adapt to this shift to stay in sync, so the system can persist. Beyond the immediate impact for the plant and assoc"
MO_CCS_2022,.concepts.adaptive_capacity_components.abiotic_niche,Theme Five: Climate Change,1,TRUE,TRUE,"Species that rely on cold or cool water, including aquatic biota such as the Ozark sculpin (Cottus hypselurus), coldwater crayfish (Faxonius eupunctus), and Ozark hellbender (Cryptobranchus alleganien"
MO_CCS_2022,.concepts.adaptive_capacity_components.life_history,NA,NA,NA,FALSE,
MO_CCS_2022,.concepts.adaptive_capacity_components.life_history,NA,NA,NA,FALSE,
MO_CCS_2022,.concepts.adaptive_capacity_components.life_history,NA,NA,NA,FALSE,
MO_CCS_2022,.concepts.connectivity,Theme Five: Climate Change / Missouri Efforts,1,TRUE,TRUE,"Missouri's approach also promotes connectivity within and among habitat systems by prioritizing those areas that are larger, more intact, nearer to other conservation landscapes, and/or where there is"
MO_CCS_2022,.concepts.connectivity,Urban Sprawl and Landscape Fragmentation,1,TRUE,TRUE,"Fragmentation can also change species behavior and cut off migration corridors for flora and fauna -such corridors are becoming increasingly important, given projected changes in climate."
MO_CCS_2022,.concepts.connectivity,Climate Regulation (Regulating Services),1,TRUE,TRUE,"Riparian areas are important migration corridors, which may become increasingly important as species adjust ranges under increased climate stress"
MO_CCS_2022,.tools.vulnerability_models,Theme Five: Climate Change,0.5923,FALSE,TRUE,The assessment evaluated the vulnerability of terrestrial ecosystems in the Central Hardwoods Region to a range of future climates.
MO_CCS_2022,.tools.vulnerability_models,Theme Five: Climate Change,1,TRUE,TRUE,"Audubon reports Missouri has 13 highly vulnerable, 27 moderate, and 29 bird species of low vulnerability to climate change, as well as 70 reported as stable"
MO_CCS_2022,.tools.niche_models,G.2 Red Oak Decline and Shortleaf Pine Restoration,1,TRUE,TRUE,"According to the USFS Climate Change Tree Atlas, while the projected future habitat suitability for many oak species is expected to remain stable or decrease, the suitability for shortleaf pine is exp"
MO_CCS_2022,.tools.niche_models,Theme Five: Climate Change,1,TRUE,TRUE,Figures 3.5.1-12 include examples from these atlases for 2 tree species and 2 bird species.
MO_CCS_2022,.tools.climate_models,Theme Five: Climate Change,0.3596,FALSE,TRUE,Climate trends projected for the next 100 years by using downscaled global climate model data indicate a potential increase in mean annual temperature of 2 to 7 °F for this region.
MO_CCS_2022,.tools.climate_models,Extreme Weather Events,1,TRUE,TRUE,Many climate models project that weather events will become more extreme -large rainfall events followed by longer periods without rain being one example.
MO_CCS_2022,.tools.connectivity_models,NA,NA,NA,FALSE,
MO_CCS_2022,.tools.connectivity_models,NA,NA,NA,FALSE,
MO_CCS_2022,.tools.connectivity_models,NA,NA,NA,FALSE,
MO_CCS_2022,.context.management_scale.local,The Designation of Priority Geographies (Emphasized COAs),0.4402,FALSE,TRUE,"Within each PG, MDC has established a dedicated interdisciplinary team... and challenged each team to employ proactive methods to deliver landscape conservation through both exemplary public land mana"
MO_CCS_2022,.context.management_scale.site,Section One: CCS Overview / Introduction,0.3373,FALSE,TRUE,"The CCS focuses on key conservation challenges and opportunities. The framework embraces landscape-scale conservation, working to maintain, enhance, restore, and re-create healthy natural systems, whi"
MO_CCS_2022,.context.management_scale.watershed,Missouri's Priority Watersheds,1,TRUE,TRUE,Missouri's watershed prioritization is based on two guiding objectives: (1) conserving aquatic health and biodiversity and (2) providing quality areas and opportunities for outdoor recreation.
MO_CCS_2022,.context.management_scale.city,NA,NA,NA,FALSE,
MO_CCS_2022,.context.management_scale.city,NA,NA,NA,FALSE,
MO_CCS_2022,.context.management_scale.city,NA,NA,NA,FALSE,
MO_CCS_2022,.context.management_scale.county,NA,NA,NA,FALSE,
MO_CCS_2022,.context.management_scale.county,NA,NA,NA,FALSE,
MO_CCS_2022,.context.management_scale.county,NA,NA,NA,FALSE,
MO_CCS_2022,.context.management_scale.within_state_region,A Focus on the Prairie Pothole Region of Manitoba,1,TRUE,TRUE,MDC focuses its Fall Flights resources on four high priority waterfowl areas located within the Prairie and Aspen Parkland ecoregions of Manitoba within the PPR.
MO_CCS_2022,.context.management_scale.state,Section One: CCS Overview / Introduction,1,TRUE,TRUE,"The Missouri Comprehensive Conservation Strategy (CCS) is the integration of Missouri's State Forest Action Plan (SFAP), State Wildlife Action Plan (SWAP), watershed priorities, public and private lan"
MO_CCS_2022,.context.management_scale.multistate,Multi-State and International Collaboration: Initiatives and Priority Areas,1,TRUE,TRUE,"Missouri is part of three joint ventures (Central Hardwoods, Lower Mississippi Valley, and Upper Mississippi River/Great Lakes) and the CCS complements the regional priorities stepped down to the stat"
MO_CCS_2022,.context.management_scale.national,Multi-State and International Collaboration: Initiatives and Priority Areas,0.9073,TRUE,TRUE,"Missouri conservation partners lead or contribute significantly to many regional, national, and international conservation initiatives and working groups."
MO_CCS_2022,.context.management_scale.transnational,Focal countries for full life-cycle conservation,1,TRUE,TRUE,"Focal countries for full life-cycle conservation of Missouri-breeding SGCNs include Belize, Guatemala, Honduras, Nicaragua, Costa Rica, Colombia, and Ecuador."
MO_CCS_2022,.context.management_scale.ecosystem,Multi-State and International Collaboration: Initiatives and Priority Areas,1,TRUE,TRUE,"Collaboration around a bold vision for connecting the lands and waters of the Southeast and the Caribbean to support healthy ecosystems, thriving fish and wildlife populations, and vibrant communities"
MO_CCS_2022,.context.management_scale.ecoregion,The Nature Conservancy Portfolio Sites,1,TRUE,TRUE,"Many portfolio areas were derived from Ecoregional Assessments, but other priorities derived using other planning methodologies are included in this global dataset."
MO_CCS_2022,.context.management_scale.province,NA,NA,NA,FALSE,
MO_CCS_2022,.context.management_scale.province,NA,NA,NA,FALSE,
MO_CCS_2022,.context.management_scale.province,NA,NA,NA,FALSE,
MO_CCS_2022,.context.management_scale.section,Missouri Natural Communities Background,0.981,TRUE,TRUE,"Missouri's ECS ties directly into multi-state and subcontinental scale units already developed by USFS (e.g., Ozark Highlands Section of the Eastern Broadleaf Forest Province). Missouri has 32 ecologi"
MO_CCS_2022,.context.management_scale.subsection,Missouri Natural Communities Background,1,TRUE,TRUE,"Missouri has 32 ecological subsections and multiple LTAs in its ECS, which are described in Nigh and Schroeder (2002)"
MO_CCS_2022,.context.management_scale.lake,NA,NA,NA,FALSE,
MO_CCS_2022,.context.management_scale.lake,NA,NA,NA,FALSE,
MO_CCS_2022,.context.management_scale.lake,NA,NA,NA,FALSE,
MO_CCS_2022,.context.management_scale.river,Multi-State and International Collaboration: Initiatives and Priority Areas,1,TRUE,TRUE,"Missouri is geographically situated at the intersection of significant landforms, where the vast plains meet the rugged Ozarks, and encompasses the confluence and significant floodplains of two contin"
MO_CCS_2022,.context.management_scale.district,NA,NA,NA,FALSE,
MO_CCS_2022,.context.management_scale.district,NA,NA,NA,FALSE,
MO_CCS_2022,.context.management_scale.district,NA,NA,NA,FALSE,
MO_CCS_2022,.context.biological_unit_score,Theme Five: Climate Change,1,TRUE,TRUE,"continued loss of range for many species, increased extinction rates, changes in ecosystem phenology, and an overall disruption of ecosystem functions and regulating services"
MO_CCS_2022,.context.biological_unit_score,Theme Five: Climate Change / Missouri Efforts,1,TRUE,TRUE,Improving connectivity will facilitate potential range adjustments that may occur in many species adapting to climate change.
MO_CCS_2022,.context.biological_unit_components.species,Theme Five: Climate Change,1,TRUE,TRUE,"continued loss of range for many species, increased extinction rates, changes in ecosystem phenology, and an overall disruption of ecosystem functions"
MO_CCS_2022,.context.biological_unit_components.population,Theme Five: Climate Change,1,TRUE,TRUE,"There is significant concern for species with low mobility and dispersal capacity. For example, Missouri has a number of 'glacial relict' species, more common to the north and east of the state, that "
MO_CCS_2022,.context.biological_unit_components.habitat,Theme Five: Climate Change / Missouri Efforts,1,TRUE,TRUE,Improving connectivity will facilitate potential range adjustments that may occur in many species adapting to climate change.
MO_CCS_2022,.context.biological_unit_components.ecosystem,Theme Five: Climate Change,1,TRUE,TRUE,"an increase in biome transformations, continued loss of range for many species, increased extinction rates, changes in ecosystem phenology, and an overall disruption of ecosystem functions and regulat"
MO_CCS_2022,.context.biological_unit_components.community,Theme Five: Climate Change,1,TRUE,TRUE,"a rapidly changing climate could lead to population declines, local extinctions, and a reshuffling of bird communities causing unpredictable interactions."
MO_CCS_2022,.context.biological_unit_components.genotype_phenotype,Genetic Resources (Biodiversity),1,TRUE,TRUE,"Populations of species at the edge of their range often have unique genotypes more adapted to extreme conditions, including climate. With extreme climate events projected to become increasingly more c"
MO_CCS_2022,.context.partnerships_and_funding,Conserving Critical Waterfowl Habitat in the Prairie Pothole Region,0.7782,FALSE,TRUE,AFWA approved a goal for states to collectively contribute up to $10 million per year to the NAWMP projects on the breeding grounds in Canada through the Fall Flights Program... each state's contribut
MO_CCS_2022,.context.partnerships_and_funding,Neotropical Migrant Bird Conservation Partnerships,1,TRUE,TRUE,"Since that time, over 30 states have contributed $2.9 million to a variety of conservation efforts on stopover sites and wintering grounds in Mexico, Central America, South America, and the Caribbean."
MO_CCS_2022,.context.partnerships_and_funding,Theme Five: Climate Change / Missouri Efforts,1,TRUE,TRUE,"NIACS has worked with a variety of Missouri conservation partners, including the Middle Blue River Watershed in Kansas City, the City of Columbia, L-A-D Foundation's Pioneer Forest, the Ozark National"
MO_CCS_2022,.context.climate_threat_habitat_degradation,Missouri Natural Systems Modifications,1,TRUE,TRUE,"the growing season in Missouri has increased by an average of one week in both the spring and fall and the past decade has been marked by increased precipitation, especially extreme rain events. These"
MO_CCS_2022,.context.climate_threat_habitat_degradation,Wetlands: Threats and Challenges / System Alterations,1,TRUE,TRUE,Changing climate patterns including extreme rain events are also altering hydrologic cycles.
MO_CCS_2022,.context.climate_threat_species_vital_rates,Theme Five: Climate Change,0.6585,FALSE,TRUE,"Amphibians in general as a group are vulnerable to the impacts of climate change as an additional stressor. Likewise, cave fauna, including cave-dwelling bats, are vulnerable to changes in cave therma"
MO_CCS_2022,.context.climate_threat_species_vital_rates,Theme Five: Climate Change,1,TRUE,TRUE,"Species that rely on cold or cool water, including aquatic biota such as the Ozark sculpin (Cottus hypselurus), coldwater crayfish (Faxonius eupunctus), and Ozark hellbender (Cryptobranchus alleganien"
MO_CCS_2022,.context.climate_threat_biotic_stressors,Theme Five: Climate Change,0.3764,FALSE,TRUE,Changes in climate will also create additional management challenges as conditions become more favorable for invasive plant species not currently prevalent in the assessment area.
MO_CCS_2022,.context.climate_threat_biotic_stressors,Theme Five: Climate Change,1,TRUE,TRUE,"Missouri is experiencing an extended growing season resulting in earlier springs and later falls, which has begun to shift the timing of phenological events (e.g., flowering and migration). Numerous n"
MO_CCS_2022,.actions.priority_habitat_identification,The Identification of Missouri's Conservation Opportunity Areas,1,TRUE,TRUE,"The 2020 COAs represent the greatest opportunity for regenerative conservation of the state's native flora and fauna and the natural communities they are a part of, including forests and woodlands; sa"
MO_CCS_2022,.actions.priority_habitat_identification,Theme Five: Climate Change / Missouri Efforts,0.65,FALSE,TRUE,"Missouri's approach also promotes connectivity within and among habitat systems by prioritizing those areas that are larger, more intact, nearer to other conservation landscapes... Improving connectiv"
MO_CCS_2022,.actions.targeted_range_shift_actions,Theme Five: Climate Change / Missouri Efforts,1,TRUE,TRUE,Improving connectivity will facilitate potential range adjustments that may occur in many species adapting to climate change.
MO_CCS_2022,.actions.targeted_range_shift_actions,Climate Regulation (Regulating Services),1,TRUE,TRUE,"Riparian areas are important migration corridors, which may become increasingly important as species adjust ranges under increased climate stress"
MO_CCS_2022,.actions.time_bound_and_monitoring,Timeframe and Revision,0.722,FALSE,TRUE,The CCS will be reviewed on a five-year rotation starting in 2025. Each review and subsequent revision will include any changes or shifts in Missouri's conservation priorities. The first comprehensive
MO_CCS_2022,.actions.time_bound_and_monitoring,Theme Five: Climate Change / Missouri Efforts,1,TRUE,TRUE,Monitoring will be necessary to detect changes in communities as a result of management actions or the impacts of threats and stressors and will enable conservation partners to respond to emerging thr
MO_CCS_2022,.actions.evidence_of_efficacy,Theme Five: Climate Change / Missouri Efforts,1,TRUE,TRUE,"Results from these partnerships and tools provide evidence that Missouri's natural community-based approach, focused on landscape-level health and resiliency, is an important component in a larger app"
MO_CCS_2022,.actions.evidence_of_efficacy,G.2 Red Oak Decline and Shortleaf Pine Restoration,1,TRUE,TRUE,"According to the USFS Climate Change Tree Atlas, while the projected future habitat suitability for many oak species is expected to remain stable or decrease, the suitability for shortleaf pine is exp"
MO_CCS_2022,.actions.adaptation_planning_frameworks,Theme Five: Climate Change / Missouri Efforts,1,TRUE,TRUE,Missouri has been an important partner in these efforts and has helped adapt planning approaches to incorporate climate change impacts.
MO_CCS_2022,.actions.adaptation_planning_frameworks,Theme Five: Climate Change / Missouri Efforts,0.3237,FALSE,TRUE,"the new paradigm to conservation, one that emphasizes coordination among partners across large scales, increasing connectivity and resiliency."
MT_FAP_2020,.concepts.climate_vulnerability,Climate Change Impacts / Forest Stand Conditions,0.9838,TRUE,TRUE,"The speed and magnitude of climate change may mean that increased forest mortality and contractions in forest distribution will outpace any gains in forest growth and productivity over the long run, l"
MT_FAP_2020,.concepts.climate_vulnerability,Aquatic Ecology / Climate Change,0.2914,FALSE,TRUE,Species with low adaptive capacity such as those with specialized habitat needs or limited dispersal ability face higher vulnerability to these changes.
MT_FAP_2020,.concepts.adaptive_capacity_specificity,Aquatic Ecology / Climate Change,0.2914,FALSE,TRUE,Species with low adaptive capacity such as those with specialized habitat needs or limited dispersal ability face higher vulnerability to these changes.
MT_FAP_2020,.concepts.adaptive_capacity_specificity,Montana's Statewide section,1,TRUE,TRUE,Managers are seeking to better understand climate change and build adaptive capacity into their management practices.
MT_FAP_2020,.concepts.adaptive_capacity_components.demography,NA,NA,NA,FALSE,
MT_FAP_2020,.concepts.adaptive_capacity_components.demography,NA,NA,NA,FALSE,
MT_FAP_2020,.concepts.adaptive_capacity_components.demography,NA,NA,NA,FALSE,
MT_FAP_2020,.concepts.adaptive_capacity_components.distribution,MT_FAP-S_2020 / Forest Health section,1,TRUE,TRUE,"Some tree species will expand their geographic ranges while others will contract, and some models predict an overall loss of forested landscapes throughout the state (Keane et al., 2018; Whitlock et a"
MT_FAP_2020,.concepts.adaptive_capacity_components.movement,Biodiversity & Habitat Conservation / Climate Change,1,TRUE,TRUE,"In addition to earlier recognition of the importance of wildlife habitat connectivity, shifts in climate may also require species to move within and between intact landscapes (Carroll et al., 2018)."
MT_FAP_2020,.concepts.adaptive_capacity_components.evolutionary_potential,NA,NA,NA,FALSE,
MT_FAP_2020,.concepts.adaptive_capacity_components.evolutionary_potential,NA,NA,NA,FALSE,
MT_FAP_2020,.concepts.adaptive_capacity_components.evolutionary_potential,NA,NA,NA,FALSE,
MT_FAP_2020,.concepts.adaptive_capacity_components.ecological_dependencies,Aquatic Ecology / Climate Change & Species Displacement,1,TRUE,TRUE,"Warmer waters favor introduced salmonid species that directly compete with bull trout for resources and can also hybridize with them, potentially breeding them out of existence."
MT_FAP_2020,.concepts.adaptive_capacity_components.abiotic_niche,Aquatic Ecology / Climate Change & Species Displacement,1,TRUE,TRUE,"Bull trout, an endangered native fish species, require cold-water streams to thrive. The increase in water temperatures due to climate change have caused bull trout to shift their distribution upstrea"
MT_FAP_2020,.concepts.adaptive_capacity_components.life_history,NA,NA,NA,FALSE,
MT_FAP_2020,.concepts.adaptive_capacity_components.life_history,NA,NA,NA,FALSE,
MT_FAP_2020,.concepts.adaptive_capacity_components.life_history,NA,NA,NA,FALSE,
MT_FAP_2020,.concepts.connectivity,MT_FAP-RA_2020 / Public Involvement section,1,TRUE,TRUE,"Connectivity habitats are recognized in the Assessment of Need and National Core Criteria as priorities for the program, which would help assure the ability of plants and animals to shift their range "
MT_FAP_2020,.concepts.connectivity,Biodiversity & Habitat Conservation / Climate Change,1,TRUE,TRUE,"In addition to earlier recognition of the importance of wildlife habitat connectivity, shifts in climate may also require species to move within and between intact landscapes (Carroll et al., 2018)."
MT_FAP_2020,.tools.vulnerability_models,NA,NA,NA,FALSE,
MT_FAP_2020,.tools.vulnerability_models,NA,NA,NA,FALSE,
MT_FAP_2020,.tools.vulnerability_models,NA,NA,NA,FALSE,
MT_FAP_2020,.tools.niche_models,NA,NA,NA,FALSE,
MT_FAP_2020,.tools.niche_models,NA,NA,NA,FALSE,
MT_FAP_2020,.tools.niche_models,NA,NA,NA,FALSE,
MT_FAP_2020,.tools.climate_models,Montana's Statewide / Climate Change section,1,TRUE,TRUE,"Temperatures across the state are projected to increase by 4.5-6 °F by 2050 and by 5.6-9.8 °F by 2100, which is higher than projected for much of the country."
MT_FAP_2020,.tools.connectivity_models,Priority Area Identification and Methodology,0.5216,FALSE,TRUE,"A Geographic Information System (GIS) is a technological system for gathering, managing, and analyzing spatial data... This data-derived GIS methodology was used to identify the landscape-scale areas "
MT_FAP_2020,.tools.connectivity_models,Biodiversity & Habitat Conservation / Existing Strategies,1,TRUE,TRUE,"The Crucial Areas Planning System was developed to provide useful and nonregulatory information during the early planning stages of development projects, conservation opportunities, and environmental "
MT_FAP_2020,.context.management_scale.local,Forest Collaboration & Collaborative Capacity,1,TRUE,TRUE,"Specifically, the seventh principle states: Community involvement and support enhances the ability to achieve restoration on the ground. Successful restoration seems to occur when there is a consensus"
MT_FAP_2020,.context.management_scale.site,NA,NA,NA,FALSE,
MT_FAP_2020,.context.management_scale.site,NA,NA,NA,FALSE,
MT_FAP_2020,.context.management_scale.site,NA,NA,NA,FALSE,
MT_FAP_2020,.context.management_scale.watershed,Priority Area Identification and Methodology / Raster Generalization,1,TRUE,TRUE,Priority Area polygons were intersected with watersheds (HUC-10) and major transportation corridors to create discrete localized areas of elevated fire risk and degraded forest health across the state
MT_FAP_2020,.context.management_scale.city,NA,NA,NA,FALSE,
MT_FAP_2020,.context.management_scale.city,NA,NA,NA,FALSE,
MT_FAP_2020,.context.management_scale.city,NA,NA,NA,FALSE,
MT_FAP_2020,.context.management_scale.county,MT_FAP-S_2020 / County Co-op Program,1,TRUE,TRUE,"By formally partnering with all 56 Counties in Montana, DNRC ensures wildland fire protection on over 45 million acres of state and private land through an arrangement known as the State-County Co-op "
MT_FAP_2020,.context.management_scale.within_state_region,MT_FAP-S_2020 / Priority Areas for Focused Attention,1,TRUE,TRUE,"MFAAC divided the state into seven distinct forest regions based on the unique vegetation community, localized climate conditions, and topography (Arno, 1979). The model was normalized within each for"
MT_FAP_2020,.context.management_scale.state,Statewide Assessment of Forest Conditions,1,TRUE,TRUE,The purpose of the Statewide Assessment of Forest Conditions is to identify conditions and trends concerning state forest resources and highlight threats to forest lands and resources consistent with 
MT_FAP_2020,.context.management_scale.multistate,Multi-State Priority Areas,1,TRUE,TRUE,"Montana shares borders with four states and three Canadian provinces, providing multiple opportunities to develop relationships and solve problems collaboratively across the region at a larger scale."
MT_FAP_2020,.context.management_scale.national,Wildfire Risk / Wildfire Protection Roles,1,TRUE,TRUE,"Montana, in keeping with other states and geographic areas, follows the vision and goals from the National Cohesive Wildland Fire Management Strategy."
MT_FAP_2020,.context.management_scale.transnational,Multi-State Priority Areas,1,TRUE,TRUE,"Crown Managers Partnership -The Crown Managers Partnership is a multi-jurisdictional partnership amongst federal, state, provincial, tribal, and First Nation agency managers and universities in Montan"
MT_FAP_2020,.context.management_scale.ecosystem,MT_FAP-RA_2020 / Northwest Montana Forest Legacy Area,0.9586,TRUE,TRUE,"The Crown of the Continent, an 81 million-acre ecosystem bridging the United States and Canada, including Glacier and Waterton Lakes National Parks."
MT_FAP_2020,.context.management_scale.ecoregion,NA,NA,NA,FALSE,
MT_FAP_2020,.context.management_scale.ecoregion,NA,NA,NA,FALSE,
MT_FAP_2020,.context.management_scale.ecoregion,NA,NA,NA,FALSE,
MT_FAP_2020,.context.management_scale.province,NA,NA,NA,FALSE,
MT_FAP_2020,.context.management_scale.province,NA,NA,NA,FALSE,
MT_FAP_2020,.context.management_scale.province,NA,NA,NA,FALSE,
MT_FAP_2020,.context.management_scale.section,NA,NA,NA,FALSE,
MT_FAP_2020,.context.management_scale.section,NA,NA,NA,FALSE,
MT_FAP_2020,.context.management_scale.section,NA,NA,NA,FALSE,
MT_FAP_2020,.context.management_scale.subsection,NA,NA,NA,FALSE,
MT_FAP_2020,.context.management_scale.subsection,NA,NA,NA,FALSE,
MT_FAP_2020,.context.management_scale.subsection,NA,NA,NA,FALSE,
MT_FAP_2020,.context.management_scale.lake,NA,NA,NA,FALSE,
MT_FAP_2020,.context.management_scale.lake,NA,NA,NA,FALSE,
MT_FAP_2020,.context.management_scale.lake,NA,NA,NA,FALSE,
MT_FAP_2020,.context.management_scale.river,Aquatic Ecology / Aquatic Ecological Systems,1,TRUE,TRUE,"The state Water Management Bureau has organized surface and groundwater management based on regional watershed basins, consisting of four major river basins: Clark Fork/Kootenai River Basins, Lower Mi"
MT_FAP_2020,.context.management_scale.district,NA,NA,NA,FALSE,
MT_FAP_2020,.context.management_scale.district,NA,NA,NA,FALSE,
MT_FAP_2020,.context.management_scale.district,NA,NA,NA,FALSE,
MT_FAP_2020,.context.biological_unit_score,Aquatic Ecology / Climate Change & Species Displacement,1,TRUE,TRUE,"Bull trout, an endangered native fish species, require cold-water streams to thrive. The increase in water temperatures due to climate change have caused bull trout to shift their distribution upstrea"
MT_FAP_2020,.context.biological_unit_score,MT_FAP-S_2020 / Forest Health,1,TRUE,TRUE,"Some tree species will expand their geographic ranges while others will contract, and some models predict an overall loss of forested landscapes throughout the state"
MT_FAP_2020,.context.biological_unit_components.species,Aquatic Ecology / Climate Change & Species Displacement,1,TRUE,TRUE,"Bull trout, an endangered native fish species, require cold-water streams to thrive. The increase in water temperatures due to climate change have caused bull trout to shift their distribution upstrea"
MT_FAP_2020,.context.biological_unit_components.population,NA,NA,NA,FALSE,
MT_FAP_2020,.context.biological_unit_components.population,NA,NA,NA,FALSE,
MT_FAP_2020,.context.biological_unit_components.population,NA,NA,NA,FALSE,
MT_FAP_2020,.context.biological_unit_components.habitat,Biodiversity & Habitat Conservation / Climate Change,1,TRUE,TRUE,"Over time, areas of biodiversity and resilience may offer priorities for conservation and managing as refugia, particularly for climate-sensitive species (Keppel & Wardell-Johnson, 2012)."
MT_FAP_2020,.context.biological_unit_components.ecosystem,Aquatic Ecology / Climate Change,1,TRUE,TRUE,"The effects of climate change on fresh waters have already been seen, with decreased ice cover duration on lakes and rivers, warming temperatures shifting the species composition of fish assemblages, "
MT_FAP_2020,.context.biological_unit_components.community,Aquatic Ecology / Climate Change,1,TRUE,TRUE,"warming temperatures shifting the species composition of fish assemblages, and the subsequent altered trophic dynamics of aquatic species (Buisson et al., 2008)."
MT_FAP_2020,.context.biological_unit_components.genotype_phenotype,NA,NA,NA,FALSE,
MT_FAP_2020,.context.biological_unit_components.genotype_phenotype,NA,NA,NA,FALSE,
MT_FAP_2020,.context.biological_unit_components.genotype_phenotype,NA,NA,NA,FALSE,
MT_FAP_2020,.context.partnerships_and_funding,Multi-State Priority Areas,1,TRUE,TRUE,"Crown Managers Partnership -The Crown Managers Partnership is a multi-jurisdictional partnership amongst federal, state, provincial, tribal, and First Nation agency managers and universities in Montan"
MT_FAP_2020,.context.partnerships_and_funding,MT_FAP-RA / Agencies and Organizations,0.9236,TRUE,TRUE,FWP has more recently worked with a partnership of agencies and organizations to identify and initiate conservation and restoration of important habitat linkages that allow uninhibited movements of un
MT_FAP_2020,.context.partnerships_and_funding,Forest Collaboration & Collaborative Capacity,1,TRUE,TRUE,The state of Montana continues to invest funding for collaborative capacity through its Forests in Focus Initiative and through legislative appropriation.
MT_FAP_2020,.context.climate_threat_habitat_degradation,Aquatic Ecology section,1,TRUE,TRUE,"The anticipated changes in Montana's climatic conditions will alter air temperature, precipitation, and snowpack in ways that will shift hydrologic regimes of river and stream networks, shrink or elim"
MT_FAP_2020,.context.climate_threat_species_vital_rates,Aquatic Ecology / Climate Change & Species Displacement,1,TRUE,TRUE,"Bull trout, an endangered native fish species, require cold-water streams to thrive. The increase in water temperatures due to climate change have caused bull trout to shift their distribution upstrea"
MT_FAP_2020,.context.climate_threat_biotic_stressors,MT_FAP-S_2020 / Forest Health section,1,TRUE,TRUE,"Climate change will also continue to exacerbate the spread of invasive species, threatening increased loss of habitat and ecosystem services."
MT_FAP_2020,.actions.priority_habitat_identification,Priority Areas for Focused Attention,1,TRUE,TRUE,Priority Areas for Focused Attention are displayed via an interactive web map that can be found at https://www.montanaforestactionplan.org/pages/data.
MT_FAP_2020,.actions.priority_habitat_identification,Biodiversity & Habitat Conservation / Climate Change,1,TRUE,TRUE,"Over time, areas of biodiversity and resilience may offer priorities for conservation and managing as refugia, particularly for climate-sensitive species (Keppel & Wardell-Johnson, 2012)."
MT_FAP_2020,.actions.targeted_range_shift_actions,MT_FAP-RA_2020 / Public Involvement section,1,TRUE,TRUE,"Connectivity habitats are recognized in the Assessment of Need and National Core Criteria as priorities for the program, which would help assure the ability of plants and animals to shift their range "
MT_FAP_2020,.actions.time_bound_and_monitoring,MT_FAP-S_2020 / Sustaining Cross-Boundary Work / Recommended Goals,1,TRUE,TRUE,"Identify and release performance targets by Summer 2021, and track them through the Montana Forest Action Plan."
MT_FAP_2020,.actions.evidence_of_efficacy,Insects and Diseases / Opportunities,1,TRUE,TRUE,"Prescribed fire is a proven means of reducing fuels and realigning disturbance regimes, and is also an effective means of managing insects and diseases."
MT_FAP_2020,.actions.adaptation_planning_frameworks,MT_FAP-S_2020 / Wildfire Risk Goals,1,TRUE,TRUE,Develop strategies to integrate climate adaptation with disaster mitigation plans and wildfire planning efforts to support resilience planning and facilitate implementation.
MT_FAP_2020,.actions.adaptation_planning_frameworks,MT_FAP-S_2020 / Sustaining Cross-Boundary Work Goals,1,TRUE,TRUE,"Develop, implement, and fund an adaptive management strategy for the Montana Forest Action Plan."
NC_FAP_2020,.concepts.climate_vulnerability,NOTABLE RESOURCES NEEDED (Goal 2 intro),1,TRUE,TRUE,"Climate change and major weather events will directly impact forest resources, creating challenges to traditional forest management strategies and potentially compounding other forest threats."
NC_FAP_2020,.concepts.climate_vulnerability,Economic and Financial Impacts to Forestry (Climate and Weather / CURRENT CONDITIONS AND TRENDS),1,TRUE,TRUE,"Increased levels of disturbance risk, resulting from climate change, worsen the profitability of forestry regardless of the forest productivity scenario."
NC_FAP_2020,.concepts.adaptive_capacity_specificity,Forest Impacts (Climate and Weather / NOTABLE THREATS),1,TRUE,TRUE,"Longleaf pine and its associated plant community's tolerance to fire, ability to grow in wet and dry weather condition, ability to withstand strong winds, and resistance to beetle infestation make it "
NC_FAP_2020,.concepts.adaptive_capacity_components.demography,NA,NA,NA,FALSE,
NC_FAP_2020,.concepts.adaptive_capacity_components.demography,NA,NA,NA,FALSE,
NC_FAP_2020,.concepts.adaptive_capacity_components.demography,NA,NA,NA,FALSE,
NC_FAP_2020,.concepts.adaptive_capacity_components.distribution,Forest Impacts (Climate and Weather / NOTABLE THREATS),1,TRUE,TRUE,"Northward and westward migration of other tree and plant species, as well as insects and pathogens due to rising temperatures, will have varying effects on forest productivity and health."
NC_FAP_2020,.concepts.adaptive_capacity_components.movement,Forest Impacts (Climate and Weather / NOTABLE THREATS),1,TRUE,TRUE,"Rising temperatures will allow top-performing southern-origin loblolly pine families to be moved further north, thereby increasing pine plantation productivity."
NC_FAP_2020,.concepts.adaptive_capacity_components.evolutionary_potential,NA,NA,NA,FALSE,
NC_FAP_2020,.concepts.adaptive_capacity_components.evolutionary_potential,NA,NA,NA,FALSE,
NC_FAP_2020,.concepts.adaptive_capacity_components.evolutionary_potential,NA,NA,NA,FALSE,
NC_FAP_2020,.concepts.adaptive_capacity_components.ecological_dependencies,NA,NA,NA,FALSE,
NC_FAP_2020,.concepts.adaptive_capacity_components.ecological_dependencies,NA,NA,NA,FALSE,
NC_FAP_2020,.concepts.adaptive_capacity_components.ecological_dependencies,NA,NA,NA,FALSE,
NC_FAP_2020,.concepts.adaptive_capacity_components.abiotic_niche,Forest Impacts (Climate and Weather / NOTABLE THREATS),1,TRUE,TRUE,"Longleaf pine and its associated plant community's tolerance to fire, ability to grow in wet and dry weather condition, ability to withstand strong winds, and resistance to beetle infestation make it "
NC_FAP_2020,.concepts.adaptive_capacity_components.life_history,NA,NA,NA,FALSE,
NC_FAP_2020,.concepts.adaptive_capacity_components.life_history,NA,NA,NA,FALSE,
NC_FAP_2020,.concepts.adaptive_capacity_components.life_history,NA,NA,NA,FALSE,
NC_FAP_2020,.concepts.connectivity,"CURRENT CONDITIONS AND TRENDS (Goal 1, habitat/species section)",1,TRUE,TRUE,"Several organizations and agencies have focused their efforts on forest habitat protection and restoration, prioritizing forest connectivity, rare and sensitive ecosystems, working forests, and promot"
NC_FAP_2020,.concepts.connectivity,Goals and Objectives of FLA for Public Benefit (Sandhills/Uwharries section),1,TRUE,TRUE,Maintain and establish corridors connecting large managed wildlife areas.
NC_FAP_2020,.tools.vulnerability_models,NA,NA,NA,FALSE,
NC_FAP_2020,.tools.vulnerability_models,NA,NA,NA,FALSE,
NC_FAP_2020,.tools.vulnerability_models,NA,NA,NA,FALSE,
NC_FAP_2020,.tools.niche_models,NA,NA,NA,FALSE,
NC_FAP_2020,.tools.niche_models,NA,NA,NA,FALSE,
NC_FAP_2020,.tools.niche_models,NA,NA,NA,FALSE,
NC_FAP_2020,.tools.climate_models,Climate and Weather / NOTABLE THREATS,1,TRUE,TRUE,"""By the end of this century, annual average temperature increases relative to the recent climate (1996-2015) for North Carolina are projected to be on the order of 6°-10°F under a higher scenario … an"
NC_FAP_2020,.tools.climate_models,Figure 2.3.2. North Carolina Sea-Level Rise Vulnerability Map,1,TRUE,TRUE,It is estimated that by the year 2100 global average sea level will increase anywhere from 1.3 to 2.4 feet depending on greenhouse gas emissions.
NC_FAP_2020,.tools.connectivity_models,NA,NA,NA,FALSE,
NC_FAP_2020,.tools.connectivity_models,NA,NA,NA,FALSE,
NC_FAP_2020,.tools.connectivity_models,NA,NA,NA,FALSE,
NC_FAP_2020,.context.management_scale.local,Executive Summary,1,TRUE,TRUE,"These strategies involve actions at various levels (ex. State, county, individual woodland owners) but all are aimed at making North Carolina's rural and urban forest resources healthier, more resilie"
NC_FAP_2020,.context.management_scale.site,NA,NA,NA,FALSE,
NC_FAP_2020,.context.management_scale.site,NA,NA,NA,FALSE,
NC_FAP_2020,.context.management_scale.site,NA,NA,NA,FALSE,
NC_FAP_2020,.context.management_scale.watershed,Strategies (Goal 4 strategy table),1,TRUE,TRUE,4.1.6-Retain and/or expand forestland cover in priority watersheds.
NC_FAP_2020,.context.management_scale.city,NA,NA,NA,FALSE,
NC_FAP_2020,.context.management_scale.city,NA,NA,NA,FALSE,
NC_FAP_2020,.context.management_scale.city,NA,NA,NA,FALSE,
NC_FAP_2020,.context.management_scale.county,Executive Summary,1,TRUE,TRUE,"These strategies involve actions at various levels (ex. State, county, individual woodland owners) but all are aimed at making North Carolina's rural and urban forest resources healthier, more resilie"
NC_FAP_2020,.context.management_scale.within_state_region,Status of North Carolina's Timberlands,1,TRUE,TRUE,"In terms of region, the Piedmont region has more than 5 million acres of timberland, followed by the Southern Coastal Plain with 4.4 million acres, the Northern Coastal Plain with 3.2 million acres, a"
NC_FAP_2020,.context.management_scale.state,Executive Summary,1,TRUE,TRUE,"The 2020 North Carolina Forest Action Plan represents a clear path for protecting, conserving and enhancing North Carolina's forest resources and the many benefits we enjoy from them."
NC_FAP_2020,.context.management_scale.multistate,Collaboration on Regional and Multistate Priorities,1,TRUE,TRUE,This plan addresses many forestry issues that overlap landowner and county boundaries. Some of these same forestry issues also extend beyond regional areas and even state boundaries.
NC_FAP_2020,.context.management_scale.national,NA,NA,NA,FALSE,
NC_FAP_2020,.context.management_scale.national,NA,NA,NA,FALSE,
NC_FAP_2020,.context.management_scale.national,NA,NA,NA,FALSE,
NC_FAP_2020,.context.management_scale.transnational,NA,NA,NA,FALSE,
NC_FAP_2020,.context.management_scale.transnational,NA,NA,NA,FALSE,
NC_FAP_2020,.context.management_scale.transnational,NA,NA,NA,FALSE,
NC_FAP_2020,.context.management_scale.ecosystem,Objectives (Goal 1),1,TRUE,TRUE,1.2-Conserve high-priority forest ecosystems and landscapes.
NC_FAP_2020,.context.management_scale.ecoregion,Oak Woodlands,1,TRUE,TRUE,"Through ecozone mapping, the Southern Blue Ridge Fire Learning Network (SBRFLN) has identified oak-pine, shortleaf-oak, dry-mesic oak, dry oak, high elevation red oak, and mesic oak forests as ecosyst"
NC_FAP_2020,.context.management_scale.province,NA,NA,NA,FALSE,
NC_FAP_2020,.context.management_scale.province,NA,NA,NA,FALSE,
NC_FAP_2020,.context.management_scale.province,NA,NA,NA,FALSE,
NC_FAP_2020,.context.management_scale.section,NA,NA,NA,FALSE,
NC_FAP_2020,.context.management_scale.section,NA,NA,NA,FALSE,
NC_FAP_2020,.context.management_scale.section,NA,NA,NA,FALSE,
NC_FAP_2020,.context.management_scale.subsection,NA,NA,NA,FALSE,
NC_FAP_2020,.context.management_scale.subsection,NA,NA,NA,FALSE,
NC_FAP_2020,.context.management_scale.subsection,NA,NA,NA,FALSE,
NC_FAP_2020,.context.management_scale.lake,NA,NA,NA,FALSE,
NC_FAP_2020,.context.management_scale.lake,NA,NA,NA,FALSE,
NC_FAP_2020,.context.management_scale.lake,NA,NA,NA,FALSE,
NC_FAP_2020,.context.management_scale.river,NA,NA,NA,FALSE,
NC_FAP_2020,.context.management_scale.river,NA,NA,NA,FALSE,
NC_FAP_2020,.context.management_scale.river,NA,NA,NA,FALSE,
NC_FAP_2020,.context.management_scale.district,NA,NA,NA,FALSE,
NC_FAP_2020,.context.management_scale.district,NA,NA,NA,FALSE,
NC_FAP_2020,.context.management_scale.district,NA,NA,NA,FALSE,
NC_FAP_2020,.context.biological_unit_score,Forest Impacts (Climate and Weather / NOTABLE THREATS),1,TRUE,TRUE,"Northward and westward migration of other tree and plant species, as well as insects and pathogens due to rising temperatures, will have varying effects on forest productivity and health."
NC_FAP_2020,.context.biological_unit_score,Forest Impacts (Climate and Weather / NOTABLE THREATS),1,TRUE,TRUE,We will see a continued loss of forests along the coastal fringe as saltwater intrusion expands its reach inland. New management options will be needed for landowners in these areas.
NC_FAP_2020,.context.biological_unit_components.species,Forest Impacts (Climate and Weather / NOTABLE THREATS),1,TRUE,TRUE,"Northward and westward migration of other tree and plant species, as well as insects and pathogens due to rising temperatures, will have varying effects on forest productivity and health."
NC_FAP_2020,.context.biological_unit_components.population,NA,NA,NA,FALSE,
NC_FAP_2020,.context.biological_unit_components.population,NA,NA,NA,FALSE,
NC_FAP_2020,.context.biological_unit_components.population,NA,NA,NA,FALSE,
NC_FAP_2020,.context.biological_unit_components.habitat,Forest Impacts (Climate and Weather / NOTABLE THREATS),1,TRUE,TRUE,We will see a continued loss of forests along the coastal fringe as saltwater intrusion expands its reach inland. New management options will be needed for landowners in these areas. A renewed emphasi
NC_FAP_2020,.context.biological_unit_components.ecosystem,NA,NA,NA,FALSE,
NC_FAP_2020,.context.biological_unit_components.ecosystem,NA,NA,NA,FALSE,
NC_FAP_2020,.context.biological_unit_components.ecosystem,NA,NA,NA,FALSE,
NC_FAP_2020,.context.biological_unit_components.community,NA,NA,NA,FALSE,
NC_FAP_2020,.context.biological_unit_components.community,NA,NA,NA,FALSE,
NC_FAP_2020,.context.biological_unit_components.community,NA,NA,NA,FALSE,
NC_FAP_2020,.context.biological_unit_components.genotype_phenotype,NA,NA,NA,FALSE,
NC_FAP_2020,.context.biological_unit_components.genotype_phenotype,NA,NA,NA,FALSE,
NC_FAP_2020,.context.biological_unit_components.genotype_phenotype,NA,NA,NA,FALSE,
NC_FAP_2020,.context.partnerships_and_funding,Collaboration on Regional and Multistate Priorities,0.8638,TRUE,TRUE,"USFS Landscape-Scale Restoration (LSR) grants, critical to longleaf management training for natural resource professionals and landowners, which is one of the fundamental reasons the species is beginn"
NC_FAP_2020,.context.partnerships_and_funding,Collaboration on Regional and Multistate Priorities,0.8165,FALSE,TRUE,"National Fish and Wildlife Foundation (NFWF) grants, including the funding for trainings, dedicated to the effective management of forest habitats critical to threatened and endangered species as well"
NC_FAP_2020,.context.climate_threat_habitat_degradation,Forest Impacts (Climate and Weather / NOTABLE THREATS),1,TRUE,TRUE,We will see a continued loss of forests along the coastal fringe as saltwater intrusion expands its reach inland. New management options will be needed for landowners in these areas.
NC_FAP_2020,.context.climate_threat_habitat_degradation,Forest Impacts (Climate and Weather / CURRENT CONDITIONS AND TRENDS),1,TRUE,TRUE,"Dramatic swings in wet and dry weather patterns are resulting in more intense fires, thus resulting in more acres burned and more resources needed to contain the fires."
NC_FAP_2020,.context.climate_threat_species_vital_rates,Forest Impacts (Climate and Weather / CURRENT CONDITIONS AND TRENDS),1,TRUE,TRUE,"Salt intolerant trees in coastal areas and along tidally influenced rivers have been impacted by salt deposition from storm surge, storm tides and evaporated sea spray, likely causing loss of growth, "
NC_FAP_2020,.context.climate_threat_species_vital_rates,Forest Impacts (Climate and Weather / NOTABLE THREATS),1,TRUE,TRUE,"Repeated salt deposition will continue to impact coastal and tidally influenced riverine forests, causing eventual mortality to salt intolerant species and shifts in species composition to more tolera"
NC_FAP_2020,.context.climate_threat_biotic_stressors,Forest Impacts (Climate and Weather / NOTABLE THREATS),1,TRUE,TRUE,"Northward and westward migration of other tree and plant species, as well as insects and pathogens due to rising temperatures, will have varying effects on forest productivity and health."
NC_FAP_2020,.actions.priority_habitat_identification,Figure 4.1.3.,0.4255,FALSE,TRUE,"Priority Forested Watersheds, Statewide Overview"
NC_FAP_2020,.actions.priority_habitat_identification,Strategies (Goal 2),1,TRUE,TRUE,2.3.2-Develop and promote forest management practices specifically for areas most likely to be affected by sea-level change and saltwater intrusion.
NC_FAP_2020,.actions.priority_habitat_identification,SUPPORTING INFORMATION (Climate and Weather section),1,TRUE,TRUE,Figure 2.3.2. North Carolina Sea-Level Rise Vulnerability Map
NC_FAP_2020,.actions.targeted_range_shift_actions,NA,NA,NA,FALSE,
NC_FAP_2020,.actions.targeted_range_shift_actions,NA,NA,NA,FALSE,
NC_FAP_2020,.actions.targeted_range_shift_actions,NA,NA,NA,FALSE,
NC_FAP_2020,.actions.time_bound_and_monitoring,Climate and Weather / NOTABLE THREATS,1,TRUE,TRUE,"Projections above generally cover the long-term view through 2100. The projected threats and issues affecting trees, forests and forestry programs listed below are primarily limited to the 10-year per"
NC_FAP_2020,.actions.time_bound_and_monitoring,Strategies (Goal 2),1,TRUE,TRUE,2.3.1-Promote research and knowledge sharing targeted toward better understanding of potential direct impacts to trees and forests from climate change and air quality.
NC_FAP_2020,.actions.evidence_of_efficacy,Forest Impacts (Climate and Weather / NOTABLE THREATS),1,TRUE,TRUE,"Longleaf pine and its associated plant community's tolerance to fire, ability to grow in wet and dry weather condition, ability to withstand strong winds, and resistance to beetle infestation make it "
NC_FAP_2020,.actions.adaptation_planning_frameworks,"Goal 4, Five key points",1,TRUE,TRUE,"Forestry BMPs remain a prime example of 'adaptive management' and may need to address changes in environmental/climatological factors, policy governance, socio-cultural expectations and market dynamic"
ND_FAP_2020,.concepts.climate_vulnerability,Climate Change,1,TRUE,TRUE,"Climate changes will affect disturbance regimes, insect and disease outbreaks, fire season length, recreational values and productivity. Forests should be managed sustainably to help them adapt to ant"
ND_FAP_2020,.concepts.adaptive_capacity_specificity,NA,NA,NA,FALSE,
ND_FAP_2020,.concepts.adaptive_capacity_specificity,NA,NA,NA,FALSE,
ND_FAP_2020,.concepts.adaptive_capacity_specificity,NA,NA,NA,FALSE,
ND_FAP_2020,.concepts.adaptive_capacity_components.demography,NA,NA,NA,FALSE,
ND_FAP_2020,.concepts.adaptive_capacity_components.demography,NA,NA,NA,FALSE,
ND_FAP_2020,.concepts.adaptive_capacity_components.demography,NA,NA,NA,FALSE,
ND_FAP_2020,.concepts.adaptive_capacity_components.distribution,NA,NA,NA,FALSE,
ND_FAP_2020,.concepts.adaptive_capacity_components.distribution,NA,NA,NA,FALSE,
ND_FAP_2020,.concepts.adaptive_capacity_components.distribution,NA,NA,NA,FALSE,
ND_FAP_2020,.concepts.adaptive_capacity_components.movement,NA,NA,NA,FALSE,
ND_FAP_2020,.concepts.adaptive_capacity_components.movement,NA,NA,NA,FALSE,
ND_FAP_2020,.concepts.adaptive_capacity_components.movement,NA,NA,NA,FALSE,
ND_FAP_2020,.concepts.adaptive_capacity_components.evolutionary_potential,NA,NA,NA,FALSE,
ND_FAP_2020,.concepts.adaptive_capacity_components.evolutionary_potential,NA,NA,NA,FALSE,
ND_FAP_2020,.concepts.adaptive_capacity_components.evolutionary_potential,NA,NA,NA,FALSE,
ND_FAP_2020,.concepts.adaptive_capacity_components.ecological_dependencies,NA,NA,NA,FALSE,
ND_FAP_2020,.concepts.adaptive_capacity_components.ecological_dependencies,NA,NA,NA,FALSE,
ND_FAP_2020,.concepts.adaptive_capacity_components.ecological_dependencies,NA,NA,NA,FALSE,
ND_FAP_2020,.concepts.adaptive_capacity_components.abiotic_niche,NA,NA,NA,FALSE,
ND_FAP_2020,.concepts.adaptive_capacity_components.abiotic_niche,NA,NA,NA,FALSE,
ND_FAP_2020,.concepts.adaptive_capacity_components.abiotic_niche,NA,NA,NA,FALSE,
ND_FAP_2020,.concepts.adaptive_capacity_components.life_history,NA,NA,NA,FALSE,
ND_FAP_2020,.concepts.adaptive_capacity_components.life_history,NA,NA,NA,FALSE,
ND_FAP_2020,.concepts.adaptive_capacity_components.life_history,NA,NA,NA,FALSE,
ND_FAP_2020,.concepts.connectivity,NA,NA,NA,FALSE,
ND_FAP_2020,.concepts.connectivity,NA,NA,NA,FALSE,
ND_FAP_2020,.concepts.connectivity,NA,NA,NA,FALSE,
ND_FAP_2020,.tools.vulnerability_models,NA,NA,NA,FALSE,
ND_FAP_2020,.tools.vulnerability_models,NA,NA,NA,FALSE,
ND_FAP_2020,.tools.vulnerability_models,NA,NA,NA,FALSE,
ND_FAP_2020,.tools.niche_models,NA,NA,NA,FALSE,
ND_FAP_2020,.tools.niche_models,NA,NA,NA,FALSE,
ND_FAP_2020,.tools.niche_models,NA,NA,NA,FALSE,
ND_FAP_2020,.tools.climate_models,Climate Change,1,TRUE,TRUE,"North Dakota has experienced temperature increases, with annual average temperatures increasing at a rate of 0.26 degree per decade since 1990. This increase is most evident in winter warming, which h"
ND_FAP_2020,.tools.connectivity_models,NA,NA,NA,FALSE,
ND_FAP_2020,.tools.connectivity_models,NA,NA,NA,FALSE,
ND_FAP_2020,.tools.connectivity_models,NA,NA,NA,FALSE,
ND_FAP_2020,.context.management_scale.local,Community Wildfire Protection Plans,1,TRUE,TRUE,The local scale of these plans may limit their incorporation into the state assessment. Seventeen counties in North Dakota have CWPP in place.
ND_FAP_2020,.context.management_scale.site,Hazardous Fuels Reduction -North Dakota Forest Service (NDFS),1,TRUE,TRUE,"The Ponderosa Pine Hazardous Fuels Reduction Prescription is outlined in the landowner's forest stewardship management plan. This multiyear effort is taking place on private land, treating overstocked"
ND_FAP_2020,.context.management_scale.watershed,Riparian Forests,1,TRUE,TRUE,Each of these major river systems is composed of numerous tributaries and subwatersheds.
ND_FAP_2020,.context.management_scale.city,[TABLE] Dakota Priority Issue 2.2,1,TRUE,TRUE,"Strategy 1.1c: Strengthen collaborative and large-scale planning at city, county, state and federal levels"
ND_FAP_2020,.context.management_scale.county,Wildland Fire Priority Areas,1,TRUE,TRUE,Wildland fire risk varies by county and the region of the state (Figure 15).
ND_FAP_2020,.context.management_scale.within_state_region,Section 4. Priority Forest Resources / Upland Forests,1,TRUE,TRUE,"Priority areas of upland forests are delineated primarily on the basis of the concentration of forested lands in the state. Priority areas may include the Turtle Mountains, Devils Lake Hills, Pembina "
ND_FAP_2020,.context.management_scale.state,Introduction,1,TRUE,TRUE,"North Dakota's forest action plan provides a long-term, comprehensive, coordinated strategy for leveraging state, federal and partner resources to address the management and landscape priorities ident"
ND_FAP_2020,.context.management_scale.multistate,Multistate Priority Areas,1,TRUE,TRUE,All of the priority issues outlined in the North Dakota Forest Action Plan bear some resonance in adjacent states and the need for interstate collaboration exists to discover creative solutions to the
ND_FAP_2020,.context.management_scale.national,NA,NA,NA,FALSE,
ND_FAP_2020,.context.management_scale.national,NA,NA,NA,FALSE,
ND_FAP_2020,.context.management_scale.national,NA,NA,NA,FALSE,
ND_FAP_2020,.context.management_scale.transnational,NA,NA,NA,FALSE,
ND_FAP_2020,.context.management_scale.transnational,NA,NA,NA,FALSE,
ND_FAP_2020,.context.management_scale.transnational,NA,NA,NA,FALSE,
ND_FAP_2020,.context.management_scale.ecosystem,Wildland Fire,1,TRUE,TRUE,"Despite the undesired social and economic impacts of wildland fire, it is crucial for the functioning of many ecosystems, augmenting ecological services and maintaining biological diversity."
ND_FAP_2020,.context.management_scale.ecoregion,NA,NA,NA,FALSE,
ND_FAP_2020,.context.management_scale.ecoregion,NA,NA,NA,FALSE,
ND_FAP_2020,.context.management_scale.ecoregion,NA,NA,NA,FALSE,
ND_FAP_2020,.context.management_scale.province,NA,NA,NA,FALSE,
ND_FAP_2020,.context.management_scale.province,NA,NA,NA,FALSE,
ND_FAP_2020,.context.management_scale.province,NA,NA,NA,FALSE,
ND_FAP_2020,.context.management_scale.section,NA,NA,NA,FALSE,
ND_FAP_2020,.context.management_scale.section,NA,NA,NA,FALSE,
ND_FAP_2020,.context.management_scale.section,NA,NA,NA,FALSE,
ND_FAP_2020,.context.management_scale.subsection,NA,NA,NA,FALSE,
ND_FAP_2020,.context.management_scale.subsection,NA,NA,NA,FALSE,
ND_FAP_2020,.context.management_scale.subsection,NA,NA,NA,FALSE,
ND_FAP_2020,.context.management_scale.lake,NA,NA,NA,FALSE,
ND_FAP_2020,.context.management_scale.lake,NA,NA,NA,FALSE,
ND_FAP_2020,.context.management_scale.lake,NA,NA,NA,FALSE,
ND_FAP_2020,.context.management_scale.river,Riparian Forests,1,TRUE,TRUE,"Major rivers in North Dakota include the Red River (and tributaries), Sheyenne River, Mouse River, James River and Missouri River (and tributaries) (Figure 12)."
ND_FAP_2020,.context.management_scale.district,NA,NA,NA,FALSE,
ND_FAP_2020,.context.management_scale.district,NA,NA,NA,FALSE,
ND_FAP_2020,.context.management_scale.district,NA,NA,NA,FALSE,
ND_FAP_2020,.context.biological_unit_score,State Wildlife Action Plan,1,TRUE,TRUE,"Notable forest-dependent species of interest include little brown bat (Myotis lucifugus), big brown bat (Eptesicus fuscus), northern long eared bat (Myotis septentrionalis), golden eagle (Aquila chrys"
ND_FAP_2020,.context.biological_unit_score,Riparian Forests,1,TRUE,TRUE,"The elm/ash/cottonwood forest type is the most abundant of all forest types in North Dakota and occurs along rivers, lakes and streams."
ND_FAP_2020,.context.biological_unit_components.species,State Wildlife Action Plan,1,TRUE,TRUE,"Notable forest-dependent species of interest include little brown bat (Myotis lucifugus), big brown bat (Eptesicus fuscus), northern long eared bat (Myotis septentrionalis), golden eagle (Aquila chrys"
ND_FAP_2020,.context.biological_unit_components.population,NA,NA,NA,FALSE,
ND_FAP_2020,.context.biological_unit_components.population,NA,NA,NA,FALSE,
ND_FAP_2020,.context.biological_unit_components.population,NA,NA,NA,FALSE,
ND_FAP_2020,.context.biological_unit_components.habitat,Riparian Forests,1,TRUE,TRUE,"The elm/ash/cottonwood forest type is the most abundant of all forest types in North Dakota and occurs along rivers, lakes and streams."
ND_FAP_2020,.context.biological_unit_components.ecosystem,NA,NA,NA,FALSE,
ND_FAP_2020,.context.biological_unit_components.ecosystem,NA,NA,NA,FALSE,
ND_FAP_2020,.context.biological_unit_components.ecosystem,NA,NA,NA,FALSE,
ND_FAP_2020,.context.biological_unit_components.community,NA,NA,NA,FALSE,
ND_FAP_2020,.context.biological_unit_components.community,NA,NA,NA,FALSE,
ND_FAP_2020,.context.biological_unit_components.community,NA,NA,NA,FALSE,
ND_FAP_2020,.context.biological_unit_components.genotype_phenotype,NA,NA,NA,FALSE,
ND_FAP_2020,.context.biological_unit_components.genotype_phenotype,NA,NA,NA,FALSE,
ND_FAP_2020,.context.biological_unit_components.genotype_phenotype,NA,NA,NA,FALSE,
ND_FAP_2020,.context.partnerships_and_funding,Outdoor Heritage Fund (OHF) -Windbreak Renovation Initiative,1,TRUE,TRUE,The Windbreak Renovation Initiative is a $1.8 million grant ($3.6 million project) provided to the NDFS by the North Dakota Industrial Commission through the Outdoor Heritage Fund.
ND_FAP_2020,.context.partnerships_and_funding,Dakota Prairie Grasslands/Nature Conservancy,1,TRUE,TRUE,The USFS -Dakota Prairie Grasslands and The Nature Conservancy entered into a memorandum of understanding to cooperate in managing prescribed fire activities on the Sheyenne National Grassland and adj
ND_FAP_2020,.context.climate_threat_habitat_degradation,Climate Change,1,TRUE,TRUE,"Climate changes will affect disturbance regimes, insect and disease outbreaks, fire season length, recreational values and productivity. Forests should be managed sustainably to help them adapt to ant"
ND_FAP_2020,.context.climate_threat_species_vital_rates,NA,NA,NA,FALSE,
ND_FAP_2020,.context.climate_threat_species_vital_rates,NA,NA,NA,FALSE,
ND_FAP_2020,.context.climate_threat_species_vital_rates,NA,NA,NA,FALSE,
ND_FAP_2020,.context.climate_threat_biotic_stressors,NA,NA,NA,FALSE,
ND_FAP_2020,.context.climate_threat_biotic_stressors,NA,NA,NA,FALSE,
ND_FAP_2020,.context.climate_threat_biotic_stressors,NA,NA,NA,FALSE,
ND_FAP_2020,.actions.priority_habitat_identification,Section 4. Priority Forest Resources / Upland Forests,1,TRUE,TRUE,"Priority areas of upland forests are delineated primarily on the basis of the concentration of forested lands in the state. Priority areas may include the Turtle Mountains, Devils Lake Hills, Pembina "
ND_FAP_2020,.actions.priority_habitat_identification,Wildland Fire Priority Areas,1,TRUE,TRUE,"Wildland fire risk varies by county and the region of the state (Figure 15). By incorporating factors such as historical fire occurrences, weather data, wildland urban and wildland oil and gas interfa"
ND_FAP_2020,.actions.targeted_range_shift_actions,NA,NA,NA,FALSE,
ND_FAP_2020,.actions.targeted_range_shift_actions,NA,NA,NA,FALSE,
ND_FAP_2020,.actions.targeted_range_shift_actions,NA,NA,NA,FALSE,
ND_FAP_2020,.actions.time_bound_and_monitoring,NDFS -Forest Stewardship Program (FSP),1,TRUE,TRUE,"The FSP provides technical assistance to nonindustrial, private forest landowners to encourage and enable active, long-term forest management. The Forest Stewardship Program offers a written forest st"
ND_FAP_2020,.actions.evidence_of_efficacy,Biomass Boiler -Bismarck Public Works Landfill Building,1,TRUE,TRUE,Two wood waste biomass projects have been implemented in Bismarck. The city and the NDFS developed a pilot project for the city using wood chips to heat the public works landfill building. The convers
ND_FAP_2020,.actions.evidence_of_efficacy,Community Threat Assessment Protocol (CTAP),1,TRUE,TRUE,"In 2012-2019, NDFS community forestry staff completed 95 CTAP assessments in communities."
ND_FAP_2020,.actions.adaptation_planning_frameworks,Climate Change,1,TRUE,TRUE,"Climate changes will affect disturbance regimes, insect and disease outbreaks, fire season length, recreational values and productivity. Forests should be managed sustainably to help them adapt to ant"
NH_FAP_2020,.concepts.climate_vulnerability,Fish & Wildlife Habitat,1,TRUE,TRUE,"Saltmarshes, warm-water rivers and streams, dunes, lowland spruce-fir forest, and vernal pools had the greatest number of high-ranking threats. Commercial and residential development, pollution, disea"
NH_FAP_2020,.concepts.climate_vulnerability,Climate Change (assessment section),1,TRUE,TRUE,"Sugar maple is a good example of a species that may be significantly affected by climate change, as it has fairly specific soil requirements; a species like this may not be able to shift its range wit"
NH_FAP_2020,.concepts.climate_vulnerability,Wildlife (assessment section – Climate Change impacts),1,TRUE,TRUE,Species that are more mobile may have a greater ability to shift into habitats that have experienced less change and remain more suitable. Species which can only move short distances or are more restr
NH_FAP_2020,.concepts.adaptive_capacity_specificity,Wildlife (assessment section – Climate Change impacts),1,TRUE,TRUE,Species that are more mobile may have a greater ability to shift into habitats that have experienced less change and remain more suitable. Species which can only move short distances or are more restr
NH_FAP_2020,.concepts.adaptive_capacity_components.demography,NA,NA,NA,FALSE,
NH_FAP_2020,.concepts.adaptive_capacity_components.demography,NA,NA,NA,FALSE,
NH_FAP_2020,.concepts.adaptive_capacity_components.demography,NA,NA,NA,FALSE,
NH_FAP_2020,.concepts.adaptive_capacity_components.distribution,Climate Change (assessment section),0.5249,FALSE,TRUE,"model projects future suitable habitat of tree species, and suggests that spruce and fir will decline across the region, as will most of the northern conifer species (Janowiak et al. 2017). Some speci"
NH_FAP_2020,.concepts.adaptive_capacity_components.movement,Wildlife (assessment section – Climate Change impacts),1,TRUE,TRUE,Species that are more mobile may have a greater ability to shift into habitats that have experienced less change and remain more suitable. Species which can only move short distances or are more restr
NH_FAP_2020,.concepts.adaptive_capacity_components.evolutionary_potential,NA,NA,NA,FALSE,
NH_FAP_2020,.concepts.adaptive_capacity_components.evolutionary_potential,NA,NA,NA,FALSE,
NH_FAP_2020,.concepts.adaptive_capacity_components.evolutionary_potential,NA,NA,NA,FALSE,
NH_FAP_2020,.concepts.adaptive_capacity_components.ecological_dependencies,NA,NA,NA,FALSE,
NH_FAP_2020,.concepts.adaptive_capacity_components.ecological_dependencies,NA,NA,NA,FALSE,
NH_FAP_2020,.concepts.adaptive_capacity_components.ecological_dependencies,NA,NA,NA,FALSE,
NH_FAP_2020,.concepts.adaptive_capacity_components.abiotic_niche,Climate Change (assessment section),1,TRUE,TRUE,"Sugar maple is a good example of a species that may be significantly affected by climate change, as it has fairly specific soil requirements; a species like this may not be able to shift its range wit"
NH_FAP_2020,.concepts.adaptive_capacity_components.life_history,NA,NA,NA,FALSE,
NH_FAP_2020,.concepts.adaptive_capacity_components.life_history,NA,NA,NA,FALSE,
NH_FAP_2020,.concepts.adaptive_capacity_components.life_history,NA,NA,NA,FALSE,
NH_FAP_2020,.concepts.connectivity,Resiliency to Climate Change (assessment section),0.6732,FALSE,TRUE,"The Nature Conservancy's Resilient and Connected Landscapes science identifies areas that, if maintained and conserved as natural habitat, offer the best opportunity for conserving our native biodiver"
NH_FAP_2020,.concepts.connectivity,Priority Landscapes – Forest Stewardship Priority Areas (figure caption/analysis description),0.4661,FALSE,TRUE,Climate Change: Resilient and Connected Landscapes (TNC) o Lands classified as climate flow zones and climate corridors = 1
NH_FAP_2020,.tools.vulnerability_models,NA,NA,NA,FALSE,
NH_FAP_2020,.tools.vulnerability_models,NA,NA,NA,FALSE,
NH_FAP_2020,.tools.vulnerability_models,NA,NA,NA,FALSE,
NH_FAP_2020,.tools.niche_models,CLIMATE CHANGE PROJECTIONS FOR TREE SPECIES IN NEW HAMPSHIRE / Table 8,1,TRUE,TRUE,Table 8 Projections for future suitable habitat Source: USDA Forest Service Climate Change Atlas ... Low Climate Change (RCP 4.5) High Climate Change (RCP 8.5)
NH_FAP_2020,.tools.niche_models,Climate Change (assessment section),1,TRUE,TRUE,"model projects future suitable habitat of tree species, and suggests that spruce and fir will decline across the region, as will most of the northern conifer species (Janowiak et al. 2017)."
NH_FAP_2020,.tools.climate_models,Climate Change figure caption (temperature trend figure),0.2677,FALSE,TRUE,by the year 2100 the growing season is predicted to be extended by 3-7 weeks in southern New Hampshire and by 2-5 weeks in northern New Hampshire depending on the emission's scenario(Wake et al. 2014)
NH_FAP_2020,.tools.connectivity_models,Resiliency to Climate Change (assessment section),1,TRUE,TRUE,"The Nature Conservancy's Resilient and Connected Landscapes science identifies areas that, if maintained and conserved as natural habitat, offer the best opportunity for conserving our native biodiver"
NH_FAP_2020,.tools.connectivity_models,Priority Landscapes – Forest Stewardship Priority Areas (figure caption/analysis description),0.4661,FALSE,TRUE,Climate Change: Resilient and Connected Landscapes (TNC) o Lands classified as climate flow zones and climate corridors = 1
NH_FAP_2020,.context.management_scale.local,FOCUS AREA – FOREST ECOLOGY / Goal strategies,1,TRUE,TRUE,Focus on connected forested parcels and corridors for species movement and migration.
NH_FAP_2020,.context.management_scale.site,NA,NA,NA,FALSE,
NH_FAP_2020,.context.management_scale.site,NA,NA,NA,FALSE,
NH_FAP_2020,.context.management_scale.site,NA,NA,NA,FALSE,
NH_FAP_2020,.context.management_scale.watershed,Priority Landscapes – Rural Forest Priority Areas,1,TRUE,TRUE,Ability to Produce Clean Water ranks watersheds by the benefits they provide to their respective water resources based on the amount of forest cover.
NH_FAP_2020,.context.management_scale.city,NA,NA,NA,FALSE,
NH_FAP_2020,.context.management_scale.city,NA,NA,NA,FALSE,
NH_FAP_2020,.context.management_scale.city,NA,NA,NA,FALSE,
NH_FAP_2020,.context.management_scale.county,Total Area of Forest Land & Forest Land Trends,1,TRUE,TRUE,"Figure 7 shows the percent change in size classes by county between 2008 and 2018. All counties show a trend toward larger diameter stands, with Sullivan, Rockingham, and Grafton counties seeing the g"
NH_FAP_2020,.context.management_scale.within_state_region,Forest Legacy Program – Forest Legacy Areas,1,TRUE,TRUE,The four identified Forest Legacy Areas reflect both important values present in forested areas and current threats to the forest. The North Country FLA was initially identified in the first Assessmen
NH_FAP_2020,.context.management_scale.state,FOCUS AREA – CLIMATE CHANGE,1,TRUE,TRUE,"Climate change impacts the health and diversity of New Hampshire's forests. Changes already occurring to New Hampshire's climate include warmer winters, reduced snowfall and snow-on-ground days, incre"
NH_FAP_2020,.context.management_scale.multistate,Multi-State Priorities,1,TRUE,TRUE,Northern Forest Lands (NFL) -New Hampshire's northern most county (Coos) lies within the planning area for NFL which stretches over 20 million acres from Maine to New York.
NH_FAP_2020,.context.management_scale.national,NA,NA,NA,FALSE,
NH_FAP_2020,.context.management_scale.national,NA,NA,NA,FALSE,
NH_FAP_2020,.context.management_scale.national,NA,NA,NA,FALSE,
NH_FAP_2020,.context.management_scale.transnational,NA,NA,NA,FALSE,
NH_FAP_2020,.context.management_scale.transnational,NA,NA,NA,FALSE,
NH_FAP_2020,.context.management_scale.transnational,NA,NA,NA,FALSE,
NH_FAP_2020,.context.management_scale.ecosystem,Climate Change (assessment section),1,TRUE,TRUE,"model projects future suitable habitat of tree species, and suggests that spruce and fir will decline across the region, as will most of the northern conifer species (Janowiak et al. 2017). These spec"
NH_FAP_2020,.context.management_scale.ecoregion,NA,NA,NA,FALSE,
NH_FAP_2020,.context.management_scale.ecoregion,NA,NA,NA,FALSE,
NH_FAP_2020,.context.management_scale.ecoregion,NA,NA,NA,FALSE,
NH_FAP_2020,.context.management_scale.province,NA,NA,NA,FALSE,
NH_FAP_2020,.context.management_scale.province,NA,NA,NA,FALSE,
NH_FAP_2020,.context.management_scale.province,NA,NA,NA,FALSE,
NH_FAP_2020,.context.management_scale.section,NA,NA,NA,FALSE,
NH_FAP_2020,.context.management_scale.section,NA,NA,NA,FALSE,
NH_FAP_2020,.context.management_scale.section,NA,NA,NA,FALSE,
NH_FAP_2020,.context.management_scale.subsection,NA,NA,NA,FALSE,
NH_FAP_2020,.context.management_scale.subsection,NA,NA,NA,FALSE,
NH_FAP_2020,.context.management_scale.subsection,NA,NA,NA,FALSE,
NH_FAP_2020,.context.management_scale.lake,NA,NA,NA,FALSE,
NH_FAP_2020,.context.management_scale.lake,NA,NA,NA,FALSE,
NH_FAP_2020,.context.management_scale.lake,NA,NA,NA,FALSE,
NH_FAP_2020,.context.management_scale.river,NA,NA,NA,FALSE,
NH_FAP_2020,.context.management_scale.river,NA,NA,NA,FALSE,
NH_FAP_2020,.context.management_scale.river,NA,NA,NA,FALSE,
NH_FAP_2020,.context.management_scale.district,NA,NA,NA,FALSE,
NH_FAP_2020,.context.management_scale.district,NA,NA,NA,FALSE,
NH_FAP_2020,.context.management_scale.district,NA,NA,NA,FALSE,
NH_FAP_2020,.context.biological_unit_score,Climate Change (assessment section),1,TRUE,TRUE,"model projects future suitable habitat of tree species, and suggests that spruce and fir will decline across the region, as will most of the northern conifer species (Janowiak et al. 2017)."
NH_FAP_2020,.context.biological_unit_score,FOCUS AREA – CLIMATE CHANGE,0.6361,FALSE,TRUE,"Climate change impacts the health and diversity of New Hampshire's forests. Changes already occurring to New Hampshire's climate include warmer winters, reduced snowfall and snow-on-ground days... Pot"
NH_FAP_2020,.context.biological_unit_components.species,Climate Change (assessment section),0.5249,FALSE,TRUE,"model projects future suitable habitat of tree species, and suggests that spruce and fir will decline across the region, as will most of the northern conifer species (Janowiak et al. 2017). Some speci"
NH_FAP_2020,.context.biological_unit_components.population,NA,NA,NA,FALSE,
NH_FAP_2020,.context.biological_unit_components.population,NA,NA,NA,FALSE,
NH_FAP_2020,.context.biological_unit_components.population,NA,NA,NA,FALSE,
NH_FAP_2020,.context.biological_unit_components.habitat,FOCUS AREA – CLIMATE CHANGE,1,TRUE,TRUE,"Potential impacts on forests may include a reduction in suitable habitat for boreal species like balsam fir, red spruce and black spruce and greater abundance of species with a current range that exte"
NH_FAP_2020,.context.biological_unit_components.ecosystem,Wildlife (assessment section – Climate Change impacts),1,TRUE,TRUE,"As a result, forestlands that continue to be favorable to the growth of softwood as the climate changes (known as refugia) may have increased importance for wildlife habitat over time as the abundance"
NH_FAP_2020,.context.biological_unit_components.community,NA,NA,NA,FALSE,
NH_FAP_2020,.context.biological_unit_components.community,NA,NA,NA,FALSE,
NH_FAP_2020,.context.biological_unit_components.community,NA,NA,NA,FALSE,
NH_FAP_2020,.context.biological_unit_components.genotype_phenotype,NA,NA,NA,FALSE,
NH_FAP_2020,.context.biological_unit_components.genotype_phenotype,NA,NA,NA,FALSE,
NH_FAP_2020,.context.biological_unit_components.genotype_phenotype,NA,NA,NA,FALSE,
NH_FAP_2020,.context.partnerships_and_funding,FOCUS AREA – LAND CONSERVATION,1,TRUE,TRUE,"Funding for forest land conservation comes from many sources. Federal sources include the USDA Forest Service Forest Legacy Program, US Fish and Wildlife Service, and the Natural Resources Conservatio"
NH_FAP_2020,.context.climate_threat_habitat_degradation,Climate Change (assessment section),1,TRUE,TRUE,"Increased summer temperatures, increasing risk of drought, and more variable summer precipitation increase the risk of stress on riparian and floodplain vegetation due to lower summer flows."
NH_FAP_2020,.context.climate_threat_species_vital_rates,NA,NA,NA,FALSE,
NH_FAP_2020,.context.climate_threat_species_vital_rates,NA,NA,NA,FALSE,
NH_FAP_2020,.context.climate_threat_species_vital_rates,NA,NA,NA,FALSE,
NH_FAP_2020,.context.climate_threat_biotic_stressors,Forest Health (assessment section – Climate Change impacts),1,TRUE,TRUE,"many insect pests and invasive plant species may be able to expand their ranges northward in response to warmer temperatures (Ramsfield et al. 2016, Ziska et al. 2009). Some insect pests and invasive "
NH_FAP_2020,.actions.priority_habitat_identification,Resiliency to Climate Change (assessment section),0.6635,FALSE,TRUE,"The Nature Conservancy's Resilient and Connected Landscapes science identifies areas that, if maintained and conserved as natural habitat, offer the best opportunity for conserving our native biodiver"
NH_FAP_2020,.actions.priority_habitat_identification,Priority Landscapes – Rural Forest Priority Areas,1,TRUE,TRUE,Resilient and Connected Landscapes are zones found to exhibit high ecological diversity. These areas are best fit to provide refuge form the possible impact of climate change.
NH_FAP_2020,.actions.targeted_range_shift_actions,FOCUS AREA – LAND CONSERVATION / Goal strategies,1,TRUE,TRUE,"Identify large forest blocks suitable for forest management, providing landscape resiliency, watershed protection, opportunities for species to migrate and other ecosystem services using the most rece"
NH_FAP_2020,.actions.time_bound_and_monitoring,NA,NA,NA,FALSE,
NH_FAP_2020,.actions.time_bound_and_monitoring,NA,NA,NA,FALSE,
NH_FAP_2020,.actions.time_bound_and_monitoring,NA,NA,NA,FALSE,
NH_FAP_2020,.actions.evidence_of_efficacy,FOCUS AREA – CLIMATE CHANGE / Strategies,1,TRUE,TRUE,Encourage the use of resources like Increasing Forest Resiliency for an Uncertain Future
NH_FAP_2020,.actions.adaptation_planning_frameworks,FOCUS AREA – CLIMATE CHANGE / Strategies,1,TRUE,TRUE,"19. Incorporate adaptation strategies for climate change in forest management plans that include resistance, resilience and transition."
NH_FAP_2020,.actions.adaptation_planning_frameworks,FOCUS AREA – FOREST MANAGEMENT / Strategy 14,1,TRUE,TRUE,Encourage the use of the Forest Adaptation Resources or other Northern Institute of Applied Climate Science materials.
NJ_FAP_2020,.concepts.climate_vulnerability,Abiotic Damage Causing Agents - Climate Change,0.2427,FALSE,TRUE,"Due to its geography, population and other factors, New Jersey is especially vulnerable to the adverse impacts of climate change. In distilling the most current climate science and its particular rele"
NJ_FAP_2020,.concepts.climate_vulnerability,Mesophication,1,TRUE,TRUE,"Future climate outlooks expect to favor oak and pine dominated systems as these clades compete better under physiologically droughty conditions. Conversely, northern hardwood communities are those mos"
NJ_FAP_2020,.concepts.climate_vulnerability,General observations about,0.3377,FALSE,TRUE,Species with low adaptive capacity such as those with specialized habitat needs or limited dispersal ability face higher vulnerability to these changes.
NJ_FAP_2020,.concepts.adaptive_capacity_specificity,General observations about,1,TRUE,TRUE,"Differences in how individual tree species grow, survive and reproduce over time (life history processes) will be key in determining the response of each species to the effects of warming temperatures"
NJ_FAP_2020,.concepts.adaptive_capacity_specificity,General observations about,0.3377,FALSE,TRUE,Species with low adaptive capacity such as those with specialized habitat needs or limited dispersal ability face higher vulnerability to these changes.
NJ_FAP_2020,.concepts.adaptive_capacity_components.demography,General observations about,1,TRUE,TRUE,"Life history processes such as flowering, pollination, photosynthetic dynamics, seed production, seed dispersal, germination, establishment, shade tolerance and response to competition are all species"
NJ_FAP_2020,.concepts.adaptive_capacity_components.distribution,General observations about,1,TRUE,TRUE,Predictions from the Tree Atlas based on climate variables describe a significant southern shift to the state's forest composition (Figures 38 and 39). Taking the average of the three high-emission sc
NJ_FAP_2020,.concepts.adaptive_capacity_components.movement,General observations about,0.3377,FALSE,TRUE,Species with low adaptive capacity such as those with specialized habitat needs or limited dispersal ability face higher vulnerability to these changes.
NJ_FAP_2020,.concepts.adaptive_capacity_components.evolutionary_potential,Butternut (Juglans cinerea),1,TRUE,TRUE,The success of future restoration projects for butternut relies heavily on the tree's natural ability to tolerate butternut canker and in producing sufficient seed for natural regeneration of offsprin
NJ_FAP_2020,.concepts.adaptive_capacity_components.ecological_dependencies,General observations about,0.9664,TRUE,TRUE,"A climatic species that can leaf-out early and extend its growing season might be a better competitor with warmer springs, but sensitivity to late-season frost may make this behavior a liability compa"
NJ_FAP_2020,.concepts.adaptive_capacity_components.abiotic_niche,Eastern Hemlock (Tsuga canadensis),1,TRUE,TRUE,Cool humid conditions and moist soils are vital to the establishment and successful growth of eastern hemlock trees.
NJ_FAP_2020,.concepts.adaptive_capacity_components.life_history,General observations about,1,TRUE,TRUE,"Differences in how individual tree species grow, survive and reproduce over time (life history processes) will be key in determining the response of each species to the effects of warming temperatures"
NJ_FAP_2020,.concepts.connectivity,"Extent of Forest Land Conversion, Fragmentation and Parcelization",1,TRUE,TRUE,"The value of large, resilient, connected forested landscapes for the conservation of biodiversity, plant and wildlife migration corridors and climate resiliency is well-documented (Anderson et al, 201"
NJ_FAP_2020,.concepts.connectivity,4: FRAGMENTATION/HABITAT RESTORATION,0.3538,FALSE,TRUE,"Riparian corridors also function as climate corridors, allowing species to move up in elevation in response to warming temperatures."
NJ_FAP_2020,.tools.vulnerability_models,NA,NA,NA,FALSE,
NJ_FAP_2020,.tools.vulnerability_models,NA,NA,NA,FALSE,
NJ_FAP_2020,.tools.vulnerability_models,NA,NA,NA,FALSE,
NJ_FAP_2020,.tools.niche_models,General observations about,1,TRUE,TRUE,The USDA Forest Service Climate Change Tree Atlas has attempted to provide species-level predictions for tree species habitat suitability changes expected from different climate change scenarios (Pras
NJ_FAP_2020,.tools.niche_models,General observations about,1,TRUE,TRUE,Predictions from the Tree Atlas based on climate variables describe a significant southern shift to the state's forest composition (Figures 38 and 39). Taking the average of the three high-emission sc
NJ_FAP_2020,.tools.climate_models,Abiotic Damage Causing Agents - Climate Change,0.25,FALSE,TRUE,"The 2020 New Jersey Scientific Report on Climate Change explains the worsening impacts to our state under low-, moderate- and high-emission scenarios (NJDEP, 2020)."
NJ_FAP_2020,.tools.climate_models,Abiotic Damage Causing Agents - Climate Change,1,TRUE,TRUE,Sea-levels could rise by as much as 5.1 feet by the year 2100 and 8.3 feet by the year 2150 under a moderate emissions scenario.
NJ_FAP_2020,.tools.connectivity_models,4: Fragmentation/Habitat Restoration Strategies,1,TRUE,TRUE,The creation of CHANJ was an effort to make New Jersey landscape and roadways friendlier to wildlife movement by identifying key areas and actions needed to achieve habitat connectivity across the sta
NJ_FAP_2020,.tools.connectivity_models,4: Fragmentation/Habitat Restoration Strategies,1,TRUE,TRUE,"In 2019 the NJDEP Division of Fish & Wildlife rolled out tools for prioritizing habitat conservation in New Jersey, including the Connecting Habitat Across New Jersey (CHANJ) mapping tool and the CHAN"
NJ_FAP_2020,.context.management_scale.local,1: BIODIVERSITY,1,TRUE,TRUE,These strategies allow forest land managers to make informed decisions as to management impacts at multiple scales and how to plan accordingly.
NJ_FAP_2020,.context.management_scale.site,Guiding Principles: Framework,1,TRUE,TRUE,"In addition, state-owned forested lands are also inventoried at the operational level in order to quantify how forest conditions will be and have been altered through forest management activities. The"
NJ_FAP_2020,.context.management_scale.watershed,Water Monitoring,1,TRUE,TRUE,"The protection of watersheds through proper forest management is important to better protect key regions throughout the state of New Jersey. These key regions include the Highlands, Pinelands and Dela"
NJ_FAP_2020,.context.management_scale.city,NA,NA,NA,FALSE,
NJ_FAP_2020,.context.management_scale.city,NA,NA,NA,FALSE,
NJ_FAP_2020,.context.management_scale.city,NA,NA,NA,FALSE,
NJ_FAP_2020,.context.management_scale.county,"Extent of Forest Land Conversion, Fragmentation and Parcelization",1,TRUE,TRUE,"The conversion of forest land to developed land was found to be highest in Hudson, Bergen and Essex Counties. In each of these counties, average patch sizes have decreased by one acre since 2006."
NJ_FAP_2020,.context.management_scale.within_state_region,"Extent of Forest Land Conversion, Fragmentation and Parcelization",1,TRUE,TRUE,"Specifically, Conservation Focal Areas (CFAs) in landscape regions like the Piedmont, Pinelands and Skylands areas are identified for their continuity; while concerns are raised about connectivity acr"
NJ_FAP_2020,.context.management_scale.state,FOREST RESOURCE CONDITIONS AND TRENDS,1,TRUE,TRUE,"The 2020 NJ State Forest Action Plan (NJ SFAP) reassesses the state's forest resources and provides forest owners, land managers, and other natural resource professionals with the ability to make info"
NJ_FAP_2020,.context.management_scale.multistate,4: Fragmentation/Habitat Restoration Strategies,1,TRUE,TRUE,"The Highlands region which connects Connecticut, New York, New Jersey and Pennsylvania included continuous conservation efforts from 2015 to 2020 from the Appalachian Trail conservancy to provide link"
NJ_FAP_2020,.context.management_scale.national,NA,NA,NA,FALSE,
NJ_FAP_2020,.context.management_scale.national,NA,NA,NA,FALSE,
NJ_FAP_2020,.context.management_scale.national,NA,NA,NA,FALSE,
NJ_FAP_2020,.context.management_scale.transnational,NA,NA,NA,FALSE,
NJ_FAP_2020,.context.management_scale.transnational,NA,NA,NA,FALSE,
NJ_FAP_2020,.context.management_scale.transnational,NA,NA,NA,FALSE,
NJ_FAP_2020,.context.management_scale.ecosystem,Density Management,1,TRUE,TRUE,"The forests of New Jersey's Pinelands Region have witnessed a steady increase in RDI over the last century. These forests, adapted to re-sprout and establish new generations of forest after significan"
NJ_FAP_2020,.context.management_scale.ecoregion,NA,NA,NA,FALSE,
NJ_FAP_2020,.context.management_scale.ecoregion,NA,NA,NA,FALSE,
NJ_FAP_2020,.context.management_scale.ecoregion,NA,NA,NA,FALSE,
NJ_FAP_2020,.context.management_scale.province,NA,NA,NA,FALSE,
NJ_FAP_2020,.context.management_scale.province,NA,NA,NA,FALSE,
NJ_FAP_2020,.context.management_scale.province,NA,NA,NA,FALSE,
NJ_FAP_2020,.context.management_scale.section,NA,NA,NA,FALSE,
NJ_FAP_2020,.context.management_scale.section,NA,NA,NA,FALSE,
NJ_FAP_2020,.context.management_scale.section,NA,NA,NA,FALSE,
NJ_FAP_2020,.context.management_scale.subsection,NA,NA,NA,FALSE,
NJ_FAP_2020,.context.management_scale.subsection,NA,NA,NA,FALSE,
NJ_FAP_2020,.context.management_scale.subsection,NA,NA,NA,FALSE,
NJ_FAP_2020,.context.management_scale.lake,NA,NA,NA,FALSE,
NJ_FAP_2020,.context.management_scale.lake,NA,NA,NA,FALSE,
NJ_FAP_2020,.context.management_scale.lake,NA,NA,NA,FALSE,
NJ_FAP_2020,.context.management_scale.river,Delaware River Basin,1,TRUE,TRUE,"Along the northwestern boundary of New Jersey, following along the Delaware River, is the Delaware River Basin (Figure 65). Currently, this segment is part of the Delaware River Basin Commission's (DR"
NJ_FAP_2020,.context.management_scale.district,NA,NA,NA,FALSE,
NJ_FAP_2020,.context.management_scale.district,NA,NA,NA,FALSE,
NJ_FAP_2020,.context.management_scale.district,NA,NA,NA,FALSE,
NJ_FAP_2020,.context.biological_unit_score,General observations about,1,TRUE,TRUE,Predictions from the Tree Atlas based on climate variables describe a significant southern shift to the state's forest composition (Figures 38 and 39).
NJ_FAP_2020,.context.biological_unit_score,Atlantic White-Cedar (Chamaecyparis thyoides),1,TRUE,TRUE,"AWC forests have been in constant decline as a result of centuries of exploitation through cutting without planning for regeneration, development, deer browse, hardwood competition, salt-water intrusi"
NJ_FAP_2020,.context.biological_unit_components.species,General observations about,1,TRUE,TRUE,Predictions from the Tree Atlas based on climate variables describe a significant southern shift to the state's forest composition (Figures 38 and 39). Taking the average of the three high-emission sc
NJ_FAP_2020,.context.biological_unit_components.population,Sea-Level Rise,0.7519,FALSE,TRUE,"The current diminished extent compared to historical levels of this species makes the threat from sea level rise that much more pressing, as AWC will likely find difficulty in establishing itself in n"
NJ_FAP_2020,.context.biological_unit_components.habitat,Atlantic White-Cedar (Chamaecyparis thyoides),1,TRUE,TRUE,"AWC forests have been in constant decline as a result of centuries of exploitation through cutting without planning for regeneration, development, deer browse, hardwood competition, salt-water intrusi"
NJ_FAP_2020,.context.biological_unit_components.ecosystem,Southern Pine Beetle (Dendroctonus frontalis),1,TRUE,TRUE,"Issues associated with climate change will most likely lead to continued infestations, northern migration of SPB and the shifting of forest types. This could reduce habitat favorable of pine dependent"
NJ_FAP_2020,.context.biological_unit_components.community,Mesophication,1,TRUE,TRUE,The rich biodiversity dependent on mature oak forests faces negative outcomes from habitat transitions to northern hardwoods.
NJ_FAP_2020,.context.biological_unit_components.genotype_phenotype,Butternut (Juglans cinerea),1,TRUE,TRUE,The success of future restoration projects for butternut relies heavily on the tree's natural ability to tolerate butternut canker and in producing sufficient seed for natural regeneration of offsprin
NJ_FAP_2020,.context.partnerships_and_funding,Atlantic White-Cedar (strategies section),0.967,TRUE,TRUE,"The NJ Forest Service is dedicated to restoring approximately 10,000 acres of AWC forest statewide within the next ten years. Funding for AWC restoration strategies on state-owned lands will come from"
NJ_FAP_2020,.context.partnerships_and_funding,Mesophication,1,TRUE,TRUE,The NJ Forest Service has received NRD funding to do such activities. Resources required to support thinning objectives across the state of New Jersey include funding for the implementation of activit
NJ_FAP_2020,.context.climate_threat_habitat_degradation,Atlantic White-Cedar (Chamaecyparis thyoides),1,TRUE,TRUE,"AWC forests have been in constant decline as a result of centuries of exploitation through cutting without planning for regeneration, development, deer browse, hardwood competition, salt-water intrusi"
NJ_FAP_2020,.context.climate_threat_habitat_degradation,Wildfire and Climate Change,1,TRUE,TRUE,"Wildfire seasons could be lengthened, and the frequency of large fires increased from the warmer springs and longer summer dry periods that are expected with climate change due to these conditions cau"
NJ_FAP_2020,.context.climate_threat_species_vital_rates,Climate Change and SPB,1,TRUE,TRUE,"SPB behavior in New Jersey represents an early example of the current impacts of climate change. SPB has long been present in pine forests along New Jersey's Delaware Bay shore, but its role was silvi"
NJ_FAP_2020,.context.climate_threat_species_vital_rates,Abiotic Damage Causing Agents - Climate Change,0.9831,TRUE,TRUE,New Jersey could even lose its state bird—the American Goldfinch—as it may become too hot for the species to nest here.
NJ_FAP_2020,.context.climate_threat_biotic_stressors,Biotic Damage Causing Agents,1,TRUE,TRUE,"Climatic factors that could influence the ability of a species to invade include warmer temperatures, earlier springs and reduced snowpack (Hellmann et al., 2008; Ryan and Vose, 2012). Evidence indica"
NJ_FAP_2020,.context.climate_threat_biotic_stressors,Long-term Monitoring and Trends,1,TRUE,TRUE,Native insects and pathogens are exhibiting trends of expanding native ranges as a result of changes in temperature from climate change. The impacts of native DCAs in new geographical areas could caus
NJ_FAP_2020,.actions.priority_habitat_identification,4: Fragmentation/Habitat Restoration Strategies,1,TRUE,TRUE,The creation of CHANJ was an effort to make New Jersey landscape and roadways friendlier to wildlife movement by identifying key areas and actions needed to achieve habitat connectivity across the sta
NJ_FAP_2020,.actions.priority_habitat_identification,Atlantic White-Cedar (strategies section),1,TRUE,TRUE,Work will also be conducted within sites that still have at least a remnant component of AWC from previous harvests to use as seed trees in locations high enough in elevation that they aren't threaten
NJ_FAP_2020,.actions.targeted_range_shift_actions,3: CLIMATE - Species Proxy,1,TRUE,TRUE,"If tree species cannot adapt fast enough to changing climate conditions, forest and land managers need to consider the integration of proxy species to ensure that forests remain as forests and that es"
NJ_FAP_2020,.actions.targeted_range_shift_actions,3: CLIMATE - Species Proxy,1,TRUE,TRUE,The strategy of identifying southerly species (or other future-adapted species) that could act as native species proxies for ecologic and economic roles has also been identified as a climate change ad
NJ_FAP_2020,.actions.time_bound_and_monitoring,Atlantic White-Cedar (strategies section),1,TRUE,TRUE,"The NJ Forest Service is dedicated to restoring approximately 10,000 acres of AWC forest statewide within the next ten years."
NJ_FAP_2020,.actions.time_bound_and_monitoring,3: FOREST MANAGEMENT PLANS (SCALABLE MANAGEMENT) Public Lands Management,1,TRUE,TRUE,"The NJ Forest Service considers the potential outcomes in forest stewardship plans for at least 40 years into the future. This is compatible with permitting by the New Jersey Pinelands Commission, eve"
NJ_FAP_2020,.actions.evidence_of_efficacy,Density Management,1,TRUE,TRUE,"Studies across the forests of Montana, Oregon, California and Arizona determined that thinning treatments and the effects on carbon suggest most of the benefits of increased fire resistance can be ach"
NJ_FAP_2020,.actions.evidence_of_efficacy,2: DCA Strategies,0.6464,FALSE,TRUE,"Research conducted by Jay Kelly (2019)... determined that there were 5 to 40 times more exotic shrub, liana and herb cover during the time period between 1948-1973 and 2014-2018. He also determined th"
NJ_FAP_2020,.actions.adaptation_planning_frameworks,Strategies by National Priorities,0.8741,TRUE,TRUE,"The NJ Forest Service represents a living document, meant to be flexible as the state's environmental conditions and human values change."
NJ_FAP_2020,.actions.adaptation_planning_frameworks,2: PROTECT FORESTS FROM THREATS 1: RESILIENCY (USDA Forest Service Matrix table),0.9085,TRUE,TRUE,"Manage for diverse, resilient forest ecosystems that have the greatest chance of persisting as the global climate changes. 2) Recognize anthropogenic impacts that leave forest resources vulnerable to "
NM_FAP_2020,.concepts.climate_vulnerability,Climate Change,1,TRUE,TRUE,"a compound ""climate dissimilarity index"" (Map 9) and an ""ecosystem vulnerability"" classification (Map 10) are used to map where climate change poses the greatest hazard. The climate dissimilarity inde"
NM_FAP_2020,.concepts.climate_vulnerability,Climate Change,1,TRUE,TRUE,Climate change must be considered when developing strategies to protect and enhance the value of resources. Determining whether a strategy should prioritize investments in high climate vulnerability a
NM_FAP_2020,.concepts.climate_vulnerability,VI. Background (Rare Plant Conservation Strategy section),1,TRUE,TRUE,"The impacts are especially significant for small populations with restricted ranges, including many of the species endemic to New Mexico."
NM_FAP_2020,.concepts.adaptive_capacity_specificity,Sub-strategy 3.2,1,TRUE,TRUE,Private and Tribal lands are resilient to wildfire and climate change. Stewardship activities take place in the areas with highest risk of wildfire and most public value for water source protection an
NM_FAP_2020,.concepts.adaptive_capacity_components.demography,NA,NA,NA,FALSE,
NM_FAP_2020,.concepts.adaptive_capacity_components.demography,NA,NA,NA,FALSE,
NM_FAP_2020,.concepts.adaptive_capacity_components.demography,NA,NA,NA,FALSE,
NM_FAP_2020,.concepts.adaptive_capacity_components.distribution,NA,NA,NA,FALSE,
NM_FAP_2020,.concepts.adaptive_capacity_components.distribution,NA,NA,NA,FALSE,
NM_FAP_2020,.concepts.adaptive_capacity_components.distribution,NA,NA,NA,FALSE,
NM_FAP_2020,.concepts.adaptive_capacity_components.movement,NA,NA,NA,FALSE,
NM_FAP_2020,.concepts.adaptive_capacity_components.movement,NA,NA,NA,FALSE,
NM_FAP_2020,.concepts.adaptive_capacity_components.movement,NA,NA,NA,FALSE,
NM_FAP_2020,.concepts.adaptive_capacity_components.evolutionary_potential,Sub-strategy 6.3.3,1,TRUE,TRUE,Model and map of areas where reforestation will be successful is used and based on-site specific criteria developed through mapping of burn severity in forested and watershed areas and with guidelines
NM_FAP_2020,.concepts.adaptive_capacity_components.ecological_dependencies,NA,NA,NA,FALSE,
NM_FAP_2020,.concepts.adaptive_capacity_components.ecological_dependencies,NA,NA,NA,FALSE,
NM_FAP_2020,.concepts.adaptive_capacity_components.ecological_dependencies,NA,NA,NA,FALSE,
NM_FAP_2020,.concepts.adaptive_capacity_components.abiotic_niche,Sub-strategy 6.3.3,1,TRUE,TRUE,Data and information improve the likelihood that the right tree is planted in the right place for 2100.
NM_FAP_2020,.concepts.adaptive_capacity_components.life_history,NA,NA,NA,FALSE,
NM_FAP_2020,.concepts.adaptive_capacity_components.life_history,NA,NA,NA,FALSE,
NM_FAP_2020,.concepts.adaptive_capacity_components.life_history,NA,NA,NA,FALSE,
NM_FAP_2020,.concepts.connectivity,Strategy #9 -Land Conservation,1,TRUE,TRUE,Sub-strategy 9.1 -Develop and maintain a statewide land conservation strategy using relevant science to help guide conservation investments with state and federal funding. The conservation strategy sh
NM_FAP_2020,.concepts.connectivity,Map 43,1,TRUE,TRUE,"wildfire risk to biodiversity used in the shared stewardship prioritization of watersheds. This is the combined wildfire risk to critical habitat for terrestrial threatened and endangered species, lar"
NM_FAP_2020,.tools.vulnerability_models,Climate Change,1,TRUE,TRUE,"a compound ""climate dissimilarity index"" (Map 9) and an ""ecosystem vulnerability"" classification (Map 10) are used to map where climate change poses the greatest hazard. The climate dissimilarity inde"
NM_FAP_2020,.tools.vulnerability_models,[FIGURE: Ecosystem vulnerability to climate change (Triepke et al. 2019)],0.5167,FALSE,TRUE,Ecosystem vulnerability to climate change (Triepke et al. 2019)
NM_FAP_2020,.tools.niche_models,NA,NA,NA,FALSE,
NM_FAP_2020,.tools.niche_models,NA,NA,NA,FALSE,
NM_FAP_2020,.tools.niche_models,NA,NA,NA,FALSE,
NM_FAP_2020,.tools.climate_models,Climate Change,1,TRUE,TRUE,Climate dissimilarity is projected out to the year 2055 using an ensemble mean projection from 15 CMIP5 climate models (Carroll 2018)
NM_FAP_2020,.tools.connectivity_models,[FIGURE: Existing analyses like the 2016 State Wildlife Action Plan...],0.2302,FALSE,TRUE,Map 28. Two approaches to connectivity are included in this assessment. (a) Habitat connectivity for five focal species was modeled as set of least-cost corridors calculated using kernel density estim
NM_FAP_2020,.context.management_scale.local,NA,NA,NA,FALSE,
NM_FAP_2020,.context.management_scale.local,NA,NA,NA,FALSE,
NM_FAP_2020,.context.management_scale.local,NA,NA,NA,FALSE,
NM_FAP_2020,.context.management_scale.site,NA,NA,NA,FALSE,
NM_FAP_2020,.context.management_scale.site,NA,NA,NA,FALSE,
NM_FAP_2020,.context.management_scale.site,NA,NA,NA,FALSE,
NM_FAP_2020,.context.management_scale.watershed,Actions,0.9909,TRUE,TRUE,"The Priority Landscapes Model shows the top 500 watersheds identified by the SIP analysis, plus high-priority riparian areas identified by regional scientists using the same water, community and biodi"
NM_FAP_2020,.context.management_scale.city,NA,NA,NA,FALSE,
NM_FAP_2020,.context.management_scale.city,NA,NA,NA,FALSE,
NM_FAP_2020,.context.management_scale.city,NA,NA,NA,FALSE,
NM_FAP_2020,.context.management_scale.county,NA,NA,NA,FALSE,
NM_FAP_2020,.context.management_scale.county,NA,NA,NA,FALSE,
NM_FAP_2020,.context.management_scale.county,NA,NA,NA,FALSE,
NM_FAP_2020,.context.management_scale.within_state_region,List of Tables,1,TRUE,TRUE,These priority landscapes account for approximately 20% of all watersheds at risk.
NM_FAP_2020,.context.management_scale.state,I. Introduction,1,TRUE,TRUE,"The wall-to-wall, all-jurisdiction approach to this Forest Action Plan is ideal for developing and promoting cross boundary projects within New Mexico."
NM_FAP_2020,.context.management_scale.multistate,I. Introduction,1,TRUE,TRUE,The Core Team shared methodology with Colorado's Forest Action Plan team in hopes that plans from both states can be useful in cross state boundary projects as well.
NM_FAP_2020,.context.management_scale.national,NA,NA,NA,FALSE,
NM_FAP_2020,.context.management_scale.national,NA,NA,NA,FALSE,
NM_FAP_2020,.context.management_scale.national,NA,NA,NA,FALSE,
NM_FAP_2020,.context.management_scale.transnational,NA,NA,NA,FALSE,
NM_FAP_2020,.context.management_scale.transnational,NA,NA,NA,FALSE,
NM_FAP_2020,.context.management_scale.transnational,NA,NA,NA,FALSE,
NM_FAP_2020,.context.management_scale.ecosystem,Strategy #1 -Restore Forests and Watersheds,1,TRUE,TRUE,Identify and treat priority areas for forest and watershed restoration at large scale and across ownership boundaries to maximize ecosystem services and resilience to climate change and other identifi
NM_FAP_2020,.context.management_scale.ecoregion,NA,NA,NA,FALSE,
NM_FAP_2020,.context.management_scale.ecoregion,NA,NA,NA,FALSE,
NM_FAP_2020,.context.management_scale.ecoregion,NA,NA,NA,FALSE,
NM_FAP_2020,.context.management_scale.province,NA,NA,NA,FALSE,
NM_FAP_2020,.context.management_scale.province,NA,NA,NA,FALSE,
NM_FAP_2020,.context.management_scale.province,NA,NA,NA,FALSE,
NM_FAP_2020,.context.management_scale.section,NA,NA,NA,FALSE,
NM_FAP_2020,.context.management_scale.section,NA,NA,NA,FALSE,
NM_FAP_2020,.context.management_scale.section,NA,NA,NA,FALSE,
NM_FAP_2020,.context.management_scale.subsection,NA,NA,NA,FALSE,
NM_FAP_2020,.context.management_scale.subsection,NA,NA,NA,FALSE,
NM_FAP_2020,.context.management_scale.subsection,NA,NA,NA,FALSE,
NM_FAP_2020,.context.management_scale.lake,NA,NA,NA,FALSE,
NM_FAP_2020,.context.management_scale.lake,NA,NA,NA,FALSE,
NM_FAP_2020,.context.management_scale.lake,NA,NA,NA,FALSE,
NM_FAP_2020,.context.management_scale.river,NA,NA,NA,FALSE,
NM_FAP_2020,.context.management_scale.river,NA,NA,NA,FALSE,
NM_FAP_2020,.context.management_scale.river,NA,NA,NA,FALSE,
NM_FAP_2020,.context.management_scale.district,NA,NA,NA,FALSE,
NM_FAP_2020,.context.management_scale.district,NA,NA,NA,FALSE,
NM_FAP_2020,.context.management_scale.district,NA,NA,NA,FALSE,
NM_FAP_2020,.context.biological_unit_score,Theme: Biodiversity,1,TRUE,TRUE,"Widespread, uncharacteristically high-intensity wildfire and associated post-fire hazards threaten most of these resources, as do climate change, development and landscape fragmentation."
NM_FAP_2020,.context.biological_unit_score,VI. Background (Rare Plant Conservation Strategy section),1,TRUE,TRUE,"Impacts associated with climate change include prolonged droughts, increased fire frequency and severity-including severe habitat alteration caused by megafires-and increases in invasive species (plan"
NM_FAP_2020,.context.biological_unit_components.species,VI. Background (Rare Plant Conservation Strategy section),1,TRUE,TRUE,"The impacts are especially significant for small populations with restricted ranges, including many of the species endemic to New Mexico."
NM_FAP_2020,.context.biological_unit_components.population,NA,NA,NA,FALSE,
NM_FAP_2020,.context.biological_unit_components.population,NA,NA,NA,FALSE,
NM_FAP_2020,.context.biological_unit_components.population,NA,NA,NA,FALSE,
NM_FAP_2020,.context.biological_unit_components.habitat,Climate Change,1,TRUE,TRUE,Fragile habitats and scarce water resources will in turn be stressed by climate change.
NM_FAP_2020,.context.biological_unit_components.ecosystem,Climate Change,1,TRUE,TRUE,"a compound ""climate dissimilarity index"" (Map 9) and an ""ecosystem vulnerability"" classification (Map 10) are used to map where climate change poses the greatest hazard."
NM_FAP_2020,.context.biological_unit_components.community,VI. Background (Rare Plant Conservation Strategy section),1,TRUE,TRUE,all of these can alter associated plant communities.
NM_FAP_2020,.context.biological_unit_components.genotype_phenotype,Sub-strategy 6.3.3,1,TRUE,TRUE,guidelines for site specific species and genotypes for that ecotone or forest type to improve species survival in future climate envelope.
NM_FAP_2020,.context.partnerships_and_funding,I. Introduction,1,TRUE,TRUE,"In November 2019, the USDA Forest Service and State of New Mexico signed an Agreement for Shared Stewardship (Appendix C). The agreement strengthens an already solid partnership between the two entiti"
NM_FAP_2020,.context.partnerships_and_funding,Sub-strategy 1.2,1,TRUE,TRUE,Total funding directed to forest and watershed restoration projects in New Mexico by all agencies and partners is increased to $45 million annually.
NM_FAP_2020,.context.partnerships_and_funding,I. Introduction,1,TRUE,TRUE,One common goal of project managers is to pair federal grants with state or private funds to provide match and leverage greater accomplishments for all partners and funders.
NM_FAP_2020,.context.climate_threat_habitat_degradation,Climate Change (under Theme: Water Quality and Supply),1,TRUE,TRUE,Climate change is expected to decrease New Mexico's water supply by about one third through loss of winter snowpack and increased evapotranspiration (Llewellyn et al. 2013).
NM_FAP_2020,.context.climate_threat_habitat_degradation,VI. Background (Rare Plant Conservation Strategy section),1,TRUE,TRUE,"Impacts associated with climate change include prolonged droughts, increased fire frequency and severity-including severe habitat alteration caused by megafires-and increases in invasive species (plan"
NM_FAP_2020,.context.climate_threat_species_vital_rates,High Elevation Forests or Spruce-Fir Zone,1,TRUE,TRUE,"These forests are vulnerable to changing climate conditions. Recently, outbreaks of Spruce Bark Beetle, Spruce Budworm, Fir Engraver, and various pests and diseases on aspen have been more widespread,"
NM_FAP_2020,.context.climate_threat_biotic_stressors,Climate Change,1,TRUE,TRUE,Fragile habitats and scarce water resources will in turn be stressed by climate change. These climate change impacts will also compound other hazards by exacerbating fire seasons and forest pest outbr
NM_FAP_2020,.context.climate_threat_biotic_stressors,VI. Background (Rare Plant Conservation Strategy section),1,TRUE,TRUE,"Impacts associated with climate change include prolonged droughts, increased fire frequency and severity-including severe habitat alteration caused by megafires-and increases in invasive species (plan"
NM_FAP_2020,.actions.priority_habitat_identification,Actions,0.9877,TRUE,TRUE,"The Priority Landscapes Model shows the top 500 watersheds identified by the SIP analysis, plus high-priority riparian areas identified by regional scientists using the same water, community and biodi"
NM_FAP_2020,.actions.priority_habitat_identification,Map 43,1,TRUE,TRUE,"wildfire risk to biodiversity used in the shared stewardship prioritization of watersheds. This is the combined wildfire risk to critical habitat for terrestrial threatened and endangered species, lar"
NM_FAP_2020,.actions.priority_habitat_identification,[TABLE: * Number of technical assistance requests...],1,TRUE,TRUE,Determine criteria for evaluating potential landscapes on how forests have dealt with climate impacts in the past and what impacts are expected in the future. Include forest refugia areas spared durin
NM_FAP_2020,.actions.targeted_range_shift_actions,NA,NA,NA,FALSE,
NM_FAP_2020,.actions.targeted_range_shift_actions,NA,NA,NA,FALSE,
NM_FAP_2020,.actions.targeted_range_shift_actions,NA,NA,NA,FALSE,
NM_FAP_2020,.actions.time_bound_and_monitoring,[FIGURE: Number of protocols developed...],0.2757,FALSE,TRUE,"When: Initiate in 2020 with 10-year objectives and either annual or 3-year revisits to incorporate new data, technologies or techniques throughout the entire chain of reforestation i.e. seed collectio"
NM_FAP_2020,.actions.time_bound_and_monitoring,Sub-strategy 1.3 -Track activity to report progress and evaluate outcomes to inform continuous planning.,1,TRUE,TRUE,Tracked activity is evaluated annually. Monitoring and adaptive management are taking place. Data are collected and analyzed. Information about what works and what doesn't is shared and used by partne
NM_FAP_2020,.actions.time_bound_and_monitoring,Sub-strategy 1.2,1,TRUE,TRUE,Collaboratively developed treatment plans are produced for 100 planning units in high-priority landscapes over the next ten years.
NM_FAP_2020,.actions.evidence_of_efficacy,Ponderosa pine forests (Return Interval Rationale),1,TRUE,TRUE,"The Collaborative Forest Restoration Program has been monitoring some projects 5, 10, and 15 years post treatment. In general, treatments appear to be effective still at 5 years, but are approaching c"
NM_FAP_2020,.actions.evidence_of_efficacy,Ponderosa pine forests (Rationale for Percent of Forest Type to Treat),1,TRUE,TRUE,Various modeling efforts have demonstrated that treatments on the landscape can moderate fire intensity if 40% of the type is treated. Some models (see the work of Mark Finney) have inferred that care
NM_FAP_2020,.actions.evidence_of_efficacy,Water Quality and Water Supply,1,TRUE,TRUE,A 2019 analysis by the USFS Rocky Mountain Research Station indicates that treating areas prioritized for protecting water quality and water supplies in New Mexico had correlated reduction in wildfire
NM_FAP_2020,.actions.adaptation_planning_frameworks,List of Tables,1,TRUE,TRUE,The Assessment models were augmented with a Scenario Investment Planning (SIP) process supported by the Rocky Mountain Research Station (RMRS) National Fire Decision Support Center and vetted by local
NV_FAP_2020,.concepts.climate_vulnerability,Plant and Animal Habitats Under Pressure,1,TRUE,TRUE,"Unchecked climate change threatens the current state of all populations of plants and animals and their suitable habitats. As Nevada warms, per climate predictions, it is likely that the highest and l"
NV_FAP_2020,.concepts.climate_vulnerability,Climate Change Influences (Species Requiring Specialized Conservation),1,TRUE,TRUE,"Plant species are vulnerable in Nevada to population declines, extirpations, or even extinction, due to narrow habitat niches or geographic isolation. When a plant population cannot respond rapidly en"
NV_FAP_2020,.concepts.climate_vulnerability,Climate Change Influences (Species Requiring Specialized Conservation),0.3444,FALSE,TRUE,Species with low adaptive capacity such as those with specialized habitat needs or limited dispersal ability face higher vulnerability to these changes.
NV_FAP_2020,.concepts.adaptive_capacity_specificity,Climate Change Influences (Species Requiring Specialized Conservation),0.3444,FALSE,TRUE,Species with low adaptive capacity such as those with specialized habitat needs or limited dispersal ability face higher vulnerability to these changes.
NV_FAP_2020,.concepts.adaptive_capacity_specificity,Species Requiring Specialized Conservation (intro),1,TRUE,TRUE,"Since most plants do not migrate as readily as many animal species, they often become adapted to their specific local habitats, making them more vulnerable to short-term disturbances, fires, or rapid "
NV_FAP_2020,.concepts.adaptive_capacity_components.demography,NA,NA,NA,FALSE,
NV_FAP_2020,.concepts.adaptive_capacity_components.demography,NA,NA,NA,FALSE,
NV_FAP_2020,.concepts.adaptive_capacity_components.demography,NA,NA,NA,FALSE,
NV_FAP_2020,.concepts.adaptive_capacity_components.distribution,Warm and Hot Deserts - Trends,0.8824,TRUE,TRUE,Warming and drying southwestern climates are predicted to result in an expansion of creosote-bursage communities northward. Thermic and mesic blackbrush communities are predicted to lose 50 percent of
NV_FAP_2020,.concepts.adaptive_capacity_components.distribution,Plant and Animal Habitats Under Pressure,1,TRUE,TRUE,"as species migrate upslope or north in latitude to follow suitable climatic and other environmental conditions, the lowest elevations will experience conditions that don't current exist on the landsca"
NV_FAP_2020,.concepts.adaptive_capacity_components.movement,Climate Change Influences (Species Requiring Specialized Conservation),1,TRUE,TRUE,"For plants that are geographically isolated, they may lack effective dispersal mechanisms to colonize similar, but distant habitats."
NV_FAP_2020,.concepts.adaptive_capacity_components.movement,Climate Change Influences (Species Requiring Specialized Conservation),0.3444,FALSE,TRUE,Species with low adaptive capacity such as those with specialized habitat needs or limited dispersal ability face higher vulnerability to these changes.
NV_FAP_2020,.concepts.adaptive_capacity_components.evolutionary_potential,Mixed Conifer Forests - Trends,1,TRUE,TRUE,Trees that have the genetic capability to adapt and function at low levels of available water will outcompete trees with lower drought tolerance. This will likely affect species composition and may st
NV_FAP_2020,.concepts.adaptive_capacity_components.ecological_dependencies,Climate Change Influences (Species Requiring Specialized Conservation),1,TRUE,TRUE,"Las Vegas bearpoppy is dependent on specific species of bees for pollination. The bees, which are presently under review as federally protected invertebrate species, may also be vulnerable to climate "
NV_FAP_2020,.concepts.adaptive_capacity_components.abiotic_niche,Climate Change Influences (Species Requiring Specialized Conservation),1,TRUE,TRUE,"This might be due to one or a combination of factors: 1) already being at or near the highest elevation on a mountain range, 2) incompatible habitat to migrate to above its present habitat and 3) the "
NV_FAP_2020,.concepts.adaptive_capacity_components.abiotic_niche,Climate Change Influences (Species Requiring Specialized Conservation),1,TRUE,TRUE,"Las Vegas bearpoppy (Arctomecon californica) there is no higher elevation habitat to migrate to, because it requires soils with gypsum."
NV_FAP_2020,.concepts.adaptive_capacity_components.life_history,NA,NA,NA,FALSE,
NV_FAP_2020,.concepts.adaptive_capacity_components.life_history,NA,NA,NA,FALSE,
NV_FAP_2020,.concepts.adaptive_capacity_components.life_history,NA,NA,NA,FALSE,
NV_FAP_2020,.concepts.connectivity,#1 - Forest and Woodland Health - Values at Risk,1,TRUE,TRUE,"Wildlife depend on horizontally contiguous forested tracts for functional habitat. Development of communities, infrastructure, and the occurrence of high intensity wildfire in forested areas poses the"
NV_FAP_2020,.concepts.connectivity,#4 - Riparian-Wetland Systems Goals and Strategies (Strategy 4-2-1),1,TRUE,TRUE,maintain habitat connectivity by implementing management and restoration practices
NV_FAP_2020,.concepts.connectivity,#4 - Riparian-Wetland Systems - Challenges,1,TRUE,TRUE,isolated springs and wetlands are isolated from species or genotypes of species that may be better adapted and more resilient to changing climate conditions.
NV_FAP_2020,.tools.vulnerability_models,Climate Change Influences (Species Requiring Specialized Conservation),1,TRUE,TRUE,The Nevada Division of Natural Heritage (2020) applied the Climate Change Vulnerability Index (NatureServe 2020a) to identify and quantify the threats to plants and animals susceptible to climate chan
NV_FAP_2020,.tools.vulnerability_models,Climate Change Influences (Species Requiring Specialized Conservation),1,TRUE,TRUE,"Six plants are listed as Highly Vulnerable, meaning that their 'abundance and/or range extent within Nevada is likely to decrease significantly by 2050.' Fourteen plants are listed as Moderately Vulne"
NV_FAP_2020,.tools.niche_models,NA,NA,NA,FALSE,
NV_FAP_2020,.tools.niche_models,NA,NA,NA,FALSE,
NV_FAP_2020,.tools.niche_models,NA,NA,NA,FALSE,
NV_FAP_2020,.tools.climate_models,Climate Change,1,TRUE,TRUE,"Models are used to predict a plateau of temperatures and associated negative outcomes if GHGs emissions are curbed. Informed by these models, policy makers in Nevada joined the US Climate Alliance, en"
NV_FAP_2020,.tools.climate_models,#8 - Climate Change Mitigation - Goals and Strategies,1,TRUE,TRUE,Strategy 8-4-1: scale down climate change predictive models to determine regional trends and impacts in the state.
NV_FAP_2020,.tools.connectivity_models,Priority Landscapes Assessment,1,TRUE,TRUE,"A comprehensive geospatial analysis was conducted using 29 data sets selected for their themes, attributes, efficacy, and completeness."
NV_FAP_2020,.tools.connectivity_models,Priority Landscapes Designations,1,TRUE,TRUE,"Using the priority landscapes GIS analysis, 22 Priority Landscape Areas were digitized based on the highest concentration of threats, values, and collaborative opportunities. Logical geographic featur"
NV_FAP_2020,.context.management_scale.local,#4 - Riparian-Wetland Systems Goals and Strategies,1,TRUE,TRUE,Strategy 4-2-3: Facilitate public-private partnerships to prioritize and implement management strategies along riparian corridors that cross multiple landownership categories
NV_FAP_2020,.context.management_scale.site,Executive Summary,1,TRUE,TRUE,"Providing a framework and analyses to establish priority landscapes, this FRWAP is intended to focus energy and investment in natural resource and wildland fire management projects"
NV_FAP_2020,.context.management_scale.watershed,Timberlands and Woodlands,1,TRUE,TRUE,"For purposes of identifying areas of resource significance and subsequently designating priority landscapes in this Action Plan, the Hydrologic Unit Codes (HUC) 10 and HUC 12 divisions were used."
NV_FAP_2020,.context.management_scale.city,NA,NA,NA,FALSE,
NV_FAP_2020,.context.management_scale.city,NA,NA,NA,FALSE,
NV_FAP_2020,.context.management_scale.city,NA,NA,NA,FALSE,
NV_FAP_2020,.context.management_scale.county,Regional Climate Divisions,1,TRUE,TRUE,"The northeastern Nevada climate division is comprised of Elko, Lander, Eureka, and White Pine counties."
NV_FAP_2020,.context.management_scale.within_state_region,Priority Landscapes Designations,1,TRUE,TRUE,"Using the priority landscapes GIS analysis, 22 Priority Landscape Areas were digitized based on the highest concentration of threats, values, and collaborative opportunities."
NV_FAP_2020,.context.management_scale.state,Plan Summary,1,TRUE,TRUE,"The resulting priority map was used to designate 22 Priority Landscapes with similar geography, hydrography, ecosystems and other characteristics that account for approximately 60 percent of the land "
NV_FAP_2020,.context.management_scale.multistate,Interstate Collaboration,1,TRUE,TRUE,"Nevada's neighboring states are faced with the same or similar issues identified in this plan. Where the same issues or priority landscapes designated by each state abut at state lines, states will wo"
NV_FAP_2020,.context.management_scale.national,NA,NA,NA,FALSE,
NV_FAP_2020,.context.management_scale.national,NA,NA,NA,FALSE,
NV_FAP_2020,.context.management_scale.national,NA,NA,NA,FALSE,
NV_FAP_2020,.context.management_scale.transnational,NA,NA,NA,FALSE,
NV_FAP_2020,.context.management_scale.transnational,NA,NA,NA,FALSE,
NV_FAP_2020,.context.management_scale.transnational,NA,NA,NA,FALSE,
NV_FAP_2020,.context.management_scale.ecosystem,Major Terrestrial Ecosystems,1,TRUE,TRUE,"Nine major vegetated, non-production agricultural terrestrial ecosystems were identified to assess the conditions, set regional priorities for investment and action, and develop applicable strategies "
NV_FAP_2020,.context.management_scale.ecoregion,Major Terrestrial Ecosystems,1,TRUE,TRUE,"at high elevations mixed conifer forests are found within every ecoregion in the state: Mojave, Great Basin, Columbia Plateau, and Sierra Nevada."
NV_FAP_2020,.context.management_scale.province,NA,NA,NA,FALSE,
NV_FAP_2020,.context.management_scale.province,NA,NA,NA,FALSE,
NV_FAP_2020,.context.management_scale.province,NA,NA,NA,FALSE,
NV_FAP_2020,.context.management_scale.section,NA,NA,NA,FALSE,
NV_FAP_2020,.context.management_scale.section,NA,NA,NA,FALSE,
NV_FAP_2020,.context.management_scale.section,NA,NA,NA,FALSE,
NV_FAP_2020,.context.management_scale.subsection,NA,NA,NA,FALSE,
NV_FAP_2020,.context.management_scale.subsection,NA,NA,NA,FALSE,
NV_FAP_2020,.context.management_scale.subsection,NA,NA,NA,FALSE,
NV_FAP_2020,.context.management_scale.lake,NA,NA,NA,FALSE,
NV_FAP_2020,.context.management_scale.lake,NA,NA,NA,FALSE,
NV_FAP_2020,.context.management_scale.lake,NA,NA,NA,FALSE,
NV_FAP_2020,.context.management_scale.river,#7 - Water Quality and Quantity - Goals and Strategies,1,TRUE,TRUE,"Strategy 7-2-3: restore rivers, streams and other riparian area, flood plains and wetlands to proper functioning condition to increase groundwater recharge, reduce sedimentation of water supplies, and"
NV_FAP_2020,.context.management_scale.district,NA,NA,NA,FALSE,
NV_FAP_2020,.context.management_scale.district,NA,NA,NA,FALSE,
NV_FAP_2020,.context.management_scale.district,NA,NA,NA,FALSE,
NV_FAP_2020,.context.biological_unit_score,Warm and Hot Deserts - Trends,0.9508,TRUE,TRUE,Warming and drying southwestern climates are predicted to result in an expansion of creosote-bursage communities northward.
NV_FAP_2020,.context.biological_unit_score,Climate Change Influences (Species Requiring Specialized Conservation),1,TRUE,TRUE,"Plant species are vulnerable in Nevada to population declines, extirpations, or even extinction, due to narrow habitat niches or geographic isolation."
NV_FAP_2020,.context.biological_unit_components.species,Climate Change Influences (Species Requiring Specialized Conservation),1,TRUE,TRUE,"Plant species are vulnerable in Nevada to population declines, extirpations, or even extinction, due to narrow habitat niches or geographic isolation. When a plant population cannot respond rapidly en"
NV_FAP_2020,.context.biological_unit_components.population,Climate Change Influences (Species Requiring Specialized Conservation),1,TRUE,TRUE,"Four plants are considered Extremely Vulnerable, meaning that 'their abundance and/or range extent within Nevada makes them extremely likely to substantially decrease or disappear by 2050.'"
NV_FAP_2020,.context.biological_unit_components.habitat,#8 - Climate Change Mitigation - Values at Risk,1,TRUE,TRUE,Habitats will have altered suitability for specialized populations
NV_FAP_2020,.context.biological_unit_components.ecosystem,Warm and Hot Deserts - Trends,0.8824,TRUE,TRUE,Warming and drying southwestern climates are predicted to result in an expansion of creosote-bursage communities northward. Thermic and mesic blackbrush communities are predicted to lose 50 percent of
NV_FAP_2020,.context.biological_unit_components.community,Other Cold Desert Shrublands and Grasslands - Trends,1,TRUE,TRUE,Climate change effects occurring within grasslands and meadows include successional type conversions to shrub communities and tree encroachment.
NV_FAP_2020,.context.biological_unit_components.genotype_phenotype,Mixed Conifer Forests - Trends,1,TRUE,TRUE,Trees that have the genetic capability to adapt and function at low levels of available water will outcompete trees with lower drought tolerance.
NV_FAP_2020,.context.partnerships_and_funding,Shared Stewardship Priority Areas,1,TRUE,TRUE,"In 2019, Nevada land management partners held coordinating meetings that created discussion and consensus rich environments that allowed the partners to start forming an idea of how and where land man"
NV_FAP_2020,.context.partnerships_and_funding,Service Delivery,0.8843,TRUE,TRUE,Most of the efforts are funded through federal agency budgets and pass-through federal grants to state and local agencies.
NV_FAP_2020,.context.climate_threat_habitat_degradation,#1 - Forest and Woodland Health - Climate Change Influence,1,TRUE,TRUE,Drought stress for mixed conifer forests and pinyon-juniper woodlands has caused longer bark beetle epidemics and overall loss of tree health due to lack of water.
NV_FAP_2020,.context.climate_threat_habitat_degradation,Riparian-Wetland Systems - Climate Change Influence,1,TRUE,TRUE,"Impacts of climate change on riparian systems will be largely dependent on water quantity associated with snowpack throughout watersheds in upper elevations and latitudes, timing of precipitation, and"
NV_FAP_2020,.context.climate_threat_habitat_degradation,#5 - Sagebrush Ecosystems - Climate Change Influence,1,TRUE,TRUE,Extended fire seasons through climatic factors and increased abundance of early curing cheatgrass
NV_FAP_2020,.context.climate_threat_species_vital_rates,High Elevation Forests - Trends,1,TRUE,TRUE,"Extended drought in the late 1980's, early 1990's, and mid 2010's stressed the trees, leading to increased insect and disease susceptibility and activity."
NV_FAP_2020,.context.climate_threat_species_vital_rates,High Elevation Forests - Trends,1,TRUE,TRUE,"Whitebark pine, bristlecone, and limber pine forests are experiencing multiple threats including climate change, fire exclusion, mountain pine beetle, and white pine blister rust. Insect outbreaks fro"
NV_FAP_2020,.context.climate_threat_biotic_stressors,Other Cold Desert Shrublands and Grasslands - Trends,1,TRUE,TRUE,"Warmer winters and earlier onset of the spring growing season accelerate invasion by cheatgrass, shortening historical fire return intervals and hampering vegetation recovery potential."
NV_FAP_2020,.context.climate_threat_biotic_stressors,Plant and Animal Habitats Under Pressure,1,TRUE,TRUE,"as species migrate upslope or north in latitude to follow suitable climatic and other environmental conditions, the lowest elevations will experience conditions that don't current exist on the landsca"
NV_FAP_2020,.context.climate_threat_biotic_stressors,Riparian-Wetland Systems - Climate Change Influence,1,TRUE,TRUE,"with warmer winter temperatures, earlier snowmelt may result in consistently lower flows throughout late spring and summer, which may be catastrophic to the vegetation by disrupting the phenological r"
NV_FAP_2020,.actions.priority_habitat_identification,Priority Landscapes Designations,1,TRUE,TRUE,"Using the priority landscapes GIS analysis, 22 Priority Landscape Areas were digitized based on the highest concentration of threats, values, and collaborative opportunities. Logical geographic featur"
NV_FAP_2020,.actions.priority_habitat_identification,Plan Summary,1,TRUE,TRUE,"The resulting priority map was used to designate 22 Priority Landscapes with similar geography, hydrography, ecosystems and other characteristics that account for approximately 60 percent of the land "
NV_FAP_2020,.actions.priority_habitat_identification,Priority Landscapes Assessment,1,TRUE,TRUE,"A comprehensive geospatial analysis was conducted using 29 data sets selected for their themes, attributes, efficacy, and completeness."
NV_FAP_2020,.actions.targeted_range_shift_actions,NA,NA,NA,FALSE,
NV_FAP_2020,.actions.targeted_range_shift_actions,NA,NA,NA,FALSE,
NV_FAP_2020,.actions.targeted_range_shift_actions,NA,NA,NA,FALSE,
NV_FAP_2020,.actions.time_bound_and_monitoring,Plan Summary,1,TRUE,TRUE,Each strategy has an accompanying performance measure that will allow stakeholders to monitor progression of the strategy implementation and toward attainment of associated goals.
NV_FAP_2020,.actions.time_bound_and_monitoring,Monitoring,0.9936,TRUE,TRUE,Ongoing monitoring by NDF and partners will provide data for determining whether changes are needed in our approach to addressing identified threats/issues. Strategies that prove effective through for
NV_FAP_2020,.actions.evidence_of_efficacy,Galena project description,0.509,FALSE,TRUE,"NDF partnered with private landowners, Galena Forests Estates, Washoe County, and the USFS to treat over 60 acres of native Jeffrey pine and riparian forest... Treatments included hand thinning and pi"
NV_FAP_2020,.actions.evidence_of_efficacy,Clear Creek project description,1,TRUE,TRUE,"A resilient forest is better able to adapt to climate change and survive wildfires. Due to historic logging, grazing and forestry practices the forests of the Sierra Front are at high risk of forest t"
NV_FAP_2020,.actions.evidence_of_efficacy,South Fork River Stabilization project description,0.5556,FALSE,TRUE,"To improve water quality in the South Fork of the Humboldt River and South Fork Reservoir, 319(h) projects implemented 2015 -2019 focused on the following goals... Through revegetation, the project ha"
NV_FAP_2020,.actions.adaptation_planning_frameworks,Climate Change,1,TRUE,TRUE,As part of the recent policy package the administration will identify and evaluate policies and regulatory strategies that create climate resiliency and mitigation of the impacts of climate change in 
NV_FAP_2020,.actions.adaptation_planning_frameworks,#8 - Climate Change Mitigation - Goals and Strategies,1,TRUE,TRUE,"Strategy 8-4-3: create and make a comprehensive menu of climate change mitigation tools and techniques available for natural resource, land, and fire managers."
NY_FAP_2020,.concepts.climate_vulnerability,Assessment: Effects of a changing climate and environment on New York's forests,1,TRUE,TRUE,"Boreal species of cold climates and high elevation (i.e., balsam fir, red spruce, and black spruce) are at greatest risk for decline, as they are projected to lose suitable habitat over the next centu"
NY_FAP_2020,.concepts.climate_vulnerability,Assessment: Effects of a changing climate and environment on New York's forests,1,TRUE,TRUE,Populations in isolated and fragmented landscapes will have limited ability to migrate in response to a changing climate.
NY_FAP_2020,.concepts.climate_vulnerability,Table: Forest Habitats that Support SGCN,1,TRUE,TRUE,"climate change-induced habitat shifts, excessive human recreation, and overabundant white-tailed deer."
NY_FAP_2020,.concepts.adaptive_capacity_specificity,Assessment: Effects of a changing climate and environment on New York's forests,1,TRUE,TRUE,Populations in isolated and fragmented landscapes will have limited ability to migrate in response to a changing climate.
NY_FAP_2020,.concepts.adaptive_capacity_specificity,Assessment: Connectivity of forests,1,TRUE,TRUE,"The unimpeded movement of animals is important to maintain their genetic diversity, and also allows wildlife to move to suitable habitats, which is an important adaptation strategy to climate change."
NY_FAP_2020,.concepts.adaptive_capacity_components.demography,NA,NA,NA,FALSE,
NY_FAP_2020,.concepts.adaptive_capacity_components.demography,NA,NA,NA,FALSE,
NY_FAP_2020,.concepts.adaptive_capacity_components.demography,NA,NA,NA,FALSE,
NY_FAP_2020,.concepts.adaptive_capacity_components.distribution,Assessment: Effects of a changing climate and environment on New York's forests,1,TRUE,TRUE,"On the other hand, species with southern ranges, such as red maple, northern red oak, black cherry, and American basswood, may expand their suitable range northward."
NY_FAP_2020,.concepts.adaptive_capacity_components.movement,Assessment: Effects of a changing climate and environment on New York's forests,1,TRUE,TRUE,Populations in isolated and fragmented landscapes will have limited ability to migrate in response to a changing climate.
NY_FAP_2020,.concepts.adaptive_capacity_components.evolutionary_potential,Assessment: Connectivity of forests,1,TRUE,TRUE,"The unimpeded movement of animals is important to maintain their genetic diversity, and also allows wildlife to move to suitable habitats, which is an important adaptation strategy to climate change."
NY_FAP_2020,.concepts.adaptive_capacity_components.ecological_dependencies,Assessment: Effects of a changing climate and environment on New York's forests,1,TRUE,TRUE,An earlier budburst misaligns flowering with the phenology of spring pollinators. This may stunt regeneration and forest productivity of certain tree species.
NY_FAP_2020,.concepts.adaptive_capacity_components.abiotic_niche,Assessment: Effects of a changing climate and environment on New York's forests,1,TRUE,TRUE,"Boreal species of cold climates and high elevation (i.e., balsam fir, red spruce, and black spruce) are at greatest risk for decline, as they are projected to lose suitable habitat over the next centu"
NY_FAP_2020,.concepts.adaptive_capacity_components.life_history,NA,NA,NA,FALSE,
NY_FAP_2020,.concepts.adaptive_capacity_components.life_history,NA,NA,NA,FALSE,
NY_FAP_2020,.concepts.adaptive_capacity_components.life_history,NA,NA,NA,FALSE,
NY_FAP_2020,.concepts.connectivity,Strategy: Actively pursue afforestation and forest restoration efforts,1,TRUE,TRUE,"Strive to maintain connectivity among forested habitats to allow movement of wildlife, including their migration in response to climate change, and also maintain the health of the habitat itself."
NY_FAP_2020,.concepts.connectivity,Highlands Region,1,TRUE,TRUE,This area is identified by TNC and others as a critical forest corridor connecting Appalachian forests of the Mid-Atlantic to the Northern Forests of New England. This corridor also provides a signifi
NY_FAP_2020,.concepts.connectivity,Strategy: Understand and respond to negative effects of climate change on forests,1,TRUE,TRUE,Work to increase connectivity of vulnerable forests where connections would benefit the migration of species while continuing to isolate areas where invasive species pose a threat.
NY_FAP_2020,.tools.vulnerability_models,NA,NA,NA,FALSE,
NY_FAP_2020,.tools.vulnerability_models,NA,NA,NA,FALSE,
NY_FAP_2020,.tools.vulnerability_models,NA,NA,NA,FALSE,
NY_FAP_2020,.tools.niche_models,NA,NA,NA,FALSE,
NY_FAP_2020,.tools.niche_models,NA,NA,NA,FALSE,
NY_FAP_2020,.tools.niche_models,NA,NA,NA,FALSE,
NY_FAP_2020,.tools.climate_models,Acknowledgments / end of document,1,TRUE,TRUE,New York State's 'ClimAID' report is the authoritative resources for observed and projected climate change in the state and is updated based on the global models produced by the Intergovernmental Pane
NY_FAP_2020,.tools.climate_models,Valuing forests for carbon storage and community adaptation to climate change [TABLE],1,TRUE,TRUE,"If the sea level rises 0.33 to 0.63 m between 2080 and 2100, as it is projected to increase under the RCP 6.0 scenario, there will be approximately 1,886,000 people living under the high-tide lines in"
NY_FAP_2020,.tools.connectivity_models,Assessment: Connectivity of forests / Soil resources in forests,0.3626,FALSE,TRUE,"Staying Connected Initiative (http://stayingconnectedinitiative.org), led by TNC, utilized landscape permeability modeling to identify the least-cost path linkages across the Northeast. In New York, t"
NY_FAP_2020,.context.management_scale.local,Strategy: Actively pursue afforestation and forest restoration efforts,1,TRUE,TRUE,"Support community-level land use planning, which is critical for maintaining and restoring forest connectivity."
NY_FAP_2020,.context.management_scale.site,Strategy: Understand and respond to negative effects of climate change on forests,1,TRUE,TRUE,Increase protection of resilient sites for species and communities. Evaluate New York's existing conservation lands to identify gaps that need to be filled to ensure conservation of the full range of 
NY_FAP_2020,.context.management_scale.watershed,Assessment: Forest protection for drinking water quality and supply,1,TRUE,TRUE,The primary source of New York City's drinking water is the Catskill area watershed. The City works to protect and restore this watershed rather than build a multi-billion-dollar water filtration plan
NY_FAP_2020,.context.management_scale.city,NA,NA,NA,FALSE,
NY_FAP_2020,.context.management_scale.city,NA,NA,NA,FALSE,
NY_FAP_2020,.context.management_scale.city,NA,NA,NA,FALSE,
NY_FAP_2020,.context.management_scale.county,NA,NA,NA,FALSE,
NY_FAP_2020,.context.management_scale.county,NA,NA,NA,FALSE,
NY_FAP_2020,.context.management_scale.county,NA,NA,NA,FALSE,
NY_FAP_2020,.context.management_scale.within_state_region,Assessment: New York's forested landcover,1,TRUE,TRUE,"The most heavily forested parts of the state remain the Western Adirondack, Eastern Adirondack, and Adirondack units."
NY_FAP_2020,.context.management_scale.state,Organization of the Plan,1,TRUE,TRUE,This New York State Forest Action Plan is a 10-year strategic plan for DEC and New York's forestry community.
NY_FAP_2020,.context.management_scale.multistate,Highlands Region,1,TRUE,TRUE,This area is identified by TNC and others as a critical forest corridor connecting Appalachian forests of the Mid-Atlantic to the Northern Forests of New England. This corridor also provides a signifi
NY_FAP_2020,.context.management_scale.national,NA,NA,NA,FALSE,
NY_FAP_2020,.context.management_scale.national,NA,NA,NA,FALSE,
NY_FAP_2020,.context.management_scale.national,NA,NA,NA,FALSE,
NY_FAP_2020,.context.management_scale.transnational,Lake Champlain Basin,1,TRUE,TRUE,The Lake Champlain basin is a multinational resource of more 5.2 million acres that is affected by urban development and agricultural runoff.
NY_FAP_2020,.context.management_scale.ecosystem,Strategy: Understand and respond to negative effects of climate change on forests,1,TRUE,TRUE,"Working with partners, identify areas with high connectivity and biophysical complexity (TNC's 'Resilient and Connected Network for New York State'), as well as ways to determine how ecosystem drivers"
NY_FAP_2020,.context.management_scale.ecoregion,Assessment: Status of forest biodiversity (NAP),0.4198,FALSE,TRUE,"Northern Appalachian/Acadian Ecoregion (NAP): NAP matrix forests: beech-maple mesic forest, spruce-northern hardwood forest, spruce flats, and mountain spruce-fir forest."
NY_FAP_2020,.context.management_scale.province,NA,NA,NA,FALSE,
NY_FAP_2020,.context.management_scale.province,NA,NA,NA,FALSE,
NY_FAP_2020,.context.management_scale.province,NA,NA,NA,FALSE,
NY_FAP_2020,.context.management_scale.section,NA,NA,NA,FALSE,
NY_FAP_2020,.context.management_scale.section,NA,NA,NA,FALSE,
NY_FAP_2020,.context.management_scale.section,NA,NA,NA,FALSE,
NY_FAP_2020,.context.management_scale.subsection,NA,NA,NA,FALSE,
NY_FAP_2020,.context.management_scale.subsection,NA,NA,NA,FALSE,
NY_FAP_2020,.context.management_scale.subsection,NA,NA,NA,FALSE,
NY_FAP_2020,.context.management_scale.lake,NA,NA,NA,FALSE,
NY_FAP_2020,.context.management_scale.lake,NA,NA,NA,FALSE,
NY_FAP_2020,.context.management_scale.lake,NA,NA,NA,FALSE,
NY_FAP_2020,.context.management_scale.river,NA,NA,NA,FALSE,
NY_FAP_2020,.context.management_scale.river,NA,NA,NA,FALSE,
NY_FAP_2020,.context.management_scale.river,NA,NA,NA,FALSE,
NY_FAP_2020,.context.management_scale.district,NA,NA,NA,FALSE,
NY_FAP_2020,.context.management_scale.district,NA,NA,NA,FALSE,
NY_FAP_2020,.context.management_scale.district,NA,NA,NA,FALSE,
NY_FAP_2020,.context.biological_unit_score,Assessment: Effects of a changing climate and environment on New York's forests,1,TRUE,TRUE,Changes in climatic conditions are projected to shift species ranges and alter forest composition: Many northern and boreal tree species will face increasing stress from climate change.
NY_FAP_2020,.context.biological_unit_score,Assessment: Connectivity of forests,1,TRUE,TRUE,"Habitat connectivity is important on many geographic scales, from the local scale of seasonal migration of amphibians between breeding pools and upland habitats, to the regional range expansion of moo"
NY_FAP_2020,.context.biological_unit_components.species,Assessment: Effects of a changing climate and environment on New York's forests,1,TRUE,TRUE,"Boreal species of cold climates and high elevation (i.e., balsam fir, red spruce, and black spruce) are at greatest risk for decline, as they are projected to lose suitable habitat over the next centu"
NY_FAP_2020,.context.biological_unit_components.population,Assessment: Effects of a changing climate and environment on New York's forests,1,TRUE,TRUE,Populations in isolated and fragmented landscapes will have limited ability to migrate in response to a changing climate.
NY_FAP_2020,.context.biological_unit_components.habitat,Table: Forest Habitats that Support SGCN,1,TRUE,TRUE,"climate change-induced habitat shifts, excessive human recreation, and overabundant white-tailed deer."
NY_FAP_2020,.context.biological_unit_components.ecosystem,Strategy: Understand and respond to negative effects of climate change on forests,1,TRUE,TRUE,"Working with partners, identify areas with high connectivity and biophysical complexity (TNC's 'Resilient and Connected Network for New York State'), as well as ways to determine how ecosystem drivers"
NY_FAP_2020,.context.biological_unit_components.community,Strategy: Understand and respond to negative effects of climate change on forests,1,TRUE,TRUE,Increase protection of resilient sites for species and communities. Evaluate New York's existing conservation lands to identify gaps that need to be filled to ensure conservation of the full range of 
NY_FAP_2020,.context.biological_unit_components.genotype_phenotype,NA,NA,NA,FALSE,
NY_FAP_2020,.context.biological_unit_components.genotype_phenotype,NA,NA,NA,FALSE,
NY_FAP_2020,.context.biological_unit_components.genotype_phenotype,NA,NA,NA,FALSE,
NY_FAP_2020,.context.partnerships_and_funding,Strategy: Understand and respond to negative effects of climate change on forests,1,TRUE,TRUE,"Partner with academic institutions, federal agencies, and other entities to research effects of climate change on forests."
NY_FAP_2020,.context.partnerships_and_funding,Strategy: Understand and respond to negative effects of climate change on forests,1,TRUE,TRUE,"Working with partners, identify areas with high connectivity and biophysical complexity (TNC's 'Resilient and Connected Network for New York State'), as well as ways to determine how ecosystem drivers"
NY_FAP_2020,.context.climate_threat_habitat_degradation,Assessment: Effects of a changing climate and environment on New York's forests,1,TRUE,TRUE,"Extreme heat and droughts will limit available water for photosynthesis, which will restrict carbon sequestration and reduce plant productivity. These conditions also increase the threat of wildfires,"
NY_FAP_2020,.context.climate_threat_habitat_degradation,Assessment: Forest health monitoring [TABLE],0.3587,FALSE,TRUE,"Shorter, warmer winters may not provide timely or sufficient cold periods for trees to become frost hardened, and frequent thaw-freeze cycles during winter may affect dormancy and essential early spri"
NY_FAP_2020,.context.climate_threat_species_vital_rates,Assessment: Effects of a changing climate and environment on New York's forests,1,TRUE,TRUE,"Conditions affecting tree regeneration and recruitment will change. Seedlings are more vulnerable than mature trees to changes in temperature, moisture, and other seedbed and early growth requirements"
NY_FAP_2020,.context.climate_threat_species_vital_rates,Assessment: Forest product manufacturing / Wildlife benefits,1,TRUE,TRUE,Decline in hardwood species may also be linked to decreased winter snow cover/warming.
NY_FAP_2020,.context.climate_threat_biotic_stressors,Assessment: Effects of a changing climate and environment on New York's forests,1,TRUE,TRUE,"Warmer temperatures and milder winters allow for faster spread of forest pests. Specifically, forests of low species diversity are at greatest risk of disturbance."
NY_FAP_2020,.context.climate_threat_biotic_stressors,Assessment: Effects of a changing climate and environment on New York's forests,1,TRUE,TRUE,An earlier budburst misaligns flowering with the phenology of spring pollinators. This may stunt regeneration and forest productivity of certain tree species.
NY_FAP_2020,.actions.priority_habitat_identification,Strategy: Understand and respond to negative effects of climate change on forests,1,TRUE,TRUE,Protect unique forest areas as refugia for at-risk plant and animal species.
NY_FAP_2020,.actions.priority_habitat_identification,Assessment: Connectivity of forests / Soil resources in forests,1,TRUE,TRUE,"The Habitat Assessment chapter of the SWAP identified five areas of large, relatively intact forests within New York-Adirondacks, Catskills, and the Allegheny, Tug Hill, and Rensselaer Plateaus-as wel"
NY_FAP_2020,.actions.priority_habitat_identification,Strategy: Understand and respond to negative effects of climate change on forests,1,TRUE,TRUE,Increase protection of resilient sites for species and communities. Evaluate New York's existing conservation lands to identify gaps that need to be filled to ensure conservation of the full range of 
NY_FAP_2020,.actions.targeted_range_shift_actions,Strategy: Actively pursue afforestation and forest restoration efforts,1,TRUE,TRUE,"Strive to maintain connectivity among forested habitats to allow movement of wildlife, including their migration in response to climate change, and also maintain the health of the habitat itself. Simi"
NY_FAP_2020,.actions.targeted_range_shift_actions,Strategy: Understand and respond to negative effects of climate change on forests,1,TRUE,TRUE,Work to increase connectivity of vulnerable forests where connections would benefit the migration of species while continuing to isolate areas where invasive species pose a threat.
NY_FAP_2020,.actions.time_bound_and_monitoring,Strategy: Help private landowners keep and manage their forests sustainably,1,TRUE,TRUE,Increase the number of acres of private forestland under professional forest management from 1.7 million acres currently to 5 million acres by 2030.
NY_FAP_2020,.actions.evidence_of_efficacy,Strategy: Understand and respond to negative effects of climate change on forests,1,TRUE,TRUE,"Working with partners, provide technical assistance to forest managers to incorporate BMPs and stewardship strategies, based on the best available science, into the management of public and private fo"
NY_FAP_2020,.actions.adaptation_planning_frameworks,Berkshire-Taconic Landscape / Existing efforts,1,TRUE,TRUE,"These strategies will leverage private money with public funds, improve the resiliency of the Landscape, and pioneer adaptation to climate change."
NY_FAP_2020,.actions.adaptation_planning_frameworks,Strategy: Understand and respond to negative effects of climate change on forests,1,TRUE,TRUE,"Ensure accessibility of climate science and resilience data to support state agencies, local governments, land trusts, and others in integrating climate change resilience into local and regional commu"
OH_FAP_2020,.concepts.climate_vulnerability,"Ecosystem responses (vulnerabilities), Indicator 7",1,TRUE,TRUE,Nine forest ecosystems were assessed in the Central Appalachians Vulnerability Assessment (Butler et al. 2015) and assessments of five of the forest ecosystem types most prevalent in Ohio are summariz
OH_FAP_2020,.concepts.climate_vulnerability,"Ecosystem responses (vulnerabilities), large stream floodplain ecosystem, Indicator 7",1,TRUE,TRUE,"The high number of invasive species outcompeting natives has already reduced the adaptive capacity of this ecosystem, and mortality of ash species from emerald ash borer is likely to essentially elimi"
OH_FAP_2020,.concepts.climate_vulnerability,"Climate change section, Indicator 7",1,TRUE,TRUE,"the changing climate tends to intensify the stressors that may already exist for many species and increases susceptibility to drought, pests, diseases, or competition from other species (Butler et al."
OH_FAP_2020,.concepts.adaptive_capacity_specificity,"Tree species responses table description, Indicator 7",1,TRUE,TRUE,"the adaptability of the species to the expected climatic changes (Adap, scored as low, medium, or high); the capability of the species to cope with the expected climatic changes"
OH_FAP_2020,.concepts.adaptive_capacity_specificity,"Ecosystem responses (vulnerabilities), large stream floodplain ecosystem, Indicator 7",1,TRUE,TRUE,"The high number of invasive species outcompeting natives has already reduced the adaptive capacity of this ecosystem, and mortality of ash species from emerald ash borer is likely to essentially elimi"
OH_FAP_2020,.concepts.adaptive_capacity_components.demography,NA,NA,NA,FALSE,
OH_FAP_2020,.concepts.adaptive_capacity_components.demography,NA,NA,NA,FALSE,
OH_FAP_2020,.concepts.adaptive_capacity_components.demography,NA,NA,NA,FALSE,
OH_FAP_2020,.concepts.adaptive_capacity_components.distribution,State Priority Issues – Climate Change / Ohio River Basin section,1,TRUE,TRUE,"Many tree species that are currently present may fare worse with warmer temperatures and altered precipitation patterns. Other species may do better under these conditions, and some species not curren"
OH_FAP_2020,.concepts.adaptive_capacity_components.movement,"Climate change section / Tree species responses, Indicator 7",1,TRUE,TRUE,"These are species with models projecting habitat moving into the area, and with at least a small potential for the species to arrive there naturally within 100 years, according to the SHIFT model (Ive"
OH_FAP_2020,.concepts.adaptive_capacity_components.evolutionary_potential,NA,NA,NA,FALSE,
OH_FAP_2020,.concepts.adaptive_capacity_components.evolutionary_potential,NA,NA,NA,FALSE,
OH_FAP_2020,.concepts.adaptive_capacity_components.evolutionary_potential,NA,NA,NA,FALSE,
OH_FAP_2020,.concepts.adaptive_capacity_components.ecological_dependencies,"Ecosystem responses (vulnerabilities), large stream floodplain ecosystem, Indicator 7",1,TRUE,TRUE,"The high number of invasive species outcompeting natives has already reduced the adaptive capacity of this ecosystem, and mortality of ash species from emerald ash borer is likely to essentially elimi"
OH_FAP_2020,.concepts.adaptive_capacity_components.abiotic_niche,"Ecosystem responses (vulnerabilities), Indicator 7",1,TRUE,TRUE,"The dry oak and oak/pine forest and woodland ecosystem was rated low vulnerability to climate change. This ecosystem is the most resilient to heat and drought, with many of the species currently doing"
OH_FAP_2020,.concepts.adaptive_capacity_components.life_history,NA,NA,NA,FALSE,
OH_FAP_2020,.concepts.adaptive_capacity_components.life_history,NA,NA,NA,FALSE,
OH_FAP_2020,.concepts.adaptive_capacity_components.life_history,NA,NA,NA,FALSE,
OH_FAP_2020,.concepts.connectivity,"Table 30, Geospatial Analysis / Section 5 – Priority Forest Areas",0.7327,FALSE,TRUE,Resilient and Connected Landscapes: Areas identified to be resilient to a changing climate and that may function as connected corridors for movement of plants and animals under a changing climate (The
OH_FAP_2020,.concepts.connectivity,State Issue 5 table / approach section,1,TRUE,TRUE,"promoting landscape connectivity, facilitating and promoting species"
OH_FAP_2020,.tools.vulnerability_models,"Climate change section, Indicator 7",0.98,TRUE,TRUE,"An assessment evaluating the vulnerability of forest ecosystems in the Central Appalachians of Ohio, West Virginia, and Maryland was completed for a range of future climates (Butler et al., 2015) and "
OH_FAP_2020,.tools.vulnerability_models,"Ecosystem responses (vulnerabilities), Indicator 7",1,TRUE,TRUE,Nine forest ecosystems were assessed in the Central Appalachians Vulnerability Assessment (Butler et al. 2015) and assessments of five of the forest ecosystem types most prevalent in Ohio are summariz
OH_FAP_2020,.tools.niche_models,"Tree species responses / Figure 64 caption, Indicator 7",0.3333,FALSE,TRUE,The Climate Change Tree Atlas modeled potential changes in suitable habitat for 66 (northwest Ohio) to 81 (southeast Ohio) species.
OH_FAP_2020,.tools.niche_models,"Climate change section / Tree species responses, Indicator 7",1,TRUE,TRUE,"Also presented for each of the four 1 x 1° blocks is a list of species that could be considered for proactive, assisted migration while considering the potential future climate under RCP 8.5 (Table 15"
OH_FAP_2020,.tools.niche_models,"Climate change section / Tree species responses, Indicator 7",1,TRUE,TRUE,"These are species with models projecting habitat moving into the area, and with at least a small potential for the species to arrive there naturally within 100 years, according to the SHIFT model (Ive"
OH_FAP_2020,.tools.climate_models,"Tree species responses table description, Indicator 7",1,TRUE,TRUE,"the potential for the habitat suitability to increase, decrease or remain the same under lower emissions (Representative Concentration Pathway, RCP 4.5) or higher emissions (RCP 8.5)"
OH_FAP_2020,.tools.climate_models,"Wildfire section, Indicator 7",1,TRUE,TRUE,"When climate data from the Coupled General Circulation Model 3.1T47 (CGCM) was applied to the PC2FM, fire probability was estimated to increase by 40 to 60 percent across southern Ohio and by 60 to 80"
OH_FAP_2020,.tools.connectivity_models,"Table 30, Geospatial Analysis / Section 5 – Priority Forest Areas",0.7327,FALSE,TRUE,Resilient and Connected Landscapes: Areas identified to be resilient to a changing climate and that may function as connected corridors for movement of plants and animals under a changing climate (The
OH_FAP_2020,.context.management_scale.local,"Urban and community forestry, Criterion 1 Indicator 1",1,TRUE,TRUE,The ODNR Division of Forestry's Urban Forestry Assistance Program maintains records of local urban forestry program development and state technical assistance
OH_FAP_2020,.context.management_scale.site,Strategy Implementation Highlights / Objective 5.4,1,TRUE,TRUE,identify specific climate change impacts that are relevant to the site conditions within the 243-acre Hobey Hollow project area of Shawnee State Forest.
OH_FAP_2020,.context.management_scale.watershed,"Table 30, Geospatial Analysis",1,TRUE,TRUE,Priority watersheds: Union of Ohio EPA's 401 water quality certification 'ineligible' and 'possibly eligible' areas with areas identified by the USDA Forest Service 'Forests 2 Faucets 2.0' data that h
OH_FAP_2020,.context.management_scale.city,NA,NA,NA,FALSE,
OH_FAP_2020,.context.management_scale.city,NA,NA,NA,FALSE,
OH_FAP_2020,.context.management_scale.city,NA,NA,NA,FALSE,
OH_FAP_2020,.context.management_scale.county,"Total land area and area and percent of forest and other land cover, Criterion 1 Indicator 1",1,TRUE,TRUE,"From 2006 to 2016, the percent forest cover of most counties remained relatively stable at less than a 1% change, while several counties experienced greater change, with Lawrence County having the gre"
OH_FAP_2020,.context.management_scale.within_state_region,Southeastern Ohio Collaborative Focus Area,0.9303,TRUE,TRUE,"The 17-county southeastern Ohio collaborative focus area (Figure 104) contains Ohio's only national forest (the Wayne National Forest), 17 out of 21 state forests and 46% of the total forest resource "
OH_FAP_2020,.context.management_scale.state,Section 5 – Priority Forest Areas and Issues,1,TRUE,TRUE,Ohio's approach to identifying priority forest areas relies heavily on geospatial analyses. Separate geospatial analyses were used for both the rural land category and wildland-urban interface (WUI) l
OH_FAP_2020,.context.management_scale.multistate,"Climate change section, Indicator 7",1,TRUE,TRUE,"An assessment evaluating the vulnerability of forest ecosystems in the Central Appalachians of Ohio, West Virginia, and Maryland was completed for a range of future climates (Butler et al., 2015)"
OH_FAP_2020,.context.management_scale.national,NA,NA,NA,FALSE,
OH_FAP_2020,.context.management_scale.national,NA,NA,NA,FALSE,
OH_FAP_2020,.context.management_scale.national,NA,NA,NA,FALSE,
OH_FAP_2020,.context.management_scale.transnational,NA,NA,NA,FALSE,
OH_FAP_2020,.context.management_scale.transnational,NA,NA,NA,FALSE,
OH_FAP_2020,.context.management_scale.transnational,NA,NA,NA,FALSE,
OH_FAP_2020,.context.management_scale.ecosystem,"Ecosystem responses (vulnerabilities), Indicator 7",1,TRUE,TRUE,Nine forest ecosystems were assessed in the Central Appalachians Vulnerability Assessment (Butler et al. 2015) and assessments of five of the forest ecosystem types most prevalent in Ohio are summariz
OH_FAP_2020,.context.management_scale.ecoregion,"Total land area and area and percent of forest, Criterion 1 Indicator 1",1,TRUE,TRUE,"By ecological sections (Cleland et al. 2007; Figure 3), the Southern Unglaciated Allegheny Plateau in southeast Ohio is the most heavily forested"
OH_FAP_2020,.context.management_scale.province,NA,NA,NA,FALSE,
OH_FAP_2020,.context.management_scale.province,NA,NA,NA,FALSE,
OH_FAP_2020,.context.management_scale.province,NA,NA,NA,FALSE,
OH_FAP_2020,.context.management_scale.section,"Total land area and area and percent of forest, Criterion 1 Indicator 1",1,TRUE,TRUE,"By ecological sections (Cleland et al. 2007; Figure 3), the Southern Unglaciated Allegheny Plateau in southeast Ohio is the most heavily forested, followed by the Western Glaciated Allegheny Plateau i"
OH_FAP_2020,.context.management_scale.subsection,NA,NA,NA,FALSE,
OH_FAP_2020,.context.management_scale.subsection,NA,NA,NA,FALSE,
OH_FAP_2020,.context.management_scale.subsection,NA,NA,NA,FALSE,
OH_FAP_2020,.context.management_scale.lake,NA,NA,NA,FALSE,
OH_FAP_2020,.context.management_scale.lake,NA,NA,NA,FALSE,
OH_FAP_2020,.context.management_scale.lake,NA,NA,NA,FALSE,
OH_FAP_2020,.context.management_scale.river,NA,NA,NA,FALSE,
OH_FAP_2020,.context.management_scale.river,NA,NA,NA,FALSE,
OH_FAP_2020,.context.management_scale.river,NA,NA,NA,FALSE,
OH_FAP_2020,.context.management_scale.district,NA,NA,NA,FALSE,
OH_FAP_2020,.context.management_scale.district,NA,NA,NA,FALSE,
OH_FAP_2020,.context.management_scale.district,NA,NA,NA,FALSE,
OH_FAP_2020,.context.biological_unit_score,"Ecosystem responses (vulnerabilities), Indicator 7",1,TRUE,TRUE,Nine forest ecosystems were assessed in the Central Appalachians Vulnerability Assessment (Butler et al. 2015) and assessments of five of the forest ecosystem types most prevalent in Ohio are summariz
OH_FAP_2020,.context.biological_unit_score,"Summary, Criterion 3",1,TRUE,TRUE,"Current and future climate change is likely to have various impacts on Ohio's forests, including shifts in plant hardiness zones and species ranges, changes in seasonality and amount of precipitation"
OH_FAP_2020,.context.biological_unit_components.species,"Summary, Criterion 3",1,TRUE,TRUE,"Current and future climate change is likely to have various impacts on Ohio's forests, including shifts in plant hardiness zones and species ranges"
OH_FAP_2020,.context.biological_unit_components.population,NA,NA,NA,FALSE,
OH_FAP_2020,.context.biological_unit_components.population,NA,NA,NA,FALSE,
OH_FAP_2020,.context.biological_unit_components.population,NA,NA,NA,FALSE,
OH_FAP_2020,.context.biological_unit_components.habitat,"Tree species responses table description, Indicator 7",1,TRUE,TRUE,"the potential for the habitat suitability to increase, decrease or remain the same under lower emissions (Representative Concentration Pathway, RCP 4.5) or higher emissions (RCP 8.5)"
OH_FAP_2020,.context.biological_unit_components.ecosystem,"Ecosystem responses (vulnerabilities), Indicator 7",1,TRUE,TRUE,Nine forest ecosystems were assessed in the Central Appalachians Vulnerability Assessment (Butler et al. 2015) and assessments of five of the forest ecosystem types most prevalent in Ohio are summariz
OH_FAP_2020,.context.biological_unit_components.community,"Invasive plants, insect pests, and pathogens section, Indicator 7",1,TRUE,TRUE,Many invasive plant and animal species that currently threaten Ohio forests are expected to benefit directly from projected climate change or simply outcompete slower responding native species.
OH_FAP_2020,.context.biological_unit_components.genotype_phenotype,NA,NA,NA,FALSE,
OH_FAP_2020,.context.biological_unit_components.genotype_phenotype,NA,NA,NA,FALSE,
OH_FAP_2020,.context.biological_unit_components.genotype_phenotype,NA,NA,NA,FALSE,
OH_FAP_2020,.context.partnerships_and_funding,State Issue 5 strategy implementation table,0.5929,FALSE,TRUE,"5.2.1: Consider climate change impacts in ODNR Division of Forestry programs ... Partners: USFS-NRS, NIACS, FWS, NWF, TNC, USFS-Wayne, USFS-SPF, Coop-Ext"
OH_FAP_2020,.context.partnerships_and_funding,Strategy Implementation Highlights / Objective 5.4,0.3829,FALSE,TRUE,"In October, 2015, staff from the Ohio Division of Forestry worked with the Northern Institute of Applied Climate Sciences (NIACS) and the Wayne National Forest to consider broad climate trends summari"
OH_FAP_2020,.context.climate_threat_habitat_degradation,"Ecosystem responses (vulnerabilities), Indicator 7",1,TRUE,TRUE,"The large stream floodplain and riparian forest ecosystem was rated high vulnerability to climate change. Climate change is expected to alter the water regimes in riparian systems, and may amplify the"
OH_FAP_2020,.context.climate_threat_habitat_degradation,"Urban Forest Threats and Pressures, Section 5",0.7217,FALSE,TRUE,"Extreme weather events are becoming more frequent and intense, resulting in direct and indirect impacts to Ohio's urban forest resources from storm damage, drought, flooding, and increasing pressures "
OH_FAP_2020,.context.climate_threat_species_vital_rates,"Invasive plants, insect pests, and pathogens section, Indicator 7",1,TRUE,TRUE,Warmer conditions have been linked to an increased number of generations for emerald ash borer and range expansion for hemlock woolly adelgid (DeSantis et al. 2013; Venette and Abrahamson 2010; Wei et
OH_FAP_2020,.context.climate_threat_biotic_stressors,"Invasive plants, insect pests, and pathogens section, Indicator 7",1,TRUE,TRUE,"Increases in carbon dioxide can increase plant productivity, and warmer temperatures may allow some invasive plant species to expand their ranges northward, such as Asian bush honeysuckles, privet, ku"
OH_FAP_2020,.actions.priority_habitat_identification,Section 5 – Priority Forest Areas and Issues,1,TRUE,TRUE,Ohio's approach to identifying priority forest areas relies heavily on geospatial analyses. Separate geospatial analyses were used for both the rural land category and wildland-urban interface (WUI) l
OH_FAP_2020,.actions.priority_habitat_identification,"Table 30, Geospatial Analysis / Section 5 – Priority Forest Areas",0.7327,FALSE,TRUE,Resilient and Connected Landscapes: Areas identified to be resilient to a changing climate and that may function as connected corridors for movement of plants and animals under a changing climate (The
OH_FAP_2020,.actions.priority_habitat_identification,"Ecosystem responses (vulnerabilities), Indicator 7",0.7729,FALSE,TRUE,The mixed mesophytic and cove forest ecosystem was rated moderately vulnerable to climate change. The ability of coves to collect water and nutrients from upslope areas and their protected positions m
OH_FAP_2020,.actions.targeted_range_shift_actions,"Climate change section / Tree species responses, Indicator 7",1,TRUE,TRUE,"Also presented for each of the four 1 x 1° blocks is a list of species that could be considered for proactive, assisted migration while considering the potential future climate under RCP 8.5 (Table 15"
OH_FAP_2020,.actions.time_bound_and_monitoring,"Ohio's Statewide Forest Issues / Introduction, Strategy document",0.7625,FALSE,TRUE,"Column 3: the expected timeframe for strategy completion ... Short=1-5 yrs, Long=5+ yrs"
OH_FAP_2020,.actions.time_bound_and_monitoring,State Issue 5 strategy implementation table,0.3077,FALSE,TRUE,5.2.1: Consider climate change impacts in ODNR Division of Forestry programs ... Timeframe: Short
OH_FAP_2020,.actions.evidence_of_efficacy,Strategy Implementation Highlights / Objective 5.4,0.3388,FALSE,TRUE,"In October, 2015, staff from the Ohio Division of Forestry worked with the Northern Institute of Applied Climate Sciences (NIACS) and the Wayne National Forest to consider broad climate trends summari"
OH_FAP_2020,.actions.evidence_of_efficacy,"Tree species responses / Figure 64 caption, Indicator 7",0.3093,FALSE,TRUE,Models have been generated by the Landscape Change Research Group of the Northern Institute of Applied Climate Science which provide potential futures for tree species throughout the eastern U.S.
OH_FAP_2020,.actions.adaptation_planning_frameworks,State Priority Issues – Climate Change / Central Appalachian Climate Response Framework,1,TRUE,TRUE,"The Central Appalachian Climate Response Framework provides an integrated set of tools, partnerships, and actions to support climate-informed conservation and management. These include a vulnerability"
OH_FAP_2020,.actions.adaptation_planning_frameworks,Strategy Implementation Highlights / Objective 5.4,0.3829,FALSE,TRUE,"In October, 2015, staff from the Ohio Division of Forestry worked with the Northern Institute of Applied Climate Sciences (NIACS) and the Wayne National Forest to consider broad climate trends summari"
OK_FAP_2020,.concepts.climate_vulnerability,Issue 1: Forest Sustainability and Health,1,TRUE,TRUE,Climate change is another factor which may be influencing the composition of our forests. It is important to explore the potential impacts of climate change in Oklahoma and their effects on the state'
OK_FAP_2020,.concepts.adaptive_capacity_specificity,Issue 1: Forest Sustainability and Health – Opportunities,1,TRUE,TRUE,Oklahoma's forests are already on the edges of their native ranges; improve their resilience through increased forest management and the use of prescribed fire.
OK_FAP_2020,.concepts.adaptive_capacity_components.demography,NA,NA,NA,FALSE,
OK_FAP_2020,.concepts.adaptive_capacity_components.demography,NA,NA,NA,FALSE,
OK_FAP_2020,.concepts.adaptive_capacity_components.demography,NA,NA,NA,FALSE,
OK_FAP_2020,.concepts.adaptive_capacity_components.distribution,Issue 1: Forest Sustainability and Health,1,TRUE,TRUE,"Oklahoma is at the western fringe of several forest types, including southern pines, eastern hardwoods and coastal plain bottomlands; and the eastern fringe of others, including pinyonjuniper, pondero"
OK_FAP_2020,.concepts.adaptive_capacity_components.movement,NA,NA,NA,FALSE,
OK_FAP_2020,.concepts.adaptive_capacity_components.movement,NA,NA,NA,FALSE,
OK_FAP_2020,.concepts.adaptive_capacity_components.movement,NA,NA,NA,FALSE,
OK_FAP_2020,.concepts.adaptive_capacity_components.evolutionary_potential,National Trends Table – 3.7 Manage trees and forests,1,TRUE,TRUE,"Encourage use of adapted tree species; expand genetic diversity, increase species mixtures and management of forest structure."
OK_FAP_2020,.concepts.adaptive_capacity_components.ecological_dependencies,NA,NA,NA,FALSE,
OK_FAP_2020,.concepts.adaptive_capacity_components.ecological_dependencies,NA,NA,NA,FALSE,
OK_FAP_2020,.concepts.adaptive_capacity_components.ecological_dependencies,NA,NA,NA,FALSE,
OK_FAP_2020,.concepts.adaptive_capacity_components.abiotic_niche,Multi-State Areas – Shortleaf Pine Restoration,1,TRUE,TRUE,"As a native species adapted to droughty sites, with the ability to sprout following fire, shortleaf may be better able to provide forest cover under changing climate conditions in the western fringes "
OK_FAP_2020,.concepts.adaptive_capacity_components.life_history,NA,NA,NA,FALSE,
OK_FAP_2020,.concepts.adaptive_capacity_components.life_history,NA,NA,NA,FALSE,
OK_FAP_2020,.concepts.adaptive_capacity_components.life_history,NA,NA,NA,FALSE,
OK_FAP_2020,.concepts.connectivity,Project Evaluation and Prioritization Procedures,1,TRUE,TRUE,"Tracts that currently exhibit connective habitats, migratory corridors, habitat linkages and areas of biological isolation."
OK_FAP_2020,.concepts.connectivity,Issue 5: Community Forests Health and Care,1,TRUE,TRUE,Developing or protecting greenbelts and corridors can help conserve riparian areas and wildlife habitats.
OK_FAP_2020,.tools.vulnerability_models,NA,NA,NA,FALSE,
OK_FAP_2020,.tools.vulnerability_models,NA,NA,NA,FALSE,
OK_FAP_2020,.tools.vulnerability_models,NA,NA,NA,FALSE,
OK_FAP_2020,.tools.niche_models,NA,NA,NA,FALSE,
OK_FAP_2020,.tools.niche_models,NA,NA,NA,FALSE,
OK_FAP_2020,.tools.niche_models,NA,NA,NA,FALSE,
OK_FAP_2020,.tools.climate_models,NA,NA,NA,FALSE,
OK_FAP_2020,.tools.climate_models,NA,NA,NA,FALSE,
OK_FAP_2020,.tools.climate_models,NA,NA,NA,FALSE,
OK_FAP_2020,.tools.connectivity_models,NA,NA,NA,FALSE,
OK_FAP_2020,.tools.connectivity_models,NA,NA,NA,FALSE,
OK_FAP_2020,.tools.connectivity_models,NA,NA,NA,FALSE,
OK_FAP_2020,.context.management_scale.local,NA,NA,NA,FALSE,
OK_FAP_2020,.context.management_scale.local,NA,NA,NA,FALSE,
OK_FAP_2020,.context.management_scale.local,NA,NA,NA,FALSE,
OK_FAP_2020,.context.management_scale.site,Project Evaluation and Prioritization Procedures,0.9742,TRUE,TRUE,"In protecting lands adjacent to waterways and lakes or in sensitive watershed recharge areas, priority will be given to: Tracts that contain riparian habitat."
OK_FAP_2020,.context.management_scale.watershed,FLA: Illinois River,1,TRUE,TRUE,The Illinois River Watershed is one of the State's most valuable and controversial watersheds.
OK_FAP_2020,.context.management_scale.city,NA,NA,NA,FALSE,
OK_FAP_2020,.context.management_scale.city,NA,NA,NA,FALSE,
OK_FAP_2020,.context.management_scale.city,NA,NA,NA,FALSE,
OK_FAP_2020,.context.management_scale.county,Soils,1,TRUE,TRUE,Detailed information for each major soil type in published by the NRCS in soil surveys for most of the 77 Oklahoma counties.
OK_FAP_2020,.context.management_scale.within_state_region,Distribution and Abundance of Forests,1,TRUE,TRUE,"To illustrate and describe the distribution and abundance of the forest resources in Oklahoma, the state was divided into three major forest regions, the Eastern, Central, and Western regions"
OK_FAP_2020,.context.management_scale.state,Executive Summary,1,TRUE,TRUE,The Oklahoma Forest Resource Assessment was developed by Oklahoma Forestry Services with the help of interested stakeholders.
OK_FAP_2020,.context.management_scale.multistate,Multi-State Areas – Cross Timbers,1,TRUE,TRUE,The Cross Timbers is a large area that spreads from north-central Texas through Oklahoma into southern Kansas and western Arkansas.
OK_FAP_2020,.context.management_scale.national,Executive Summary,1,TRUE,TRUE,"The S&PF Redesign focuses on three State and Private Forestry national priorities: conserve working forests, protect forests from harm, and enhance benefits from trees and forests."
OK_FAP_2020,.context.management_scale.transnational,NA,NA,NA,FALSE,
OK_FAP_2020,.context.management_scale.transnational,NA,NA,NA,FALSE,
OK_FAP_2020,.context.management_scale.transnational,NA,NA,NA,FALSE,
OK_FAP_2020,.context.management_scale.ecosystem,Issue 1: Forest Sustainability and Health,1,TRUE,TRUE,"Oklahoma is at the western fringe of several forest types, including southern pines, eastern hardwoods and coastal plain bottomlands; and the eastern fringe of others, including pinyonjuniper, pondero"
OK_FAP_2020,.context.management_scale.ecoregion,Oklahoma Ecoregions,1,TRUE,TRUE,"A recent refinement of the state's ecoregions, by Oklahoma Forestry Services for the purposes of this Assessment, was completed in 2009 which identified 10 diverse ecoregions"
OK_FAP_2020,.context.management_scale.province,NA,NA,NA,FALSE,
OK_FAP_2020,.context.management_scale.province,NA,NA,NA,FALSE,
OK_FAP_2020,.context.management_scale.province,NA,NA,NA,FALSE,
OK_FAP_2020,.context.management_scale.section,NA,NA,NA,FALSE,
OK_FAP_2020,.context.management_scale.section,NA,NA,NA,FALSE,
OK_FAP_2020,.context.management_scale.section,NA,NA,NA,FALSE,
OK_FAP_2020,.context.management_scale.subsection,NA,NA,NA,FALSE,
OK_FAP_2020,.context.management_scale.subsection,NA,NA,NA,FALSE,
OK_FAP_2020,.context.management_scale.subsection,NA,NA,NA,FALSE,
OK_FAP_2020,.context.management_scale.lake,Issue 4: Water Quality and Availability,1,TRUE,TRUE,"The State of Oklahoma has more than 200 lakes and reservoirs, 167,600 miles of rivers and streams"
OK_FAP_2020,.context.management_scale.river,Topographic Features,1,TRUE,TRUE,"The two main rivers in the state are the Arkansas, which drains the northern two-thirds of the state and the Red, which drains the southern third"
OK_FAP_2020,.context.management_scale.district,NA,NA,NA,FALSE,
OK_FAP_2020,.context.management_scale.district,NA,NA,NA,FALSE,
OK_FAP_2020,.context.management_scale.district,NA,NA,NA,FALSE,
OK_FAP_2020,.context.biological_unit_score,National Trends Table – Issue 6: Impacts of Climate Change,0.8145,FALSE,TRUE,"Oklahoma sits at the fringe of several different forest types including the eastern hardwoods, the southern pines, the coastal plains bottomlands and the western pinyon-juniper forest type. Climate ch"
OK_FAP_2020,.context.biological_unit_score,Multi-State Areas – Shortleaf Pine Restoration,1,TRUE,TRUE,"As a native species adapted to droughty sites, with the ability to sprout following fire, shortleaf may be better able to provide forest cover under changing climate conditions in the western fringes "
OK_FAP_2020,.context.biological_unit_components.species,Multi-State Areas – Shortleaf Pine Restoration,1,TRUE,TRUE,"As a native species adapted to droughty sites, with the ability to sprout following fire, shortleaf may be better able to provide forest cover under changing climate conditions in the western fringes "
OK_FAP_2020,.context.biological_unit_components.population,NA,NA,NA,FALSE,
OK_FAP_2020,.context.biological_unit_components.population,NA,NA,NA,FALSE,
OK_FAP_2020,.context.biological_unit_components.population,NA,NA,NA,FALSE,
OK_FAP_2020,.context.biological_unit_components.habitat,National Trends Table – Issue 6: Impacts of Climate Change,0.8145,FALSE,TRUE,"Oklahoma sits at the fringe of several different forest types including the eastern hardwoods, the southern pines, the coastal plains bottomlands and the western pinyon-juniper forest type. Climate ch"
OK_FAP_2020,.context.biological_unit_components.ecosystem,Issue 1: Forest Sustainability and Health,1,TRUE,TRUE,It is likely that those changes may be expressed more clearly at the fringes of ecosystems -in Oklahoma and Texas for example -than in other states in the southern region.
OK_FAP_2020,.context.biological_unit_components.community,NA,NA,NA,FALSE,
OK_FAP_2020,.context.biological_unit_components.community,NA,NA,NA,FALSE,
OK_FAP_2020,.context.biological_unit_components.community,NA,NA,NA,FALSE,
OK_FAP_2020,.context.biological_unit_components.genotype_phenotype,NA,NA,NA,FALSE,
OK_FAP_2020,.context.biological_unit_components.genotype_phenotype,NA,NA,NA,FALSE,
OK_FAP_2020,.context.biological_unit_components.genotype_phenotype,NA,NA,NA,FALSE,
OK_FAP_2020,.context.partnerships_and_funding,Partnerships,1,TRUE,TRUE,"Oklahoma Forestry Services works with numerous public, private and non-governmental organization partners to provide a variety of programs, projects and assistance to deliver our mission"
OK_FAP_2020,.context.partnerships_and_funding,Multi-State Areas – Shortleaf Pine Restoration,1,TRUE,TRUE,"A competitive grant was approved in federal FY 2010 for a shortleaf pine initiative, and involved the states of Oklahoma, Texas, Arkansas and North Carolina. A federal FY 2014 competitive grant betwee"
OK_FAP_2020,.context.climate_threat_habitat_degradation,Issue 2: Wildfire Risk to the Forest Resource and Public Safety,1,TRUE,TRUE,Perhaps the most significant contributors to Oklahoma's wildfire occurrences are extreme weather conditions prompted by climatic shift and pronounced wet/dry cycles where strong growth precedes onset 
OK_FAP_2020,.context.climate_threat_species_vital_rates,Issue 1: Forest Sustainability and Health – Insects (Ips/SPB),1,TRUE,TRUE,This outbreak was in response to a severe drought in the area causing increased levels of stress across a majority of the pine forests of Southeastern Oklahoma.
OK_FAP_2020,.context.climate_threat_biotic_stressors,Issue 1: Forest Sustainability and Health,1,TRUE,TRUE,"The structure and composition of Oklahoma's forests are shifting away from historical conditions due to the public perception of fire, lack of active management, limitations to the variety of availabl"
OK_FAP_2020,.actions.priority_habitat_identification,Forest Legacy Areas,1,TRUE,TRUE,"Using the above guidelines, 17 Forest Legacy Areas (FLA) were established. These areas were determined with the help of Oklahoma Forestry Services employees"
OK_FAP_2020,.actions.priority_habitat_identification,Oklahoma Priority Forestlands and Stewardship Potential Lands,1,TRUE,TRUE,The Stewardship Priority Acres Map depicts priority lands identified by the USDA Forest Service where Oklahoma Forestry Services should focus its federal funding to accomplish forest management projec
OK_FAP_2020,.actions.targeted_range_shift_actions,Multi-State Areas – Shortleaf Pine Restoration,1,TRUE,TRUE,"As a native species adapted to droughty sites, with the ability to sprout following fire, shortleaf may be better able to provide forest cover under changing climate conditions in the western fringes "
OK_FAP_2020,.actions.time_bound_and_monitoring,Objective 1.3: Identify and mitigate the threats to Oklahoma's forest resources,0.8527,TRUE,TRUE,Strategy 1.3.7: Assure that the OFS is prepared to address and adapt to potential forest resource changes caused by climate change.
OK_FAP_2020,.actions.evidence_of_efficacy,Multi-State Areas – Shortleaf Pine Restoration,1,TRUE,TRUE,"As a native species adapted to droughty sites, with the ability to sprout following fire, shortleaf may be better able to provide forest cover under changing climate conditions in the western fringes "
OK_FAP_2020,.actions.evidence_of_efficacy,Multi-State Areas – Shortleaf Pine Restoration,1,TRUE,TRUE,"A competitive grant was approved in federal FY 2010 for a shortleaf pine initiative, and involved the states of Oklahoma, Texas, Arkansas and North Carolina. A federal FY 2014 competitive grant betwee"
OK_FAP_2020,.actions.adaptation_planning_frameworks,Issue 1: Forest Sustainability and Health,0.9764,TRUE,TRUE,"Despite the uncertainty about the reality and causes of climate change, it is important to recognize that: Natural landscapes are dynamic and our forests will be affected by climate change, There are "
OR_FAP_2020,.concepts.climate_vulnerability,Climate Change Theme,1,TRUE,TRUE,"The alteration to the states ecosystems could be substantial: moving habitat types, forest types, warming waters, increasing fire return intervals, and making trees more susceptible to insects and dis"
OR_FAP_2020,.concepts.climate_vulnerability,Climate Change Theme,1,TRUE,TRUE,"An environment with more extremes, both hot and cold, could create a situation where trees are unable to adapt to the wide range of variability and suffer from either drought damage or freeze damage."
OR_FAP_2020,.concepts.climate_vulnerability,Entomology Theme,0.86240000000000006,TRUE,TRUE,"Climate change adds stress to trees, resulting in the raising of some forest pests from lower to higher status."
OR_FAP_2020,.concepts.adaptive_capacity_specificity,Climate Change Theme,1,TRUE,TRUE,trees are unable to adapt to the wide range of variability and suffer from either drought damage or freeze damage.
OR_FAP_2020,.concepts.adaptive_capacity_components.demography,NA,NA,NA,FALSE,
OR_FAP_2020,.concepts.adaptive_capacity_components.demography,NA,NA,NA,FALSE,
OR_FAP_2020,.concepts.adaptive_capacity_components.demography,NA,NA,NA,FALSE,
OR_FAP_2020,.concepts.adaptive_capacity_components.distribution,Climate Change Theme,1,TRUE,TRUE,"The alteration to the states ecosystems could be substantial: moving habitat types, forest types, warming waters, increasing fire return intervals, and making trees more susceptible to insects and dis"
OR_FAP_2020,.concepts.adaptive_capacity_components.movement,National Priority 3 Objective 3.G table,0.8621,TRUE,TRUE,Identify species better suited to new normal climatic conditions for assisted migration.
OR_FAP_2020,.concepts.adaptive_capacity_components.evolutionary_potential,NA,NA,NA,FALSE,
OR_FAP_2020,.concepts.adaptive_capacity_components.evolutionary_potential,NA,NA,NA,FALSE,
OR_FAP_2020,.concepts.adaptive_capacity_components.evolutionary_potential,NA,NA,NA,FALSE,
OR_FAP_2020,.concepts.adaptive_capacity_components.ecological_dependencies,Climate Change Theme,1,TRUE,TRUE,"Changes in the seasonality could lead to an asynchrony between biologic processes, adding more stress or reducing reproductive potential of the impacted species."
OR_FAP_2020,.concepts.adaptive_capacity_components.abiotic_niche,Climate Change Theme,1,TRUE,TRUE,"An environment with more extremes, both hot and cold, could create a situation where trees are unable to adapt to the wide range of variability and suffer from either drought damage or freeze damage."
OR_FAP_2020,.concepts.adaptive_capacity_components.life_history,NA,NA,NA,FALSE,
OR_FAP_2020,.concepts.adaptive_capacity_components.life_history,NA,NA,NA,FALSE,
OR_FAP_2020,.concepts.adaptive_capacity_components.life_history,NA,NA,NA,FALSE,
OR_FAP_2020,.concepts.connectivity,National Priority 3 Objective 3.E table,0.5654,FALSE,TRUE,"Foster understanding of the importance of Oregon's forests habitat along streams, wildlife corridors, parks, and other open space. Support conservation and management of green space and corridors."
OR_FAP_2020,.tools.vulnerability_models,NA,NA,NA,FALSE,
OR_FAP_2020,.tools.vulnerability_models,NA,NA,NA,FALSE,
OR_FAP_2020,.tools.vulnerability_models,NA,NA,NA,FALSE,
OR_FAP_2020,.tools.niche_models,NA,NA,NA,FALSE,
OR_FAP_2020,.tools.niche_models,NA,NA,NA,FALSE,
OR_FAP_2020,.tools.niche_models,NA,NA,NA,FALSE,
OR_FAP_2020,.tools.climate_models,Enhance Public Benefits from Trees and Forests / FINDINGS,1,TRUE,TRUE,"If the current trend in greenhouse emissions continues, the model predicted that the percentage of low suitability forests will decrease from 57% to 37% and highly suitable forests increase from 7% to"
OR_FAP_2020,.tools.connectivity_models,NA,NA,NA,FALSE,
OR_FAP_2020,.tools.connectivity_models,NA,NA,NA,FALSE,
OR_FAP_2020,.tools.connectivity_models,NA,NA,NA,FALSE,
OR_FAP_2020,.context.management_scale.local,How Communities at risk tie to Community Wildfire Protection Plans,0.3211,FALSE,TRUE,"Community Wildfire Protection Plans (CWPPs) bring an element of local knowledge and expertise that takes into account criteria such as building materials, defensible space, ingress/egress issues"
OR_FAP_2020,.context.management_scale.site,Forest Legacy Program / site selection procedures,0.9252,TRUE,TRUE,"If a site does meet the requirements, ODF will also make an initial determination of the site's significance."
OR_FAP_2020,.context.management_scale.watershed,Water Quality and Quantity / FINDINGS,0.9524,TRUE,TRUE,The Private Forests Division has identified priority watersheds at the 6th field hydrologic unit (HUC 12). Priority watersheds in Oregon were defined as: Containing any percentage of forestland within
OR_FAP_2020,.context.management_scale.city,NA,NA,NA,FALSE,
OR_FAP_2020,.context.management_scale.city,NA,NA,NA,FALSE,
OR_FAP_2020,.context.management_scale.city,NA,NA,NA,FALSE,
OR_FAP_2020,.context.management_scale.county,Legacy area assessment process,1,TRUE,TRUE,Counties were used because planning and communities in Oregon are often organized at the county level.
OR_FAP_2020,.context.management_scale.within_state_region,Legacy Program Strategic Direction and Priority Areas 2020,1,TRUE,TRUE,"The forested ecoregions ranked from highest to lowest priority in terms of increase in percentage of forest suitable for large wildfires are the Blue Mountains, Klamath Mountains, East Cascades, West "
OR_FAP_2020,.context.management_scale.state,Shared Stewardship,1,TRUE,TRUE,The Shared Stewardship agreement formalizes mutual efforts to accelerate the pace and scale of restoration across all of Oregon's forestlands.
OR_FAP_2020,.context.management_scale.multistate,NA,NA,NA,FALSE,
OR_FAP_2020,.context.management_scale.multistate,NA,NA,NA,FALSE,
OR_FAP_2020,.context.management_scale.multistate,NA,NA,NA,FALSE,
OR_FAP_2020,.context.management_scale.national,Shared Stewardship,1,TRUE,TRUE,"Oregon is committed to the National Cohesive Wildland Fire Management Strategy and pioneering work in All Lands, All Hands projects"
OR_FAP_2020,.context.management_scale.transnational,NA,NA,NA,FALSE,
OR_FAP_2020,.context.management_scale.transnational,NA,NA,NA,FALSE,
OR_FAP_2020,.context.management_scale.transnational,NA,NA,NA,FALSE,
OR_FAP_2020,.context.management_scale.ecosystem,Federal (ownership section),1,TRUE,TRUE,"Under ecosystem management, the goods and services produced by the forest (e.g., timber, minerals, recreation, water) are by-products of managing the forest for the protection and restoration of ecolo"
OR_FAP_2020,.context.management_scale.ecoregion,Legacy area assessment process,0.7474,FALSE,TRUE,"Ecoregions are geographic areas with similar features, such as climate, vegetation, geology, geomorphology, soils, and ecosystem processes. The Forest Legacy Program selected eight ecoregions in Orego"
OR_FAP_2020,.context.management_scale.province,NA,NA,NA,FALSE,
OR_FAP_2020,.context.management_scale.province,NA,NA,NA,FALSE,
OR_FAP_2020,.context.management_scale.province,NA,NA,NA,FALSE,
OR_FAP_2020,.context.management_scale.section,NA,NA,NA,FALSE,
OR_FAP_2020,.context.management_scale.section,NA,NA,NA,FALSE,
OR_FAP_2020,.context.management_scale.section,NA,NA,NA,FALSE,
OR_FAP_2020,.context.management_scale.subsection,NA,NA,NA,FALSE,
OR_FAP_2020,.context.management_scale.subsection,NA,NA,NA,FALSE,
OR_FAP_2020,.context.management_scale.subsection,NA,NA,NA,FALSE,
OR_FAP_2020,.context.management_scale.lake,NA,NA,NA,FALSE,
OR_FAP_2020,.context.management_scale.lake,NA,NA,NA,FALSE,
OR_FAP_2020,.context.management_scale.lake,NA,NA,NA,FALSE,
OR_FAP_2020,.context.management_scale.river,NA,NA,NA,FALSE,
OR_FAP_2020,.context.management_scale.river,NA,NA,NA,FALSE,
OR_FAP_2020,.context.management_scale.river,NA,NA,NA,FALSE,
OR_FAP_2020,.context.management_scale.district,NA,NA,NA,FALSE,
OR_FAP_2020,.context.management_scale.district,NA,NA,NA,FALSE,
OR_FAP_2020,.context.management_scale.district,NA,NA,NA,FALSE,
OR_FAP_2020,.context.biological_unit_score,Climate Change Theme,1,TRUE,TRUE,"The alteration to the states ecosystems could be substantial: moving habitat types, forest types, warming waters, increasing fire return intervals, and making trees more susceptible to insects and dis"
OR_FAP_2020,.context.biological_unit_score,Entomology Theme,1,TRUE,TRUE,population and distribution increases of exotic but established balsam woolly adelgid into high elevation areas that it has yet to established
OR_FAP_2020,.context.biological_unit_components.species,Entomology Theme,1,TRUE,TRUE,population and distribution increases of exotic but established balsam woolly adelgid into high elevation areas that it has yet to established
OR_FAP_2020,.context.biological_unit_components.population,NA,NA,NA,FALSE,
OR_FAP_2020,.context.biological_unit_components.population,NA,NA,NA,FALSE,
OR_FAP_2020,.context.biological_unit_components.population,NA,NA,NA,FALSE,
OR_FAP_2020,.context.biological_unit_components.habitat,Climate Change Theme,1,TRUE,TRUE,"The alteration to the states ecosystems could be substantial: moving habitat types, forest types, warming waters, increasing fire return intervals"
OR_FAP_2020,.context.biological_unit_components.ecosystem,Climate Change Theme,1,TRUE,TRUE,"The alteration to the states ecosystems could be substantial: moving habitat types, forest types, warming waters, increasing fire return intervals, and making trees more susceptible to insects and dis"
OR_FAP_2020,.context.biological_unit_components.community,NA,NA,NA,FALSE,
OR_FAP_2020,.context.biological_unit_components.community,NA,NA,NA,FALSE,
OR_FAP_2020,.context.biological_unit_components.community,NA,NA,NA,FALSE,
OR_FAP_2020,.context.biological_unit_components.genotype_phenotype,NA,NA,NA,FALSE,
OR_FAP_2020,.context.biological_unit_components.genotype_phenotype,NA,NA,NA,FALSE,
OR_FAP_2020,.context.biological_unit_components.genotype_phenotype,NA,NA,NA,FALSE,
OR_FAP_2020,.context.partnerships_and_funding,Oregon's Legislative Emergency Board Funding,1,TRUE,TRUE,"In January 2021, the Oregon Legislative Emergency Board (EBoard) approved the Oregon Department of Forestry's (ODF) request for $5 million to collaborate across boundaries and ownerships on land manag"
OR_FAP_2020,.context.partnerships_and_funding,May 2021 (State Forester's message),1,TRUE,TRUE,In August of 2019 the State of Oregon through ODF and the USDA Forest Service entered into a Shared Stewardship Agreement to formalize collaboration toward mutual benefit and interests at a statewide 
OR_FAP_2020,.context.climate_threat_habitat_degradation,Water Quality and Quantity / FINDINGS (Threats section),1,TRUE,TRUE,"Climate Change: increased air temperatures, changing precipitation patterns, and sea level rise all have potential consequences for Oregon's water resources-wetlands, estuaries, lakes, rivers, streams"
OR_FAP_2020,.context.climate_threat_species_vital_rates,Entomology Theme,1,TRUE,TRUE,"Bark beetles are consistently the largest measureable contributor to forest tree mortality and continue to increase, in association with increasing fires and drought stress."
OR_FAP_2020,.context.climate_threat_biotic_stressors,Oregon's Priority Issues,1,TRUE,TRUE,"climate change and the longer duration and intensity of droughts are impacting the health of trees, causing species to die off and forests to be more susceptible to invasive species."
OR_FAP_2020,.actions.priority_habitat_identification,Legacy Program Strategic Direction and Priority Areas 2020,1,TRUE,TRUE,"The forested ecoregions ranked from highest to lowest priority in terms of increase in percentage of forest suitable for large wildfires are the Blue Mountains, Klamath Mountains, East Cascades, West "
OR_FAP_2020,.actions.priority_habitat_identification,Oregon Conservation Strategy,1,TRUE,TRUE,"Conservation Opportunity Areas -geographic areas of importance that guide where the state and its conservation partners, including landowners and land managers, can best focus conservation efforts for"
OR_FAP_2020,.actions.targeted_range_shift_actions,National Priority 3 Objective 3.G table,0.8621,TRUE,TRUE,Identify species better suited to new normal climatic conditions for assisted migration.
OR_FAP_2020,.actions.time_bound_and_monitoring,National Priority 3 Objective 3.C table,1,TRUE,TRUE,Update risk assessment data every 5 years with the most current data available.
OR_FAP_2020,.actions.evidence_of_efficacy,Objectives,1,TRUE,TRUE,Recommend appropriate management based on credible science and proven practices tailored to site-specific needs and landowner/community objectives.
OR_FAP_2020,.actions.adaptation_planning_frameworks,Integration of Other Statewide Plans and Programs / table,1,TRUE,TRUE,Oregon's Climate Change Adaptation Framework
PA_FAP_2020,.concepts.climate_vulnerability,Issue 4: Climate Change - Issue Discussion,1,TRUE,TRUE,"The resulting plan includes objectives to prepare for and mitigate the risks associated with potential climate impacts to Pennsylvania, including higher temperatures and more extreme weather events, r"
PA_FAP_2020,.concepts.climate_vulnerability,Issue 4: Climate Change - Projected Impacts on Pennsylvania Forests,1,TRUE,TRUE,"Climate change will increase the loss of species that already appear stressed, such as black cherry and sugar maple, and likely limit habitat for other northern hardwood species in Pennsylvania. Some "
PA_FAP_2020,.concepts.climate_vulnerability,Issue 8: Plant and Wildlife Habitat - Climate Change section,1,TRUE,TRUE,"As regional warming increases, high elevation ecosystems and species that require lower temperatures and specific forest systems may see available habitat shrink and could eventually become locally ex"
PA_FAP_2020,.concepts.adaptive_capacity_specificity,Issue 4: Climate Change - Adaptation Strategies: Changing Forest Composition,1,TRUE,TRUE,"Forests should be managed for species, age, and functional diversity by selecting for species expected to adapt well to future conditions while permitting the establishment of species from across a gr"
PA_FAP_2020,.concepts.adaptive_capacity_components.demography,NA,NA,NA,FALSE,
PA_FAP_2020,.concepts.adaptive_capacity_components.demography,NA,NA,NA,FALSE,
PA_FAP_2020,.concepts.adaptive_capacity_components.demography,NA,NA,NA,FALSE,
PA_FAP_2020,.concepts.adaptive_capacity_components.distribution,Issue 4: Climate Change - Projected Impacts on Pennsylvania Forests,1,TRUE,TRUE,"Climate change will increase the loss of species that already appear stressed, such as black cherry and sugar maple, and likely limit habitat for other northern hardwood species in Pennsylvania. Some "
PA_FAP_2020,.concepts.adaptive_capacity_components.movement,Issue 1 (Land Use) - Fragmentation section,1,TRUE,TRUE,"Fragmentation also limits migration opportunities for many wildlife species, a concern that will continue to grow with the impacts of climate change."
PA_FAP_2020,.concepts.adaptive_capacity_components.evolutionary_potential,NA,NA,NA,FALSE,
PA_FAP_2020,.concepts.adaptive_capacity_components.evolutionary_potential,NA,NA,NA,FALSE,
PA_FAP_2020,.concepts.adaptive_capacity_components.evolutionary_potential,NA,NA,NA,FALSE,
PA_FAP_2020,.concepts.adaptive_capacity_components.ecological_dependencies,Issue 4: Climate Change - Projected Impacts on Pennsylvania Forests,1,TRUE,TRUE,"It is also likely that phenological changes will stress the relationships between plants, their insect pollinators, and animals such as migratory birds that depend on the insects for food."
PA_FAP_2020,.concepts.adaptive_capacity_components.abiotic_niche,Issue 8: Plant and Wildlife Habitat - Climate Change section,1,TRUE,TRUE,trees in less-suitable habitats will be stressed and therefore more susceptible to other stressors including atmospheric deposition and both native and non-native insects and diseases.
PA_FAP_2020,.concepts.adaptive_capacity_components.life_history,NA,NA,NA,FALSE,
PA_FAP_2020,.concepts.adaptive_capacity_components.life_history,NA,NA,NA,FALSE,
PA_FAP_2020,.concepts.adaptive_capacity_components.life_history,NA,NA,NA,FALSE,
PA_FAP_2020,.concepts.connectivity,Issue 4: Climate Change - Adaptation Strategies: Fragmented Habitats,1,TRUE,TRUE,This will necessitate changes in land conservation priorities to create an interconnected system of habitats that allow species to move north and to higher elevations in response to climate change.
PA_FAP_2020,.concepts.connectivity,Issue 4: Climate Change - Adaptation Strategies: Fragmented Habitats,1,TRUE,TRUE,"Unique ecological sites and key tracts of land will be targeted for conservation through acquisitions, easements, forest landowner legacy planning, and stewardship plans to ensure habitat connectivity"
PA_FAP_2020,.concepts.connectivity,Chapter 4 - Climate Change Priority Landscape Analysis,1,TRUE,TRUE,These combined features help illuminate areas where efforts will produce the greatest impact on species' ability to adapt and relocate as conditions change in various climate change scenarios.
PA_FAP_2020,.tools.vulnerability_models,Issue 4: Climate Change - Projected Impacts on Pennsylvania Forests,1,TRUE,TRUE,"For a species-specific list of changes in probable habitat due to climate change, please see the Mid-Atlantic Forest Ecosystem Vulnerability Assessment and Synthesis."
PA_FAP_2020,.tools.niche_models,NA,NA,NA,FALSE,
PA_FAP_2020,.tools.niche_models,NA,NA,NA,FALSE,
PA_FAP_2020,.tools.niche_models,NA,NA,NA,FALSE,
PA_FAP_2020,.tools.climate_models,NA,NA,NA,FALSE,
PA_FAP_2020,.tools.climate_models,NA,NA,NA,FALSE,
PA_FAP_2020,.tools.climate_models,NA,NA,NA,FALSE,
PA_FAP_2020,.tools.connectivity_models,Chapter 4 - Climate Change Priority Landscape Analysis,1,TRUE,TRUE,"For the purposes of identifying climate change priority areas in this Plan, the PA Resilient and Connected Network will be used. This analysis was completed by The Nature Conservancy and collaborators"
PA_FAP_2020,.context.management_scale.local,Issue 4: Climate Change - Adaptation Strategies: Fragmented Habitats,1,TRUE,TRUE,"Unique ecological sites and key tracts of land will be targeted for conservation through acquisitions, easements, forest landowner legacy planning, and stewardship plans to ensure habitat connectivity"
PA_FAP_2020,.context.management_scale.site,Issue 4: Climate Change - Adaptation Strategies: Fragmented Habitats,1,TRUE,TRUE,Areas that have resisted or could potentially resist widespread climatic changes may be managed as refugia.
PA_FAP_2020,.context.management_scale.watershed,Issue 4: Climate Change - Adaptation Strategies: Fragmented Habitats,1,TRUE,TRUE,This will necessitate changes in land conservation priorities to create an interconnected system of habitats that allow species to move north and to higher elevations in response to climate change.
PA_FAP_2020,.context.management_scale.city,NA,NA,NA,FALSE,
PA_FAP_2020,.context.management_scale.city,NA,NA,NA,FALSE,
PA_FAP_2020,.context.management_scale.city,NA,NA,NA,FALSE,
PA_FAP_2020,.context.management_scale.county,NA,NA,NA,FALSE,
PA_FAP_2020,.context.management_scale.county,NA,NA,NA,FALSE,
PA_FAP_2020,.context.management_scale.county,NA,NA,NA,FALSE,
PA_FAP_2020,.context.management_scale.within_state_region,Chapter 4 - Climate Change Priority Landscape Analysis,1,TRUE,TRUE,These combined features help illuminate areas where efforts will produce the greatest impact on species' ability to adapt and relocate as conditions change in various climate change scenarios.
PA_FAP_2020,.context.management_scale.state,Chapter 4 - Climate Change Priority Landscape Analysis,1,TRUE,TRUE,"For the purposes of identifying climate change priority areas in this Plan, the PA Resilient and Connected Network will be used. This analysis was completed by The Nature Conservancy and collaborators"
PA_FAP_2020,.context.management_scale.multistate,Issue 8: Plant and Wildlife Habitat - Climate Change section,1,TRUE,TRUE,"The ranges of tree species in eastern North America have generally shifted northward as the climate has warmed over the past 14,000+ years since the last ice age."
PA_FAP_2020,.context.management_scale.national,NA,NA,NA,FALSE,
PA_FAP_2020,.context.management_scale.national,NA,NA,NA,FALSE,
PA_FAP_2020,.context.management_scale.national,NA,NA,NA,FALSE,
PA_FAP_2020,.context.management_scale.transnational,NA,NA,NA,FALSE,
PA_FAP_2020,.context.management_scale.transnational,NA,NA,NA,FALSE,
PA_FAP_2020,.context.management_scale.transnational,NA,NA,NA,FALSE,
PA_FAP_2020,.context.management_scale.ecosystem,Issue 8: Plant and Wildlife Habitat - Climate Change section,1,TRUE,TRUE,"As regional warming increases, high elevation ecosystems and species that require lower temperatures and specific forest systems may see available habitat shrink and could eventually become locally ex"
PA_FAP_2020,.context.management_scale.ecoregion,NA,NA,NA,FALSE,
PA_FAP_2020,.context.management_scale.ecoregion,NA,NA,NA,FALSE,
PA_FAP_2020,.context.management_scale.ecoregion,NA,NA,NA,FALSE,
PA_FAP_2020,.context.management_scale.province,NA,NA,NA,FALSE,
PA_FAP_2020,.context.management_scale.province,NA,NA,NA,FALSE,
PA_FAP_2020,.context.management_scale.province,NA,NA,NA,FALSE,
PA_FAP_2020,.context.management_scale.section,NA,NA,NA,FALSE,
PA_FAP_2020,.context.management_scale.section,NA,NA,NA,FALSE,
PA_FAP_2020,.context.management_scale.section,NA,NA,NA,FALSE,
PA_FAP_2020,.context.management_scale.subsection,NA,NA,NA,FALSE,
PA_FAP_2020,.context.management_scale.subsection,NA,NA,NA,FALSE,
PA_FAP_2020,.context.management_scale.subsection,NA,NA,NA,FALSE,
PA_FAP_2020,.context.management_scale.lake,NA,NA,NA,FALSE,
PA_FAP_2020,.context.management_scale.lake,NA,NA,NA,FALSE,
PA_FAP_2020,.context.management_scale.lake,NA,NA,NA,FALSE,
PA_FAP_2020,.context.management_scale.river,NA,NA,NA,FALSE,
PA_FAP_2020,.context.management_scale.river,NA,NA,NA,FALSE,
PA_FAP_2020,.context.management_scale.river,NA,NA,NA,FALSE,
PA_FAP_2020,.context.management_scale.district,NA,NA,NA,FALSE,
PA_FAP_2020,.context.management_scale.district,NA,NA,NA,FALSE,
PA_FAP_2020,.context.management_scale.district,NA,NA,NA,FALSE,
PA_FAP_2020,.context.biological_unit_score,Issue 4: Climate Change - Projected Impacts on Pennsylvania Forests,1,TRUE,TRUE,"Climate change will increase the loss of species that already appear stressed, such as black cherry and sugar maple, and likely limit habitat for other northern hardwood species in Pennsylvania."
PA_FAP_2020,.context.biological_unit_score,Issue 8: Plant and Wildlife Habitat - Climate Change section,1,TRUE,TRUE,"The ranges of tree species in eastern North America have generally shifted northward as the climate has warmed over the past 14,000+ years since the last ice age."
PA_FAP_2020,.context.biological_unit_components.species,Issue 4: Climate Change - Projected Impacts on Pennsylvania Forests,1,TRUE,TRUE,"Climate change will increase the loss of species that already appear stressed, such as black cherry and sugar maple, and likely limit habitat for other northern hardwood species in Pennsylvania. Some "
PA_FAP_2020,.context.biological_unit_components.population,NA,NA,NA,FALSE,
PA_FAP_2020,.context.biological_unit_components.population,NA,NA,NA,FALSE,
PA_FAP_2020,.context.biological_unit_components.population,NA,NA,NA,FALSE,
PA_FAP_2020,.context.biological_unit_components.habitat,Issue 8: Plant and Wildlife Habitat - Climate Change section,1,TRUE,TRUE,"As regional warming increases, high elevation ecosystems and species that require lower temperatures and specific forest systems may see available habitat shrink and could eventually become locally ex"
PA_FAP_2020,.context.biological_unit_components.ecosystem,Issue 8: Plant and Wildlife Habitat - Climate Change section,1,TRUE,TRUE,"Concern is also growing over how to sustain primary ecosystem functions such as nutrient, water, and carbon cycling while also sustaining as many native forms of biota and habitats as possible in the "
PA_FAP_2020,.context.biological_unit_components.community,Issue 8: Plant and Wildlife Habitat - Climate Change section,1,TRUE,TRUE,"The ranges of tree species in eastern North America have generally shifted northward as the climate has warmed over the past 14,000+ years since the last ice age. Historically, the ranges of different"
PA_FAP_2020,.context.biological_unit_components.genotype_phenotype,NA,NA,NA,FALSE,
PA_FAP_2020,.context.biological_unit_components.genotype_phenotype,NA,NA,NA,FALSE,
PA_FAP_2020,.context.biological_unit_components.genotype_phenotype,NA,NA,NA,FALSE,
PA_FAP_2020,.context.partnerships_and_funding,Issue 4: Climate Change - Issue Discussion,1,TRUE,TRUE,DCNR's Climate Change Adaptation and Mitigation Plan --developed with the Northern Institute of Applied Climate Science --outlines 123 action steps to be undertaken to make the commonwealth more resil
PA_FAP_2020,.context.climate_threat_habitat_degradation,Issue 4: Climate Change - Current Impacts on Pennsylvania Forests,1,TRUE,TRUE,"Pennsylvania has already seen measurable changes in temperature, precipitation, and storm intensity from climate change. As noted in the DCNR Climate Change Adaptation and Mitigation plan, since the e"
PA_FAP_2020,.context.climate_threat_habitat_degradation,Issue 4: Climate Change - Projected Impacts on Pennsylvania Forests,1,TRUE,TRUE,"Drought, wind, tornados, ice storms, fires, and floods may all occur more often and with greater impacts to Pennsylvania's forests in the future."
PA_FAP_2020,.context.climate_threat_species_vital_rates,Issue 4: Climate Change - Projected Impacts on Pennsylvania Forests,1,TRUE,TRUE,"Due to these changes, many of the state's current ecosystems will destabilize in their present locations, potentially leading to lower regeneration rates and higher mortality rates of many tree specie"
PA_FAP_2020,.context.climate_threat_biotic_stressors,Issue 4: Climate Change - Current Impacts on Pennsylvania Forests,1,TRUE,TRUE,Spatial modeling suggests many invasive plant species that currently have a range south of Pennsylvania will aggressively expand in temperate broadleaf and mixed forests of the northeastern U.S. due t
PA_FAP_2020,.context.climate_threat_biotic_stressors,Issue 4: Climate Change - Projected Impacts on Pennsylvania Forests,1,TRUE,TRUE,"Higher winter temperatures and longer, warmer growing seasons may allow insect pests to increase their range, population size and number of generations per year."
PA_FAP_2020,.actions.priority_habitat_identification,Chapter 4 - Climate Change Priority Landscape Analysis,1,TRUE,TRUE,"For the purposes of identifying climate change priority areas in this Plan, the PA Resilient and Connected Network will be used. This analysis was completed by The Nature Conservancy and collaborators"
PA_FAP_2020,.actions.priority_habitat_identification,Issue 4: Climate Change - Adaptation Strategies: Fragmented Habitats,1,TRUE,TRUE,Areas that have resisted or could potentially resist widespread climatic changes may be managed as refugia.
PA_FAP_2020,.actions.priority_habitat_identification,Issue 4: Climate Change - Adaptation Strategies: Fragmented Habitats,1,TRUE,TRUE,"Unique ecological sites and key tracts of land will be targeted for conservation through acquisitions, easements, forest landowner legacy planning, and stewardship plans to ensure habitat connectivity"
PA_FAP_2020,.actions.targeted_range_shift_actions,Issue 4: Climate Change - Adaptation Strategies: Changing Forest Composition,1,TRUE,TRUE,"In certain instances, it may be appropriate to implement assisted migration strategies for certain tree species. Such strategies must be approached thoughtfully and following appropriate science-based"
PA_FAP_2020,.actions.targeted_range_shift_actions,Issue 4: Climate Change - Adaptation Strategies: Fragmented Habitats,1,TRUE,TRUE,This will necessitate changes in land conservation priorities to create an interconnected system of habitats that allow species to move north and to higher elevations in response to climate change.
PA_FAP_2020,.actions.time_bound_and_monitoring,Issue 4: Climate Change - Adaptation Strategies: Forest Pests,1,TRUE,TRUE,Controlling these pests increases a forest's ability to withstand and adapt to climate change. High-value forests should be monitored closely for new and existing threats.
PA_FAP_2020,.actions.evidence_of_efficacy,Issue 4: Climate Change - Adaptation Strategies,1,TRUE,TRUE,"Because the specific nature of these changes is uncertain, foresters and other natural resource managers should take an adaptive approach to addressing these impacts, by investing more in managing for"
PA_FAP_2020,.actions.adaptation_planning_frameworks,Issue 4: Climate Change - Adaptation Strategies,1,TRUE,TRUE,"Because the specific nature of these changes is uncertain, foresters and other natural resource managers should take an adaptive approach to addressing these impacts, by investing more in managing for"
PR_FAP_2020,.concepts.climate_vulnerability,iv. Climate change,1,TRUE,TRUE,"Climate change is likely to exacerbate many of the existing threats to forest ecosystems. Climate warming, droughts, and the increase of invasive species will make forests more vulnerable to wildfires"
PR_FAP_2020,.concepts.adaptive_capacity_specificity,iv. Climate change,1,TRUE,TRUE,"restore and maintain resilient forests that are better adapted to a changing climate and other stressors, and reforest lands disturbed by catastrophic wildfires and other natural events."
PR_FAP_2020,.concepts.adaptive_capacity_components.demography,NA,NA,NA,FALSE,
PR_FAP_2020,.concepts.adaptive_capacity_components.demography,NA,NA,NA,FALSE,
PR_FAP_2020,.concepts.adaptive_capacity_components.demography,NA,NA,NA,FALSE,
PR_FAP_2020,.concepts.adaptive_capacity_components.distribution,NA,NA,NA,FALSE,
PR_FAP_2020,.concepts.adaptive_capacity_components.distribution,NA,NA,NA,FALSE,
PR_FAP_2020,.concepts.adaptive_capacity_components.distribution,NA,NA,NA,FALSE,
PR_FAP_2020,.concepts.adaptive_capacity_components.movement,b. THREATS TO FOREST RESOURCES i. Development and forest fragmentation,1,TRUE,TRUE,"As the amount of fragmentation increases, species populations may become isolated, and the migration of individuals and populations between areas of suitable habitat becomes more difficult."
PR_FAP_2020,.concepts.adaptive_capacity_components.evolutionary_potential,NA,NA,NA,FALSE,
PR_FAP_2020,.concepts.adaptive_capacity_components.evolutionary_potential,NA,NA,NA,FALSE,
PR_FAP_2020,.concepts.adaptive_capacity_components.evolutionary_potential,NA,NA,NA,FALSE,
PR_FAP_2020,.concepts.adaptive_capacity_components.ecological_dependencies,NA,NA,NA,FALSE,
PR_FAP_2020,.concepts.adaptive_capacity_components.ecological_dependencies,NA,NA,NA,FALSE,
PR_FAP_2020,.concepts.adaptive_capacity_components.ecological_dependencies,NA,NA,NA,FALSE,
PR_FAP_2020,.concepts.adaptive_capacity_components.abiotic_niche,NA,NA,NA,FALSE,
PR_FAP_2020,.concepts.adaptive_capacity_components.abiotic_niche,NA,NA,NA,FALSE,
PR_FAP_2020,.concepts.adaptive_capacity_components.abiotic_niche,NA,NA,NA,FALSE,
PR_FAP_2020,.concepts.adaptive_capacity_components.life_history,NA,NA,NA,FALSE,
PR_FAP_2020,.concepts.adaptive_capacity_components.life_history,NA,NA,NA,FALSE,
PR_FAP_2020,.concepts.adaptive_capacity_components.life_history,NA,NA,NA,FALSE,
PR_FAP_2020,.concepts.connectivity,Wildlife,1,TRUE,TRUE,Forested corridors are an important means of connecting fragmented habitat into a more unified whole.
PR_FAP_2020,.concepts.connectivity,Urban Forests,0.8416,FALSE,TRUE,Act No. 14 Unifying Act of State Forests...orders the DNER to identify the lands between these forests and draw two biological corridors linking them; delimit buffer zones; and determine acquirement a
PR_FAP_2020,.tools.vulnerability_models,NA,NA,NA,FALSE,
PR_FAP_2020,.tools.vulnerability_models,NA,NA,NA,FALSE,
PR_FAP_2020,.tools.vulnerability_models,NA,NA,NA,FALSE,
PR_FAP_2020,.tools.niche_models,NA,NA,NA,FALSE,
PR_FAP_2020,.tools.niche_models,NA,NA,NA,FALSE,
PR_FAP_2020,.tools.niche_models,NA,NA,NA,FALSE,
PR_FAP_2020,.tools.climate_models,iv. Climate change,1,TRUE,TRUE,"Climate models suggest that there will be a decrease in the frequency of hurricanes in the Caribbean, although an increase is also expected in the frequency of more intense events (CCCPR 2013). The CC"
PR_FAP_2020,.tools.climate_models,iv. Climate change,0.5038,FALSE,TRUE,The more conservative numbers from the Intergovernmental Panel on Climate Change (IPCC) estimate 40 to 102 cm over the next 100 years.
PR_FAP_2020,.tools.connectivity_models,Acknowledgements,1,TRUE,TRUE,"Puerto Rico participated in a USFS SFLA (Appendix C), which identified priority areas based on the richness of the forest resource and perceived threats. There was good correspondence between the exis"
PR_FAP_2020,.context.management_scale.local,Riparian corridors,1,TRUE,TRUE,"Restoration and management of forest cover in riparian areas adjacent to reservoirs, agricultural fields and urban streams is a high priority in every DNER administrative region."
PR_FAP_2020,.context.management_scale.site,Areas of hydrologic importance,1,TRUE,TRUE,management activity will focus on lands where reforestation or other forest management will improve sediment and erosion control.
PR_FAP_2020,.context.management_scale.watershed,Areas of hydrologic importance,1,TRUE,TRUE,The primary objective in this landscape is to maintain and/or restore sufficient forest cover to extend the lifespan of existing water supply reservoirs. The target zones are areas upstream of existin
PR_FAP_2020,.context.management_scale.city,NA,NA,NA,FALSE,
PR_FAP_2020,.context.management_scale.city,NA,NA,NA,FALSE,
PR_FAP_2020,.context.management_scale.city,NA,NA,NA,FALSE,
PR_FAP_2020,.context.management_scale.county,NA,NA,NA,FALSE,
PR_FAP_2020,.context.management_scale.county,NA,NA,NA,FALSE,
PR_FAP_2020,.context.management_scale.county,NA,NA,NA,FALSE,
PR_FAP_2020,.context.management_scale.within_state_region,Appendix E. Forest Land Analysis Project (FLAP),1,TRUE,TRUE,Determining the unique conditions and desires of the public in each region was intended to allow the DNER to tailor future programs to specific regions of Puerto Rico rather than treat the entire isla
PR_FAP_2020,.context.management_scale.state,ii. Priority Landscapes,1,TRUE,TRUE,"Eight priority landscapes have been identified based on analysis of the public issues, resource status and trends, and partnership opportunities."
PR_FAP_2020,.context.management_scale.multistate,NA,NA,NA,FALSE,
PR_FAP_2020,.context.management_scale.multistate,NA,NA,NA,FALSE,
PR_FAP_2020,.context.management_scale.multistate,NA,NA,NA,FALSE,
PR_FAP_2020,.context.management_scale.national,Land use and land cover,1,TRUE,TRUE,The Farm Bill established national goals for forest conservation. Statewide strategies are expected to contribute to the national goals.
PR_FAP_2020,.context.management_scale.transnational,NA,NA,NA,FALSE,
PR_FAP_2020,.context.management_scale.transnational,NA,NA,NA,FALSE,
PR_FAP_2020,.context.management_scale.transnational,NA,NA,NA,FALSE,
PR_FAP_2020,.context.management_scale.ecosystem,Urban Forests,1,TRUE,TRUE,"The Model Forest of Puerto Rico interconnects nineteen (19) protected areas; including Bosque del Pueblo, Toro Negro, Tres Picachos, La Olimpia, among others; throughout 378,777 acres of land from the"
PR_FAP_2020,.context.management_scale.ecoregion,NA,NA,NA,FALSE,
PR_FAP_2020,.context.management_scale.ecoregion,NA,NA,NA,FALSE,
PR_FAP_2020,.context.management_scale.ecoregion,NA,NA,NA,FALSE,
PR_FAP_2020,.context.management_scale.province,NA,NA,NA,FALSE,
PR_FAP_2020,.context.management_scale.province,NA,NA,NA,FALSE,
PR_FAP_2020,.context.management_scale.province,NA,NA,NA,FALSE,
PR_FAP_2020,.context.management_scale.section,NA,NA,NA,FALSE,
PR_FAP_2020,.context.management_scale.section,NA,NA,NA,FALSE,
PR_FAP_2020,.context.management_scale.section,NA,NA,NA,FALSE,
PR_FAP_2020,.context.management_scale.subsection,NA,NA,NA,FALSE,
PR_FAP_2020,.context.management_scale.subsection,NA,NA,NA,FALSE,
PR_FAP_2020,.context.management_scale.subsection,NA,NA,NA,FALSE,
PR_FAP_2020,.context.management_scale.lake,NA,NA,NA,FALSE,
PR_FAP_2020,.context.management_scale.lake,NA,NA,NA,FALSE,
PR_FAP_2020,.context.management_scale.lake,NA,NA,NA,FALSE,
PR_FAP_2020,.context.management_scale.river,Water resources,1,TRUE,TRUE,Fifty-five (55) rivers discharge directly into the sea.
PR_FAP_2020,.context.management_scale.district,NA,NA,NA,FALSE,
PR_FAP_2020,.context.management_scale.district,NA,NA,NA,FALSE,
PR_FAP_2020,.context.management_scale.district,NA,NA,NA,FALSE,
PR_FAP_2020,.context.biological_unit_score,Wildlife,1,TRUE,TRUE,"A significant proportion of the biota in Puerto Rico are found nowhere else in the world, thus the loss of a species locally represents a reduction of the biological diversity of the planet."
PR_FAP_2020,.context.biological_unit_score,Critical Wildlife Areas (CWA's),1,TRUE,TRUE,The purpose of this landscape is to ensure forest habitat is available to sustain the most threatened species on the island.
PR_FAP_2020,.context.biological_unit_components.species,Wildlife,1,TRUE,TRUE,Gould et al. (2007) conducted an analysis of conservation status on 177 mostly native species that are regularly found on the island.
PR_FAP_2020,.context.biological_unit_components.population,b. THREATS TO FOREST RESOURCES i. Development and forest fragmentation,1,TRUE,TRUE,"As the amount of fragmentation increases, species populations may become isolated, and the migration of individuals and populations between areas of suitable habitat becomes more difficult."
PR_FAP_2020,.context.biological_unit_components.habitat,Critical Wildlife Areas (CWA's),1,TRUE,TRUE,The purpose of this landscape is to ensure forest habitat is available to sustain the most threatened species on the island.
PR_FAP_2020,.context.biological_unit_components.ecosystem,iv. Climate change,1,TRUE,TRUE,Climate change is likely to exacerbate many of the existing threats to forest ecosystems.
PR_FAP_2020,.context.biological_unit_components.community,Land use and land cover,1,TRUE,TRUE,The mixes of native and non-native naturalized species are creating novel plant and animal communities.
PR_FAP_2020,.context.biological_unit_components.genotype_phenotype,NA,NA,NA,FALSE,
PR_FAP_2020,.context.biological_unit_components.genotype_phenotype,NA,NA,NA,FALSE,
PR_FAP_2020,.context.biological_unit_components.genotype_phenotype,NA,NA,NA,FALSE,
PR_FAP_2020,.context.partnerships_and_funding,Acknowledgements,0.8435,FALSE,TRUE,"USFS, hired Estudios Técnicos to complete this new section...Under direction provided on February 6, 2015 by a joint Memorandum from the Deputy Chief of State and Private Forestry of the United States"
PR_FAP_2020,.context.partnerships_and_funding,Critical Wildlife Areas (CWA's),1,TRUE,TRUE,"The DNERFSB will work closely within and without the Department to manage their own land to meet this need, to prepare private forest management plans that consider wildlife objectives, and to educate"
PR_FAP_2020,.context.partnerships_and_funding,Interface Landscape,1,TRUE,TRUE,"The Forest Legacy Program (FLP) is a volunteer land acquisition and conservation easement program that is administered by USFS, and implemented cooperatively with the DNERFSB."
PR_FAP_2020,.context.climate_threat_habitat_degradation,iv. Climate change,1,TRUE,TRUE,"The expected sea level rise is another issue that will significantly affect certain forests in Puerto Rico, mainly within the coastal zone. A rise in sea level of just one foot could have a detrimenta"
PR_FAP_2020,.context.climate_threat_habitat_degradation,b. THREATS TO FOREST RESOURCES i. Development and forest fragmentation,1,TRUE,TRUE,"Climate change, extended drought, and human-induced landscape fragmentation have the potential to greatly expand fire-prone areas to moist and wet tropical forests and even non-forested landscapes tra"
PR_FAP_2020,.context.climate_threat_species_vital_rates,NA,NA,NA,FALSE,
PR_FAP_2020,.context.climate_threat_species_vital_rates,NA,NA,NA,FALSE,
PR_FAP_2020,.context.climate_threat_species_vital_rates,NA,NA,NA,FALSE,
PR_FAP_2020,.context.climate_threat_biotic_stressors,iv. Climate change,1,TRUE,TRUE,"increased invasion by non-native species as result of higher temperatures, particularly on middle and high latitude islands"
PR_FAP_2020,.actions.priority_habitat_identification,ii. Priority Landscapes,0.9048,TRUE,TRUE,"Eight priority landscapes have been identified based on analysis of the public issues, resource status and trends, and partnership opportunities. They are: Interface Landscapes Critical Wildlife Areas"
PR_FAP_2020,.actions.priority_habitat_identification,Critical Wildlife Areas (CWA's),1,TRUE,TRUE,Figure 26 displays the CWA's identified in the PRSWAP (DNER 2015). These areas were delineated by determining the location of land 'necessary' to perpetuate the existence of species of special interes
PR_FAP_2020,.actions.priority_habitat_identification,Interface Landscape,1,TRUE,TRUE,The DNERFSB will focus on acquiring land and easements in the portions of Forest Legacy Areas that fall within the wildland urban interface (Figure 25). The primary objective is to retain large blocks
PR_FAP_2020,.actions.targeted_range_shift_actions,NA,NA,NA,FALSE,
PR_FAP_2020,.actions.targeted_range_shift_actions,NA,NA,NA,FALSE,
PR_FAP_2020,.actions.targeted_range_shift_actions,NA,NA,NA,FALSE,
PR_FAP_2020,.actions.time_bound_and_monitoring,iv. Climate change,1,TRUE,TRUE,Climate change can be regarded as a process of long-term change that requires a monitoring mechanism or protocol to categorize management applications and setting priorities can focus on adapting to t
PR_FAP_2020,.actions.evidence_of_efficacy,Riparian forests,1,TRUE,TRUE,"studies show dramatic reductions from 30 to 98 percent in nutrients, sediments, pesticides, and other pollutants in surface and groundwater after passing through a riparian forest buffer (Lowrance et "
PR_FAP_2020,.actions.adaptation_planning_frameworks,Table 13,1,TRUE,TRUE,manage trees and forests to mitigate and adapt to global climate change.
PW_FAP_2020,.concepts.climate_vulnerability,Issue 1 Climate Change,1,TRUE,TRUE,"Global warming is a major threat and issue for coastal forests and communities. Forests act as important carbon sinks that absorb carbon dioxide, a major greenhouse gas and mitigate the impacts of cli"
PW_FAP_2020,.concepts.adaptive_capacity_specificity,TABLE (Status and Trends of Forest Resources),0.6053,FALSE,TRUE,"Dwarfism may enable specific mangrove species to grow and reproduce in elevated, less optimum conditions and enable them to retreat to higher ground as the sea level rises in the next century."
PW_FAP_2020,.concepts.adaptive_capacity_components.demography,NA,NA,NA,FALSE,
PW_FAP_2020,.concepts.adaptive_capacity_components.demography,NA,NA,NA,FALSE,
PW_FAP_2020,.concepts.adaptive_capacity_components.demography,NA,NA,NA,FALSE,
PW_FAP_2020,.concepts.adaptive_capacity_components.distribution,NA,NA,NA,FALSE,
PW_FAP_2020,.concepts.adaptive_capacity_components.distribution,NA,NA,NA,FALSE,
PW_FAP_2020,.concepts.adaptive_capacity_components.distribution,NA,NA,NA,FALSE,
PW_FAP_2020,.concepts.adaptive_capacity_components.movement,NA,NA,NA,FALSE,
PW_FAP_2020,.concepts.adaptive_capacity_components.movement,NA,NA,NA,FALSE,
PW_FAP_2020,.concepts.adaptive_capacity_components.movement,NA,NA,NA,FALSE,
PW_FAP_2020,.concepts.adaptive_capacity_components.evolutionary_potential,NA,NA,NA,FALSE,
PW_FAP_2020,.concepts.adaptive_capacity_components.evolutionary_potential,NA,NA,NA,FALSE,
PW_FAP_2020,.concepts.adaptive_capacity_components.evolutionary_potential,NA,NA,NA,FALSE,
PW_FAP_2020,.concepts.adaptive_capacity_components.ecological_dependencies,NA,NA,NA,FALSE,
PW_FAP_2020,.concepts.adaptive_capacity_components.ecological_dependencies,NA,NA,NA,FALSE,
PW_FAP_2020,.concepts.adaptive_capacity_components.ecological_dependencies,NA,NA,NA,FALSE,
PW_FAP_2020,.concepts.adaptive_capacity_components.abiotic_niche,NA,NA,NA,FALSE,
PW_FAP_2020,.concepts.adaptive_capacity_components.abiotic_niche,NA,NA,NA,FALSE,
PW_FAP_2020,.concepts.adaptive_capacity_components.abiotic_niche,NA,NA,NA,FALSE,
PW_FAP_2020,.concepts.adaptive_capacity_components.life_history,NA,NA,NA,FALSE,
PW_FAP_2020,.concepts.adaptive_capacity_components.life_history,NA,NA,NA,FALSE,
PW_FAP_2020,.concepts.adaptive_capacity_components.life_history,NA,NA,NA,FALSE,
PW_FAP_2020,.concepts.connectivity,NA,NA,NA,FALSE,
PW_FAP_2020,.concepts.connectivity,NA,NA,NA,FALSE,
PW_FAP_2020,.concepts.connectivity,NA,NA,NA,FALSE,
PW_FAP_2020,.tools.vulnerability_models,NA,NA,NA,FALSE,
PW_FAP_2020,.tools.vulnerability_models,NA,NA,NA,FALSE,
PW_FAP_2020,.tools.vulnerability_models,NA,NA,NA,FALSE,
PW_FAP_2020,.tools.niche_models,NA,NA,NA,FALSE,
PW_FAP_2020,.tools.niche_models,NA,NA,NA,FALSE,
PW_FAP_2020,.tools.niche_models,NA,NA,NA,FALSE,
PW_FAP_2020,.tools.climate_models,NA,NA,NA,FALSE,
PW_FAP_2020,.tools.climate_models,NA,NA,NA,FALSE,
PW_FAP_2020,.tools.climate_models,NA,NA,NA,FALSE,
PW_FAP_2020,.tools.connectivity_models,NA,NA,NA,FALSE,
PW_FAP_2020,.tools.connectivity_models,NA,NA,NA,FALSE,
PW_FAP_2020,.tools.connectivity_models,NA,NA,NA,FALSE,
PW_FAP_2020,.context.management_scale.local,Landslides,0.8673,TRUE,TRUE,"The 2021-2030 priority sites for mitigation efforts for landslides through reforestation and civil engineering as follows: Malakal Quarry, the Ngerikiil Road Tmetuchl National Airport in Airai State"
PW_FAP_2020,.context.management_scale.site,FIGURE caption (wildfire priority areas),0.244,FALSE,TRUE,"The 2021 'priority wildfire areas' (high risk fire locations, where fires occur repeatedly) are where Palau will concentrate efforts to prevent, pre-suppress, control, and suppress the frequency and s"
PW_FAP_2020,.context.management_scale.watershed,Issue 3 Water Quality and Quantity,1,TRUE,TRUE,Twenty upper watersheds provide public drinking water to Babeldaob and Koror. These priority upper watersheds are indicated in blue
PW_FAP_2020,.context.management_scale.city,NA,NA,NA,FALSE,
PW_FAP_2020,.context.management_scale.city,NA,NA,NA,FALSE,
PW_FAP_2020,.context.management_scale.city,NA,NA,NA,FALSE,
PW_FAP_2020,.context.management_scale.county,NA,NA,NA,FALSE,
PW_FAP_2020,.context.management_scale.county,NA,NA,NA,FALSE,
PW_FAP_2020,.context.management_scale.county,NA,NA,NA,FALSE,
PW_FAP_2020,.context.management_scale.within_state_region,Introduction,1,TRUE,TRUE,"Spatial data gaps existed for the States of Angaur, Peleliu, Kayangel, Sonsorol and Hatohobei and parts of Koror."
PW_FAP_2020,.context.management_scale.state,Written by Ann Hillmann Kitalong (action list),1,TRUE,TRUE,"Work with the States and partners to develop Comprehensive State Forest Management Plans addressing climate change, wildfire, watershed protection, conservation, rehabilitation, and sustainable use of"
PW_FAP_2020,.context.management_scale.multistate,FIGURE caption (watershed priority areas),0.3,FALSE,TRUE,"In 2006, the Babeldaob Watershed Alliance was formed to help states sharing the same watershed coordination efforts through Conservation Action Plans to better protect and manage their forests and wat"
PW_FAP_2020,.context.management_scale.national,Introduction,1,TRUE,TRUE,This assessment analyzes Palau's current forest conditions and trends and delineates priority rural and urban forest landscapes from which the 2021 nation-wide strategy was developed.
PW_FAP_2020,.context.management_scale.transnational,NA,NA,NA,FALSE,
PW_FAP_2020,.context.management_scale.transnational,NA,NA,NA,FALSE,
PW_FAP_2020,.context.management_scale.transnational,NA,NA,NA,FALSE,
PW_FAP_2020,.context.management_scale.ecosystem,Mangrove forests,1,TRUE,TRUE,"Mangrove forests are found in the Rock Islands, along the coasts and the edge of marine lakes. Mangroves provide potential ecosystem services as follows: a buffer that reduces the impacts from storms "
PW_FAP_2020,.context.management_scale.ecoregion,NA,NA,NA,FALSE,
PW_FAP_2020,.context.management_scale.ecoregion,NA,NA,NA,FALSE,
PW_FAP_2020,.context.management_scale.ecoregion,NA,NA,NA,FALSE,
PW_FAP_2020,.context.management_scale.province,NA,NA,NA,FALSE,
PW_FAP_2020,.context.management_scale.province,NA,NA,NA,FALSE,
PW_FAP_2020,.context.management_scale.province,NA,NA,NA,FALSE,
PW_FAP_2020,.context.management_scale.section,NA,NA,NA,FALSE,
PW_FAP_2020,.context.management_scale.section,NA,NA,NA,FALSE,
PW_FAP_2020,.context.management_scale.section,NA,NA,NA,FALSE,
PW_FAP_2020,.context.management_scale.subsection,NA,NA,NA,FALSE,
PW_FAP_2020,.context.management_scale.subsection,NA,NA,NA,FALSE,
PW_FAP_2020,.context.management_scale.subsection,NA,NA,NA,FALSE,
PW_FAP_2020,.context.management_scale.lake,National Forest Monitoring Program,1,TRUE,TRUE,The Ngerdorch Watershed and Lake Ngardok and floodplains of the Ngermeskang Watershed and River are important habitats for the water birds
PW_FAP_2020,.context.management_scale.river,TABLE (Issue 1 Climate Change summary),1,TRUE,TRUE,The main source of drinking water for Palau's population is the Ngerikiil Watershed.
PW_FAP_2020,.context.management_scale.district,NA,NA,NA,FALSE,
PW_FAP_2020,.context.management_scale.district,NA,NA,NA,FALSE,
PW_FAP_2020,.context.management_scale.district,NA,NA,NA,FALSE,
PW_FAP_2020,.context.biological_unit_score,Endangered Species,1,TRUE,TRUE,"Species are considered threatened due to small population size, or small, restricted, or fragmented habitats or due to past, current, or even perceived future population or habitat decline."
PW_FAP_2020,.context.biological_unit_score,Forest Dynamics Monitoring at Ngardok Nature Reserve,1,TRUE,TRUE,The USDA Forest Service Forest Inventory and Analysis (FIA) program in Palau was set up to address long term changes and regular (every 10 years) monitoring of the permanent plots quantifies the impac
PW_FAP_2020,.context.biological_unit_components.species,Endangered Species,1,TRUE,TRUE,"Identify threats across all critical life stage habitats and to eggs, hatchlings, sub-adults, and adults including from people and climate change"
PW_FAP_2020,.context.biological_unit_components.population,NA,NA,NA,FALSE,
PW_FAP_2020,.context.biological_unit_components.population,NA,NA,NA,FALSE,
PW_FAP_2020,.context.biological_unit_components.population,NA,NA,NA,FALSE,
PW_FAP_2020,.context.biological_unit_components.habitat,Introduction,1,TRUE,TRUE,Managers are increasingly challenged to address these threats in an effective and efficient way that will ensure that available funds result in positive outcomes that mitigate impacts and that enable 
PW_FAP_2020,.context.biological_unit_components.ecosystem,TABLE (Protect Forests from Harm),0.9109,TRUE,TRUE,Healthy Forest Ecosystems provide services that benefit society. Addressing threats (such as invasive species) to the health of forests consistently requires a collaborate on coordinated and activates
PW_FAP_2020,.context.biological_unit_components.community,NA,NA,NA,FALSE,
PW_FAP_2020,.context.biological_unit_components.community,NA,NA,NA,FALSE,
PW_FAP_2020,.context.biological_unit_components.community,NA,NA,NA,FALSE,
PW_FAP_2020,.context.biological_unit_components.genotype_phenotype,NA,NA,NA,FALSE,
PW_FAP_2020,.context.biological_unit_components.genotype_phenotype,NA,NA,NA,FALSE,
PW_FAP_2020,.context.biological_unit_components.genotype_phenotype,NA,NA,NA,FALSE,
PW_FAP_2020,.context.partnerships_and_funding,TABLE (USDA Forest Service S&PF priorities),1,TRUE,TRUE,USDA Forest Service State and Private Forestry (S& PF) financial assistance can support Palau's forestry program to shape and influence use of forest land to optimize benefits from trees and forests f
PW_FAP_2020,.context.partnerships_and_funding,TABLE (USDA Forest Service S&PF priorities),1,TRUE,TRUE,A national project implemented by MAFE entitled Integrating Biodiversity Safeguards and Conservation into Development funded through the Global Environment Facility is working with the States of Ngiwa
PW_FAP_2020,.context.partnerships_and_funding,Forest Dynamics Monitoring at Ngardok Nature Reserve,1,TRUE,TRUE,"In partnership with Palauan State, Government and Non-Government Organizations (NGOs), the Smithsonian Center for Tropical Forest Science (CTFS) established the first permanent forest dynamic plot"
PW_FAP_2020,.context.climate_threat_habitat_degradation,Sea Level Rise and Coastal Erosion,1,TRUE,TRUE,Seawater and freshwater inundation of coastal agroforests is impacting food production in lowland agroforests. The less drastic and gradual rise in sea level is predicted to be from 0.2 to 0.9m by 210
PW_FAP_2020,.context.climate_threat_species_vital_rates,FIGURE caption (climate change/drought section),0.2955,FALSE,TRUE,"These climate changes affect the health of the trees, causing stressed conditions that make trees vulnerable to pathogens and insects."
PW_FAP_2020,.context.climate_threat_biotic_stressors,TABLE (Issue 1 Climate Change summary),1,TRUE,TRUE,These extreme weather conditions are leading to the spread of invasive species into areas where forests are opened up or taro patches or agroforest are
PW_FAP_2020,.actions.priority_habitat_identification,TABLE (coastal erosion analysis),1,TRUE,TRUE,The 2021 FAP results from the overlay analysis are shown in Figure1.8. High priority areas for flooding were coastlines 0 to 1m above sea level. Koror has one of the highest priorities because it is t
PW_FAP_2020,.actions.priority_habitat_identification,The 2015 Agricultural Survey/Census,1,TRUE,TRUE,"In 2020, Palau submitted a 'Forest Stewardship Program Priority Area' (Figure 6.19) to satisfy changing USDA Forest Service Forest Stewardship Program (FSP) requirements. This indicates that nearly al"
PW_FAP_2020,.actions.targeted_range_shift_actions,NA,NA,NA,FALSE,
PW_FAP_2020,.actions.targeted_range_shift_actions,NA,NA,NA,FALSE,
PW_FAP_2020,.actions.targeted_range_shift_actions,NA,NA,NA,FALSE,
PW_FAP_2020,.actions.time_bound_and_monitoring,Forest Dynamics Monitoring at Ngardok Nature Reserve,0.9859,TRUE,TRUE,"The forest monitoring plot at Ngardok will be re-measured every 4-5 years through the collaboration ofthe DFLW, MCN, and the USDA Forest Service."
PW_FAP_2020,.actions.evidence_of_efficacy,Savanna grasslands,1,TRUE,TRUE,A comparison of aerial photographs between 1968 and 2005 showed that mangroves forests within Airai Bay nearly doubled in size (from 4.2 to 7.9 km 2 ) in a 37-year period at a rate of 0.1 km 2 yr-1.
PW_FAP_2020,.actions.evidence_of_efficacy,Written by Ann Hillmann Kitalong (action outcomes section),1,TRUE,TRUE,"Trees planted in Ngeremlengui and Ngiual had an average survival rate of 90%. A total of 39 sediment traps which constituted planting of 2,115 lemon grass with log fences was installed in the area to "
PW_FAP_2020,.actions.adaptation_planning_frameworks,TABLE (Enhance Public Benefits from Trees and Forests Objective 1),1,TRUE,TRUE,Increase climate change adaptation benefits from forests
RI_FAP_2020,.concepts.climate_vulnerability,Issue: Climate Change,1,TRUE,TRUE,"the combined onslaught of climate change, fragmentation and parcelization, interference with migration, loss of biodiversity, invasive plant and insect species, overuse and overgrazing, and more extre"
RI_FAP_2020,.concepts.climate_vulnerability,SPECIES COMPOSITION,1,TRUE,TRUE,"Increased temperatures and altered climate conditions are also expected to shift suitable growing conditions for individual species of trees, shrubs, and plants. This means that many species growing a"
RI_FAP_2020,.concepts.climate_vulnerability,SPECIES COMPOSITION,1,TRUE,TRUE,"the Lowland Conifer and Mixed type relies on a relatively narrow range of soil and moisture conditions, making it vulnerable to impacts from droughts and extreme weather events."
RI_FAP_2020,.concepts.adaptive_capacity_specificity,Issue: Climate Change,1,TRUE,TRUE,These increasing threats and rapid rate of change have the potential to exceed an ecosystem's resilience or capacity to adapt.
RI_FAP_2020,.concepts.adaptive_capacity_specificity,SPECIES COMPOSITION,0.9203,TRUE,TRUE,"Although many of the common forest types across Rhode Island are generally expected to have some capacity to adapt to changing conditions, the likely effects of climate change also need to be consider"
RI_FAP_2020,.concepts.adaptive_capacity_components.demography,NA,NA,NA,FALSE,
RI_FAP_2020,.concepts.adaptive_capacity_components.demography,NA,NA,NA,FALSE,
RI_FAP_2020,.concepts.adaptive_capacity_components.demography,NA,NA,NA,FALSE,
RI_FAP_2020,.concepts.adaptive_capacity_components.distribution,SPECIES COMPOSITION,1,TRUE,TRUE,"Increased temperatures and altered climate conditions are also expected to shift suitable growing conditions for individual species of trees, shrubs, and plants. This means that many species growing a"
RI_FAP_2020,.concepts.adaptive_capacity_components.movement,SPECIES COMPOSITION,1,TRUE,TRUE,"The natural shift in growing range and dispersal is a slow process but, in the 21 st century, it is complicated by grey infrastructure, permanent land conversion, and other impacts of fragmentation an"
RI_FAP_2020,.concepts.adaptive_capacity_components.evolutionary_potential,NA,NA,NA,FALSE,
RI_FAP_2020,.concepts.adaptive_capacity_components.evolutionary_potential,NA,NA,NA,FALSE,
RI_FAP_2020,.concepts.adaptive_capacity_components.evolutionary_potential,NA,NA,NA,FALSE,
RI_FAP_2020,.concepts.adaptive_capacity_components.ecological_dependencies,Issue: Climate Change,1,TRUE,TRUE,"longer growing seasons can mean desynchronized pollinators and food sources, bird nesting, and migration, etc., which may have unforeseen impacts."
RI_FAP_2020,.concepts.adaptive_capacity_components.abiotic_niche,SPECIES COMPOSITION,1,TRUE,TRUE,"the Lowland Conifer and Mixed type relies on a relatively narrow range of soil and moisture conditions, making it vulnerable to impacts from droughts and extreme weather events."
RI_FAP_2020,.concepts.adaptive_capacity_components.life_history,NA,NA,NA,FALSE,
RI_FAP_2020,.concepts.adaptive_capacity_components.life_history,NA,NA,NA,FALSE,
RI_FAP_2020,.concepts.adaptive_capacity_components.life_history,NA,NA,NA,FALSE,
RI_FAP_2020,.concepts.connectivity,WILDLIFE HABITAT,1,TRUE,TRUE,"Even with increasing fragmentation, retaining green corridors connecting these core sites can play a crucial role for the sustainability of wildlife populations."
RI_FAP_2020,.concepts.connectivity,SPECIES COMPOSITION,1,TRUE,TRUE,"The natural shift in growing range and dispersal is a slow process but, in the 21 st century, it is complicated by grey infrastructure, permanent land conversion, and other impacts of fragmentation an"
RI_FAP_2020,.concepts.connectivity,RESPONDING TO CHANGE,1,TRUE,TRUE,"One method is to encourage the planting of a variety of forest tree species that will be suited to the changing climate patterns. This can assist the migration of such species, avoiding interruptions "
RI_FAP_2020,.tools.vulnerability_models,SPECIES COMPOSITION,1,TRUE,TRUE,"The New England and Northern New York Forest Ecosystem Vulnerability Assessment and Synthesis presents an assessment of vulnerability for forest ecosystems for the end of the 21 st century, shown in t"
RI_FAP_2020,.tools.vulnerability_models,SPECIES COMPOSITION (table),0.6127,FALSE,TRUE,CLIMATIC IMPACTS | FOREST IMPACTS ... Changes in suitable habitat | Changes in tree establishment | Changes in tree growth | Changes in forest composition
RI_FAP_2020,.tools.niche_models,SPECIES COMPOSITION,1,TRUE,TRUE,"Predictive models for anticipated climate change look at the effects of various emission rate scenarios. An example on the left, from the 2006 Northeast Climate Impacts Assessment, shows the effects o"
RI_FAP_2020,.tools.climate_models,Issue: Climate Change,1,TRUE,TRUE,"Temperatures are projected to continue increasing, leading to longer growing seasons and more extreme hot days. Climate models predict additional changes in the future."
RI_FAP_2020,.tools.climate_models,SPECIES COMPOSITION,1,TRUE,TRUE,"Predictive models for anticipated climate change look at the effects of various emission rate scenarios. An example on the left, from the 2006 Northeast Climate Impacts Assessment, shows the effects o"
RI_FAP_2020,.tools.connectivity_models,PRIORITY LANDSCAPE AREAS IN RHODE ISLAND,1,TRUE,TRUE,"This map, derived from the i-Tree Landscape Tool, shows the Wildland-Urban Interface (WUI) in red and Wildland-Urban intermix in yellow."
RI_FAP_2020,.context.management_scale.local,SPECIES COMPOSITION,0.8773,TRUE,TRUE,the likely effects of climate change also need to be considered at the property-and stand-levels where local site conditions and potential hazards can be evaluated.
RI_FAP_2020,.context.management_scale.site,PRIORITY LANDSCAPE AREAS IN RHODE ISLAND,1,TRUE,TRUE,"Goals include: improve forest habitat for fish, wildlife, and invertebrate species of concern; support the recovery of endangered or threatened species and improve biodiversity; protect water quality "
RI_FAP_2020,.context.management_scale.watershed,PRIORITY LANDSCAPE AREAS IN RHODE ISLAND,0.8552,TRUE,TRUE,"The Forest Legacy Program prioritizes significant forest tracts, watersheds for public drinking water, public open-space tracts and recreational areas, location of rare, threatened and endangered spec"
RI_FAP_2020,.context.management_scale.city,NA,NA,NA,FALSE,
RI_FAP_2020,.context.management_scale.city,NA,NA,NA,FALSE,
RI_FAP_2020,.context.management_scale.city,NA,NA,NA,FALSE,
RI_FAP_2020,.context.management_scale.county,NA,NA,NA,FALSE,
RI_FAP_2020,.context.management_scale.county,NA,NA,NA,FALSE,
RI_FAP_2020,.context.management_scale.county,NA,NA,NA,FALSE,
RI_FAP_2020,.context.management_scale.within_state_region,PRIORITY LANDSCAPE AREAS IN RHODE ISLAND,0.8308,FALSE,TRUE,"The Forest Legacy Program identified its two distinct priority areas in its 2020 document: 1. Mainland -comprised of the forested and intermix areas on the west side of the state, and 2. East Bay -whe"
RI_FAP_2020,.context.management_scale.state,Executive Summary,1,TRUE,TRUE,"The Rhode Island 2020 Forest Action Plan discusses facts, trends, benefits and issues of concern, as well as priorities, goals, and strategies for the management of forest land."
RI_FAP_2020,.context.management_scale.multistate,INCREASING RESILIENCY IN SOUTHERN NEW ENGLAND OAK FORESTS,1,TRUE,TRUE,This program is a multi-state Landscape Scale Restoration grant awarded by the USFS to the Forest Stewards Guild in 2019. The RI Woodland Partnership (RIWP) was instrumental in developing the project 
RI_FAP_2020,.context.management_scale.national,INTRODUCTION,1,TRUE,TRUE,"These statewide forest assessments, or forest action plans (SFAP), are required for maintaining eligibility to receive funds under the authorities of the Act, through the USDA Forest Service State and"
RI_FAP_2020,.context.management_scale.transnational,NA,NA,NA,FALSE,
RI_FAP_2020,.context.management_scale.transnational,NA,NA,NA,FALSE,
RI_FAP_2020,.context.management_scale.transnational,NA,NA,NA,FALSE,
RI_FAP_2020,.context.management_scale.ecosystem,SPECIES COMPOSITION,1,TRUE,TRUE,The New England and Northern New York Forest Ecosystem Vulnerability Assessment and Synthesis presents an assessment of vulnerability for forest ecosystems for the end of the 21 st century
RI_FAP_2020,.context.management_scale.ecoregion,NA,NA,NA,FALSE,
RI_FAP_2020,.context.management_scale.ecoregion,NA,NA,NA,FALSE,
RI_FAP_2020,.context.management_scale.ecoregion,NA,NA,NA,FALSE,
RI_FAP_2020,.context.management_scale.province,NA,NA,NA,FALSE,
RI_FAP_2020,.context.management_scale.province,NA,NA,NA,FALSE,
RI_FAP_2020,.context.management_scale.province,NA,NA,NA,FALSE,
RI_FAP_2020,.context.management_scale.section,NA,NA,NA,FALSE,
RI_FAP_2020,.context.management_scale.section,NA,NA,NA,FALSE,
RI_FAP_2020,.context.management_scale.section,NA,NA,NA,FALSE,
RI_FAP_2020,.context.management_scale.subsection,NA,NA,NA,FALSE,
RI_FAP_2020,.context.management_scale.subsection,NA,NA,NA,FALSE,
RI_FAP_2020,.context.management_scale.subsection,NA,NA,NA,FALSE,
RI_FAP_2020,.context.management_scale.lake,NA,NA,NA,FALSE,
RI_FAP_2020,.context.management_scale.lake,NA,NA,NA,FALSE,
RI_FAP_2020,.context.management_scale.lake,NA,NA,NA,FALSE,
RI_FAP_2020,.context.management_scale.river,NA,NA,NA,FALSE,
RI_FAP_2020,.context.management_scale.river,NA,NA,NA,FALSE,
RI_FAP_2020,.context.management_scale.river,NA,NA,NA,FALSE,
RI_FAP_2020,.context.management_scale.district,NA,NA,NA,FALSE,
RI_FAP_2020,.context.management_scale.district,NA,NA,NA,FALSE,
RI_FAP_2020,.context.management_scale.district,NA,NA,NA,FALSE,
RI_FAP_2020,.context.biological_unit_score,SPECIES COMPOSITION,1,TRUE,TRUE,"Increased temperatures and altered climate conditions are also expected to shift suitable growing conditions for individual species of trees, shrubs, and plants."
RI_FAP_2020,.context.biological_unit_score,SPECIES COMPOSITION,1,TRUE,TRUE,"The impact of climate change will not only impact individual species but also the composition of entire plant communities. Such communities, as expressed as forest types or systems for example, may be"
RI_FAP_2020,.context.biological_unit_components.species,Issue: Climate Change,1,TRUE,TRUE,"As the climate changes, forest composition will change, becoming less favorable to species that are adapted to cold climates, promoting typically southern species at the northern edge of their range"
RI_FAP_2020,.context.biological_unit_components.population,NA,NA,NA,FALSE,
RI_FAP_2020,.context.biological_unit_components.population,NA,NA,NA,FALSE,
RI_FAP_2020,.context.biological_unit_components.population,NA,NA,NA,FALSE,
RI_FAP_2020,.context.biological_unit_components.habitat,SPECIES COMPOSITION,1,TRUE,TRUE,"the Lowland Conifer and Mixed type relies on a relatively narrow range of soil and moisture conditions, making it vulnerable to impacts from droughts and extreme weather events."
RI_FAP_2020,.context.biological_unit_components.ecosystem,SPECIES COMPOSITION,1,TRUE,TRUE,"The impact of climate change will not only impact individual species but also the composition of entire plant communities. Such communities, as expressed as forest types or systems for example, may be"
RI_FAP_2020,.context.biological_unit_components.community,SPECIES COMPOSITION,1,TRUE,TRUE,"The impact of climate change will not only impact individual species but also the composition of entire plant communities. Such communities, as expressed as forest types or systems for example, may be"
RI_FAP_2020,.context.biological_unit_components.genotype_phenotype,NA,NA,NA,FALSE,
RI_FAP_2020,.context.biological_unit_components.genotype_phenotype,NA,NA,NA,FALSE,
RI_FAP_2020,.context.biological_unit_components.genotype_phenotype,NA,NA,NA,FALSE,
RI_FAP_2020,.context.partnerships_and_funding,RESPONDING TO CHANGE,1,TRUE,TRUE,"DFE will also need to explore funding and partnerships to initiate efforts that will benefit Rhode Island, based on good science, such as planting and protection of seedlings, assisted migration, demo"
RI_FAP_2020,.context.partnerships_and_funding,Executive Summary,1,TRUE,TRUE,RIDEM's Division of Forest Environment (DFE) currently receives approximately 23% of its funding through the Cooperative Forestry Assistance Act (CFAA) through the State and Private Forestry programs 
RI_FAP_2020,.context.climate_threat_habitat_degradation,Issue: Climate Change,1,TRUE,TRUE,"A longer growing season, warmer temperatures, and more variable summer rain are likely to increase summer moisture stress on plants and could lead to harmful droughts"
RI_FAP_2020,.context.climate_threat_habitat_degradation,COMPOUNDING FACTORS,1,TRUE,TRUE,"More recently, changes in seasonal weather patterns and precipitation have decreased moisture availability in the summer months, increasing tree mortality."
RI_FAP_2020,.context.climate_threat_species_vital_rates,WATERWAYS,1,TRUE,TRUE,"In Rhode Island, obligate cold-water stream species (like the native brook trout) are threatened by warming waters."
RI_FAP_2020,.context.climate_threat_species_vital_rates,COMPOUNDING FACTORS,1,TRUE,TRUE,"After 3 years of intensive defoliation by gypsy moth, and droughty summers, many oak trees failed to recover, resulting in an estimated 45-50,000 acres of forest loss. Mortality in 2019 was attributed"
RI_FAP_2020,.context.climate_threat_biotic_stressors,Issue: Climate Change,1,TRUE,TRUE,Increasing winter temperatures also increase the threat from many invasive plants and insect pests (native and exotic) because these species may no longer have to withstand or recover from extremely c
RI_FAP_2020,.context.climate_threat_biotic_stressors,Issue: Climate Change,1,TRUE,TRUE,"Changes in the timing of leaf-out, flowering, and fruiting in plants can be very disruptive to plant pollinators, seed dispersers, and migratory wildlife."
RI_FAP_2020,.actions.priority_habitat_identification,PRIORITY LANDSCAPE AREAS IN RHODE ISLAND,0.8308,FALSE,TRUE,"The Forest Legacy Program identified its two distinct priority areas in its 2020 document: 1. Mainland -comprised of the forested and intermix areas on the west side of the state, and 2. East Bay -whe"
RI_FAP_2020,.actions.priority_habitat_identification,WILDLIFE HABITAT,1,TRUE,TRUE,"Even with increasing fragmentation, retaining green corridors connecting these core sites can play a crucial role for the sustainability of wildlife populations."
RI_FAP_2020,.actions.priority_habitat_identification,PRIMARY PRIORITY: Keeping forests as forests,1,TRUE,TRUE,"Provide technical assistance to the DEM Land Acquisition Committee, supporting protection of critical forest habitat, particularly larger intact blocks of high value forests for multiple benefits incl"
RI_FAP_2020,.actions.targeted_range_shift_actions,RESPONDING TO CHANGE,1,TRUE,TRUE,"DFE will also need to explore funding and partnerships to initiate efforts that will benefit Rhode Island, based on good science, such as planting and protection of seedlings, assisted migration, demo"
RI_FAP_2020,.actions.targeted_range_shift_actions,RESPONDING TO CHANGE,1,TRUE,TRUE,"One method is to encourage the planting of a variety of forest tree species that will be suited to the changing climate patterns. This can assist the migration of such species, avoiding interruptions "
RI_FAP_2020,.actions.time_bound_and_monitoring,PRIORITY LANDSCAPE AREAS IN RHODE ISLAND,1,TRUE,TRUE,"Funded through the USDA NRCS Regional Conservation Partnership Program, the program has funding for five years for work within Rhode Island"
RI_FAP_2020,.actions.evidence_of_efficacy,RESPONDING TO CHANGE,1,TRUE,TRUE,It is necessary for DFE to advocate and support adaptive forest management practices that maintain a resilient forest able to withstand the effects of stress related to changing climate zones and pest
RI_FAP_2020,.actions.adaptation_planning_frameworks,RESPONDING TO CHANGE,1,TRUE,TRUE,It is necessary for DFE to advocate and support adaptive forest management practices that maintain a resilient forest able to withstand the effects of stress related to changing climate zones and pest
RI_FAP_2020,.actions.adaptation_planning_frameworks,CLIMATE CHANGE MITIGATION (carbon table),1,TRUE,TRUE,Forest management practices are increasingly being designed in response to these pressures to help ecosystems adapt
RMI_FAP_2020,.concepts.climate_vulnerability,A. CLIMATE CHANGE,1,TRUE,TRUE,Global projections of sea level rise over the long term are potentially devastating to the low-elevation atolls of the Marshalls. Regional information about climate change effects over a planning hori
RMI_FAP_2020,.concepts.climate_vulnerability,A. CLIMATE CHANGE,1,TRUE,TRUE,"Storms and extraordinarily high tides occur with natural variability and are also amplified by climate change and sea level rise. Atolls, with their characteristic beach berms and depressed interiors,"
RMI_FAP_2020,.concepts.climate_vulnerability,GLOSSARY,1,TRUE,TRUE,Resilience: Climate resilience can be generally defined as the capacity for a socio-ecological system to (1) absorb stresses and maintain function in the face of external stresses imposed upon it by c
RMI_FAP_2020,.concepts.adaptive_capacity_specificity,FIGURE (Agriculture Sector Plan challenges),0.3509,FALSE,TRUE,Efforts will be made to improve the resilience of food production systems to impacts of climate change by improving above-ground biodiversity and below-ground biodiversity.
RMI_FAP_2020,.concepts.adaptive_capacity_components.demography,NA,NA,NA,FALSE,
RMI_FAP_2020,.concepts.adaptive_capacity_components.demography,NA,NA,NA,FALSE,
RMI_FAP_2020,.concepts.adaptive_capacity_components.demography,NA,NA,NA,FALSE,
RMI_FAP_2020,.concepts.adaptive_capacity_components.distribution,NA,NA,NA,FALSE,
RMI_FAP_2020,.concepts.adaptive_capacity_components.distribution,NA,NA,NA,FALSE,
RMI_FAP_2020,.concepts.adaptive_capacity_components.distribution,NA,NA,NA,FALSE,
RMI_FAP_2020,.concepts.adaptive_capacity_components.movement,NA,NA,NA,FALSE,
RMI_FAP_2020,.concepts.adaptive_capacity_components.movement,NA,NA,NA,FALSE,
RMI_FAP_2020,.concepts.adaptive_capacity_components.movement,NA,NA,NA,FALSE,
RMI_FAP_2020,.concepts.adaptive_capacity_components.evolutionary_potential,CHALLENGES TO AGRICULTURE,1,TRUE,TRUE,"Narrow genetic base -Some of the varieties of species like pandanus, taro, breadfruit, coconuts, dwarf banana, traditional fruits and sources of traditional medicines are now endangered. The major cha"
RMI_FAP_2020,.concepts.adaptive_capacity_components.ecological_dependencies,NA,NA,NA,FALSE,
RMI_FAP_2020,.concepts.adaptive_capacity_components.ecological_dependencies,NA,NA,NA,FALSE,
RMI_FAP_2020,.concepts.adaptive_capacity_components.ecological_dependencies,NA,NA,NA,FALSE,
RMI_FAP_2020,.concepts.adaptive_capacity_components.abiotic_niche,Output 3. Sustainable crop production systems developed and promoted,1,TRUE,TRUE,"Selecting varieties that are more adaptable to harsh atoll conditions and potential climate change impacts of increased temperature, drought, and seawater intrusion will ensure the development of more"
RMI_FAP_2020,.concepts.adaptive_capacity_components.life_history,NA,NA,NA,FALSE,
RMI_FAP_2020,.concepts.adaptive_capacity_components.life_history,NA,NA,NA,FALSE,
RMI_FAP_2020,.concepts.adaptive_capacity_components.life_history,NA,NA,NA,FALSE,
RMI_FAP_2020,.concepts.connectivity,NA,NA,NA,FALSE,
RMI_FAP_2020,.concepts.connectivity,NA,NA,NA,FALSE,
RMI_FAP_2020,.concepts.connectivity,NA,NA,NA,FALSE,
RMI_FAP_2020,.tools.vulnerability_models,NA,NA,NA,FALSE,
RMI_FAP_2020,.tools.vulnerability_models,NA,NA,NA,FALSE,
RMI_FAP_2020,.tools.vulnerability_models,NA,NA,NA,FALSE,
RMI_FAP_2020,.tools.niche_models,NA,NA,NA,FALSE,
RMI_FAP_2020,.tools.niche_models,NA,NA,NA,FALSE,
RMI_FAP_2020,.tools.niche_models,NA,NA,NA,FALSE,
RMI_FAP_2020,.tools.climate_models,A. CLIMATE CHANGE,1,TRUE,TRUE,"Rainfall, drought and sea level are strongly affected by ENSO (El Nino Southern Oscillation) processes, but climate models do not agree on how ENSO patterns will change with continued global warming ("
RMI_FAP_2020,.tools.connectivity_models,NA,NA,NA,FALSE,
RMI_FAP_2020,.tools.connectivity_models,NA,NA,NA,FALSE,
RMI_FAP_2020,.tools.connectivity_models,NA,NA,NA,FALSE,
RMI_FAP_2020,.context.management_scale.local,Table (Coastal Reinforcement priority areas),1,TRUE,TRUE,The priority area for this issue has been identified as a 100-foot strip around the coasts of each island in the Marshalls.
RMI_FAP_2020,.context.management_scale.site,A. CONSERVATION OF BIODIVERSITY - PRIORITY AREAS,1,TRUE,TRUE,"Additional priority biodiversity areas identified in 2020: Ailinglaplap, Namdrik, Jaluit, Mejit, Kwajalein and Arno (Mangroves)"
RMI_FAP_2020,.context.management_scale.watershed,NA,NA,NA,FALSE,
RMI_FAP_2020,.context.management_scale.watershed,NA,NA,NA,FALSE,
RMI_FAP_2020,.context.management_scale.watershed,NA,NA,NA,FALSE,
RMI_FAP_2020,.context.management_scale.city,NA,NA,NA,FALSE,
RMI_FAP_2020,.context.management_scale.city,NA,NA,NA,FALSE,
RMI_FAP_2020,.context.management_scale.city,NA,NA,NA,FALSE,
RMI_FAP_2020,.context.management_scale.county,NA,NA,NA,FALSE,
RMI_FAP_2020,.context.management_scale.county,NA,NA,NA,FALSE,
RMI_FAP_2020,.context.management_scale.county,NA,NA,NA,FALSE,
RMI_FAP_2020,.context.management_scale.within_state_region,Agroforest,1,TRUE,TRUE,"Most summaries include estimates for all of RMI, and northern and southern atolls. Because of the latitudinal rainfall gradient, there is interest in comparing regions"
RMI_FAP_2020,.context.management_scale.state,Introduction (opening paragraphs),1,TRUE,TRUE,"The RMI FAP includes two components of the assessment and planning required by the S&PF Redesign approach to identify priority forest landscape areas and highlight work needed to address national, reg"
RMI_FAP_2020,.context.management_scale.multistate,NA,NA,NA,FALSE,
RMI_FAP_2020,.context.management_scale.multistate,NA,NA,NA,FALSE,
RMI_FAP_2020,.context.management_scale.multistate,NA,NA,NA,FALSE,
RMI_FAP_2020,.context.management_scale.national,"The Micronesia Challenge, RMI Protected Area Network, and Reimaanlok",1,TRUE,TRUE,"Micronesia Challenge (MC) is a shared commitment made by the FSM, Guam, Palau, CNMI, and the RMI originally launched in 2006 to effectively conserve 30% of marine resources and 20% of terrestrial reso"
RMI_FAP_2020,.context.management_scale.transnational,"The Micronesia Challenge, RMI Protected Area Network, and Reimaanlok",1,TRUE,TRUE,"Micronesia Challenge (MC) is a shared commitment made by the FSM, Guam, Palau, CNMI, and the RMI originally launched in 2006 to effectively conserve 30% of marine resources and 20% of terrestrial reso"
RMI_FAP_2020,.context.management_scale.ecosystem,FOREST SPECIES AND ECOSYSTEMS,1,TRUE,TRUE,"The Marshall Islands are naturally tropical forested ecosystems, mostly converted to agroforest over the millennia since settlement by the Marshallese people."
RMI_FAP_2020,.context.management_scale.ecoregion,NA,NA,NA,FALSE,
RMI_FAP_2020,.context.management_scale.ecoregion,NA,NA,NA,FALSE,
RMI_FAP_2020,.context.management_scale.ecoregion,NA,NA,NA,FALSE,
RMI_FAP_2020,.context.management_scale.province,NA,NA,NA,FALSE,
RMI_FAP_2020,.context.management_scale.province,NA,NA,NA,FALSE,
RMI_FAP_2020,.context.management_scale.province,NA,NA,NA,FALSE,
RMI_FAP_2020,.context.management_scale.section,NA,NA,NA,FALSE,
RMI_FAP_2020,.context.management_scale.section,NA,NA,NA,FALSE,
RMI_FAP_2020,.context.management_scale.section,NA,NA,NA,FALSE,
RMI_FAP_2020,.context.management_scale.subsection,NA,NA,NA,FALSE,
RMI_FAP_2020,.context.management_scale.subsection,NA,NA,NA,FALSE,
RMI_FAP_2020,.context.management_scale.subsection,NA,NA,NA,FALSE,
RMI_FAP_2020,.context.management_scale.lake,NA,NA,NA,FALSE,
RMI_FAP_2020,.context.management_scale.lake,NA,NA,NA,FALSE,
RMI_FAP_2020,.context.management_scale.lake,NA,NA,NA,FALSE,
RMI_FAP_2020,.context.management_scale.river,NA,NA,NA,FALSE,
RMI_FAP_2020,.context.management_scale.river,NA,NA,NA,FALSE,
RMI_FAP_2020,.context.management_scale.river,NA,NA,NA,FALSE,
RMI_FAP_2020,.context.management_scale.district,NA,NA,NA,FALSE,
RMI_FAP_2020,.context.management_scale.district,NA,NA,NA,FALSE,
RMI_FAP_2020,.context.management_scale.district,NA,NA,NA,FALSE,
RMI_FAP_2020,.context.biological_unit_score,A. CONSERVATION OF BIODIVERSITY - Values and targets,0.9094,TRUE,TRUE,Terrestrial biodiversity values in the Marshall Islands include pan-Pacific species that are uniquely manifest as atoll ecosystems. Forest-associated wildlife includes a subspecies of the Imperial Mic
RMI_FAP_2020,.context.biological_unit_score,FOREST SPECIES AND ECOSYSTEMS,1,TRUE,TRUE,"The Marshall Islands are naturally tropical forested ecosystems, mostly converted to agroforest over the millennia since settlement by the Marshallese people."
RMI_FAP_2020,.context.biological_unit_components.species,A. CONSERVATION OF BIODIVERSITY - Values and targets,0.9927,TRUE,TRUE,"Forest-associated wildlife includes a subspecies of the Imperial Micronesian Pigeon endemic to the Ratak chain of the Marshall Islands, a species of shrimp, the Arno skink, and about 25 insects often "
RMI_FAP_2020,.context.biological_unit_components.population,NA,NA,NA,FALSE,
RMI_FAP_2020,.context.biological_unit_components.population,NA,NA,NA,FALSE,
RMI_FAP_2020,.context.biological_unit_components.population,NA,NA,NA,FALSE,
RMI_FAP_2020,.context.biological_unit_components.habitat,Strand Forest,0.4762,FALSE,TRUE,"Strand vegetation is common along coastlines across much of the tropical Pacific, especially in Micronesia...strand forests play an important role in coastal stabilization."
RMI_FAP_2020,.context.biological_unit_components.ecosystem,FOREST SPECIES AND ECOSYSTEMS,1,TRUE,TRUE,"The Marshall Islands are naturally tropical forested ecosystems, mostly converted to agroforest over the millennia since settlement by the Marshallese people. Marshallese agroforest is a mix of trees,"
RMI_FAP_2020,.context.biological_unit_components.community,FOREST INVENTORY AND ANALYSIS,1,TRUE,TRUE,"The category of forest community used by the FIA was useful for organizing these priority areas, since strand and mangrove forests are both critical for coastal stabilization, agroforest is important "
RMI_FAP_2020,.context.biological_unit_components.genotype_phenotype,NA,NA,NA,FALSE,
RMI_FAP_2020,.context.biological_unit_components.genotype_phenotype,NA,NA,NA,FALSE,
RMI_FAP_2020,.context.biological_unit_components.genotype_phenotype,NA,NA,NA,FALSE,
RMI_FAP_2020,.context.partnerships_and_funding,Table 8 (Urbanization Strategies header),1,TRUE,TRUE,"The USFS provided funding, technical support, review of draft documents and overall guidance. Stakeholder groups consulted are described in the following sections."
RMI_FAP_2020,.context.partnerships_and_funding,Regional and International Partners,1,TRUE,TRUE,"SPC LRD and USP on 'climate-ready crops' and improved crop diversity, multiplication, distribution and evaluation, and building capacity of countries on taro breeding for tolerance to drought."
RMI_FAP_2020,.context.climate_threat_habitat_degradation,A. CLIMATE CHANGE,0.4843,FALSE,TRUE,"Storms and extraordinarily high tides occur with natural variability and are also amplified by climate change and sea level rise...Increased frequency of overtopping events, exceeding required recover"
RMI_FAP_2020,.context.climate_threat_species_vital_rates,Table (Food Security SWOT - THREATS),1,TRUE,TRUE,"Climate change (drought) and sea-level rise (salt water intrusion) resulting in disappearance of certain crops, trees, and medicinal herbs"
RMI_FAP_2020,.context.climate_threat_biotic_stressors,RISK ANALYSIS AND PARTNERSHIP OPPORTUNITIES,1,TRUE,TRUE,"Temperature increases are likely to change the duration of crop growing seasons; increase the amount of water to produce a unit yield, and conducive to the spread of pests and diseases."
RMI_FAP_2020,.actions.priority_habitat_identification,Table (Coastal Reinforcement priority areas),1,TRUE,TRUE,The priority area for this issue has been identified as a 100-foot strip around the coasts of each island in the Marshalls.
RMI_FAP_2020,.actions.priority_habitat_identification,A. CONSERVATION OF BIODIVERSITY - PRIORITY AREAS,1,TRUE,TRUE,"Additional priority biodiversity areas identified in 2020: Ailinglaplap, Namdrik, Jaluit, Mejit, Kwajalein and Arno (Mangroves); All other areas that have not gone through the Reimaanlok Process"
RMI_FAP_2020,.actions.targeted_range_shift_actions,NA,NA,NA,FALSE,
RMI_FAP_2020,.actions.targeted_range_shift_actions,NA,NA,NA,FALSE,
RMI_FAP_2020,.actions.targeted_range_shift_actions,NA,NA,NA,FALSE,
RMI_FAP_2020,.actions.time_bound_and_monitoring,"The Micronesia Challenge, RMI Protected Area Network, and Reimaanlok",1,TRUE,TRUE,"Micronesia Challenge 2030 goals to effectively manage 50% of marine resources, including the exclusive economic zone (EEZ), and 30% of terrestrial resources by 2030."
RMI_FAP_2020,.actions.time_bound_and_monitoring,EXECUTIVE SUMMARY,1,TRUE,TRUE,The plan will be reviewed every six months.
RMI_FAP_2020,.actions.evidence_of_efficacy,Lowland Tropical Rainforest,1,TRUE,TRUE,"There is strong evidence on Palmyra atoll (central Pacific Ocean) that invasive rats play a large role in preventing new recruitment of Pisona grandis, other native species, and coconut trees (Wolf et"
RMI_FAP_2020,.actions.adaptation_planning_frameworks,MONITORING AND EVALUATION,1,TRUE,TRUE,Monitoring and evaluation (M&E) is a critical part of the Marshall Islands Agriculture Sector Plan's management and implementation cycle. If addressed rigorously it should allow for adaptive managemen
SC_FAP_2020,.concepts.climate_vulnerability,Current Status (Climate Change section),1,TRUE,TRUE,scientific data indicates that negative effects of climate change to various Southeastern ecosystems will include the following: timing and intensity of rainfall and snowfall events; longer wet period
SC_FAP_2020,.concepts.climate_vulnerability,Trends (Climate Change section),1,TRUE,TRUE,Fish and wildlife species that are not able to adapt to climate changes will be forced to either relocate or face extinction (Solomon 2009a).
SC_FAP_2020,.concepts.adaptive_capacity_specificity,Trends (Climate Change section),1,TRUE,TRUE,Fish and wildlife species that are not able to adapt to climate changes will be forced to either relocate or face extinction (Solomon 2009a).
SC_FAP_2020,.concepts.adaptive_capacity_components.demography,NA,NA,NA,FALSE,
SC_FAP_2020,.concepts.adaptive_capacity_components.demography,NA,NA,NA,FALSE,
SC_FAP_2020,.concepts.adaptive_capacity_components.demography,NA,NA,NA,FALSE,
SC_FAP_2020,.concepts.adaptive_capacity_components.distribution,Trends (Climate Change section),1,TRUE,TRUE,"If the current warming trend continues, the natural ranges of both plant and animal species may change. The range of some tree species may move northward and to higher elevations."
SC_FAP_2020,.concepts.adaptive_capacity_components.movement,Trends (Climate Change section),1,TRUE,TRUE,Fish and wildlife species that are not able to adapt to climate changes will be forced to either relocate or face extinction (Solomon 2009a).
SC_FAP_2020,.concepts.adaptive_capacity_components.evolutionary_potential,NA,NA,NA,FALSE,
SC_FAP_2020,.concepts.adaptive_capacity_components.evolutionary_potential,NA,NA,NA,FALSE,
SC_FAP_2020,.concepts.adaptive_capacity_components.evolutionary_potential,NA,NA,NA,FALSE,
SC_FAP_2020,.concepts.adaptive_capacity_components.ecological_dependencies,Trends (Climate Change section),1,TRUE,TRUE,"Bird populations and ranges may fluctuate dramatically in response to the uncoupling of migration and food and shelter resources (e.g., insect emergence and bud break)."
SC_FAP_2020,.concepts.adaptive_capacity_components.abiotic_niche,Trends (Climate Change section),1,TRUE,TRUE,Species that are less salt-tolerant will suffer reduced growth and higher levels of mortality.
SC_FAP_2020,.concepts.adaptive_capacity_components.life_history,NA,NA,NA,FALSE,
SC_FAP_2020,.concepts.adaptive_capacity_components.life_history,NA,NA,NA,FALSE,
SC_FAP_2020,.concepts.adaptive_capacity_components.life_history,NA,NA,NA,FALSE,
SC_FAP_2020,.concepts.connectivity,Population Growth / Effects on Forest Resources,1,TRUE,TRUE,"The increasingly fragmented natural landscape would reduce habitat availability, suppress natural disturbance processes (such as wildfires), hinder management actions that come into conflict with urba"
SC_FAP_2020,.concepts.connectivity,Goals and Objectives for Foothills Forest Legacy Area,1,TRUE,TRUE,Provide a connective corridor between existing conservation projects.
SC_FAP_2020,.tools.vulnerability_models,NA,NA,NA,FALSE,
SC_FAP_2020,.tools.vulnerability_models,NA,NA,NA,FALSE,
SC_FAP_2020,.tools.vulnerability_models,NA,NA,NA,FALSE,
SC_FAP_2020,.tools.niche_models,NA,NA,NA,FALSE,
SC_FAP_2020,.tools.niche_models,NA,NA,NA,FALSE,
SC_FAP_2020,.tools.niche_models,NA,NA,NA,FALSE,
SC_FAP_2020,.tools.climate_models,Development Level (Appendix 1 data layers section),0.9948,TRUE,TRUE,The Development Level layer was originally created for use in the SFLA and was derived from the Integrated Climate and Land-Use (ICLUS) version 2 model. ICLUS version 2 is designed to be consistent wi
SC_FAP_2020,.tools.connectivity_models,Urban and Community Forests in South Carolina,1,TRUE,TRUE,"The program has also provided support for mapping tree canopy and plantable areas, calculating ecosystem services, integrating better tree management into city and county government agencies, and mode"
SC_FAP_2020,.context.management_scale.local,Habitat Cores (Appendix 1 data layers),1,TRUE,TRUE,These intact Habitat Cores were created using methodology outlined by the Green Infrastructure Center (GIC) and include minimally disturbed natural areas 100 acres or greater in size and at least 200 
SC_FAP_2020,.context.management_scale.site,South Carolina Forest Legacy Parcel Evaluation Criteria / Manageability,1,TRUE,TRUE,Parcel is accessible for management activities.
SC_FAP_2020,.context.management_scale.watershed,Priority Watersheds (Appendix 1 data layers section),1,TRUE,TRUE,The Priority Watersheds layer was originally created for use in the SFLA to prioritize areas that impact long term watershed function.
SC_FAP_2020,.context.management_scale.city,NA,NA,NA,FALSE,
SC_FAP_2020,.context.management_scale.city,NA,NA,NA,FALSE,
SC_FAP_2020,.context.management_scale.city,NA,NA,NA,FALSE,
SC_FAP_2020,.context.management_scale.county,Cogongrass section (PROTECTING SOUTH CAROLINA'S FORESTS FROM HARM),0.929,TRUE,TRUE,"Currently, cogongrass has been found and are being treated in Aiken, Allendale, Beaufort, Charleston, Colleton, Florence, Hampton, Jasper, and Williamsburg counties."
SC_FAP_2020,.context.management_scale.within_state_region,Forest Legacy / Assessment of Need,0.8592,TRUE,TRUE,"In South Carolina, priority areas have been divided into five Forest Legacy Areas (Map 1). These include the Foothills, Central Piedmont, Western Piedmont, Northern Coastal, and Southern Coastal Fores"
SC_FAP_2020,.context.management_scale.state,A MESSAGE FROM THE STATE FORESTER,1,TRUE,TRUE,"The 2020 South Carolina Forest Action Plan is a major update of the 2010 Statewide Forest Resource Assessment and Strategy, which was used to identify and quantify the issues affecting our state's for"
SC_FAP_2020,.context.management_scale.multistate,Critical Habitats / Literature Cited section,0.4586,FALSE,TRUE,"function, and connectivity of Southeastern Ecosystems by 2060. This is part of a larger partnership called the Southeast Conservation Adaptation Strategy (SECAS)."
SC_FAP_2020,.context.management_scale.national,NA,NA,NA,FALSE,
SC_FAP_2020,.context.management_scale.national,NA,NA,NA,FALSE,
SC_FAP_2020,.context.management_scale.national,NA,NA,NA,FALSE,
SC_FAP_2020,.context.management_scale.transnational,NA,NA,NA,FALSE,
SC_FAP_2020,.context.management_scale.transnational,NA,NA,NA,FALSE,
SC_FAP_2020,.context.management_scale.transnational,NA,NA,NA,FALSE,
SC_FAP_2020,.context.management_scale.ecosystem,Prescribed Fire section,1,TRUE,TRUE,Longleaf pine forests have been ranked as the third most endangered ecosystem in the United States (Noss et al 1995).
SC_FAP_2020,.context.management_scale.ecoregion,Geology figure caption / Forest Legacy AON,0.3588,FALSE,TRUE,"There are three distinct physiographic and tectonic provinces in South Carolina: the Blue Ridge Mountains, Piedmont, and Coastal Plain."
SC_FAP_2020,.context.management_scale.province,NA,NA,NA,FALSE,
SC_FAP_2020,.context.management_scale.province,NA,NA,NA,FALSE,
SC_FAP_2020,.context.management_scale.province,NA,NA,NA,FALSE,
SC_FAP_2020,.context.management_scale.section,NA,NA,NA,FALSE,
SC_FAP_2020,.context.management_scale.section,NA,NA,NA,FALSE,
SC_FAP_2020,.context.management_scale.section,NA,NA,NA,FALSE,
SC_FAP_2020,.context.management_scale.subsection,NA,NA,NA,FALSE,
SC_FAP_2020,.context.management_scale.subsection,NA,NA,NA,FALSE,
SC_FAP_2020,.context.management_scale.subsection,NA,NA,NA,FALSE,
SC_FAP_2020,.context.management_scale.lake,NA,NA,NA,FALSE,
SC_FAP_2020,.context.management_scale.lake,NA,NA,NA,FALSE,
SC_FAP_2020,.context.management_scale.lake,NA,NA,NA,FALSE,
SC_FAP_2020,.context.management_scale.river,Goals and Objectives for Northern Coastal Forest Legacy Area,1,TRUE,TRUE,Strategically protect lands to provide significant greenways along the river systems.
SC_FAP_2020,.context.management_scale.district,NA,NA,NA,FALSE,
SC_FAP_2020,.context.management_scale.district,NA,NA,NA,FALSE,
SC_FAP_2020,.context.management_scale.district,NA,NA,NA,FALSE,
SC_FAP_2020,.context.biological_unit_score,Trends (Climate Change section),1,TRUE,TRUE,"If the current warming trend continues, the natural ranges of both plant and animal species may change. The range of some tree species may move northward and to higher elevations."
SC_FAP_2020,.context.biological_unit_score,Current Status (Climate Change section),1,TRUE,TRUE,shifts in species assemblages
SC_FAP_2020,.context.biological_unit_components.species,Trends (Climate Change section),1,TRUE,TRUE,"If the current warming trend continues, the natural ranges of both plant and animal species may change. The range of some tree species may move northward and to higher elevations."
SC_FAP_2020,.context.biological_unit_components.population,NA,NA,NA,FALSE,
SC_FAP_2020,.context.biological_unit_components.population,NA,NA,NA,FALSE,
SC_FAP_2020,.context.biological_unit_components.population,NA,NA,NA,FALSE,
SC_FAP_2020,.context.biological_unit_components.habitat,Current Status (Climate Change section),1,TRUE,TRUE,sea level rise and habitat inundation; altered fire regimes; increased wildfire risk; and shifts in species assemblages.
SC_FAP_2020,.context.biological_unit_components.ecosystem,Current Status (Climate Change section),1,TRUE,TRUE,scientific data indicates that negative effects of climate change to various Southeastern ecosystems will include the following:
SC_FAP_2020,.context.biological_unit_components.community,Current Status (Climate Change section),1,TRUE,TRUE,shifts in species assemblages
SC_FAP_2020,.context.biological_unit_components.genotype_phenotype,NA,NA,NA,FALSE,
SC_FAP_2020,.context.biological_unit_components.genotype_phenotype,NA,NA,NA,FALSE,
SC_FAP_2020,.context.biological_unit_components.genotype_phenotype,NA,NA,NA,FALSE,
SC_FAP_2020,.context.partnerships_and_funding,INTRODUCTION / 2020 Forest Action Plan Development,1,TRUE,TRUE,"For assistance in facilitating the collaborative work involving multiple group sessions, as well as the revision these documents, the SC Forestry Commission contracted with the University of South Car"
SC_FAP_2020,.context.partnerships_and_funding,Prescribed Fire section (connecting to Critical Habitats),1,TRUE,TRUE,"In 2018, the Southeast Association of Fish and Wildlife Agencies (SEAFWA) adopted a goal of a 10% or greater increase in the health,"
SC_FAP_2020,.context.climate_threat_habitat_degradation,Current Status (Climate Change section),1,TRUE,TRUE,sea level rise and habitat inundation; altered fire regimes; increased wildfire risk; and shifts in species assemblages.
SC_FAP_2020,.context.climate_threat_habitat_degradation,Trends (Climate Change section),1,TRUE,TRUE,Saltwater infusion into formally brackish or freshwater ecosystems will have a major effect on the plants and animals that inhabit these areas.
SC_FAP_2020,.context.climate_threat_species_vital_rates,Trends (Climate Change section),1,TRUE,TRUE,"Prolonged droughts can make trees more susceptible to insect and disease attacks and result in increased mortality. In addition to the stress that droughts place on trees and other plants, climate cha"
SC_FAP_2020,.context.climate_threat_biotic_stressors,Trends (Climate Change section),1,TRUE,TRUE,"In addition, invasive species could become more of a problem in some areas. The spread of these non-native species may be facilitated by longer growing seasons (USFS 2020)."
SC_FAP_2020,.context.climate_threat_biotic_stressors,Cogongrass section (PROTECTING SOUTH CAROLINA'S FORESTS FROM HARM),1,TRUE,TRUE,The widespread nature of this invasive in warmer regions just south of South Carolina suggest that cogongrass could grow as a threat as the climate warms.
SC_FAP_2020,.actions.priority_habitat_identification,APPENDIX 1 DEVELOPMENT OF PRIORITY AREAS,1,TRUE,TRUE,Priority areas were developed using a series of spatial analyses using ESRI Geospatial Information Systems (GIS) software. Spatial analysis can be performed in many ways. To create priority areas for 
SC_FAP_2020,.actions.priority_habitat_identification,Conserving Working Forests Working Group (Appendix 1),1,TRUE,TRUE,Results of the spatial analysis for the Conserving Working Forests Working Group yielded a single set of priority areas displayed in 30 meter pixel format
SC_FAP_2020,.actions.targeted_range_shift_actions,NA,NA,NA,FALSE,
SC_FAP_2020,.actions.targeted_range_shift_actions,NA,NA,NA,FALSE,
SC_FAP_2020,.actions.targeted_range_shift_actions,NA,NA,NA,FALSE,
SC_FAP_2020,.actions.time_bound_and_monitoring,STRATEGIES Introduction,0.6484,FALSE,TRUE,"The strategies addressing the priority issues are outlined in the same order as in the assessment... Most of this information is presented in a matrix format, with the national priority that each acti"
SC_FAP_2020,.actions.time_bound_and_monitoring,Strategy Matrix (Conserve Working Forests section),0.56,FALSE,TRUE,Action 3.1.3: Conduct monitoring to measure effectiveness of agency programs.
SC_FAP_2020,.actions.evidence_of_efficacy,Prescribed Fire section,1,TRUE,TRUE,"Prescribed fire promotes greater forest ecosystem resilience to stressors like wildfire, insects and diseases, and climate change (Kalies and Yocom Kent, 2016)."
SC_FAP_2020,.actions.evidence_of_efficacy,Critical Habitats / Literature Cited section (Indian Creek Wildlife Habitat Restoration Initiative discussion),0.3082,FALSE,TRUE,"The combination of USDA Forest Service Stewardship Contracting and Agreement Authorities, the Wyden Amendment, and USDA Farm Bill programs were instrumental in this excellent example of multi-partner "
SC_FAP_2020,.actions.adaptation_planning_frameworks,STRATEGIES Introduction / Overarching Issues,1,TRUE,TRUE,Goal: Mitigate the potentially negative effects of population growth and climate change and encourage the public to adopt a more favorable attitude about forestry.
SC_FAP_2020,.actions.adaptation_planning_frameworks,Strategy Matrix (Overarching Issues / Climate Change strategies),1,TRUE,TRUE,Action 4.5.2: Monitor and disseminate information related to climate change mitigation.
SD_FAP_2020,.concepts.climate_vulnerability,"Section I: Coniferous Forest, Threats",1,TRUE,TRUE,"the largest threats to South Dakota's coniferous forests are insect infestation, disease, and fires. Other threats, direct and indirect, include fragmentation, extreme weather events (drought, hail, w"
SD_FAP_2020,.concepts.adaptive_capacity_specificity,NA,NA,NA,FALSE,
SD_FAP_2020,.concepts.adaptive_capacity_specificity,NA,NA,NA,FALSE,
SD_FAP_2020,.concepts.adaptive_capacity_specificity,NA,NA,NA,FALSE,
SD_FAP_2020,.concepts.adaptive_capacity_components.demography,NA,NA,NA,FALSE,
SD_FAP_2020,.concepts.adaptive_capacity_components.demography,NA,NA,NA,FALSE,
SD_FAP_2020,.concepts.adaptive_capacity_components.demography,NA,NA,NA,FALSE,
SD_FAP_2020,.concepts.adaptive_capacity_components.distribution,NA,NA,NA,FALSE,
SD_FAP_2020,.concepts.adaptive_capacity_components.distribution,NA,NA,NA,FALSE,
SD_FAP_2020,.concepts.adaptive_capacity_components.distribution,NA,NA,NA,FALSE,
SD_FAP_2020,.concepts.adaptive_capacity_components.movement,NA,NA,NA,FALSE,
SD_FAP_2020,.concepts.adaptive_capacity_components.movement,NA,NA,NA,FALSE,
SD_FAP_2020,.concepts.adaptive_capacity_components.movement,NA,NA,NA,FALSE,
SD_FAP_2020,.concepts.adaptive_capacity_components.evolutionary_potential,NA,NA,NA,FALSE,
SD_FAP_2020,.concepts.adaptive_capacity_components.evolutionary_potential,NA,NA,NA,FALSE,
SD_FAP_2020,.concepts.adaptive_capacity_components.evolutionary_potential,NA,NA,NA,FALSE,
SD_FAP_2020,.concepts.adaptive_capacity_components.ecological_dependencies,NA,NA,NA,FALSE,
SD_FAP_2020,.concepts.adaptive_capacity_components.ecological_dependencies,NA,NA,NA,FALSE,
SD_FAP_2020,.concepts.adaptive_capacity_components.ecological_dependencies,NA,NA,NA,FALSE,
SD_FAP_2020,.concepts.adaptive_capacity_components.abiotic_niche,NA,NA,NA,FALSE,
SD_FAP_2020,.concepts.adaptive_capacity_components.abiotic_niche,NA,NA,NA,FALSE,
SD_FAP_2020,.concepts.adaptive_capacity_components.abiotic_niche,NA,NA,NA,FALSE,
SD_FAP_2020,.concepts.adaptive_capacity_components.life_history,NA,NA,NA,FALSE,
SD_FAP_2020,.concepts.adaptive_capacity_components.life_history,NA,NA,NA,FALSE,
SD_FAP_2020,.concepts.adaptive_capacity_components.life_history,NA,NA,NA,FALSE,
SD_FAP_2020,.concepts.connectivity,"Section I: Upland Hardwood Forest, Fragmentation",1,TRUE,TRUE,"As housing density increases and lands become fragmented, negative impacts may result, including reduction in wildlife habitat and browse, increases in human/wildlife conflicts, reduction in habitat c"
SD_FAP_2020,.tools.vulnerability_models,NA,NA,NA,FALSE,
SD_FAP_2020,.tools.vulnerability_models,NA,NA,NA,FALSE,
SD_FAP_2020,.tools.vulnerability_models,NA,NA,NA,FALSE,
SD_FAP_2020,.tools.niche_models,NA,NA,NA,FALSE,
SD_FAP_2020,.tools.niche_models,NA,NA,NA,FALSE,
SD_FAP_2020,.tools.niche_models,NA,NA,NA,FALSE,
SD_FAP_2020,.tools.climate_models,NA,NA,NA,FALSE,
SD_FAP_2020,.tools.climate_models,NA,NA,NA,FALSE,
SD_FAP_2020,.tools.climate_models,NA,NA,NA,FALSE,
SD_FAP_2020,.tools.connectivity_models,NA,NA,NA,FALSE,
SD_FAP_2020,.tools.connectivity_models,NA,NA,NA,FALSE,
SD_FAP_2020,.tools.connectivity_models,NA,NA,NA,FALSE,
SD_FAP_2020,.context.management_scale.local,NA,NA,NA,FALSE,
SD_FAP_2020,.context.management_scale.local,NA,NA,NA,FALSE,
SD_FAP_2020,.context.management_scale.local,NA,NA,NA,FALSE,
SD_FAP_2020,.context.management_scale.site,NA,NA,NA,FALSE,
SD_FAP_2020,.context.management_scale.site,NA,NA,NA,FALSE,
SD_FAP_2020,.context.management_scale.site,NA,NA,NA,FALSE,
SD_FAP_2020,.context.management_scale.watershed,"Section IV: Resource Strategy, Priority Landscapes",1,TRUE,TRUE,"Project areas within the larger priority areas will be identified through a strategic, focused approach to accomplish work on the watershed scale."
SD_FAP_2020,.context.management_scale.city,NA,NA,NA,FALSE,
SD_FAP_2020,.context.management_scale.city,NA,NA,NA,FALSE,
SD_FAP_2020,.context.management_scale.city,NA,NA,NA,FALSE,
SD_FAP_2020,.context.management_scale.county,NA,NA,NA,FALSE,
SD_FAP_2020,.context.management_scale.county,NA,NA,NA,FALSE,
SD_FAP_2020,.context.management_scale.county,NA,NA,NA,FALSE,
SD_FAP_2020,.context.management_scale.within_state_region,"Section IV: Resource Strategy, Priority Landscapes",1,TRUE,TRUE,"High and moderate priority areas are primarily located within the Black Hills and along the Missouri River, Big Sioux River, and James River valleys."
SD_FAP_2020,.context.management_scale.state,"Section IV: Resource Strategy, Priority Landscapes",1,TRUE,TRUE,The South Dakota Statewide Forest Resource Strategy (Resource Strategy) is intended to address the threats faced by South Dakota's forest and move priority landscapes toward preferred conditions.
SD_FAP_2020,.context.management_scale.multistate,"Section II: Priority Area Determination, Wyoming",1,TRUE,TRUE,Recent mountain pine beetle epidemics have proven that multi-state efforts are effective and necessary in this ecosystem. Insects and other natural disturbances do not recognize state or ownership bou
SD_FAP_2020,.context.management_scale.national,NA,NA,NA,FALSE,
SD_FAP_2020,.context.management_scale.national,NA,NA,NA,FALSE,
SD_FAP_2020,.context.management_scale.national,NA,NA,NA,FALSE,
SD_FAP_2020,.context.management_scale.transnational,NA,NA,NA,FALSE,
SD_FAP_2020,.context.management_scale.transnational,NA,NA,NA,FALSE,
SD_FAP_2020,.context.management_scale.transnational,NA,NA,NA,FALSE,
SD_FAP_2020,.context.management_scale.ecosystem,"Section IV: Resource Strategy, Goal 1",1,TRUE,TRUE,Goal one of the SDFAP is to Identify and conserve high priority forest ecosystems and landscapes.
SD_FAP_2020,.context.management_scale.ecoregion,NA,NA,NA,FALSE,
SD_FAP_2020,.context.management_scale.ecoregion,NA,NA,NA,FALSE,
SD_FAP_2020,.context.management_scale.ecoregion,NA,NA,NA,FALSE,
SD_FAP_2020,.context.management_scale.province,NA,NA,NA,FALSE,
SD_FAP_2020,.context.management_scale.province,NA,NA,NA,FALSE,
SD_FAP_2020,.context.management_scale.province,NA,NA,NA,FALSE,
SD_FAP_2020,.context.management_scale.section,NA,NA,NA,FALSE,
SD_FAP_2020,.context.management_scale.section,NA,NA,NA,FALSE,
SD_FAP_2020,.context.management_scale.section,NA,NA,NA,FALSE,
SD_FAP_2020,.context.management_scale.subsection,NA,NA,NA,FALSE,
SD_FAP_2020,.context.management_scale.subsection,NA,NA,NA,FALSE,
SD_FAP_2020,.context.management_scale.subsection,NA,NA,NA,FALSE,
SD_FAP_2020,.context.management_scale.lake,NA,NA,NA,FALSE,
SD_FAP_2020,.context.management_scale.lake,NA,NA,NA,FALSE,
SD_FAP_2020,.context.management_scale.lake,NA,NA,NA,FALSE,
SD_FAP_2020,.context.management_scale.river,NA,NA,NA,FALSE,
SD_FAP_2020,.context.management_scale.river,NA,NA,NA,FALSE,
SD_FAP_2020,.context.management_scale.river,NA,NA,NA,FALSE,
SD_FAP_2020,.context.management_scale.district,NA,NA,NA,FALSE,
SD_FAP_2020,.context.management_scale.district,NA,NA,NA,FALSE,
SD_FAP_2020,.context.management_scale.district,NA,NA,NA,FALSE,
SD_FAP_2020,.context.biological_unit_score,"Section I: Coniferous Forest, Extent and Condition",1,TRUE,TRUE,"Coniferous forests make up approximately 77%, or 1.49 million acres, of South Dakota's 1.95 million acres of forest land."
SD_FAP_2020,.context.biological_unit_components.species,NA,NA,NA,FALSE,
SD_FAP_2020,.context.biological_unit_components.species,NA,NA,NA,FALSE,
SD_FAP_2020,.context.biological_unit_components.species,NA,NA,NA,FALSE,
SD_FAP_2020,.context.biological_unit_components.population,NA,NA,NA,FALSE,
SD_FAP_2020,.context.biological_unit_components.population,NA,NA,NA,FALSE,
SD_FAP_2020,.context.biological_unit_components.population,NA,NA,NA,FALSE,
SD_FAP_2020,.context.biological_unit_components.habitat,"Section I: Coniferous Forest, Extent and Condition",1,TRUE,TRUE,"Both species are expanding their range, especially in the uplands along the Missouri River in south-central South Dakota (Piva et al. 2009)."
SD_FAP_2020,.context.biological_unit_components.ecosystem,NA,NA,NA,FALSE,
SD_FAP_2020,.context.biological_unit_components.ecosystem,NA,NA,NA,FALSE,
SD_FAP_2020,.context.biological_unit_components.ecosystem,NA,NA,NA,FALSE,
SD_FAP_2020,.context.biological_unit_components.community,NA,NA,NA,FALSE,
SD_FAP_2020,.context.biological_unit_components.community,NA,NA,NA,FALSE,
SD_FAP_2020,.context.biological_unit_components.community,NA,NA,NA,FALSE,
SD_FAP_2020,.context.biological_unit_components.genotype_phenotype,NA,NA,NA,FALSE,
SD_FAP_2020,.context.biological_unit_components.genotype_phenotype,NA,NA,NA,FALSE,
SD_FAP_2020,.context.biological_unit_components.genotype_phenotype,NA,NA,NA,FALSE,
SD_FAP_2020,.context.partnerships_and_funding,Section 0: Cover/Introduction,1,TRUE,TRUE,"Partnerships will be important to successfully implementing this FAP. RCF is a small agency which does not own forest land. Consequently, all the work we do is accomplished through partnerships with o"
SD_FAP_2020,.context.climate_threat_habitat_degradation,"Section I: Bottomland Forest, Water Flow Alterations",1,TRUE,TRUE,"Potential sources of the changes could include climate change, agricultural irrigation needs, or dam construction. Riparian forests, especially cottonwood and willow, need periodic flooding to repleni"
SD_FAP_2020,.context.climate_threat_species_vital_rates,NA,NA,NA,FALSE,
SD_FAP_2020,.context.climate_threat_species_vital_rates,NA,NA,NA,FALSE,
SD_FAP_2020,.context.climate_threat_species_vital_rates,NA,NA,NA,FALSE,
SD_FAP_2020,.context.climate_threat_biotic_stressors,NA,NA,NA,FALSE,
SD_FAP_2020,.context.climate_threat_biotic_stressors,NA,NA,NA,FALSE,
SD_FAP_2020,.context.climate_threat_biotic_stressors,NA,NA,NA,FALSE,
SD_FAP_2020,.actions.priority_habitat_identification,Section II: Priority Area Determination,1,TRUE,TRUE,"Figure 4.0.1. Final map displaying high, medium, and low priority areas in South Dakota."
SD_FAP_2020,.actions.priority_habitat_identification,"Section IV: Resource Strategy, Priority Landscapes",0.6289,FALSE,TRUE,"Approximately 78% of forested land is classified as high priority, and approximately 13% of forested land is classified as medium priority (Figure 1). ... High and moderate priority areas are primaril"
SD_FAP_2020,.actions.targeted_range_shift_actions,NA,NA,NA,FALSE,
SD_FAP_2020,.actions.targeted_range_shift_actions,NA,NA,NA,FALSE,
SD_FAP_2020,.actions.targeted_range_shift_actions,NA,NA,NA,FALSE,
SD_FAP_2020,.actions.time_bound_and_monitoring,"Section IV: Resource Strategy, Goal 1",0.4688,FALSE,TRUE,Strategy 1.7.1 Create and maintain geospatial forest datasets using specialized software by 2023.
SD_FAP_2020,.actions.evidence_of_efficacy,"Section IV: Resource Strategy, Goal 5",1,TRUE,TRUE,Objective 5.15 Provide guidance to help forest landowners implement forest climate adaptation and mitigation management practices based on the best available science and proven best practices
SD_FAP_2020,.actions.adaptation_planning_frameworks,NA,NA,NA,FALSE,
SD_FAP_2020,.actions.adaptation_planning_frameworks,NA,NA,NA,FALSE,
SD_FAP_2020,.actions.adaptation_planning_frameworks,NA,NA,NA,FALSE,
TN_FAP_2020,.concepts.climate_vulnerability,USFS Carbon Stock Estimates,1,TRUE,TRUE,Land managers and conservation planners are under increasing pressure to improve adaptive capacity for a changing climate. The Nature Conservancy (TNC) developed the Resilient and Connected Prioritize
TN_FAP_2020,.concepts.climate_vulnerability,Forest Resiliency,1,TRUE,TRUE,Forest resiliency is also being threatened by climate change. Climate change is projected to contribute to significant changes in the composition of associated plant species in both forest and grassla
TN_FAP_2020,.concepts.climate_vulnerability,Forest Resiliency,1,TRUE,TRUE,"For more information on the impacts of the changing climactic conditions on our forests see the 2015 Climate Change Vulnerability Assessment for Tennessee Wildlife and Habitats (Glick, et. al, 2015)."
TN_FAP_2020,.concepts.adaptive_capacity_specificity,USFS Carbon Stock Estimates,1,TRUE,TRUE,Land managers and conservation planners are under increasing pressure to improve adaptive capacity for a changing climate. The Nature Conservancy (TNC) developed the Resilient and Connected Prioritize
TN_FAP_2020,.concepts.adaptive_capacity_specificity,Forest Resiliency,1,TRUE,TRUE,Managing for resilient lands also requires considering key connected climate corridors and flow zones where the movement of plant and animal species is likely to become concentrated.
TN_FAP_2020,.concepts.adaptive_capacity_components.demography,NA,NA,NA,FALSE,
TN_FAP_2020,.concepts.adaptive_capacity_components.demography,NA,NA,NA,FALSE,
TN_FAP_2020,.concepts.adaptive_capacity_components.demography,NA,NA,NA,FALSE,
TN_FAP_2020,.concepts.adaptive_capacity_components.distribution,Forest Resiliency,1,TRUE,TRUE,Pollen and fire records have informed the Resilient and Connected Network Climate Corridors work that maps movement of species populations over time in response to climate and vulnerable ecosystems.
TN_FAP_2020,.concepts.adaptive_capacity_components.movement,Forest Resiliency,1,TRUE,TRUE,Managing for resilient lands also requires considering key connected climate corridors and flow zones where the movement of plant and animal species is likely to become concentrated.
TN_FAP_2020,.concepts.adaptive_capacity_components.evolutionary_potential,NA,NA,NA,FALSE,
TN_FAP_2020,.concepts.adaptive_capacity_components.evolutionary_potential,NA,NA,NA,FALSE,
TN_FAP_2020,.concepts.adaptive_capacity_components.evolutionary_potential,NA,NA,NA,FALSE,
TN_FAP_2020,.concepts.adaptive_capacity_components.ecological_dependencies,NA,NA,NA,FALSE,
TN_FAP_2020,.concepts.adaptive_capacity_components.ecological_dependencies,NA,NA,NA,FALSE,
TN_FAP_2020,.concepts.adaptive_capacity_components.ecological_dependencies,NA,NA,NA,FALSE,
TN_FAP_2020,.concepts.adaptive_capacity_components.abiotic_niche,USFS Carbon Stock Estimates,1,TRUE,TRUE,"An area is assumed to have higher resilience (i.e., to be more adaptive to climate change) if it contains micro-climates and micro-sites (e.g., a range of topographical features and elevation)."
TN_FAP_2020,.concepts.adaptive_capacity_components.life_history,NA,NA,NA,FALSE,
TN_FAP_2020,.concepts.adaptive_capacity_components.life_history,NA,NA,NA,FALSE,
TN_FAP_2020,.concepts.adaptive_capacity_components.life_history,NA,NA,NA,FALSE,
TN_FAP_2020,.concepts.connectivity,Forest Resiliency,1,TRUE,TRUE,Managing for resilient lands also requires considering key connected climate corridors and flow zones where the movement of plant and animal species is likely to become concentrated.
TN_FAP_2020,.concepts.connectivity,Maintaining and Improving Connected Landscapes (Cumberland Forest Project),1,TRUE,TRUE,"One of the largest TNC land deals in the Eastern U.S., Cumberland Forest employed private impact investment capital and sought to demonstrate how sustainable forestry and forest carbon storage practic"
TN_FAP_2020,.concepts.connectivity,Description/Identification of Tennessee's Forest Legacy Areas (figure caption),0.3069,FALSE,TRUE,"Landscape connectivity and resilience to climate change is used as a key factor of FLA eligibility in addition to forest products potential and threat of land use conversion (i.e., development)."
TN_FAP_2020,.tools.vulnerability_models,Forest Resiliency,1,TRUE,TRUE,"For more information on the impacts of the changing climactic conditions on our forests see the 2015 Climate Change Vulnerability Assessment for Tennessee Wildlife and Habitats (Glick, et. al, 2015)."
TN_FAP_2020,.tools.niche_models,NA,NA,NA,FALSE,
TN_FAP_2020,.tools.niche_models,NA,NA,NA,FALSE,
TN_FAP_2020,.tools.niche_models,NA,NA,NA,FALSE,
TN_FAP_2020,.tools.climate_models,Enhancing Forest Health and Resiliency (SUCCESS STORY section),1,TRUE,TRUE,"Climate models and recent data demonstrate that Tennessee will continue to experience increased rain events (frequency and intensity), causing floods and thus a greater impact on people residing in fl"
TN_FAP_2020,.tools.connectivity_models,Forest Resiliency,1,TRUE,TRUE,"To assist with identifying and mapping resilient and connected corridors, this FAP incorporates robust national datasets and maps produced by TNC, using The study involved 12 years of work by over 150"
TN_FAP_2020,.tools.connectivity_models,USFS Carbon Stock Estimates,1,TRUE,TRUE,The Tennessee FAP utilizes the Resilient and Connected Prioritized Network to prioritize programmatic priorities. The percent of total forested area contained in the Prioritized Network is highest in 
TN_FAP_2020,.tools.connectivity_models,Goals and Strategies (Maintaining and Improving Connected Landscapes),1,TRUE,TRUE,"Collaborate with conservation organizations and agencies to encourage alignment and synchronization of strategic plans and use of science-based forest connectivity models (e.g., TNC's Resilient Land M"
TN_FAP_2020,.context.management_scale.local,NA,NA,NA,FALSE,
TN_FAP_2020,.context.management_scale.local,NA,NA,NA,FALSE,
TN_FAP_2020,.context.management_scale.local,NA,NA,NA,FALSE,
TN_FAP_2020,.context.management_scale.site,Introduction,1,TRUE,TRUE,"land acquisition of a critical connecting forest corridor; or managing forests to be more diverse in age, species composition, and spatial arrangement."
TN_FAP_2020,.context.management_scale.watershed,Goals and Strategies (Enhancing Forest Health and Resiliency),1,TRUE,TRUE,Action 8. Increase acreage of conserved and properly managed forestlands in source water watersheds.
TN_FAP_2020,.context.management_scale.city,NA,NA,NA,FALSE,
TN_FAP_2020,.context.management_scale.city,NA,NA,NA,FALSE,
TN_FAP_2020,.context.management_scale.city,NA,NA,NA,FALSE,
TN_FAP_2020,.context.management_scale.county,Wood Availability Case Studies,1,TRUE,TRUE,"The three case studies are located in Decatur, Macon, and Warren counties."
TN_FAP_2020,.context.management_scale.within_state_region,Statewide Forest Resource Assessment District Boundaries,1,TRUE,TRUE,"In the 2020 FAP, Tennessee's assessments, threats, and strategies are organized within TDF's district boundaries, which are heavily influenced by the characteristics of the ecological regions but are "
TN_FAP_2020,.context.management_scale.state,USFS Carbon Stock Estimates,1,TRUE,TRUE,The Tennessee FAP utilizes the Resilient and Connected Prioritized Network to prioritize programmatic priorities.
TN_FAP_2020,.context.management_scale.multistate,Goals and Strategies (Enhancing Forest Health and Resiliency),1,TRUE,TRUE,Action 4. Engage in broader partnerships within and across Tennessee state borders to achieve larger floodplain and riparian restoration goals.
TN_FAP_2020,.context.management_scale.national,NA,NA,NA,FALSE,
TN_FAP_2020,.context.management_scale.national,NA,NA,NA,FALSE,
TN_FAP_2020,.context.management_scale.national,NA,NA,NA,FALSE,
TN_FAP_2020,.context.management_scale.transnational,NA,NA,NA,FALSE,
TN_FAP_2020,.context.management_scale.transnational,NA,NA,NA,FALSE,
TN_FAP_2020,.context.management_scale.transnational,NA,NA,NA,FALSE,
TN_FAP_2020,.context.management_scale.ecosystem,Forest Resiliency,1,TRUE,TRUE,Forest resiliency is also being threatened by climate change. Climate change is projected to contribute to significant changes in the composition of associated plant species in both forest and grassla
TN_FAP_2020,.context.management_scale.ecoregion,East Tennessee District,1,TRUE,TRUE,The East Tennessee District (ETD) encompasses the Ridge and Valley and Southern Blue Ridge Ecoregions.
TN_FAP_2020,.context.management_scale.province,NA,NA,NA,FALSE,
TN_FAP_2020,.context.management_scale.province,NA,NA,NA,FALSE,
TN_FAP_2020,.context.management_scale.province,NA,NA,NA,FALSE,
TN_FAP_2020,.context.management_scale.section,NA,NA,NA,FALSE,
TN_FAP_2020,.context.management_scale.section,NA,NA,NA,FALSE,
TN_FAP_2020,.context.management_scale.section,NA,NA,NA,FALSE,
TN_FAP_2020,.context.management_scale.subsection,NA,NA,NA,FALSE,
TN_FAP_2020,.context.management_scale.subsection,NA,NA,NA,FALSE,
TN_FAP_2020,.context.management_scale.subsection,NA,NA,NA,FALSE,
TN_FAP_2020,.context.management_scale.lake,NA,NA,NA,FALSE,
TN_FAP_2020,.context.management_scale.lake,NA,NA,NA,FALSE,
TN_FAP_2020,.context.management_scale.lake,NA,NA,NA,FALSE,
TN_FAP_2020,.context.management_scale.river,NA,NA,NA,FALSE,
TN_FAP_2020,.context.management_scale.river,NA,NA,NA,FALSE,
TN_FAP_2020,.context.management_scale.river,NA,NA,NA,FALSE,
TN_FAP_2020,.context.management_scale.district,Statewide Forest Resource Assessment District Boundaries,1,TRUE,TRUE,"In the 2020 FAP, Tennessee's assessments, threats, and strategies are organized within TDF's district boundaries"
TN_FAP_2020,.context.biological_unit_score,Forest Resiliency,1,TRUE,TRUE,Pollen and fire records have informed the Resilient and Connected Network Climate Corridors work that maps movement of species populations over time in response to climate and vulnerable ecosystems.
TN_FAP_2020,.context.biological_unit_score,Forest Resiliency,1,TRUE,TRUE,Climate change is projected to contribute to significant changes in the composition of associated plant species in both forest and grassland systems across Tennessee due to direct changes in suitable 
TN_FAP_2020,.context.biological_unit_components.species,Enhancing Forest Health and Resiliency,1,TRUE,TRUE,Persistence of the hemlock woolly adelgid is projected to lead to a complete loss of eastern hemlock from the Cumberland Plateau and Mountains region by the end of the century
TN_FAP_2020,.context.biological_unit_components.population,Forest Resiliency,1,TRUE,TRUE,Pollen and fire records have informed the Resilient and Connected Network Climate Corridors work that maps movement of species populations over time in response to climate and vulnerable ecosystems.
TN_FAP_2020,.context.biological_unit_components.habitat,Forest Resiliency,1,TRUE,TRUE,Climate change is projected to contribute to significant changes in the composition of associated plant species in both forest and grassland systems across Tennessee due to direct changes in suitable 
TN_FAP_2020,.context.biological_unit_components.ecosystem,Forest Resiliency,1,TRUE,TRUE,Forest resiliency is also being threatened by climate change. Climate change is projected to contribute to significant changes in the composition of associated plant species in both forest and grassla
TN_FAP_2020,.context.biological_unit_components.community,NA,NA,NA,FALSE,
TN_FAP_2020,.context.biological_unit_components.community,NA,NA,NA,FALSE,
TN_FAP_2020,.context.biological_unit_components.community,NA,NA,NA,FALSE,
TN_FAP_2020,.context.biological_unit_components.genotype_phenotype,NA,NA,NA,FALSE,
TN_FAP_2020,.context.biological_unit_components.genotype_phenotype,NA,NA,NA,FALSE,
TN_FAP_2020,.context.biological_unit_components.genotype_phenotype,NA,NA,NA,FALSE,
TN_FAP_2020,.context.partnerships_and_funding,Introduction,1,TRUE,TRUE,"Development of this plan, though the partnership between the Tennessee Department of Agriculture -Division of Forestry and the Tennessee Chapter of The Nature Conservancy, is a prime example of the co"
TN_FAP_2020,.context.partnerships_and_funding,Maintaining and Improving Connected Landscapes (Cumberland Forest Project),0.8711,TRUE,TRUE,"In 2019, the Tennessee Chapter of The Nature Conservancy worked with the organization's Kentucky, Virginia, and NatureVest business units to purchase 253,000 acres of Central Appalachian hardwood fore"
TN_FAP_2020,.context.partnerships_and_funding,Complementary Planning Initiatives,0.30620000000000003,FALSE,TRUE,"Alignment between the FAP and SWAP priorities was assessed. The 2020 FAP focused on three conservation priorities: carbon storage, surface drinking water, and resilient and connected landscapes. FAP p"
TN_FAP_2020,.context.climate_threat_habitat_degradation,Forest Resiliency,1,TRUE,TRUE,"The impacts of climate change on Tennessee are expected to manifest as prolonged, intense rain events followed by severe drying periods, with increases in the range of extreme conditions over the next"
TN_FAP_2020,.context.climate_threat_habitat_degradation,Forest Resiliency,1,TRUE,TRUE,"Higher temperatures due to climate change are expected to contribute to an increase in the frequency and intensity of wildfires across the Southeast, including an increase in the total area burned and"
TN_FAP_2020,.context.climate_threat_species_vital_rates,Enhancing Forest Health and Resiliency,1,TRUE,TRUE,"Higher average temperatures are expected to enhance winter survival and exacerbate outbreaks of both southern pine beetle and hemlock woolly adelgid, as well as contribute to their expansion northward"
TN_FAP_2020,.context.climate_threat_species_vital_rates,Enhancing Forest Health and Resiliency,1,TRUE,TRUE,"Persistence of the hemlock woolly adelgid is projected to lead to a complete loss of eastern hemlock from the Cumberland Plateau and Mountains region by the end of the century (Paradis et al. 2008, Ev"
TN_FAP_2020,.context.climate_threat_biotic_stressors,Forest Resiliency,1,TRUE,TRUE,"These dynamic wet and dry weather events will continue to cause a shift in invasive plant species within Tennessee's forests and may also lead to unpredictable disturbances, such as increased wildfire"
TN_FAP_2020,.context.climate_threat_biotic_stressors,Forest Resiliency,1,TRUE,TRUE,"Lastly, shifts in climate will lead to altered ecological processes within the region because of an increase in non-native insect and disease activity and the movement of both migratory and non-migrat"
TN_FAP_2020,.actions.priority_habitat_identification,Priority Areas,1,TRUE,TRUE,"Three forest data layers build the foundation for these priority areas: USFS Forests to Faucets, the USFS FIA Program's Forest Carbon Stock Estimates, and TNC's Connected and Resilient Landscapes. Eac"
TN_FAP_2020,.actions.priority_habitat_identification,Description/Identification of Tennessee's Forest Legacy Areas (figure caption),0.2694,FALSE,TRUE,"Landscape connectivity and resilience to climate change is used as a key factor of FLA eligibility in addition to forest products potential and threat of land use conversion (i.e., development). The N"
TN_FAP_2020,.actions.priority_habitat_identification,Forest Resiliency (TNC resilient land mapping tool table),1,TRUE,TRUE,TNC's land and water conservation vision is to conserve a network of resilient sites and connecting corridors that will sustain North America's natural diversity by allowing species to adapt to land u
TN_FAP_2020,.actions.targeted_range_shift_actions,Forest Resiliency,1,TRUE,TRUE,Managing for resilient lands also requires considering key connected climate corridors and flow zones where the movement of plant and animal species is likely to become concentrated.
TN_FAP_2020,.actions.targeted_range_shift_actions,Maintaining and Improving Connected Landscapes (Cumberland Forest Project),1,TRUE,TRUE,"One of the largest TNC land deals in the Eastern U.S., Cumberland Forest employed private impact investment capital and sought to demonstrate how sustainable forestry and forest carbon storage practic"
TN_FAP_2020,.actions.time_bound_and_monitoring,Introduction,1,TRUE,TRUE,"The focus over the next 10 years will be to prioritize strategies around the four main objectives listed below and, by doing so effectively, most if not all threats to Tennessee's forest will be mitig"
TN_FAP_2020,.actions.time_bound_and_monitoring,Goals and Strategies (Expanding Market Diversification),1,TRUE,TRUE,"Action 1. Develop a synchronized Monitoring and Evaluation (M&E) program to measure effective wood removal practices by using both quantitative and qualitative data, which incorporates collaboration b"
TN_FAP_2020,.actions.evidence_of_efficacy,Enhancing Forest Health and Resiliency,0.2914,FALSE,TRUE,"To date, the HWA Strike Team has chemically treated over 53,800 hemlocks over 4,500 acres across state owned forests and forests that are protected by conservation easements; facilitated the release o"
TN_FAP_2020,.actions.evidence_of_efficacy,Enhancing Forest Health and Resiliency,1,TRUE,TRUE,"Higher average temperatures are expected to enhance winter survival and exacerbate outbreaks of both southern pine beetle and hemlock woolly adelgid, as well as contribute to their expansion northward"
TN_FAP_2020,.actions.adaptation_planning_frameworks,USFS Carbon Stock Estimates,1,TRUE,TRUE,Land managers and conservation planners are under increasing pressure to improve adaptive capacity for a changing climate. The Nature Conservancy (TNC) developed the Resilient and Connected Prioritize
TX_FAP_2020,.concepts.climate_vulnerability,Trees and Forests as Climate Solutions,1,TRUE,TRUE,"Species range shifts, migration, or changes in population and density, can be expected with changing climate and weather patterns. As moisture and temperature regimes shift, plant species historically"
TX_FAP_2020,.concepts.adaptive_capacity_specificity,Trees and Forests as Climate Solutions,1,TRUE,TRUE,"Climate continually changes-this is true now as it has been in the past. However, in the past, change occurred over long periods, allowing plants and animals to adapt over time. Today, however, this c"
TX_FAP_2020,.concepts.adaptive_capacity_components.demography,NA,NA,NA,FALSE,
TX_FAP_2020,.concepts.adaptive_capacity_components.demography,NA,NA,NA,FALSE,
TX_FAP_2020,.concepts.adaptive_capacity_components.demography,NA,NA,NA,FALSE,
TX_FAP_2020,.concepts.adaptive_capacity_components.distribution,Trees and Forests as Climate Solutions,1,TRUE,TRUE,"Species range shifts, migration, or changes in population and density, can be expected with changing climate and weather patterns."
TX_FAP_2020,.concepts.adaptive_capacity_components.movement,NA,NA,NA,FALSE,
TX_FAP_2020,.concepts.adaptive_capacity_components.movement,NA,NA,NA,FALSE,
TX_FAP_2020,.concepts.adaptive_capacity_components.movement,NA,NA,NA,FALSE,
TX_FAP_2020,.concepts.adaptive_capacity_components.evolutionary_potential,NA,NA,NA,FALSE,
TX_FAP_2020,.concepts.adaptive_capacity_components.evolutionary_potential,NA,NA,NA,FALSE,
TX_FAP_2020,.concepts.adaptive_capacity_components.evolutionary_potential,NA,NA,NA,FALSE,
TX_FAP_2020,.concepts.adaptive_capacity_components.ecological_dependencies,NA,NA,NA,FALSE,
TX_FAP_2020,.concepts.adaptive_capacity_components.ecological_dependencies,NA,NA,NA,FALSE,
TX_FAP_2020,.concepts.adaptive_capacity_components.ecological_dependencies,NA,NA,NA,FALSE,
TX_FAP_2020,.concepts.adaptive_capacity_components.abiotic_niche,Trees and Forests as Climate Solutions,1,TRUE,TRUE,"As moisture and temperature regimes shift, plant species historically found on a particular site may no longer be the best or even appropriate species for that site."
TX_FAP_2020,.concepts.adaptive_capacity_components.life_history,NA,NA,NA,FALSE,
TX_FAP_2020,.concepts.adaptive_capacity_components.life_history,NA,NA,NA,FALSE,
TX_FAP_2020,.concepts.adaptive_capacity_components.life_history,NA,NA,NA,FALSE,
TX_FAP_2020,.concepts.connectivity,Sierra Club comments (Question 6 responses),1,TRUE,TRUE,"TAMFS should teach people about buffers, corridors, and core reserves, on large and small scales, so that forests of all sizes will be healthier, less fragmented, and less degraded."
TX_FAP_2020,.tools.vulnerability_models,NA,NA,NA,FALSE,
TX_FAP_2020,.tools.vulnerability_models,NA,NA,NA,FALSE,
TX_FAP_2020,.tools.vulnerability_models,NA,NA,NA,FALSE,
TX_FAP_2020,.tools.niche_models,NA,NA,NA,FALSE,
TX_FAP_2020,.tools.niche_models,NA,NA,NA,FALSE,
TX_FAP_2020,.tools.niche_models,NA,NA,NA,FALSE,
TX_FAP_2020,.tools.climate_models,Appendix / Development Threat layer description,0.3072,FALSE,TRUE,The layer developed for the updated SFLA and used here was derived from a more recent version of the ICLUS model. ICLUS version 2 is designed to be consistent with a more recent Intergovernmental Pane
TX_FAP_2020,.tools.connectivity_models,NA,NA,NA,FALSE,
TX_FAP_2020,.tools.connectivity_models,NA,NA,NA,FALSE,
TX_FAP_2020,.tools.connectivity_models,NA,NA,NA,FALSE,
TX_FAP_2020,.context.management_scale.local,Mitigation and Prevention Program Description,1,TRUE,TRUE,"These programs have gained importance over the last 25 years with the recognition that they are essential for the agency to address the significant causal factors that lead to development of large, da"
TX_FAP_2020,.context.management_scale.site,What TAMFS is Doing,1,TRUE,TRUE,"Developed and providing climate-ready seed stock of select Texas species; these drought-hardy lines of 'Texas Tested, Texas Tough' tree species are selected for their ability to thrive in harsh enviro"
TX_FAP_2020,.context.management_scale.watershed,Water Resources Program Priority Areas,1,TRUE,TRUE,"To prioritize Texas watersheds by forest importance to surface drinking water for source water protection, four main factors were considered: (1) watershed importance for surface drinking water, (2) f"
TX_FAP_2020,.context.management_scale.city,"Issue 4 Urban Forest Sustainability, Conclusion",0.9916,TRUE,TRUE,"Focusing program delivery in these areas can help solve landscape-scale problems that affect millions of people, including urbanization, air quality, water quality, climate change, energy consumption,"
TX_FAP_2020,.context.management_scale.county,"Issue 1 Wildfire and Public Safety, Spatial Analysis Results",1,TRUE,TRUE,"Since USFS guidance encourages priority areas to be specific geographic areas, expert judgement was used to divide counties into two classes: priority and non-priority counties (Map 2). Priority count"
TX_FAP_2020,.context.management_scale.within_state_region,"Issue 5 Water Resource Protection, Conclusion",1,TRUE,TRUE,"The geospatial analysis identified three primary areas in which future efforts should be concentrated-East Texas, the Interstate-35 corridor region of Central Texas, and the Trans-Pecos."
TX_FAP_2020,.context.management_scale.state,Update of Important Forest Resource Areas for Texas,1,TRUE,TRUE,Texas used many of the updated Southern Forest Land Assessment layers for conducting its geospatial analysis.
TX_FAP_2020,.context.management_scale.multistate,"Multi-State Projects, Programs & Initiatives",1,TRUE,TRUE,TAMFS is already involved in or plans to develop several multi-state projects or programs that are of regional priority.
TX_FAP_2020,.context.management_scale.national,Longleaf Implementation Team (Multi-State Projects),1,TRUE,TRUE,The America's Longleaf Restoration Initiative's purpose is to increase longleaf pine acreage from 3.4 to 8.0 million acres in the next 15 years. A Range-wide Conservation Plan and for Longleaf Pine se
TX_FAP_2020,.context.management_scale.transnational,NA,NA,NA,FALSE,
TX_FAP_2020,.context.management_scale.transnational,NA,NA,NA,FALSE,
TX_FAP_2020,.context.management_scale.transnational,NA,NA,NA,FALSE,
TX_FAP_2020,.context.management_scale.ecosystem,Texas Longleaf Implementation Team,1,TRUE,TRUE,The Texas Longleaf Conservation Plan is intended to help guide the Texas Longleaf Implementation Team (TLIT) through 2025 to re-establish the abundantly biodiverse and wildlife-sustaining habitat of t
TX_FAP_2020,.context.management_scale.ecoregion,Conditions and Trends Texas Ecoregions,1,TRUE,TRUE,Texas is a vast and diverse state with areas that are like both Georgia to the east and Arizona to the west. There are nine primary ecoregions as defined by Level III Ecoregions of the Environmental P
TX_FAP_2020,.context.management_scale.province,NA,NA,NA,FALSE,
TX_FAP_2020,.context.management_scale.province,NA,NA,NA,FALSE,
TX_FAP_2020,.context.management_scale.province,NA,NA,NA,FALSE,
TX_FAP_2020,.context.management_scale.section,NA,NA,NA,FALSE,
TX_FAP_2020,.context.management_scale.section,NA,NA,NA,FALSE,
TX_FAP_2020,.context.management_scale.section,NA,NA,NA,FALSE,
TX_FAP_2020,.context.management_scale.subsection,NA,NA,NA,FALSE,
TX_FAP_2020,.context.management_scale.subsection,NA,NA,NA,FALSE,
TX_FAP_2020,.context.management_scale.subsection,NA,NA,NA,FALSE,
TX_FAP_2020,.context.management_scale.lake,NA,NA,NA,FALSE,
TX_FAP_2020,.context.management_scale.lake,NA,NA,NA,FALSE,
TX_FAP_2020,.context.management_scale.lake,NA,NA,NA,FALSE,
TX_FAP_2020,.context.management_scale.river,Columbia Bottomlands,1,TRUE,TRUE,"The Columbia Bottomlands contain mixed hardwood forests stretching across the floodplains of three rivers-Colorado, San Bernard, and Brazos-and their associated floodplains."
TX_FAP_2020,.context.management_scale.district,NA,NA,NA,FALSE,
TX_FAP_2020,.context.management_scale.district,NA,NA,NA,FALSE,
TX_FAP_2020,.context.management_scale.district,NA,NA,NA,FALSE,
TX_FAP_2020,.context.biological_unit_score,Trees and Forests as Climate Solutions,1,TRUE,TRUE,"Species range shifts, migration, or changes in population and density, can be expected with changing climate and weather patterns."
TX_FAP_2020,.context.biological_unit_score,Trees and Forests as Climate Solutions,1,TRUE,TRUE,"As moisture and temperature regimes shift, plant species historically found on a particular site may no longer be the best or even appropriate species for that site."
TX_FAP_2020,.context.biological_unit_components.species,Trees and Forests as Climate Solutions,1,TRUE,TRUE,"Species range shifts, migration, or changes in population and density, can be expected with changing climate and weather patterns."
TX_FAP_2020,.context.biological_unit_components.population,Trees and Forests as Climate Solutions,1,TRUE,TRUE,"Species range shifts, migration, or changes in population and density, can be expected with changing climate and weather patterns."
TX_FAP_2020,.context.biological_unit_components.habitat,Trees and Forests as Climate Solutions,1,TRUE,TRUE,"As moisture and temperature regimes shift, plant species historically found on a particular site may no longer be the best or even appropriate species for that site."
TX_FAP_2020,.context.biological_unit_components.ecosystem,Texas Longleaf Implementation Team,1,TRUE,TRUE,The Texas Longleaf Conservation Plan is intended to help guide the Texas Longleaf Implementation Team (TLIT) through 2025 to re-establish the abundantly biodiverse and wildlife-sustaining habitat of t
TX_FAP_2020,.context.biological_unit_components.community,NA,NA,NA,FALSE,
TX_FAP_2020,.context.biological_unit_components.community,NA,NA,NA,FALSE,
TX_FAP_2020,.context.biological_unit_components.community,NA,NA,NA,FALSE,
TX_FAP_2020,.context.biological_unit_components.genotype_phenotype,NA,NA,NA,FALSE,
TX_FAP_2020,.context.biological_unit_components.genotype_phenotype,NA,NA,NA,FALSE,
TX_FAP_2020,.context.biological_unit_components.genotype_phenotype,NA,NA,NA,FALSE,
TX_FAP_2020,.context.partnerships_and_funding,Longleaf Implementation Team (Multi-State Projects),1,TRUE,TRUE,"TAMFS, USFS National Forests and Grasslands in Texas, and thirteen other public, private, and nonprofit conservation organizations have joined together to promote the restoration and enhancement of th"
TX_FAP_2020,.context.climate_threat_habitat_degradation,Trees and Forests as Climate Solutions,1,TRUE,TRUE,"With changing climate and weather patterns comes an increase in the intensity and frequency of droughts, floods, hurricanes, ice storms, tornados and wildfires; all which make tree and forest manageme"
TX_FAP_2020,.context.climate_threat_species_vital_rates,Mortality,0.8472,FALSE,TRUE,"By far, from 2006 to 2015, weather has been the leading cause of mortality among hardwoods. This is especially true after the historic 2011 drought."
TX_FAP_2020,.context.climate_threat_biotic_stressors,Trees and Forests as Climate Solutions,1,TRUE,TRUE,"Changing weather patterns also alter insect pest patterns and populations, plant emergence, and invasive species establishment."
TX_FAP_2020,.actions.priority_habitat_identification,"Issue 1 Wildfire and Public Safety, Spatial Analysis Results",1,TRUE,TRUE,"Since USFS guidance encourages priority areas to be specific geographic areas, expert judgement was used to divide counties into two classes: priority and non-priority counties (Map 2). Priority count"
TX_FAP_2020,.actions.priority_habitat_identification,"Forest Legacy Program Description, FLP Priority Areas",1,TRUE,TRUE,"As of 2020, there are five funded Forest Legacy projects in Texas: Burleson Wetlands (2,907 acres in Smith County), Turkey Creek Phases I and II (10,729 acres in Tyler and Hardin Counties), Longleaf R"
TX_FAP_2020,.actions.targeted_range_shift_actions,NA,NA,NA,FALSE,
TX_FAP_2020,.actions.targeted_range_shift_actions,NA,NA,NA,FALSE,
TX_FAP_2020,.actions.targeted_range_shift_actions,NA,NA,NA,FALSE,
TX_FAP_2020,.actions.time_bound_and_monitoring,Texas Longleaf Implementation Team,1,TRUE,TRUE,The Texas Longleaf Conservation Plan is intended to help guide the Texas Longleaf Implementation Team (TLIT) through 2025 to re-establish the abundantly biodiverse and wildlife-sustaining habitat of t
TX_FAP_2020,.actions.evidence_of_efficacy,Water Resources Program Description,1,TRUE,TRUE,"In 2003, the Water Resources Program began an intensive, highly technological stream monitoring project designed to test the effectiveness of BMPs in protecting water quality. After four years of data"
TX_FAP_2020,.actions.adaptation_planning_frameworks,Issue 1: Wildfire and Public Safety Strategy Goal 1,1,TRUE,TRUE,"Integrate climate, weather, and wildland forest fuel conditions into products that will enhance the ability of managers to make sound decisions."
USVI_FAP_2010,.concepts.climate_vulnerability,Climate Change,1,TRUE,TRUE,The effects of climate change have the potential to be devastating in the USVI and throughout the world. A recent study of forests in the USVI and Puerto Rico found that climate is the overarching inf
USVI_FAP_2010,.concepts.adaptive_capacity_specificity,NA,NA,NA,FALSE,
USVI_FAP_2010,.concepts.adaptive_capacity_specificity,NA,NA,NA,FALSE,
USVI_FAP_2010,.concepts.adaptive_capacity_specificity,NA,NA,NA,FALSE,
USVI_FAP_2010,.concepts.adaptive_capacity_components.demography,NA,NA,NA,FALSE,
USVI_FAP_2010,.concepts.adaptive_capacity_components.demography,NA,NA,NA,FALSE,
USVI_FAP_2010,.concepts.adaptive_capacity_components.demography,NA,NA,NA,FALSE,
USVI_FAP_2010,.concepts.adaptive_capacity_components.distribution,NA,NA,NA,FALSE,
USVI_FAP_2010,.concepts.adaptive_capacity_components.distribution,NA,NA,NA,FALSE,
USVI_FAP_2010,.concepts.adaptive_capacity_components.distribution,NA,NA,NA,FALSE,
USVI_FAP_2010,.concepts.adaptive_capacity_components.movement,NA,NA,NA,FALSE,
USVI_FAP_2010,.concepts.adaptive_capacity_components.movement,NA,NA,NA,FALSE,
USVI_FAP_2010,.concepts.adaptive_capacity_components.movement,NA,NA,NA,FALSE,
USVI_FAP_2010,.concepts.adaptive_capacity_components.evolutionary_potential,NA,NA,NA,FALSE,
USVI_FAP_2010,.concepts.adaptive_capacity_components.evolutionary_potential,NA,NA,NA,FALSE,
USVI_FAP_2010,.concepts.adaptive_capacity_components.evolutionary_potential,NA,NA,NA,FALSE,
USVI_FAP_2010,.concepts.adaptive_capacity_components.ecological_dependencies,NA,NA,NA,FALSE,
USVI_FAP_2010,.concepts.adaptive_capacity_components.ecological_dependencies,NA,NA,NA,FALSE,
USVI_FAP_2010,.concepts.adaptive_capacity_components.ecological_dependencies,NA,NA,NA,FALSE,
USVI_FAP_2010,.concepts.adaptive_capacity_components.abiotic_niche,NA,NA,NA,FALSE,
USVI_FAP_2010,.concepts.adaptive_capacity_components.abiotic_niche,NA,NA,NA,FALSE,
USVI_FAP_2010,.concepts.adaptive_capacity_components.abiotic_niche,NA,NA,NA,FALSE,
USVI_FAP_2010,.concepts.adaptive_capacity_components.life_history,NA,NA,NA,FALSE,
USVI_FAP_2010,.concepts.adaptive_capacity_components.life_history,NA,NA,NA,FALSE,
USVI_FAP_2010,.concepts.adaptive_capacity_components.life_history,NA,NA,NA,FALSE,
USVI_FAP_2010,.concepts.connectivity,Goal 3: Coastal Forest Ecosystems Protection,1,TRUE,TRUE,the plan is to purchase one parcel of land that will connect those already owned to create a corridor of protection for wildlife and plants as well as protect soil and water resources.
USVI_FAP_2010,.tools.vulnerability_models,NA,NA,NA,FALSE,
USVI_FAP_2010,.tools.vulnerability_models,NA,NA,NA,FALSE,
USVI_FAP_2010,.tools.vulnerability_models,NA,NA,NA,FALSE,
USVI_FAP_2010,.tools.niche_models,Biological Threats,1,TRUE,TRUE,"Invasive species mapping and monitoring has been done effectively on a global and regional scale. Maps are frequently created using models with environmental inputs, such as temperature or altitude, r"
USVI_FAP_2010,.tools.climate_models,Issue 6: Degradation of Coastal Forest Ecosystems (priority analysis section),1,TRUE,TRUE,"Existing expected numbers of sea level rise (IPCC, 2007) were used to categorize the sea level rise into four distinct categories. Minimum and maximum sea level rise for 2030 and maximum and minimum s"
USVI_FAP_2010,.tools.connectivity_models,NA,NA,NA,FALSE,
USVI_FAP_2010,.tools.connectivity_models,NA,NA,NA,FALSE,
USVI_FAP_2010,.tools.connectivity_models,NA,NA,NA,FALSE,
USVI_FAP_2010,.context.management_scale.local,Forest Health Protection,0.9948,TRUE,TRUE,"As the US Forest Service Forest Health Protection staff includes specialists in forest entomology, forest pathology, invasive species, pesticide use, survey and monitoring, suppression and control"
USVI_FAP_2010,.context.management_scale.site,Goal 3: Coastal Forest Ecosystems Protection,1,TRUE,TRUE,"Funding has been provided by the Forest Service for two tracts of land in northwestern St. Croix to date. The owners of one tract removed the property from consideration for sale; instead, the owners "
USVI_FAP_2010,.context.management_scale.watershed,Priority Issues Issue 1: Contiguous Forest Loss (water management section),1,TRUE,TRUE,Prior analysis has been conducted of the Forest Legacy Program in the form of the Assessment of Need that identified priority areas as watersheds.
USVI_FAP_2010,.context.management_scale.city,NA,NA,NA,FALSE,
USVI_FAP_2010,.context.management_scale.city,NA,NA,NA,FALSE,
USVI_FAP_2010,.context.management_scale.city,NA,NA,NA,FALSE,
USVI_FAP_2010,.context.management_scale.county,NA,NA,NA,FALSE,
USVI_FAP_2010,.context.management_scale.county,NA,NA,NA,FALSE,
USVI_FAP_2010,.context.management_scale.county,NA,NA,NA,FALSE,
USVI_FAP_2010,.context.management_scale.within_state_region,Table 1 (Introduction/Executive Summary area),1,TRUE,TRUE,"the areas of highest priority for protection and delivery of forestry programs were identified as: the northwestern corner and eastern end of St. Croix, west end and north shore of St. Thomas, and the"
USVI_FAP_2010,.context.management_scale.state,EXECUTIVE SUMMARY,1,TRUE,TRUE,"The amendment requires each State and Territory to provide a Statewide Assessment of Forest Resources and a Statewide Forest Resources Strategy to the Secretary of Agriculture, USDA, by June 2010."
USVI_FAP_2010,.context.management_scale.multistate,NA,NA,NA,FALSE,
USVI_FAP_2010,.context.management_scale.multistate,NA,NA,NA,FALSE,
USVI_FAP_2010,.context.management_scale.multistate,NA,NA,NA,FALSE,
USVI_FAP_2010,.context.management_scale.national,Table 1 (Introduction/Executive Summary area),1,TRUE,TRUE,"Redesign focuses on three national themes: conserve working forests, protect forests, and enhance benefits from trees and forests."
USVI_FAP_2010,.context.management_scale.transnational,STRATEGIES,1,TRUE,TRUE,"As a result of their island status, the US Virgin Islands do not have geographically adjacent jurisdictions. However, the issues that are being addressed in these strategies are often the same as thos"
USVI_FAP_2010,.context.management_scale.ecosystem,Issue 6: Degradation of Coastal Forest Ecosystems,1,TRUE,TRUE,Coastal forests including wetlands and mangrove forests are the connective region between the terrestrial and marine environments.
USVI_FAP_2010,.context.management_scale.ecoregion,NA,NA,NA,FALSE,
USVI_FAP_2010,.context.management_scale.ecoregion,NA,NA,NA,FALSE,
USVI_FAP_2010,.context.management_scale.ecoregion,NA,NA,NA,FALSE,
USVI_FAP_2010,.context.management_scale.province,NA,NA,NA,FALSE,
USVI_FAP_2010,.context.management_scale.province,NA,NA,NA,FALSE,
USVI_FAP_2010,.context.management_scale.province,NA,NA,NA,FALSE,
USVI_FAP_2010,.context.management_scale.section,NA,NA,NA,FALSE,
USVI_FAP_2010,.context.management_scale.section,NA,NA,NA,FALSE,
USVI_FAP_2010,.context.management_scale.section,NA,NA,NA,FALSE,
USVI_FAP_2010,.context.management_scale.subsection,NA,NA,NA,FALSE,
USVI_FAP_2010,.context.management_scale.subsection,NA,NA,NA,FALSE,
USVI_FAP_2010,.context.management_scale.subsection,NA,NA,NA,FALSE,
USVI_FAP_2010,.context.management_scale.lake,NA,NA,NA,FALSE,
USVI_FAP_2010,.context.management_scale.lake,NA,NA,NA,FALSE,
USVI_FAP_2010,.context.management_scale.lake,NA,NA,NA,FALSE,
USVI_FAP_2010,.context.management_scale.river,NA,NA,NA,FALSE,
USVI_FAP_2010,.context.management_scale.river,NA,NA,NA,FALSE,
USVI_FAP_2010,.context.management_scale.river,NA,NA,NA,FALSE,
USVI_FAP_2010,.context.management_scale.district,NA,NA,NA,FALSE,
USVI_FAP_2010,.context.management_scale.district,NA,NA,NA,FALSE,
USVI_FAP_2010,.context.management_scale.district,NA,NA,NA,FALSE,
USVI_FAP_2010,.context.biological_unit_score,Distribution and Abundance of Forest Resources,1,TRUE,TRUE,"Forest types and structures in the U.S. Virgin Islands are dynamic systems affected by human and climatic influence (Kennaway et al., 2008)."
USVI_FAP_2010,.context.biological_unit_score,Biological Threats,1,TRUE,TRUE,"The most comprehensive, forest inventory of the US Virgin Islands indicated that the single most common tree in the territory is the exotic tan-tan (Leucaena leucocephala) which is found at all elevat"
USVI_FAP_2010,.context.biological_unit_components.species,Climate Change,1,TRUE,TRUE,A recent study of forests in the USVI and Puerto Rico found that climate is the overarching influence on forest species composition when recovering from deforestation; all other factors are secondary 
USVI_FAP_2010,.context.biological_unit_components.population,NA,NA,NA,FALSE,
USVI_FAP_2010,.context.biological_unit_components.population,NA,NA,NA,FALSE,
USVI_FAP_2010,.context.biological_unit_components.population,NA,NA,NA,FALSE,
USVI_FAP_2010,.context.biological_unit_components.habitat,Climate Change,1,TRUE,TRUE,Loss of mangrove forests and coral reefs due to sea level rise.
USVI_FAP_2010,.context.biological_unit_components.ecosystem,Distribution and Abundance of Forest Resources,1,TRUE,TRUE,"Forest types and structures in the U.S. Virgin Islands are dynamic systems affected by human and climatic influence (Kennaway et al., 2008)."
USVI_FAP_2010,.context.biological_unit_components.community,NA,NA,NA,FALSE,
USVI_FAP_2010,.context.biological_unit_components.community,NA,NA,NA,FALSE,
USVI_FAP_2010,.context.biological_unit_components.community,NA,NA,NA,FALSE,
USVI_FAP_2010,.context.biological_unit_components.genotype_phenotype,NA,NA,NA,FALSE,
USVI_FAP_2010,.context.biological_unit_components.genotype_phenotype,NA,NA,NA,FALSE,
USVI_FAP_2010,.context.biological_unit_components.genotype_phenotype,NA,NA,NA,FALSE,
USVI_FAP_2010,.context.partnerships_and_funding,Goal 3: Coastal Forest Ecosystems Protection,1,TRUE,TRUE,"Federal funding is the key to the Forest Legacy Program in the US Virgin Islands. The VI government has no funds available for this program, and without federal funding, the VI Department of Agricultu"
USVI_FAP_2010,.context.partnerships_and_funding,Goal 3: Coastal Forest Ecosystems Protection,1,TRUE,TRUE,Funding has been provided by the Forest Service for two tracts of land in northwestern St. Croix to date.
USVI_FAP_2010,.context.climate_threat_habitat_degradation,Climate Change,1,TRUE,TRUE,The expected sea level rise (Figure 28) is another issue that will significantly affect the forests of the USVI. A rise in sea level of just one foot could have a detrimental effect on coastal forest 
USVI_FAP_2010,.context.climate_threat_habitat_degradation,Climate Change,1,TRUE,TRUE,Loss of mangrove forests and coral reefs due to sea level rise.
USVI_FAP_2010,.context.climate_threat_species_vital_rates,Climate Change,1,TRUE,TRUE,"The expected increase in extreme weather such as hurricanes will result in more storms like Hurricane Hugo that devastated the Virgin Islands in 1989, removing most of the foliage and causing tree mor"
USVI_FAP_2010,.context.climate_threat_biotic_stressors,Climate Change,1,TRUE,TRUE,"Increased invasion by non-native species as a result of higher temperatures is also expected, particularly on middle and high-latitude islands."
USVI_FAP_2010,.context.climate_threat_biotic_stressors,Climate Change,1,TRUE,TRUE,Climate change is likely to enhance many of the existing threats to forest ecosystems. Climatic warming and drying and the increase in invasive species will make forests more vulnerable to wildfires.
USVI_FAP_2010,.actions.priority_habitat_identification,Priority Issues Issue 1: Contiguous Forest Loss,1,TRUE,TRUE,"Identified priority areas (Figure 29) for St. Croix lie on the eastern end and the northwest section, representing the subtropical moist forests and following the higher elevation ridge east across th"
USVI_FAP_2010,.actions.priority_habitat_identification,Table 1 (Introduction/Executive Summary area),1,TRUE,TRUE,A geospatial analysis was conducted to delineate areas in the USVI landscape where future efforts might best be focused. These priority areas were determined using weighted overlay analyses based on c
USVI_FAP_2010,.actions.priority_habitat_identification,Issue 6: Degradation of Coastal Forest Ecosystems (priority analysis section),1,TRUE,TRUE,"A second large threat is climate change. Existing expected numbers of sea level rise (IPCC, 2007) were used to categorize the sea level rise into four distinct categories. Minimum and maximum sea leve"
USVI_FAP_2010,.actions.targeted_range_shift_actions,NA,NA,NA,FALSE,
USVI_FAP_2010,.actions.targeted_range_shift_actions,NA,NA,NA,FALSE,
USVI_FAP_2010,.actions.targeted_range_shift_actions,NA,NA,NA,FALSE,
USVI_FAP_2010,.actions.time_bound_and_monitoring,Issue 7: Invasive Species,1,TRUE,TRUE,The National Park Service project at Buck Island National Monument could be used as a model project for the rest of the territory because it 1) identified target species through a plant and animal inv
USVI_FAP_2010,.actions.evidence_of_efficacy,Issue 7: Invasive Species,0.5819,FALSE,TRUE,"An example of a successful planned invasive species control in the US Virgin Islands was done by the National Park Service on Buck Island off of St. Croix... Complete eradication was not the goal, but"
USVI_FAP_2010,.actions.evidence_of_efficacy,Climate Change,1,TRUE,TRUE,A recent study of forests in the USVI and Puerto Rico found that climate is the overarching influence on forest species composition when recovering from deforestation; all other factors are secondary 
USVI_FAP_2010,.actions.adaptation_planning_frameworks,Introduction (Conservation Education section),1,TRUE,TRUE,The Forest Service strategy for dealing with climate change is based on years of targeted research and a century of science and management experience on public and private forest land.
UT_FAP_2020,.concepts.climate_vulnerability,Climate Change,1,TRUE,TRUE,"Climate change is increasing the vulnerability of many forests to ecosystem changes and tree mortality through fire, insect infestations, drought, and disease outbreaks."
UT_FAP_2020,.concepts.climate_vulnerability,Process for identification of Stewardship Priority Areas,0.9273,TRUE,TRUE,"Private forests are currently at risk of fragmentation, development, catastrophic wildfire, and the ecological impacts of climate change (most notably, insect and disease)."
UT_FAP_2020,.concepts.adaptive_capacity_specificity,Climate Change,1,TRUE,TRUE,"Management strategies focused on resilience include promoting species and age class diversity, actively managing for optimal forest health and creating or retaining suitable pathways for species migra"
UT_FAP_2020,.concepts.adaptive_capacity_components.demography,NA,NA,NA,FALSE,
UT_FAP_2020,.concepts.adaptive_capacity_components.demography,NA,NA,NA,FALSE,
UT_FAP_2020,.concepts.adaptive_capacity_components.demography,NA,NA,NA,FALSE,
UT_FAP_2020,.concepts.adaptive_capacity_components.distribution,NA,NA,NA,FALSE,
UT_FAP_2020,.concepts.adaptive_capacity_components.distribution,NA,NA,NA,FALSE,
UT_FAP_2020,.concepts.adaptive_capacity_components.distribution,NA,NA,NA,FALSE,
UT_FAP_2020,.concepts.adaptive_capacity_components.movement,Climate Change,1,TRUE,TRUE,"Management strategies focused on resilience include promoting species and age class diversity, actively managing for optimal forest health and creating or retaining suitable pathways for species migra"
UT_FAP_2020,.concepts.adaptive_capacity_components.evolutionary_potential,NA,NA,NA,FALSE,
UT_FAP_2020,.concepts.adaptive_capacity_components.evolutionary_potential,NA,NA,NA,FALSE,
UT_FAP_2020,.concepts.adaptive_capacity_components.evolutionary_potential,NA,NA,NA,FALSE,
UT_FAP_2020,.concepts.adaptive_capacity_components.ecological_dependencies,NA,NA,NA,FALSE,
UT_FAP_2020,.concepts.adaptive_capacity_components.ecological_dependencies,NA,NA,NA,FALSE,
UT_FAP_2020,.concepts.adaptive_capacity_components.ecological_dependencies,NA,NA,NA,FALSE,
UT_FAP_2020,.concepts.adaptive_capacity_components.abiotic_niche,NA,NA,NA,FALSE,
UT_FAP_2020,.concepts.adaptive_capacity_components.abiotic_niche,NA,NA,NA,FALSE,
UT_FAP_2020,.concepts.adaptive_capacity_components.abiotic_niche,NA,NA,NA,FALSE,
UT_FAP_2020,.concepts.adaptive_capacity_components.life_history,NA,NA,NA,FALSE,
UT_FAP_2020,.concepts.adaptive_capacity_components.life_history,NA,NA,NA,FALSE,
UT_FAP_2020,.concepts.adaptive_capacity_components.life_history,NA,NA,NA,FALSE,
UT_FAP_2020,.concepts.connectivity,Program Goals,1,TRUE,TRUE,Protect wildlife habitat and maintain habitat connectivity and related values needed to ensure biodiversity
UT_FAP_2020,.concepts.connectivity,Wildlife and Fish Habitat,1,TRUE,TRUE,private forest lands play an important role in maintaining habitat connectivity and migratory corridors between these areas.
UT_FAP_2020,.tools.vulnerability_models,NA,NA,NA,FALSE,
UT_FAP_2020,.tools.vulnerability_models,NA,NA,NA,FALSE,
UT_FAP_2020,.tools.vulnerability_models,NA,NA,NA,FALSE,
UT_FAP_2020,.tools.niche_models,NA,NA,NA,FALSE,
UT_FAP_2020,.tools.niche_models,NA,NA,NA,FALSE,
UT_FAP_2020,.tools.niche_models,NA,NA,NA,FALSE,
UT_FAP_2020,.tools.climate_models,Climate Change,1,TRUE,TRUE,"The 2019 Utah Hazard Mitigation Plan presents some of the significant impacts that climate change has had on wildfires and forest area burned in Utah and the southwestern U.S. in recent years, as well"
UT_FAP_2020,.tools.climate_models,[FIGURE: Utah. Extensive changes to both the length and severity of the fire season...],0.2912,FALSE,TRUE,The trends in acres burned by wildfire in the western United States are projected to continue through the twenty-first century as temperatures warm and incidence of drought increases.
UT_FAP_2020,.tools.connectivity_models,NA,NA,NA,FALSE,
UT_FAP_2020,.tools.connectivity_models,NA,NA,NA,FALSE,
UT_FAP_2020,.tools.connectivity_models,NA,NA,NA,FALSE,
UT_FAP_2020,.context.management_scale.local,Catastrophic Wildfire Reduction Strategy (CatFire),1,TRUE,TRUE,"CatFire projects generally take a community perspective and focus on the landscape around communities, or the wildland-urban interface (WUI)."
UT_FAP_2020,.context.management_scale.site,NA,NA,NA,FALSE,
UT_FAP_2020,.context.management_scale.site,NA,NA,NA,FALSE,
UT_FAP_2020,.context.management_scale.site,NA,NA,NA,FALSE,
UT_FAP_2020,.context.management_scale.watershed,Utah FAP 2020 Priority Areas,0.5133,FALSE,TRUE,The process for identifying priority landscapes for the FAP utilized a combination of datasets... United States Geological Survey (USGS) hydrological units.
UT_FAP_2020,.context.management_scale.city,NA,NA,NA,FALSE,
UT_FAP_2020,.context.management_scale.city,NA,NA,NA,FALSE,
UT_FAP_2020,.context.management_scale.city,NA,NA,NA,FALSE,
UT_FAP_2020,.context.management_scale.county,Utah's Timber Harvest and Forest Products Industry,1,TRUE,TRUE,"In 2016, Summit County led Utah's timber harvest with 29 percent (7.3 MMBF) of total volume, followed by Kane and Sanpete Counties with 13 and 7.5 percent, respectively."
UT_FAP_2020,.context.management_scale.within_state_region,Utah FAP 2020 Priority Areas,1,TRUE,TRUE,"The FAP 2020 Priority Areas map is intended as a tool to help FFSL, the Forest Service and other partners identify and implement high-priority forest restoration projects on all forest lands across th"
UT_FAP_2020,.context.management_scale.state,Identifying FAP Priority Areas,1,TRUE,TRUE,"The Utah FAP 2020 has developed a map of forest health priority areas across the State to help FFSL, the Forest Service and other partners identify the most urgent forest health challenges and develop"
UT_FAP_2020,.context.management_scale.multistate,Wildfires,1,TRUE,TRUE,"Managing wildfires in the West is becoming increasingly complex, as the number of acres burned has increased substantially since the late 1980's."
UT_FAP_2020,.context.management_scale.national,Climate Change,1,TRUE,TRUE,"The 2014 National Climate Assessment recognizes how little we know about how much our climate will change, what the effects will be on natural and social systems, and how we might best respond."
UT_FAP_2020,.context.management_scale.transnational,NA,NA,NA,FALSE,
UT_FAP_2020,.context.management_scale.transnational,NA,NA,NA,FALSE,
UT_FAP_2020,.context.management_scale.transnational,NA,NA,NA,FALSE,
UT_FAP_2020,.context.management_scale.ecosystem,Climate Change,1,TRUE,TRUE,The 2010 Resources Planning Act Assessment indicates that climate change will alter natural ecosystems and affect their ability to provide goods and services.
UT_FAP_2020,.context.management_scale.ecoregion,Forest Land Definitions,1,TRUE,TRUE,"An ecoregion is a large landscape area that has relatively consistent patterns of physical and biological components that interact to form environments of similar productive capabilities, response to "
UT_FAP_2020,.context.management_scale.province,[TABLE] The pinyon/juniper group...,1,TRUE,TRUE,"The pinyon/juniper group is the largest of the 10 forest-type groups in Utah, covering 10.7 million acres. It accounts for 59 percent of the forest land in the State, most of which is in Ecoregion Pro"
UT_FAP_2020,.context.management_scale.section,NA,NA,NA,FALSE,
UT_FAP_2020,.context.management_scale.section,NA,NA,NA,FALSE,
UT_FAP_2020,.context.management_scale.section,NA,NA,NA,FALSE,
UT_FAP_2020,.context.management_scale.subsection,NA,NA,NA,FALSE,
UT_FAP_2020,.context.management_scale.subsection,NA,NA,NA,FALSE,
UT_FAP_2020,.context.management_scale.subsection,NA,NA,NA,FALSE,
UT_FAP_2020,.context.management_scale.lake,NA,NA,NA,FALSE,
UT_FAP_2020,.context.management_scale.lake,NA,NA,NA,FALSE,
UT_FAP_2020,.context.management_scale.lake,NA,NA,NA,FALSE,
UT_FAP_2020,.context.management_scale.river,[TABLE] The Weber River Forest Legacy Area...,1,TRUE,TRUE,"The Weber River Forest Legacy Area covers a total watershed area of approximately 1.5 million acres spread throughout Weber, Davis, Morgan and Summit counties."
UT_FAP_2020,.context.management_scale.district,NA,NA,NA,FALSE,
UT_FAP_2020,.context.management_scale.district,NA,NA,NA,FALSE,
UT_FAP_2020,.context.management_scale.district,NA,NA,NA,FALSE,
UT_FAP_2020,.context.biological_unit_score,Priorities and Strategies,1,TRUE,TRUE,The Utah WAP identifies 141 species of greatest conservation need and 13 key habitat types.
UT_FAP_2020,.context.biological_unit_score,Forest Area,1,TRUE,TRUE,"The distribution and dominance of various tree species mirrors the wide range of elevations in Utah, from high, densely-forested mountains to low-elevation woodlands and deserts."
UT_FAP_2020,.context.biological_unit_components.species,Priorities and Strategies,1,TRUE,TRUE,The Utah WAP identifies 141 species of greatest conservation need and 13 key habitat types.
UT_FAP_2020,.context.biological_unit_components.population,NA,NA,NA,FALSE,
UT_FAP_2020,.context.biological_unit_components.population,NA,NA,NA,FALSE,
UT_FAP_2020,.context.biological_unit_components.population,NA,NA,NA,FALSE,
UT_FAP_2020,.context.biological_unit_components.habitat,Priorities and Strategies,1,TRUE,TRUE,"Of the WAP's 13 key habitat types, Aspen-Conifer and Gambel Oak represent significant terrestrial habitats, and Aquatic-Forested represents a significant aquatic habitat"
UT_FAP_2020,.context.biological_unit_components.ecosystem,Climate Change,1,TRUE,TRUE,The 2010 Resources Planning Act Assessment indicates that climate change will alter natural ecosystems and affect their ability to provide goods and services.
UT_FAP_2020,.context.biological_unit_components.community,NA,NA,NA,FALSE,
UT_FAP_2020,.context.biological_unit_components.community,NA,NA,NA,FALSE,
UT_FAP_2020,.context.biological_unit_components.community,NA,NA,NA,FALSE,
UT_FAP_2020,.context.biological_unit_components.genotype_phenotype,NA,NA,NA,FALSE,
UT_FAP_2020,.context.biological_unit_components.genotype_phenotype,NA,NA,NA,FALSE,
UT_FAP_2020,.context.biological_unit_components.genotype_phenotype,NA,NA,NA,FALSE,
UT_FAP_2020,.context.partnerships_and_funding,Executive Summary,1,TRUE,TRUE,"The goals and strategies developed by the Utah FAP 2020 align with Utah's Shared Stewardship Agreement, a 2019 partnership initiative between the USDA Forest Service Intermountain Region and the State"
UT_FAP_2020,.context.partnerships_and_funding,[TABLE] Following the signing...,0.7938,FALSE,TRUE,"On May 22, 2019, Utah Governor Gary R. Herbert and USDA Secretary Sonny Perdue signed the Agreement for Shared Stewardship between the State of Utah and the USDA Forest Service Intermountain Region."
UT_FAP_2020,.context.partnerships_and_funding,[TABLE] Defining Success For Shared Stewardship,1,TRUE,TRUE,"Greater than 80 percent of Shared Stewardship projects are financially supported with partner funding (i.e., an entity other than State of Utah or USFS) • Partner funds cover an average of 50 percent "
UT_FAP_2020,.context.climate_threat_habitat_degradation,Increasing Wildfires,1,TRUE,TRUE,"They have been exacerbated by climate change, growing in size and intensity with increased temperatures and decreased precipitation."
UT_FAP_2020,.context.climate_threat_habitat_degradation,Current Condition [Urban Forestry section],1,TRUE,TRUE,"disturbances… attributed to climate-related factors, such as drought, warmer temperatures, and longer summers… have significant consequences for watersheds, landscapes, and human communities"
UT_FAP_2020,.context.climate_threat_species_vital_rates,[TABLE] Growth and development cause shifting land-use patterns...,1,TRUE,TRUE,"Wildfires also impact the state's timberlands and woodlands which affect many animal species leading to habitat loss, displacement, and death."
UT_FAP_2020,.context.climate_threat_species_vital_rates,Insects and Disease,1,TRUE,TRUE,"Insect-caused mortality to common or two-needle pinyon in Utah can be attributed to epidemic pinyon ips beetle populations. Another native beetle, this insect has been particularly active in response "
UT_FAP_2020,.context.climate_threat_biotic_stressors,Climate Change,1,TRUE,TRUE,Changing weather patterns can also introduce new pathogens and invasive species.
UT_FAP_2020,.context.climate_threat_biotic_stressors,Wildfires,1,TRUE,TRUE,"the cascading effects of more than a century of fire exclusion and fuel buildups, changes in land use, extended drought, warming temperatures, and the spread of invasive species have led to widespread"
UT_FAP_2020,.actions.priority_habitat_identification,Identifying FAP Priority Areas,1,TRUE,TRUE,"The Utah FAP 2020 has developed a map of forest health priority areas across the State to help FFSL, the Forest Service and other partners identify the most urgent forest health challenges and develop"
UT_FAP_2020,.actions.priority_habitat_identification,[FIGURE: Figure 29],0.7289,FALSE,TRUE,"Figure 29: FAP 2020 Priority Areas for all forest lands in Utah. This mapping tool is intended to help FFSL, the Forest Service and other partners identify and implement high-priority forest restorati"
UT_FAP_2020,.actions.priority_habitat_identification,Utah FAP 2020 Priority Areas,0.5759,FALSE,TRUE,The process for identifying priority landscapes for the FAP utilized a combination of datasets: Utah Wildfire Risk Assessment Portal (UWRAP) Risk layer... National Insect and Disease Risk Maps (NIDRM)
UT_FAP_2020,.actions.targeted_range_shift_actions,NA,NA,NA,FALSE,
UT_FAP_2020,.actions.targeted_range_shift_actions,NA,NA,NA,FALSE,
UT_FAP_2020,.actions.targeted_range_shift_actions,NA,NA,NA,FALSE,
UT_FAP_2020,.actions.time_bound_and_monitoring,[FIGURE: Increase the number of acres directly and effectively treated...],0.3304,FALSE,TRUE,Establish baseline of number of treated in 2020. Yr 1-2: Establish a method to calculate acres effectively treated or mitigated. Yr 2-3: 30-50% of the acres treated by Utah's National Forests are in s
UT_FAP_2020,.actions.time_bound_and_monitoring,[FIGURE: Key Performance Indicators for Shared Stewardship in Utah],0.3317,FALSE,TRUE,"Annually review and adjust shared stewardship priority maps to include best available information and, where possible, in response to changing conditions (e.g., fire regime condition class, wildfires,"
UT_FAP_2020,.actions.evidence_of_efficacy,Aspen-Conifer Key Terrestrial Habitat,1,TRUE,TRUE,"Recent studies have shown that larger scale burns (e.g., 5,000 acres) that burn more intensely have been the most successful in terms of aspen regeneration."
UT_FAP_2020,.actions.adaptation_planning_frameworks,[TABLE] Utah's Shared Stewardship Agreement,1,TRUE,TRUE,Shared Stewardship derives from the National Cohesive Strategy and is consistent with its management philosophy and strategies toward collaborative landscape-scale restoration.
VA_FAP_2020,.concepts.climate_vulnerability,"Section III: Virginia Forest Trends, Conditions, and Threats — Climate Change",1,TRUE,TRUE,Climate Change will likely affect Virginia's forests during the next 10 years and could intensify many of the other threats and trends occurring in Virginia. Coastal Virginia is already dealing with s
VA_FAP_2020,.concepts.adaptive_capacity_specificity,Issue C1: Keep Forests as Forest — Issue Description,1,TRUE,TRUE,Actively managed forests are healthier and more adaptable to changing climates. Conserving manageable blocks of forestland is necessary to retaining this important climate mitigation tool.
VA_FAP_2020,.concepts.adaptive_capacity_components.demography,NA,NA,NA,FALSE,
VA_FAP_2020,.concepts.adaptive_capacity_components.demography,NA,NA,NA,FALSE,
VA_FAP_2020,.concepts.adaptive_capacity_components.demography,NA,NA,NA,FALSE,
VA_FAP_2020,.concepts.adaptive_capacity_components.distribution,"Section III: Virginia Forest Trends, Conditions, and Threats — Climate Change",1,TRUE,TRUE,"Species migration, particularly at high altitudes and for species at the southern edge of their range, is a real possibility. Inventory methods (notably the Forest Inventory Analysis) enable us to wat"
VA_FAP_2020,.concepts.adaptive_capacity_components.movement,Issue C3: Ensure the Sustainable Use of Forest Resources — Issue Description,1,TRUE,TRUE,"Species migration, particularly at high altitudes and for species at the southern edge of their range (e.g., red spruce), is a real possibility."
VA_FAP_2020,.concepts.adaptive_capacity_components.evolutionary_potential,NA,NA,NA,FALSE,
VA_FAP_2020,.concepts.adaptive_capacity_components.evolutionary_potential,NA,NA,NA,FALSE,
VA_FAP_2020,.concepts.adaptive_capacity_components.evolutionary_potential,NA,NA,NA,FALSE,
VA_FAP_2020,.concepts.adaptive_capacity_components.ecological_dependencies,NA,NA,NA,FALSE,
VA_FAP_2020,.concepts.adaptive_capacity_components.ecological_dependencies,NA,NA,NA,FALSE,
VA_FAP_2020,.concepts.adaptive_capacity_components.ecological_dependencies,NA,NA,NA,FALSE,
VA_FAP_2020,.concepts.adaptive_capacity_components.abiotic_niche,"Section III: Virginia Forest Trends, Conditions, and Threats — Climate Change",1,TRUE,TRUE,VDOF will continue its efforts to restore shortleaf and longleaf pine to the landscape. Both of these species are drier-condition species that will fare better if some of the potential impacts of clim
VA_FAP_2020,.concepts.adaptive_capacity_components.life_history,NA,NA,NA,FALSE,
VA_FAP_2020,.concepts.adaptive_capacity_components.life_history,NA,NA,NA,FALSE,
VA_FAP_2020,.concepts.adaptive_capacity_components.life_history,NA,NA,NA,FALSE,
VA_FAP_2020,.concepts.connectivity,"Issue C2: Promote a Larger, Connected Forest Landscape — Issue Description",1,TRUE,TRUE,"Connecting forests though wide, vegetated corridors facilitates the movement of animals, pollinators and plants over time to ensure species can repopulate areas."
VA_FAP_2020,.tools.vulnerability_models,NA,NA,NA,FALSE,
VA_FAP_2020,.tools.vulnerability_models,NA,NA,NA,FALSE,
VA_FAP_2020,.tools.vulnerability_models,NA,NA,NA,FALSE,
VA_FAP_2020,.tools.niche_models,NA,NA,NA,FALSE,
VA_FAP_2020,.tools.niche_models,NA,NA,NA,FALSE,
VA_FAP_2020,.tools.niche_models,NA,NA,NA,FALSE,
VA_FAP_2020,.tools.climate_models,NA,NA,NA,FALSE,
VA_FAP_2020,.tools.climate_models,NA,NA,NA,FALSE,
VA_FAP_2020,.tools.climate_models,NA,NA,NA,FALSE,
VA_FAP_2020,.tools.connectivity_models,NA,NA,NA,FALSE,
VA_FAP_2020,.tools.connectivity_models,NA,NA,NA,FALSE,
VA_FAP_2020,.tools.connectivity_models,NA,NA,NA,FALSE,
VA_FAP_2020,.context.management_scale.local,Section II: Community Wildfire Protection Plans,1,TRUE,TRUE,Community level plans concentrate planning efforts at the ground level to maximize the program's efficiency in mitigating wildfire hazard in individual communities.
VA_FAP_2020,.context.management_scale.site,"Section III: Virginia Forest Trends, Conditions, and Threats — Climate Change",1,TRUE,TRUE,The first steps taken in the program have included adding riparian buffers to erodible shorelines on Virginia's Eastern Shore and studying the efficacy of conserving blocks of forestland to reduce coa
VA_FAP_2020,.context.management_scale.watershed,VA_FAP-S_2020.pdf — Priority Areas (Forest Stewardship),1,TRUE,TRUE,"The area includes watersheds of important streams and rivers of emphasis including the Middle James, New, Roanoke and Chowan Rivers."
VA_FAP_2020,.context.management_scale.city,NA,NA,NA,FALSE,
VA_FAP_2020,.context.management_scale.city,NA,NA,NA,FALSE,
VA_FAP_2020,.context.management_scale.city,NA,NA,NA,FALSE,
VA_FAP_2020,.context.management_scale.county,Section II: Community Wildfire Protection Plans,1,TRUE,TRUE,"County level plans help to better focus wildland fire prevention and mitigation efforts at the county level, which in turn helps to better facilitate local stakeholder involvement along more typical g"
VA_FAP_2020,.context.management_scale.within_state_region,Issue C3: Forest Sustainability Priority Areas,1,TRUE,TRUE,"The priority area for sustainability, particularly pine sustainability, is focused in southcentral and southeastern Virginia."
VA_FAP_2020,.context.management_scale.state,Section I: Overview,1,TRUE,TRUE,This 2020 plan builds on the original plan and brings it up to date to reflect the current issues across the Commonwealth of Virginia.
VA_FAP_2020,.context.management_scale.multistate,Section V: Multi-State Issues and Priority Areas — Shortleaf Pine,1,TRUE,TRUE,"Virginia has been engaged with the Shortleaf Pine Initiative, a range-wide restoration program, and has participated in forest management efforts with nearby southern states"
VA_FAP_2020,.context.management_scale.national,Section I: Overview,1,TRUE,TRUE,"The 2014 and 2018 Farm Bills continued and reinforced these changes, which have now become operational within the USFS and the states through the Cooperative Forestry Program."
VA_FAP_2020,.context.management_scale.transnational,NA,NA,NA,FALSE,
VA_FAP_2020,.context.management_scale.transnational,NA,NA,NA,FALSE,
VA_FAP_2020,.context.management_scale.transnational,NA,NA,NA,FALSE,
VA_FAP_2020,.context.management_scale.ecosystem,Issue A3: Conserve and Restore Diminished Forest Types — Issue Description,1,TRUE,TRUE,"Open-structured longleaf pine forests maintained by frequent, low-intensity fires are some of our most biologically diverse ecosystems."
VA_FAP_2020,.context.management_scale.ecoregion,NA,NA,NA,FALSE,
VA_FAP_2020,.context.management_scale.ecoregion,NA,NA,NA,FALSE,
VA_FAP_2020,.context.management_scale.ecoregion,NA,NA,NA,FALSE,
VA_FAP_2020,.context.management_scale.province,NA,NA,NA,FALSE,
VA_FAP_2020,.context.management_scale.province,NA,NA,NA,FALSE,
VA_FAP_2020,.context.management_scale.province,NA,NA,NA,FALSE,
VA_FAP_2020,.context.management_scale.section,NA,NA,NA,FALSE,
VA_FAP_2020,.context.management_scale.section,NA,NA,NA,FALSE,
VA_FAP_2020,.context.management_scale.section,NA,NA,NA,FALSE,
VA_FAP_2020,.context.management_scale.subsection,NA,NA,NA,FALSE,
VA_FAP_2020,.context.management_scale.subsection,NA,NA,NA,FALSE,
VA_FAP_2020,.context.management_scale.subsection,NA,NA,NA,FALSE,
VA_FAP_2020,.context.management_scale.lake,NA,NA,NA,FALSE,
VA_FAP_2020,.context.management_scale.lake,NA,NA,NA,FALSE,
VA_FAP_2020,.context.management_scale.lake,NA,NA,NA,FALSE,
VA_FAP_2020,.context.management_scale.river,Section III: Healthy Watersheds Forest Project,1,TRUE,TRUE,The Rappahannock River Basin has been used as a proxy for the Chesapeake Bay Watershed through all three phases of the HWF project.
VA_FAP_2020,.context.management_scale.district,NA,NA,NA,FALSE,
VA_FAP_2020,.context.management_scale.district,NA,NA,NA,FALSE,
VA_FAP_2020,.context.management_scale.district,NA,NA,NA,FALSE,
VA_FAP_2020,.context.biological_unit_score,"Section III: Virginia Forest Trends, Conditions, and Threats — Climate Change",1,TRUE,TRUE,"Species migration, particularly at high altitudes and for species at the southern edge of their range, is a real possibility."
VA_FAP_2020,.context.biological_unit_score,Issue C3: Ensure the Sustainable Use of Forest Resources — Issue Description,1,TRUE,TRUE,"A changing climate will affect forest health, distribution of certain species and the footprint of coastal forests."
VA_FAP_2020,.context.biological_unit_components.species,Issue C3: Ensure the Sustainable Use of Forest Resources — Issue Description,1,TRUE,TRUE,"Species migration, particularly at high altitudes and for species at the southern edge of their range (e.g., red spruce), is a real possibility."
VA_FAP_2020,.context.biological_unit_components.population,NA,NA,NA,FALSE,
VA_FAP_2020,.context.biological_unit_components.population,NA,NA,NA,FALSE,
VA_FAP_2020,.context.biological_unit_components.population,NA,NA,NA,FALSE,
VA_FAP_2020,.context.biological_unit_components.habitat,Issue C3: Ensure the Sustainable Use of Forest Resources — Issue Description,1,TRUE,TRUE,"A changing climate will affect forest health, distribution of certain species and the footprint of coastal forests."
VA_FAP_2020,.context.biological_unit_components.ecosystem,Issue A3: Conserve and Restore Diminished Forest Types — Issue Description,1,TRUE,TRUE,Longleaf pine forests are some of our most biologically diverse ecosystems; many species associated with longleaf ecosystems are threatened or endangered.
VA_FAP_2020,.context.biological_unit_components.community,NA,NA,NA,FALSE,
VA_FAP_2020,.context.biological_unit_components.community,NA,NA,NA,FALSE,
VA_FAP_2020,.context.biological_unit_components.community,NA,NA,NA,FALSE,
VA_FAP_2020,.context.biological_unit_components.genotype_phenotype,NA,NA,NA,FALSE,
VA_FAP_2020,.context.biological_unit_components.genotype_phenotype,NA,NA,NA,FALSE,
VA_FAP_2020,.context.biological_unit_components.genotype_phenotype,NA,NA,NA,FALSE,
VA_FAP_2020,.context.partnerships_and_funding,Section III: Healthy Watersheds Forest Project,0.9951,TRUE,TRUE,"Since 2015 VDOF has partnered with other Chesapeake Bay jurisdictions and internally within Virginia with the Rappahannock River Basin Commission and other partners in leading a landscape-scale, Chesa"
VA_FAP_2020,.context.climate_threat_habitat_degradation,Issue B1: Retaining and Creating Forests to Combat the Impacts of Sea Level Rise,1,TRUE,TRUE,"A combination of sea level rise, geologic forces, land subsidence, weather and development have caused the gradual retreat of coastal forests in Virginia. Fringes of 'ghost forests' can be seen along "
VA_FAP_2020,.context.climate_threat_species_vital_rates,NA,NA,NA,FALSE,
VA_FAP_2020,.context.climate_threat_species_vital_rates,NA,NA,NA,FALSE,
VA_FAP_2020,.context.climate_threat_species_vital_rates,NA,NA,NA,FALSE,
VA_FAP_2020,.context.climate_threat_biotic_stressors,"Section III: Virginia Forest Trends, Conditions, and Threats — Climate Change",1,TRUE,TRUE,The spread of invasive species will likely change as climates become more or less suitable across the Commonwealth requiring vigilance and tracking by VDOF foresters to manage for new invasions of non
VA_FAP_2020,.actions.priority_habitat_identification,Section IV: Southern Forest Land Assessment,1,TRUE,TRUE,"The Forest Resource Priority map (Figure 19.) provides a ranking of private forestland that is a high, medium, and low priority when viewed as a combination of all of Virginia's critical issues includ"
VA_FAP_2020,.actions.priority_habitat_identification,Issue C1 and C2: Priority Areas,1,TRUE,TRUE,"To better focus forestland conservation efforts, VDOF's forestland conservation program has developed an updated Forestland Conservation Value (FCV) model (revised 2018 and 2020) that identifies the h"
VA_FAP_2020,.actions.targeted_range_shift_actions,"Section III: Virginia Forest Trends, Conditions, and Threats — Climate Change",1,TRUE,TRUE,VDOF will continue its efforts to restore shortleaf and longleaf pine to the landscape. Both of these species are drier-condition species that will fare better if some of the potential impacts of clim
VA_FAP_2020,.actions.time_bound_and_monitoring,"Section III: Virginia Forest Trends, Conditions, and Threats — Climate Change",1,TRUE,TRUE,"Although the effects of climate change on the forest resource are somewhat unpredictable, Virginia and VDOF will need to monitor for, and develop appropriate responses to any identified impacts to the"
VA_FAP_2020,.actions.evidence_of_efficacy,Issue A3: Conserve and Restore Diminished Forest Types — Issue Description,1,TRUE,TRUE,"Reestablishing shortleaf promotes forest diversity, forest health (particularly on poor soils where shortleaf pine thrives), allows for beneficial fire on the landscape and could be an important speci"
VA_FAP_2020,.actions.adaptation_planning_frameworks,"Section III: Virginia Forest Trends, Conditions, and Threats — Climate Change",1,TRUE,TRUE,VDOF initiated a Coastal Resilience program in 2019 to study the recent trends in Coastal Forestry and provide recommendations for management of urban and rural forests in the face of a changing clima
WA_FAP_2025,.concepts.climate_vulnerability,IMPACTS TO AT-RISK SPECIES AND HABITATS,1,TRUE,TRUE,"Increased disturbance from wildfire, drought, and insect outbreaks can degrade or eliminate critical habitat for forest-dependent species. Changing conditions may outpace existing habitat conservation"
WA_FAP_2025,.concepts.climate_vulnerability,CLIMATE CHANGE AND FUTURE DROUGHT IN WASHINGTON,1,TRUE,TRUE,"Species shifts at higher elevations, with cold-adapted species like whitebark pine declining in range due to warming temperatures even as growing seasons lengthen."
WA_FAP_2025,.concepts.climate_vulnerability,Wildlife and Salmon Recovery Goal 2,1,TRUE,TRUE,Partner with WDFW and others to complete Climate Change Vulnerability Index evaluations for rare species and ecosystems to determine risks to key species and habitats.
WA_FAP_2025,.concepts.adaptive_capacity_specificity,REFORESTATION AND SEED SUPPLY CHALLENGES,0.9783,TRUE,TRUE,"long-term climate shifts may render some previously forested areas unsuitable for forests in the future, many forests can be restored and maintained with active reforestation assistance"
WA_FAP_2025,.concepts.adaptive_capacity_components.demography,NA,NA,NA,FALSE,
WA_FAP_2025,.concepts.adaptive_capacity_components.demography,NA,NA,NA,FALSE,
WA_FAP_2025,.concepts.adaptive_capacity_components.demography,NA,NA,NA,FALSE,
WA_FAP_2025,.concepts.adaptive_capacity_components.distribution,STR ATEGIES / Wildlife and Salmon Recovery section,1,TRUE,TRUE,"Climate change is anticipated to lead to shifts in species distributions and abundances, increased presence of invasive species, and the emergence of novel ecological communities."
WA_FAP_2025,.concepts.adaptive_capacity_components.movement,CONVERSION OF FORESTLANDS,1,TRUE,TRUE,"Fragmentation limits the movement of wildlife, increases vulnerability to invasive species, alters hydrology, and erodes the resilience of forests to wildfire, drought, and climate change."
WA_FAP_2025,.concepts.adaptive_capacity_components.evolutionary_potential,FIGURE caption / Reforestation section,0.3615,FALSE,TRUE,the production of genetically diverse and climate-resilient seedlings for reforestation of burned lands and other deforested areas.
WA_FAP_2025,.concepts.adaptive_capacity_components.ecological_dependencies,IMPACTS TO AT-RISK SPECIES AND HABITATS,1,TRUE,TRUE,Mismatches in timing between species life cycles and habitat conditions.
WA_FAP_2025,.concepts.adaptive_capacity_components.abiotic_niche,CLIMATE CHANGE AND FUTURE DROUGHT IN WASHINGTON,1,TRUE,TRUE,"Species shifts at higher elevations, with cold-adapted species like whitebark pine declining in range due to warming temperatures even as growing seasons lengthen."
WA_FAP_2025,.concepts.adaptive_capacity_components.life_history,NA,NA,NA,FALSE,
WA_FAP_2025,.concepts.adaptive_capacity_components.life_history,NA,NA,NA,FALSE,
WA_FAP_2025,.concepts.adaptive_capacity_components.life_history,NA,NA,NA,FALSE,
WA_FAP_2025,.concepts.connectivity,Washington Habitat Connectivity Action Plan,1,TRUE,TRUE,"WAHCAP identified or developed indicators for ten key connectivity values in Washington including: Ecosystem connectivity, Network importance, Landscape permeability, Hot spots of species of greatest "
WA_FAP_2025,.concepts.connectivity,STR ATEGIES / Wildlife and Salmon Recovery Goal 1,1,TRUE,TRUE,"Seek to maintain, restore, and conserve habitat connectivity in Washington state and bordering areas to support priorities identified in the SWAP and other conservation strategies. Addressing fragment"
WA_FAP_2025,.concepts.connectivity,PRIORITY ACTIONS FOR REFORESTATION / Reforestation Goal 3,1,TRUE,TRUE,Identify and prioritize opportunities for reforestation to ensure forests are sustained for the long-term in high priority sites to facilitate habitat connectivity and climate adaptation
WA_FAP_2025,.tools.vulnerability_models,Wildlife and Salmon Recovery Goal 2,1,TRUE,TRUE,Partner with WDFW and others to complete Climate Change Vulnerability Index evaluations for rare species and ecosystems to determine risks to key species and habitats.
WA_FAP_2025,.tools.niche_models,Wildlife and Salmon Recovery Goal 3,0.9688,TRUE,TRUE,Develop species distribution models for forest-dependent species.
WA_FAP_2025,.tools.climate_models,RISK OF FOREST CONVERSION / APPENDIX B,1,TRUE,TRUE,"Deficit was calculated at 90m pixel resolution for the 1981-2010 and 2041-2070 time periods (ensemble of global circulation models under the R8.5 ""business as usual"" emissions scenario)."
WA_FAP_2025,.tools.climate_models,RISK OF FOREST CONVERSION / APPENDIX B,1,TRUE,TRUE,"Climate data and climate projections from Climate North America were used (Mahony et al. 2022, Wang et al. 2016, 2025)."
WA_FAP_2025,.tools.connectivity_models,Western Washington Forest Health Watershed Prioritization and Priority Landscapes,1,TRUE,TRUE,"a customized wildlife habitat connectivity map to capture immerging forest health and resilience concerns for western Washington. The resulting data-driven prioritization map, along with input from pa"
WA_FAP_2025,.tools.connectivity_models,Washington Habitat Connectivity Action Plan,1,TRUE,TRUE,WDFW synthesized these metrics into a layer mapping and quantifying connectivity values across the state. This synthesized layer was used to identify 13 terrestrial Connected Landscapes of Statewide S
WA_FAP_2025,.context.management_scale.local,NA,NA,NA,FALSE,
WA_FAP_2025,.context.management_scale.local,NA,NA,NA,FALSE,
WA_FAP_2025,.context.management_scale.local,NA,NA,NA,FALSE,
WA_FAP_2025,.context.management_scale.site,BUILDING CLIMATE RESILIENCE IN FORESTS,1,TRUE,TRUE,Identifying and protecting drought refugia -microclimates that retain soil moisture and provide important habitat under drying conditions.
WA_FAP_2025,.context.management_scale.watershed,PLAN GOALS / 20-Year Forest Health Strategic Plan,1,TRUE,TRUE,"Goal 1: Conduct 1.25 million acres of scientifically sound, landscape-scale, cross-boundary management and restoration treatments in priority watersheds to increase forest and watershed resilience by "
WA_FAP_2025,.context.management_scale.city,NA,NA,NA,FALSE,
WA_FAP_2025,.context.management_scale.city,NA,NA,NA,FALSE,
WA_FAP_2025,.context.management_scale.city,NA,NA,NA,FALSE,
WA_FAP_2025,.context.management_scale.county,CONVERSION OF FORESTLANDS,1,TRUE,TRUE,"In western Washington, forests near the I-5 corridor (particularly in Clark, King, Pierce, Snohomish, and Thurston counties) are under the greatest pressure."
WA_FAP_2025,.context.management_scale.within_state_region,THE PRIORITIES AND ACTIONS IDENTIFIED IN THE PLAN...,1,TRUE,TRUE,"At the same time, wildfires are increasing in size and severity, particularly in eastern Washington."
WA_FAP_2025,.context.management_scale.state,Integrated Strategic Plans,1,TRUE,TRUE,"This Forest Action Plan emphasizes the importance of identifying high-priority landscapes, investing in active management, and expanding partnerships to achieve shared goals."
WA_FAP_2025,.context.management_scale.multistate,MULTI-STATE PRIORITY LANDSCAPES,0.3371,FALSE,TRUE,Strengthening coordination of relevant forest health and wildfire activities with Idaho and Oregon creates an important opportunity to accelerate implementation across boundaries.
WA_FAP_2025,.context.management_scale.national,NA,NA,NA,FALSE,
WA_FAP_2025,.context.management_scale.national,NA,NA,NA,FALSE,
WA_FAP_2025,.context.management_scale.national,NA,NA,NA,FALSE,
WA_FAP_2025,.context.management_scale.transnational,NA,NA,NA,FALSE,
WA_FAP_2025,.context.management_scale.transnational,NA,NA,NA,FALSE,
WA_FAP_2025,.context.management_scale.transnational,NA,NA,NA,FALSE,
WA_FAP_2025,.context.management_scale.ecosystem,THE PRIORITIES AND ACTIONS IDENTIFIED IN THE PLAN...,0.995,TRUE,TRUE,Washington's forests span a wide range of ecosystems from lowland urban forests in the Puget Sound and temperate rainforests on the Olympic Peninsula to dry ponderosa pine forests in the east Cascades
WA_FAP_2025,.context.management_scale.ecoregion,NA,NA,NA,FALSE,
WA_FAP_2025,.context.management_scale.ecoregion,NA,NA,NA,FALSE,
WA_FAP_2025,.context.management_scale.ecoregion,NA,NA,NA,FALSE,
WA_FAP_2025,.context.management_scale.province,NA,NA,NA,FALSE,
WA_FAP_2025,.context.management_scale.province,NA,NA,NA,FALSE,
WA_FAP_2025,.context.management_scale.province,NA,NA,NA,FALSE,
WA_FAP_2025,.context.management_scale.section,NA,NA,NA,FALSE,
WA_FAP_2025,.context.management_scale.section,NA,NA,NA,FALSE,
WA_FAP_2025,.context.management_scale.section,NA,NA,NA,FALSE,
WA_FAP_2025,.context.management_scale.subsection,NA,NA,NA,FALSE,
WA_FAP_2025,.context.management_scale.subsection,NA,NA,NA,FALSE,
WA_FAP_2025,.context.management_scale.subsection,NA,NA,NA,FALSE,
WA_FAP_2025,.context.management_scale.lake,NA,NA,NA,FALSE,
WA_FAP_2025,.context.management_scale.lake,NA,NA,NA,FALSE,
WA_FAP_2025,.context.management_scale.lake,NA,NA,NA,FALSE,
WA_FAP_2025,.context.management_scale.river,NA,NA,NA,FALSE,
WA_FAP_2025,.context.management_scale.river,NA,NA,NA,FALSE,
WA_FAP_2025,.context.management_scale.river,NA,NA,NA,FALSE,
WA_FAP_2025,.context.management_scale.district,NA,NA,NA,FALSE,
WA_FAP_2025,.context.management_scale.district,NA,NA,NA,FALSE,
WA_FAP_2025,.context.management_scale.district,NA,NA,NA,FALSE,
WA_FAP_2025,.context.biological_unit_score,STR ATEGIES / Wildlife and Salmon Recovery section,1,TRUE,TRUE,"Climate change is anticipated to lead to shifts in species distributions and abundances, increased presence of invasive species, and the emergence of novel ecological communities."
WA_FAP_2025,.context.biological_unit_score,IMPACTS TO AT-RISK SPECIES AND HABITATS,1,TRUE,TRUE,Declining canopy cover or shade and warming water temperatures that will threaten cold-water fish species. Shifts in vegetation communities and associated disturbance regimes critical for threatened b
WA_FAP_2025,.context.biological_unit_components.species,CLIMATE CHANGE AND FUTURE DROUGHT IN WASHINGTON,1,TRUE,TRUE,"Species shifts at higher elevations, with cold-adapted species like whitebark pine declining in range due to warming temperatures even as growing seasons lengthen."
WA_FAP_2025,.context.biological_unit_components.population,NA,NA,NA,FALSE,
WA_FAP_2025,.context.biological_unit_components.population,NA,NA,NA,FALSE,
WA_FAP_2025,.context.biological_unit_components.population,NA,NA,NA,FALSE,
WA_FAP_2025,.context.biological_unit_components.habitat,IMPACTS TO AT-RISK SPECIES AND HABITATS,1,TRUE,TRUE,"Increased disturbance from wildfire, drought, and insect outbreaks can degrade or eliminate critical habitat for forest-dependent species."
WA_FAP_2025,.context.biological_unit_components.ecosystem,STR ATEGIES / Wildlife and Salmon Recovery section,1,TRUE,TRUE,"Climate change is anticipated to lead to shifts in species distributions and abundances, increased presence of invasive species, and the emergence of novel ecological communities."
WA_FAP_2025,.context.biological_unit_components.community,IMPACTS TO AT-RISK SPECIES AND HABITATS,1,TRUE,TRUE,Shifts in vegetation communities and associated disturbance regimes critical for threatened birds and mammals.
WA_FAP_2025,.context.biological_unit_components.genotype_phenotype,NA,NA,NA,FALSE,
WA_FAP_2025,.context.biological_unit_components.genotype_phenotype,NA,NA,NA,FALSE,
WA_FAP_2025,.context.biological_unit_components.genotype_phenotype,NA,NA,NA,FALSE,
WA_FAP_2025,.context.partnerships_and_funding,Landscape Scale Restoration Competitive Grant Program,1,TRUE,TRUE,"Washington State has secured seven Landscape Scale Restoration grants since 2020 totaling $2,068,154 in federal funding to make meaningful progress on our Forest Action Plan goals across six priority "
WA_FAP_2025,.context.partnerships_and_funding,Urban and Community Forestry Program Impact Summary,1,TRUE,TRUE,"In 2024, DNR administered a groundbreaking $8 million Community Forestry Assistance Grant cycle, combining federal and state funding. This supported more than 40 urban forestry projects across the sta"
WA_FAP_2025,.context.partnerships_and_funding,FOREST LEGACY PROGRAM / Community Forest table,0.9122,TRUE,TRUE,"Community carbon projects received $27,021,650 in state funding between 2019 and 2027, which led to permanent protection of 12,736 acres of forestland."
WA_FAP_2025,.context.climate_threat_habitat_degradation,THE PRIORITIES AND ACTIONS IDENTIFIED IN THE PLAN...,0.8797,TRUE,TRUE,"Climate-driven stressors like drought, extreme heat, and altered snowpack are affecting forest productivity, regeneration, and resilience."
WA_FAP_2025,.context.climate_threat_habitat_degradation,INCREASED WILDFIRE POTENTIAL ACROSS THE STATE,1,TRUE,TRUE,"As the climate warms and dry seasons lengthen, the frequency, size, and severity of wildfires are projected to increase on both the east and west sides of the state. Warmer temperatures, lower soil an"
WA_FAP_2025,.context.climate_threat_species_vital_rates,ECOLOGICAL CONDITIONS AND THREATS FACING FORESTS,1,TRUE,TRUE,"Prolonged low flows and warming stream temperatures caused widespread fish mortality, including in species critical to Tribal, commercial, and recreational fisheries."
WA_FAP_2025,.context.climate_threat_species_vital_rates,Insect and Disease,1,TRUE,TRUE,"Washington experienced a ""heat dome"" in June 2021 when extremely high temperatures occurred over a period of three days. This weather event caused direct damage to trees, scorching (red dead foliage) "
WA_FAP_2025,.context.climate_threat_biotic_stressors,Insect and Disease,1,TRUE,TRUE,"California fivespined Ips, a bark beetle species not known to kill pines in Washington prior to 2010, has become a frequent cause of pine mortality in areas west of the Cascades previously not known t"
WA_FAP_2025,.context.climate_threat_biotic_stressors,Insect and Disease,1,TRUE,TRUE,Native insect and disease outbreaks may expand in frequency and range. Non-native pests and pathogens may establish or spread more rapidly.
WA_FAP_2025,.actions.priority_habitat_identification,Western Washington Forest Health Watershed Prioritization and Priority Landscapes,0.6416,FALSE,TRUE,Focusing agency investments and collaboration in these priority landscapes will lead to increased forest health and landscape resilience in western Washington... This priority map is a composite of 15
WA_FAP_2025,.actions.priority_habitat_identification,Washington Habitat Connectivity Action Plan,1,TRUE,TRUE,WDFW synthesized these metrics into a layer mapping and quantifying connectivity values across the state. This synthesized layer was used to identify 13 terrestrial Connected Landscapes of Statewide S
WA_FAP_2025,.actions.priority_habitat_identification,BUILDING CLIMATE RESILIENCE IN FORESTS,1,TRUE,TRUE,Identifying and protecting drought refugia -microclimates that retain soil moisture and provide important habitat under drying conditions.
WA_FAP_2025,.actions.targeted_range_shift_actions,REFORESTATION AND SEED SUPPLY CHALLENGES,1,TRUE,TRUE,"Some species may no longer be suitable for particular locations, necessitating shifts in species selection or seed sources (i.e. assisted migration)."
WA_FAP_2025,.actions.targeted_range_shift_actions,BUILDING CLIMATE RESILIENCE IN FORESTS,1,TRUE,TRUE,Favoring site-appropriate or drought-tolerant species and seed zones during planting and regeneration.
WA_FAP_2025,.actions.time_bound_and_monitoring,PLAN GOALS / 20-Year Forest Health Strategic Plan,1,TRUE,TRUE,"Goal 1: Conduct 1.25 million acres of scientifically sound, landscape-scale, cross-boundary management and restoration treatments in priority watersheds to increase forest and watershed resilience by "
WA_FAP_2025,.actions.time_bound_and_monitoring,BIENNIAL REPORTING SCHEDULE,1,TRUE,TRUE,"In odd-numbered years, DNR will publish a Forest Action Plan Progress Report. This report will summarize implementation progress against plan goals and priority actions, highlight success stories, and"
WA_FAP_2025,.actions.time_bound_and_monitoring,PLAN GOALS / 20-Year Forest Health Strategic Plan,1,TRUE,TRUE,"Develop and implement a forest health resilience monitoring program that establishes criteria, tools, and processes to monitor forest and watershed conditions, assess progress, and reassess strategies"
WA_FAP_2025,.actions.evidence_of_efficacy,FOREST RESOURCE ASSESSMENT / Western Washington Fire,1,TRUE,TRUE,"In western Washington, treatments such as prescribed fire can carry important socio-ecological or cultural benefits, however little is known about the efficacy of fuels management at a landscape-scale"
WA_FAP_2025,.actions.evidence_of_efficacy,WESTERN WASHINGTON WILDFIRE,1,TRUE,TRUE,"This plan includes present-day actions, based on best available evidence, with the goal of reducing risk and being more prepared and resilient when wildfires occur. The plan also recommends investment"
WA_FAP_2025,.actions.adaptation_planning_frameworks,Insect and Disease,1,TRUE,TRUE,"Management strategies have been proposed for current and changing climate scenarios to enhance resistance and resilience to insect and disease outbreaks. That said, a changing climate will likely crea"
WA_FAP_2025,.actions.adaptation_planning_frameworks,20-Year Forest Health Strategic Plan: Eastern Washington,1,TRUE,TRUE,"Science and adaptive management: using the best available science, monitoring outcomes, and adjusting strategies as conditions change."
WA_FAP_2025,.actions.adaptation_planning_frameworks,APPENDIX A / open-ended survey responses,0.5279,FALSE,TRUE,"Respondents recommended using climate adaptation tools to guide species selection, reforestation, and genetic research. Respondents restoration. Suggestions included reassessing forest practices rules"
WI_FAP_2020,.concepts.climate_vulnerability,Climate Change section (CLIMATE CHANGE & WISCONSIN'S FORESTS table),0.3913,FALSE,TRUE,Conifer lowlands are vulnerable due to sensitivity to changes in water tables and snow cover. Urban forests can respond well if cities replant with species suited to warmer temperatures.
WI_FAP_2020,.concepts.climate_vulnerability,Climate Change section (CLIMATE CHANGE & WISCONSIN'S FORESTS table),0.4719,FALSE,TRUE,"Due to these changes, some forest types could have their ranges expand or contract. Central Hardwoods may expand their range, although it is uncertain how this forest type will be affected by much wet"
WI_FAP_2020,.concepts.climate_vulnerability,Climate Change: CONDITIONS & TRENDS,1,TRUE,TRUE,"In cases where forest simplification has occurred, these forests may be less resilient to the effects of climate change."
WI_FAP_2020,.concepts.adaptive_capacity_specificity,Climate Change section (CLIMATE CHANGE & WISCONSIN'S FORESTS table),1,TRUE,TRUE,Habitat suitability will be altered for many species.
WI_FAP_2020,.concepts.adaptive_capacity_components.demography,NA,NA,NA,FALSE,
WI_FAP_2020,.concepts.adaptive_capacity_components.demography,NA,NA,NA,FALSE,
WI_FAP_2020,.concepts.adaptive_capacity_components.demography,NA,NA,NA,FALSE,
WI_FAP_2020,.concepts.adaptive_capacity_components.distribution,Climate Change section (CLIMATE CHANGE & WISCONSIN'S FORESTS table),0.4719,FALSE,TRUE,"Due to these changes, some forest types could have their ranges expand or contract. Central Hardwoods may expand their range, although it is uncertain how this forest type will be affected by much wet"
WI_FAP_2020,.concepts.adaptive_capacity_components.movement,Priority Issues of Forest Threats / Climate change,1,TRUE,TRUE,"The potential impact of climate change on species movement, intensity and frequency of natural hazards, and opportunities for mitigation are all important issues and should be prioritized but are diff"
WI_FAP_2020,.concepts.adaptive_capacity_components.evolutionary_potential,Summary of Goals & Strategies (Climate Change goal J strategies),1,TRUE,TRUE,"Identify, conserve, and manage diverse forest genetic resources that are adaptable for future climatic conditions and maintain forest productivity and health."
WI_FAP_2020,.concepts.adaptive_capacity_components.ecological_dependencies,NA,NA,NA,FALSE,
WI_FAP_2020,.concepts.adaptive_capacity_components.ecological_dependencies,NA,NA,NA,FALSE,
WI_FAP_2020,.concepts.adaptive_capacity_components.ecological_dependencies,NA,NA,NA,FALSE,
WI_FAP_2020,.concepts.adaptive_capacity_components.abiotic_niche,Climate Change section (CLIMATE CHANGE & WISCONSIN'S FORESTS table),0.6848,FALSE,TRUE,Conifer lowlands are vulnerable due to sensitivity to changes in water tables and snow cover.
WI_FAP_2020,.concepts.adaptive_capacity_components.life_history,NA,NA,NA,FALSE,
WI_FAP_2020,.concepts.adaptive_capacity_components.life_history,NA,NA,NA,FALSE,
WI_FAP_2020,.concepts.adaptive_capacity_components.life_history,NA,NA,NA,FALSE,
WI_FAP_2020,.concepts.connectivity,Summary of Goals & Strategies (Climate Change goal J strategies),1,TRUE,TRUE,"Promote landscape connectivity for more resilient and adapted ecosystems, by reducing fragmentation and creating corridors through reforestation, afforestation, or restoration."
WI_FAP_2020,.concepts.connectivity,GOAL B (Goals and Strategies section),0.8788,TRUE,TRUE,GOAL B: FORESTED LANDSCAPES PROVIDE CONNECTIVITY BETWEEN PATCHES OF FORESTS OF ALL SERAL STAGES AND TYPES FOR FOREST-DEPENDENT SPECIES AND RELATED NATURAL COMMUNITIES.
WI_FAP_2020,.tools.vulnerability_models,Climate Change section (CLIMATE CHANGE & WISCONSIN'S FORESTS table),0.856,TRUE,TRUE,"Forest Ecosystem Vulnerability Assessment and Synthesis for Northern Wisconsin and Western Upper Michigan (Janowiak et al., 2014)."
WI_FAP_2020,.tools.niche_models,NA,NA,NA,FALSE,
WI_FAP_2020,.tools.niche_models,NA,NA,NA,FALSE,
WI_FAP_2020,.tools.niche_models,NA,NA,NA,FALSE,
WI_FAP_2020,.tools.climate_models,Climate Change section (CLIMATE CHANGE & WISCONSIN'S FORESTS table),0.4928,FALSE,TRUE,Temperatures are projected to increase 3 to 9° F over the next century.
WI_FAP_2020,.tools.connectivity_models,NA,NA,NA,FALSE,
WI_FAP_2020,.tools.connectivity_models,NA,NA,NA,FALSE,
WI_FAP_2020,.tools.connectivity_models,NA,NA,NA,FALSE,
WI_FAP_2020,.context.management_scale.local,NA,NA,NA,FALSE,
WI_FAP_2020,.context.management_scale.local,NA,NA,NA,FALSE,
WI_FAP_2020,.context.management_scale.local,NA,NA,NA,FALSE,
WI_FAP_2020,.context.management_scale.site,NA,NA,NA,FALSE,
WI_FAP_2020,.context.management_scale.site,NA,NA,NA,FALSE,
WI_FAP_2020,.context.management_scale.site,NA,NA,NA,FALSE,
WI_FAP_2020,.context.management_scale.watershed,NA,NA,NA,FALSE,
WI_FAP_2020,.context.management_scale.watershed,NA,NA,NA,FALSE,
WI_FAP_2020,.context.management_scale.watershed,NA,NA,NA,FALSE,
WI_FAP_2020,.context.management_scale.city,NA,NA,NA,FALSE,
WI_FAP_2020,.context.management_scale.city,NA,NA,NA,FALSE,
WI_FAP_2020,.context.management_scale.city,NA,NA,NA,FALSE,
WI_FAP_2020,.context.management_scale.county,GOAL B strategies,1,TRUE,TRUE,"Encourage collaborative, large-scale planning at the town, county, state, tribal, and federal levels."
WI_FAP_2020,.context.management_scale.within_state_region,Climate Change section (CLIMATE CHANGE & WISCONSIN'S FORESTS table),0.4608,FALSE,TRUE,"Due to these changes, some forest types could have their ranges expand or contract. Central Hardwoods may expand their range...Boreal species are at risk due to warmer winter temperatures and possible"
WI_FAP_2020,.context.management_scale.state,Summary of Goals & Strategies (Climate Change goal J strategies),1,TRUE,TRUE,"Promote landscape connectivity for more resilient and adapted ecosystems, by reducing fragmentation and creating corridors through reforestation, afforestation, or restoration."
WI_FAP_2020,.context.management_scale.multistate,MULTI-STATE PRIORITIES,1,TRUE,TRUE,Wisconsin worked with neighboring states and the USDA Forest Service to develop the list of multi-state priority landscapes and issues.
WI_FAP_2020,.context.management_scale.national,NA,NA,NA,FALSE,
WI_FAP_2020,.context.management_scale.national,NA,NA,NA,FALSE,
WI_FAP_2020,.context.management_scale.national,NA,NA,NA,FALSE,
WI_FAP_2020,.context.management_scale.transnational,NA,NA,NA,FALSE,
WI_FAP_2020,.context.management_scale.transnational,NA,NA,NA,FALSE,
WI_FAP_2020,.context.management_scale.transnational,NA,NA,NA,FALSE,
WI_FAP_2020,.context.management_scale.ecosystem,Priority Issues of Forest Threats / Climate change,1,TRUE,TRUE,"Climate change is exacerbating the impacts of catastrophic events on forests. Resilience is key to limiting impacts. Therefore, the highest priority landscapes for abiotic issues are forested areas wh"
WI_FAP_2020,.context.management_scale.ecoregion,ECOLOGICAL LANDSCAPES OF WISCONSIN,1,TRUE,TRUE,"The ecological landscapes encompass 16 eco-regions of Wisconsin, each defined by similar ecological attributes and management opportunities."
WI_FAP_2020,.context.management_scale.province,NA,NA,NA,FALSE,
WI_FAP_2020,.context.management_scale.province,NA,NA,NA,FALSE,
WI_FAP_2020,.context.management_scale.province,NA,NA,NA,FALSE,
WI_FAP_2020,.context.management_scale.section,NA,NA,NA,FALSE,
WI_FAP_2020,.context.management_scale.section,NA,NA,NA,FALSE,
WI_FAP_2020,.context.management_scale.section,NA,NA,NA,FALSE,
WI_FAP_2020,.context.management_scale.subsection,NA,NA,NA,FALSE,
WI_FAP_2020,.context.management_scale.subsection,NA,NA,NA,FALSE,
WI_FAP_2020,.context.management_scale.subsection,NA,NA,NA,FALSE,
WI_FAP_2020,.context.management_scale.lake,NA,NA,NA,FALSE,
WI_FAP_2020,.context.management_scale.lake,NA,NA,NA,FALSE,
WI_FAP_2020,.context.management_scale.lake,NA,NA,NA,FALSE,
WI_FAP_2020,.context.management_scale.river,NA,NA,NA,FALSE,
WI_FAP_2020,.context.management_scale.river,NA,NA,NA,FALSE,
WI_FAP_2020,.context.management_scale.river,NA,NA,NA,FALSE,
WI_FAP_2020,.context.management_scale.district,NA,NA,NA,FALSE,
WI_FAP_2020,.context.management_scale.district,NA,NA,NA,FALSE,
WI_FAP_2020,.context.management_scale.district,NA,NA,NA,FALSE,
WI_FAP_2020,.context.biological_unit_score,Climate Change section (CLIMATE CHANGE & WISCONSIN'S FORESTS table),0.4608,FALSE,TRUE,"Due to these changes, some forest types could have their ranges expand or contract. Central Hardwoods may expand their range...Boreal species are at risk due to warmer winter temperatures and possible"
WI_FAP_2020,.context.biological_unit_score,Climate Change section (CLIMATE CHANGE & WISCONSIN'S FORESTS table),1,TRUE,TRUE,Habitat suitability will be altered for many species.
WI_FAP_2020,.context.biological_unit_components.species,Climate Change section (CLIMATE CHANGE & WISCONSIN'S FORESTS table),0.5951,FALSE,TRUE,Boreal species are at risk due to warmer winter temperatures and possible late summer droughts. Jack pine could be resilient because it's adapted to extremely dry sandy sites and not so dependent on c
WI_FAP_2020,.context.biological_unit_components.population,NA,NA,NA,FALSE,
WI_FAP_2020,.context.biological_unit_components.population,NA,NA,NA,FALSE,
WI_FAP_2020,.context.biological_unit_components.population,NA,NA,NA,FALSE,
WI_FAP_2020,.context.biological_unit_components.habitat,Climate Change section (CLIMATE CHANGE & WISCONSIN'S FORESTS table),0.2978,FALSE,TRUE,"Due to these changes, some forest types could have their ranges expand or contract. Central Hardwoods may expand their range, although it is uncertain how this forest type will be affected by much wet"
WI_FAP_2020,.context.biological_unit_components.ecosystem,Priority Issues of Forest Threats / Climate change,1,TRUE,TRUE,"Climate change is exacerbating the impacts of catastrophic events on forests. Resilience is key to limiting impacts. Therefore, the highest priority landscapes for abiotic issues are forested areas wh"
WI_FAP_2020,.context.biological_unit_components.community,Climate Change section (MITIGATION & ADAPTATION table),1,TRUE,TRUE,Facilitate community adjustments through species transitions. Realign ecosystems after disturbance.
WI_FAP_2020,.context.biological_unit_components.genotype_phenotype,NA,NA,NA,FALSE,
WI_FAP_2020,.context.biological_unit_components.genotype_phenotype,NA,NA,NA,FALSE,
WI_FAP_2020,.context.biological_unit_components.genotype_phenotype,NA,NA,NA,FALSE,
WI_FAP_2020,.context.partnerships_and_funding,Summary of Goals & Strategies (resources for strategies table),1,TRUE,TRUE,"Many funding sources exist at the local, state and federal level. Landscape Scale Restoration (LSR) grants and Great Lakes Restoration Initiative (GLRI) grants have been resources for Forest Action Pl"
WI_FAP_2020,.context.partnerships_and_funding,Summary of Goals & Strategies (Climate Change goal J strategies),1,TRUE,TRUE,"Increase management capacity by encouraging partnerships at different levels, from federal to local stakeholders."
WI_FAP_2020,.context.climate_threat_habitat_degradation,PRESCRIBED FIRE,1,TRUE,TRUE,"As Wisconsin experiences effects from climate change such as increased annual rainfall, these windows may shift or close, making it difficult to conduct prescribed burns under the right weather prescr"
WI_FAP_2020,.context.climate_threat_habitat_degradation,Climate Change: CONDITIONS & TRENDS,1,TRUE,TRUE,"Increased frequency and severity of catastrophic events may result in increased damage to forests, altered forest soils, loss of forest productivity and changes in forest composition."
WI_FAP_2020,.context.climate_threat_species_vital_rates,Climate Change section (CLIMATE CHANGE & WISCONSIN'S FORESTS table),0.7296,FALSE,TRUE,"Young forests may be vulnerable due to stress and mortality from changing temperature and precipitation patterns, which may result in lower natural regeneration."
WI_FAP_2020,.context.climate_threat_biotic_stressors,Climate Change: CONDITIONS & TRENDS,1,TRUE,TRUE,Invasive species will disproportionally benefit from warmer and wetter conditions because of their naturally more aggressive ability to colonize and exploit changed or disturbed areas.
WI_FAP_2020,.context.climate_threat_biotic_stressors,Climate Change: CONDITIONS & TRENDS,1,TRUE,TRUE,Forest pests and diseases may be more damaging in stressed forests. Current natural pests could expand their range and new pests and/or pathogens may enter Wisconsin in the future.
WI_FAP_2020,.actions.priority_habitat_identification,Priority Landscapes and Issues / Priority Geospatial Attributes of Resilient Forests in Wisconsin,1,TRUE,TRUE,"The Nature Conservancy created a report and a map for Resilient Sites for Terrestrial Conservation in Eastern North America, where they defined resilient sites as 'an area of land with sufficient vari"
WI_FAP_2020,.actions.priority_habitat_identification,Priority Landscapes and Issues / Priority Geospatial Attributes of Resilient Forests in Wisconsin,1,TRUE,TRUE,Areas with an above average resilient score should be maintain and prioritized as areas with the greatest potential to both mitigate and adapt for climate change. Ecological landscapes with more areas
WI_FAP_2020,.actions.targeted_range_shift_actions,Summary of Goals & Strategies (Climate Change goal J strategies),1,TRUE,TRUE,"Promote landscape connectivity for more resilient and adapted ecosystems, by reducing fragmentation and creating corridors through reforestation, afforestation, or restoration."
WI_FAP_2020,.actions.time_bound_and_monitoring,Introduction,1,TRUE,TRUE,The Statewide Forest Action Plan is a 10 year strategic plan for the forestry community that spans 2020-2030.
WI_FAP_2020,.actions.evidence_of_efficacy,Climate Change / MITIGATION & ADAPTATION,1,TRUE,TRUE,"10 basic strategies have been described by NIACS (Swanston et al., 2016) and include: Sustain fundamental ecological functions. Maintain or improve the ability of forests to resist pests and pathogens"
WI_FAP_2020,.actions.evidence_of_efficacy,Climate Change section (resources list table),0.601,FALSE,TRUE,"Resources currently available to aid forest managers in adaptation best practices include: Forest Adaptation Resources: Climate Change Tools and Approaches for Land Managers, 2nd edition (Swanston et "
WI_FAP_2020,.actions.adaptation_planning_frameworks,Climate Change section (resources list table),0.6597,FALSE,TRUE,"Resources currently available to aid forest managers in adaptation best practices include: Forest Adaptation Resources: Climate Change Tools and Approaches for Land Managers, 2nd edition (Swanston et "
WI_FAP_2020,.actions.adaptation_planning_frameworks,Climate Change section (CLIMATE CHANGE & WISCONSIN'S FORESTS table),0.4,FALSE,TRUE,"The Wisconsin Initiative on Climate Change Impacts (WICCI), an expert panel of forest researchers and managers, compiled information on climate change in their 'Wisconsin's Changing Climate: Impacts a"
WV_FAP_2020,.concepts.climate_vulnerability,Sub-Issue 6.2: Mitigate Climate Change and Enhance Ecosystem Services,1,TRUE,TRUE,"West Virginia's climate is changing. Most of the state has warmed 0.5°F to 1°F in the last century, and heavy rainstorms are becoming more frequent, contributing to an increase in annual precipitation"
WV_FAP_2020,.concepts.adaptive_capacity_specificity,NA,NA,NA,FALSE,
WV_FAP_2020,.concepts.adaptive_capacity_specificity,NA,NA,NA,FALSE,
WV_FAP_2020,.concepts.adaptive_capacity_specificity,NA,NA,NA,FALSE,
WV_FAP_2020,.concepts.adaptive_capacity_components.demography,NA,NA,NA,FALSE,
WV_FAP_2020,.concepts.adaptive_capacity_components.demography,NA,NA,NA,FALSE,
WV_FAP_2020,.concepts.adaptive_capacity_components.demography,NA,NA,NA,FALSE,
WV_FAP_2020,.concepts.adaptive_capacity_components.distribution,NA,NA,NA,FALSE,
WV_FAP_2020,.concepts.adaptive_capacity_components.distribution,NA,NA,NA,FALSE,
WV_FAP_2020,.concepts.adaptive_capacity_components.distribution,NA,NA,NA,FALSE,
WV_FAP_2020,.concepts.adaptive_capacity_components.movement,NA,NA,NA,FALSE,
WV_FAP_2020,.concepts.adaptive_capacity_components.movement,NA,NA,NA,FALSE,
WV_FAP_2020,.concepts.adaptive_capacity_components.movement,NA,NA,NA,FALSE,
WV_FAP_2020,.concepts.adaptive_capacity_components.evolutionary_potential,NA,NA,NA,FALSE,
WV_FAP_2020,.concepts.adaptive_capacity_components.evolutionary_potential,NA,NA,NA,FALSE,
WV_FAP_2020,.concepts.adaptive_capacity_components.evolutionary_potential,NA,NA,NA,FALSE,
WV_FAP_2020,.concepts.adaptive_capacity_components.ecological_dependencies,NA,NA,NA,FALSE,
WV_FAP_2020,.concepts.adaptive_capacity_components.ecological_dependencies,NA,NA,NA,FALSE,
WV_FAP_2020,.concepts.adaptive_capacity_components.ecological_dependencies,NA,NA,NA,FALSE,
WV_FAP_2020,.concepts.adaptive_capacity_components.abiotic_niche,NA,NA,NA,FALSE,
WV_FAP_2020,.concepts.adaptive_capacity_components.abiotic_niche,NA,NA,NA,FALSE,
WV_FAP_2020,.concepts.adaptive_capacity_components.abiotic_niche,NA,NA,NA,FALSE,
WV_FAP_2020,.concepts.adaptive_capacity_components.life_history,NA,NA,NA,FALSE,
WV_FAP_2020,.concepts.adaptive_capacity_components.life_history,NA,NA,NA,FALSE,
WV_FAP_2020,.concepts.adaptive_capacity_components.life_history,NA,NA,NA,FALSE,
WV_FAP_2020,.concepts.connectivity,List of Data Layers and Requirements,1,TRUE,TRUE,"Layer 32 -TNC Priority network (Climate corridors, Resilient areas with confirmed diversity, climate flow zones and Climate flow zones with confirmed diversity) = 1."
WV_FAP_2020,.tools.vulnerability_models,NA,NA,NA,FALSE,
WV_FAP_2020,.tools.vulnerability_models,NA,NA,NA,FALSE,
WV_FAP_2020,.tools.vulnerability_models,NA,NA,NA,FALSE,
WV_FAP_2020,.tools.niche_models,NA,NA,NA,FALSE,
WV_FAP_2020,.tools.niche_models,NA,NA,NA,FALSE,
WV_FAP_2020,.tools.niche_models,NA,NA,NA,FALSE,
WV_FAP_2020,.tools.climate_models,Sub-Issue 6.3: Promote Urban Tree Canopy Cover Management within the Chesapeake Bay Watershed,1,TRUE,TRUE,"A population assessment was completed with the ICLUS v2.1 model. Projected populations for 2020-2040 under the SSP2 (medium population), RCP4.5 (medium emissions) scenarios and the hadgem2-ES climate "
WV_FAP_2020,.tools.connectivity_models,List of Data Layers and Requirements,1,TRUE,TRUE,"Layer 32 -TNC Priority network (Climate corridors, Resilient areas with confirmed diversity, climate flow zones and Climate flow zones with confirmed diversity) = 1."
WV_FAP_2020,.context.management_scale.local,NA,NA,NA,FALSE,
WV_FAP_2020,.context.management_scale.local,NA,NA,NA,FALSE,
WV_FAP_2020,.context.management_scale.local,NA,NA,NA,FALSE,
WV_FAP_2020,.context.management_scale.site,NA,NA,NA,FALSE,
WV_FAP_2020,.context.management_scale.site,NA,NA,NA,FALSE,
WV_FAP_2020,.context.management_scale.site,NA,NA,NA,FALSE,
WV_FAP_2020,.context.management_scale.watershed,"Sub-Issue 3.1: Growth, Yield, and Management",1,TRUE,TRUE,"In the spring of 2023, a revision in priority areas was completed using a revised ranking scheme based on HUC-12 watershed boundaries with summarized data mostly from Forests to Faucets 2."
WV_FAP_2020,.context.management_scale.city,NA,NA,NA,FALSE,
WV_FAP_2020,.context.management_scale.city,NA,NA,NA,FALSE,
WV_FAP_2020,.context.management_scale.city,NA,NA,NA,FALSE,
WV_FAP_2020,.context.management_scale.county,NA,NA,NA,FALSE,
WV_FAP_2020,.context.management_scale.county,NA,NA,NA,FALSE,
WV_FAP_2020,.context.management_scale.county,NA,NA,NA,FALSE,
WV_FAP_2020,.context.management_scale.within_state_region,NA,NA,NA,FALSE,
WV_FAP_2020,.context.management_scale.within_state_region,NA,NA,NA,FALSE,
WV_FAP_2020,.context.management_scale.within_state_region,NA,NA,NA,FALSE,
WV_FAP_2020,.context.management_scale.state,I. Introduction / Executive Summary,1,TRUE,TRUE,"This West Virginia Statewide Forest Action Plan (SFAP), formerly known as the 2010 State Forest Assessment and Strategy (FRAS), provides an update of forestry, forests, and related natural resources i"
WV_FAP_2020,.context.management_scale.multistate,IV. Existing and Potential Multi-State Projects,1,TRUE,TRUE,Several natural resource and conservation efforts have been taking place for the past decade or more to clean up the Chesapeake Bay and restore it to its former condition. This has been recognized as 
WV_FAP_2020,.context.management_scale.national,NA,NA,NA,FALSE,
WV_FAP_2020,.context.management_scale.national,NA,NA,NA,FALSE,
WV_FAP_2020,.context.management_scale.national,NA,NA,NA,FALSE,
WV_FAP_2020,.context.management_scale.transnational,NA,NA,NA,FALSE,
WV_FAP_2020,.context.management_scale.transnational,NA,NA,NA,FALSE,
WV_FAP_2020,.context.management_scale.transnational,NA,NA,NA,FALSE,
WV_FAP_2020,.context.management_scale.ecosystem,NA,NA,NA,FALSE,
WV_FAP_2020,.context.management_scale.ecosystem,NA,NA,NA,FALSE,
WV_FAP_2020,.context.management_scale.ecosystem,NA,NA,NA,FALSE,
WV_FAP_2020,.context.management_scale.ecoregion,NA,NA,NA,FALSE,
WV_FAP_2020,.context.management_scale.ecoregion,NA,NA,NA,FALSE,
WV_FAP_2020,.context.management_scale.ecoregion,NA,NA,NA,FALSE,
WV_FAP_2020,.context.management_scale.province,NA,NA,NA,FALSE,
WV_FAP_2020,.context.management_scale.province,NA,NA,NA,FALSE,
WV_FAP_2020,.context.management_scale.province,NA,NA,NA,FALSE,
WV_FAP_2020,.context.management_scale.section,NA,NA,NA,FALSE,
WV_FAP_2020,.context.management_scale.section,NA,NA,NA,FALSE,
WV_FAP_2020,.context.management_scale.section,NA,NA,NA,FALSE,
WV_FAP_2020,.context.management_scale.subsection,NA,NA,NA,FALSE,
WV_FAP_2020,.context.management_scale.subsection,NA,NA,NA,FALSE,
WV_FAP_2020,.context.management_scale.subsection,NA,NA,NA,FALSE,
WV_FAP_2020,.context.management_scale.lake,NA,NA,NA,FALSE,
WV_FAP_2020,.context.management_scale.lake,NA,NA,NA,FALSE,
WV_FAP_2020,.context.management_scale.lake,NA,NA,NA,FALSE,
WV_FAP_2020,.context.management_scale.river,NA,NA,NA,FALSE,
WV_FAP_2020,.context.management_scale.river,NA,NA,NA,FALSE,
WV_FAP_2020,.context.management_scale.river,NA,NA,NA,FALSE,
WV_FAP_2020,.context.management_scale.district,NA,NA,NA,FALSE,
WV_FAP_2020,.context.management_scale.district,NA,NA,NA,FALSE,
WV_FAP_2020,.context.management_scale.district,NA,NA,NA,FALSE,
WV_FAP_2020,.context.biological_unit_score,Sub-Issue 3.5: Habitat Diversity and Conservation,1,TRUE,TRUE,"High-priority conservation forest ecosystems that the WVDNR has listed in their SWAP, and which were also provided by The Nature Conservancy (TNC), include: red spruce forests; hemlock forests; calcar"
WV_FAP_2020,.context.biological_unit_components.species,NA,NA,NA,FALSE,
WV_FAP_2020,.context.biological_unit_components.species,NA,NA,NA,FALSE,
WV_FAP_2020,.context.biological_unit_components.species,NA,NA,NA,FALSE,
WV_FAP_2020,.context.biological_unit_components.population,NA,NA,NA,FALSE,
WV_FAP_2020,.context.biological_unit_components.population,NA,NA,NA,FALSE,
WV_FAP_2020,.context.biological_unit_components.population,NA,NA,NA,FALSE,
WV_FAP_2020,.context.biological_unit_components.habitat,Sub-Issue 3.5: Habitat Diversity and Conservation,1,TRUE,TRUE,"High-priority conservation forest ecosystems that the WVDNR has listed in their SWAP, and which were also provided by The Nature Conservancy (TNC), include: red spruce forests; hemlock forests; calcar"
WV_FAP_2020,.context.biological_unit_components.ecosystem,NA,NA,NA,FALSE,
WV_FAP_2020,.context.biological_unit_components.ecosystem,NA,NA,NA,FALSE,
WV_FAP_2020,.context.biological_unit_components.ecosystem,NA,NA,NA,FALSE,
WV_FAP_2020,.context.biological_unit_components.community,NA,NA,NA,FALSE,
WV_FAP_2020,.context.biological_unit_components.community,NA,NA,NA,FALSE,
WV_FAP_2020,.context.biological_unit_components.community,NA,NA,NA,FALSE,
WV_FAP_2020,.context.biological_unit_components.genotype_phenotype,NA,NA,NA,FALSE,
WV_FAP_2020,.context.biological_unit_components.genotype_phenotype,NA,NA,NA,FALSE,
WV_FAP_2020,.context.biological_unit_components.genotype_phenotype,NA,NA,NA,FALSE,
WV_FAP_2020,.context.partnerships_and_funding,Central Appalachian Spruce Restoration Initiative,0.875,TRUE,TRUE,"The WVDOF works with partner agencies such as; the USDA Forest Service, US Fish & Wildlife Service, The Nature Conservancy, USDA Natural Resources Conservation Service, WVDNR, the WV Highlands Conserv"
WV_FAP_2020,.context.climate_threat_habitat_degradation,Sub-Issue 6.2: Mitigate Climate Change and Enhance Ecosystem Services,1,TRUE,TRUE,"By 2100, temperatures in West Virginia could increase by 3°F in winter, spring, and summer and 4°F in the fall. Precipitation is also estimated to increase by 20% in all seasons, slightly more in summ"
WV_FAP_2020,.context.climate_threat_species_vital_rates,NA,NA,NA,FALSE,
WV_FAP_2020,.context.climate_threat_species_vital_rates,NA,NA,NA,FALSE,
WV_FAP_2020,.context.climate_threat_species_vital_rates,NA,NA,NA,FALSE,
WV_FAP_2020,.context.climate_threat_biotic_stressors,NA,NA,NA,FALSE,
WV_FAP_2020,.context.climate_threat_biotic_stressors,NA,NA,NA,FALSE,
WV_FAP_2020,.context.climate_threat_biotic_stressors,NA,NA,NA,FALSE,
WV_FAP_2020,.actions.priority_habitat_identification,List of Data Layers and Requirements,1,TRUE,TRUE,"Layer 32 -TNC Priority network (Climate corridors, Resilient areas with confirmed diversity, climate flow zones and Climate flow zones with confirmed diversity) = 1."
WV_FAP_2020,.actions.targeted_range_shift_actions,NA,NA,NA,FALSE,
WV_FAP_2020,.actions.targeted_range_shift_actions,NA,NA,NA,FALSE,
WV_FAP_2020,.actions.targeted_range_shift_actions,NA,NA,NA,FALSE,
WV_FAP_2020,.actions.time_bound_and_monitoring,Timeline (State Issue 1: Competing Land Uses),0.907,TRUE,TRUE,"Approximately three Forest Legacy projects are to be completed prior to June 30th, 2030."
WV_FAP_2020,.actions.evidence_of_efficacy,Central Appalachian Spruce Restoration Initiative,1,TRUE,TRUE,Kumbrabow State Forest is one example of an ongoing red spruce restoration project that has been completed and proven to be successful.
WV_FAP_2020,.actions.adaptation_planning_frameworks,"Issues, Threats, Opportunities and Priority Areas (FIGURE - National Priorities and Objectives)",0.4085,FALSE,TRUE,Manage trees and forests to mitigate and adapt to global climate change
WY_FAP_2020,.concepts.climate_vulnerability,Threats to Priority Forest Landscapes,1,TRUE,TRUE,Wyoming is considered highly sensitive to climate change due to several factors including a naturally dry climate and dependence on mountain snow for surface water. There may be impacts on the amount 
WY_FAP_2020,.concepts.climate_vulnerability,Agroforestry / Climate change context (table section),1,TRUE,TRUE,"Wyoming's climate is dynamic and over the last century, the state has seen an increase in temperatures and droughts which have resulted in tree mortality, increased wildfire risk, as well as insect ou"
WY_FAP_2020,.concepts.climate_vulnerability,Additional Wildfire Risk Analysis,1,TRUE,TRUE,Distribution of tree species could be altered as species better able to tolerate warmer and drier conditions expand their distribution. The timing and duration of wildfire seasons could change. Warmer
WY_FAP_2020,.concepts.adaptive_capacity_specificity,Strategy (Threat 15),1,TRUE,TRUE,Focus on management for current healthy diverse forests that are naturally resilient to many threats including climate change.
WY_FAP_2020,.concepts.adaptive_capacity_components.demography,NA,NA,NA,FALSE,
WY_FAP_2020,.concepts.adaptive_capacity_components.demography,NA,NA,NA,FALSE,
WY_FAP_2020,.concepts.adaptive_capacity_components.demography,NA,NA,NA,FALSE,
WY_FAP_2020,.concepts.adaptive_capacity_components.distribution,Additional Wildfire Risk Analysis,1,TRUE,TRUE,Distribution of tree species could be altered as species better able to tolerate warmer and drier conditions expand their distribution.
WY_FAP_2020,.concepts.adaptive_capacity_components.movement,NA,NA,NA,FALSE,
WY_FAP_2020,.concepts.adaptive_capacity_components.movement,NA,NA,NA,FALSE,
WY_FAP_2020,.concepts.adaptive_capacity_components.movement,NA,NA,NA,FALSE,
WY_FAP_2020,.concepts.adaptive_capacity_components.evolutionary_potential,NA,NA,NA,FALSE,
WY_FAP_2020,.concepts.adaptive_capacity_components.evolutionary_potential,NA,NA,NA,FALSE,
WY_FAP_2020,.concepts.adaptive_capacity_components.evolutionary_potential,NA,NA,NA,FALSE,
WY_FAP_2020,.concepts.adaptive_capacity_components.ecological_dependencies,NA,NA,NA,FALSE,
WY_FAP_2020,.concepts.adaptive_capacity_components.ecological_dependencies,NA,NA,NA,FALSE,
WY_FAP_2020,.concepts.adaptive_capacity_components.ecological_dependencies,NA,NA,NA,FALSE,
WY_FAP_2020,.concepts.adaptive_capacity_components.abiotic_niche,Strategy (Threat 15),1,TRUE,TRUE,"On current drier sites, manage for species with the greatest tolerance for dry conditions."
WY_FAP_2020,.concepts.adaptive_capacity_components.life_history,NA,NA,NA,FALSE,
WY_FAP_2020,.concepts.adaptive_capacity_components.life_history,NA,NA,NA,FALSE,
WY_FAP_2020,.concepts.adaptive_capacity_components.life_history,NA,NA,NA,FALSE,
WY_FAP_2020,.concepts.connectivity,"Wildlife, Fisheries, and Watershed Resources",1,TRUE,TRUE,avoiding forest fragmentation and maintaining habitat connectivity and continuity are mandatory conditions for sustaining the future of Wyoming's wildlife resource.
WY_FAP_2020,.concepts.connectivity,Forest Health (Forest Legacy section),1,TRUE,TRUE,Reducing forest fragmentation and maintaining forest community 'patch size' and connectivity are among the primary benefits of the FLP.
WY_FAP_2020,.tools.vulnerability_models,NA,NA,NA,FALSE,
WY_FAP_2020,.tools.vulnerability_models,NA,NA,NA,FALSE,
WY_FAP_2020,.tools.vulnerability_models,NA,NA,NA,FALSE,
WY_FAP_2020,.tools.niche_models,NA,NA,NA,FALSE,
WY_FAP_2020,.tools.niche_models,NA,NA,NA,FALSE,
WY_FAP_2020,.tools.niche_models,NA,NA,NA,FALSE,
WY_FAP_2020,.tools.climate_models,NA,NA,NA,FALSE,
WY_FAP_2020,.tools.climate_models,NA,NA,NA,FALSE,
WY_FAP_2020,.tools.climate_models,NA,NA,NA,FALSE,
WY_FAP_2020,.tools.connectivity_models,NA,NA,NA,FALSE,
WY_FAP_2020,.tools.connectivity_models,NA,NA,NA,FALSE,
WY_FAP_2020,.tools.connectivity_models,NA,NA,NA,FALSE,
WY_FAP_2020,.context.management_scale.local,Fuels Mitigation,1,TRUE,TRUE,"Community Wildfire Protection Plans (CWPP) have been developed at the county level. There are 24 up to date CWPPs throughout the state, providing direction on wildfire and hazardous fuels management."
WY_FAP_2020,.context.management_scale.site,National Themes / Assessment Data Layers,1,TRUE,TRUE,"Specific management recommendations, targets, and timelines belong in management plans developed by local resource managers. The Resource Strategy provides strategic guidance, not site-specific manage"
WY_FAP_2020,.context.management_scale.watershed,Strategy (Threat 10),1,TRUE,TRUE,Implement forest management activities on a landscape-scale and other meaningful scales to increase the likelihood that those activities would have a positive impact on water quality.
WY_FAP_2020,.context.management_scale.city,NA,NA,NA,FALSE,
WY_FAP_2020,.context.management_scale.city,NA,NA,NA,FALSE,
WY_FAP_2020,.context.management_scale.city,NA,NA,NA,FALSE,
WY_FAP_2020,.context.management_scale.county,Fuels Mitigation,1,TRUE,TRUE,Community Wildfire Protection Plans (CWPP) have been developed at the county level. There are 24 up to date CWPPs throughout the state
WY_FAP_2020,.context.management_scale.within_state_region,Wyoming Forest Resources Geology and Topography,1,TRUE,TRUE,"The forested areas of Wyoming are in the western and central portions of the state, part of the ecoregion province referred to as the Southern Rocky Mountain"
WY_FAP_2020,.context.management_scale.state,Introduction,1,TRUE,TRUE,"The Forest Action Plan is a guiding document intended for WSFD, conservation partners, and those with an interest in forestry in the state. The document examines the most current forest resources in t"
WY_FAP_2020,.context.management_scale.multistate,Inter-State Collaboration (table section),1,TRUE,TRUE,Wyoming will work collaboratively with its six neighboring states to address common issues on priority landscapes as identified by each state's Statewide Assessment of Forest Resources.
WY_FAP_2020,.context.management_scale.national,NA,NA,NA,FALSE,
WY_FAP_2020,.context.management_scale.national,NA,NA,NA,FALSE,
WY_FAP_2020,.context.management_scale.national,NA,NA,NA,FALSE,
WY_FAP_2020,.context.management_scale.transnational,NA,NA,NA,FALSE,
WY_FAP_2020,.context.management_scale.transnational,NA,NA,NA,FALSE,
WY_FAP_2020,.context.management_scale.transnational,NA,NA,NA,FALSE,
WY_FAP_2020,.context.management_scale.ecosystem,Forest Health (Forest Legacy section / Biodiversity),1,TRUE,TRUE,Wyoming has the largest virtually intact ecosystem remaining in the lower 48 States; the greater Yellowstone Ecosystem in the north and western third of the State.
WY_FAP_2020,.context.management_scale.ecoregion,Wyoming Forest Resources Geology and Topography,1,TRUE,TRUE,"The forested areas of Wyoming are in the western and central portions of the state, part of the ecoregion province referred to as the Southern Rocky Mountain (Bailey, 1995)."
WY_FAP_2020,.context.management_scale.province,Wyoming Forest Resources Geology and Topography,1,TRUE,TRUE,An isolated area of forest land exists in the northeast portion of the state where ponderosa pine forests have found an ecological niche in the Black Hills. This province is referred to as the Black H
WY_FAP_2020,.context.management_scale.section,NA,NA,NA,FALSE,
WY_FAP_2020,.context.management_scale.section,NA,NA,NA,FALSE,
WY_FAP_2020,.context.management_scale.section,NA,NA,NA,FALSE,
WY_FAP_2020,.context.management_scale.subsection,NA,NA,NA,FALSE,
WY_FAP_2020,.context.management_scale.subsection,NA,NA,NA,FALSE,
WY_FAP_2020,.context.management_scale.subsection,NA,NA,NA,FALSE,
WY_FAP_2020,.context.management_scale.lake,NA,NA,NA,FALSE,
WY_FAP_2020,.context.management_scale.lake,NA,NA,NA,FALSE,
WY_FAP_2020,.context.management_scale.lake,NA,NA,NA,FALSE,
WY_FAP_2020,.context.management_scale.river,Wyoming Forest Resources Geology and Topography,1,TRUE,TRUE,A network of riparian forests occurs along the major river systems and tributaries providing a valuable habitat component and interconnection between other forested areas.
WY_FAP_2020,.context.management_scale.district,NA,NA,NA,FALSE,
WY_FAP_2020,.context.management_scale.district,NA,NA,NA,FALSE,
WY_FAP_2020,.context.management_scale.district,NA,NA,NA,FALSE,
WY_FAP_2020,.context.biological_unit_score,Additional Wildfire Risk Analysis,1,TRUE,TRUE,Distribution of tree species could be altered as species better able to tolerate warmer and drier conditions expand their distribution.
WY_FAP_2020,.context.biological_unit_score,Riparian Forests,1,TRUE,TRUE,"Less than one percent of the Intermountain West is classified as riparian forest, yet an estimated 80% of wildlife depends on this limited area for food, water, shelter, and migration routes during a "
WY_FAP_2020,.context.biological_unit_components.species,Additional Wildfire Risk Analysis,1,TRUE,TRUE,Distribution of tree species could be altered as species better able to tolerate warmer and drier conditions expand their distribution.
WY_FAP_2020,.context.biological_unit_components.population,NA,NA,NA,FALSE,
WY_FAP_2020,.context.biological_unit_components.population,NA,NA,NA,FALSE,
WY_FAP_2020,.context.biological_unit_components.population,NA,NA,NA,FALSE,
WY_FAP_2020,.context.biological_unit_components.habitat,Fish and Wildlife Habitat-Terrestrial Habitat,1,TRUE,TRUE,"The Fish and Wildlife Habitat-Terrestrial Habitat layer includes priority terrestrial habitat data from the WGFD, and sage grouse core habitat areas were used to emphasize important terrestrial wildli"
WY_FAP_2020,.context.biological_unit_components.ecosystem,Forest Health (Biodiversity section),1,TRUE,TRUE,Wyoming has the largest virtually intact ecosystem remaining in the lower 48 States; the greater Yellowstone Ecosystem in the north and western third of the State.
WY_FAP_2020,.context.biological_unit_components.community,Additional Wildfire Risk Analysis,1,TRUE,TRUE,Warmer climates are predicted to favor faster adapting insects over slower adapting tree species. Models predict warmer temperatures will lead to higher insect populations during outbreaks and range e
WY_FAP_2020,.context.biological_unit_components.genotype_phenotype,NA,NA,NA,FALSE,
WY_FAP_2020,.context.biological_unit_components.genotype_phenotype,NA,NA,NA,FALSE,
WY_FAP_2020,.context.biological_unit_components.genotype_phenotype,NA,NA,NA,FALSE,
WY_FAP_2020,.context.partnerships_and_funding,Forest Legacy Program (figure caption),0.336,FALSE,TRUE,"The Forest Legacy Program together with project partners: State of Wyoming -Office of State Lands and Investments, Moskee Land Corporation, Rocky Mountain Elk Foundation and National Wild Turkey Feder"
WY_FAP_2020,.context.partnerships_and_funding,Figure caption / WSFD summary,0.3228,FALSE,TRUE,Much of the assistance forestry program is delivered through the partnership and financial support of the USDA Forest Service and their State & Private Programs.
WY_FAP_2020,.context.climate_threat_habitat_degradation,Priority Areas-Water Quality and Supply,1,TRUE,TRUE,"Climate change could impact water quality and supply. Should climate change produce a longterm reduced precipitation scenario, water quality would be reduced. The amount and timing of runoff and peak "
WY_FAP_2020,.context.climate_threat_habitat_degradation,Additional Wildfire Risk Analysis,1,TRUE,TRUE,"Under a longterm reduced precipitation scenario, forest health impacts could be significant. Distribution of tree species could be altered as species better able to tolerate warmer and drier condition"
WY_FAP_2020,.context.climate_threat_species_vital_rates,Riparian Forests,1,TRUE,TRUE,"If climate conditions warm, aspen forests may experience higher mortality."
WY_FAP_2020,.context.climate_threat_species_vital_rates,Additional Wildfire Risk Analysis,1,TRUE,TRUE,Warmer climates are predicted to favor faster adapting insects over slower adapting tree species. Models predict warmer temperatures will lead to higher insect populations during outbreaks and range e
WY_FAP_2020,.context.climate_threat_biotic_stressors,Additional Wildfire Risk Analysis,1,TRUE,TRUE,Warmer climates are predicted to favor faster adapting insects over slower adapting tree species. Models predict warmer temperatures will lead to higher insect populations during outbreaks and range e
WY_FAP_2020,.actions.priority_habitat_identification,Priority Forest Landscapes,1,TRUE,TRUE,The Wyoming Statewide Assessment of Forest Resources-Critical Landscapes map shows the priority landscapes with the highest priorities designated as dark brown. The darker brown hue indicates that mor
WY_FAP_2020,.actions.priority_habitat_identification,Fish and Wildlife Habitat-Terrestrial Habitat,1,TRUE,TRUE,"The Fish and Wildlife Habitat-Terrestrial Habitat layer includes priority terrestrial habitat data from the WGFD, and sage grouse core habitat areas were used to emphasize important terrestrial wildli"
WY_FAP_2020,.actions.targeted_range_shift_actions,NA,NA,NA,FALSE,
WY_FAP_2020,.actions.targeted_range_shift_actions,NA,NA,NA,FALSE,
WY_FAP_2020,.actions.targeted_range_shift_actions,NA,NA,NA,FALSE,
WY_FAP_2020,.actions.time_bound_and_monitoring,National Themes / Assessment Data Layers,1,TRUE,TRUE,"The strategies also usually avoid assigning time or accomplishment targets because different landowners/managers operate under different timelines, priorities, and rules. Specific management recommend"
WY_FAP_2020,.actions.time_bound_and_monitoring,Monitoring and Revision,1,TRUE,TRUE,"Internally, WSFD will continually evaluate programs for effectiveness as the Division strives to implement an adaptive approach to addressing threats and priorities on Wyoming's priority forest landsc"
WY_FAP_2020,.actions.evidence_of_efficacy,Priority Areas-Water Quality and Supply,1,TRUE,TRUE,The large-scale insect epidemic that occurred in southern Wyoming contributed to increased water yield within the area.
WY_FAP_2020,.actions.adaptation_planning_frameworks,Strategy (Threat 15),1,TRUE,TRUE,"Use adaptive management strategies to account for species adaptation, changes in length and severity of fire seasons, increase/decrease in insect and disease outbreaks, etc."
